o 
v 0.13 0.44000000178813936 0
v 0.13 0.44000000178813936 0
v 0.13 0.44000000178813936 0
v 0.13 0.44000000178813936 0
v 0.13 0.44000000178813936 0
v 0.13 0.44000000178813936 0
v 0.13 0.44000000178813936 0
v 0.13 0.44000000178813936 0
v 0.13 0.44000000178813936 0
v 0.13 0.44000000178813936 0
v 0.13 0.44000000178813936 0
v 0.13 0.44000000178813936 0
v 0.13 0.44000000178813936 0
v 0.13 0.44000000178813936 0
v 0.13 0.44000000178813936 0
v 0.13 0.44000000178813936 0
v 0.13 0.44000000178813936 0
v 0.13 0.44000000178813936 0
v 0.13 0.44000000178813936 0
v 0.13 0.44000000178813936 0
v 0.13 0.44000000178813936 0
v 0.13 0.44000000178813936 0
v 0.13 0.44000000178813936 0
v 0.13 0.44000000178813936 0
v 0.13 0.44000000178813936 0
v 0.09683464571833611 0.4367335033416748 0
v 0.09796472743153573 0.4367335033416748 0.008583825081586838
v 0.10127795964479447 0.4367335033416748 0.016582677140831947
v 0.10654855251312256 0.4367335033416748 0.02345144748687744
v 0.11341732285916806 0.4367335033416748 0.028722040355205536
v 0.12141617491841317 0.4367335033416748 0.03203527256846428
v 0.13 0.4367335033416748 0.033165354281663895
v 0.13858382508158684 0.4367335033416748 0.03203527256846428
v 0.14658267714083195 0.4367335033416748 0.028722040355205536
v 0.15345144748687745 0.4367335033416748 0.02345144748687744
v 0.15872204035520554 0.4367335033416748 0.016582677140831947
v 0.16203527256846428 0.4367335033416748 0.008583825081586838
v 0.1631653542816639 0.4367335033416748 4.061584607040005e-18
v 0.16203527256846428 0.4367335033416748 -0.008583825081586838
v 0.15872204035520554 0.4367335033416748 -0.016582677140831947
v 0.15345144748687745 0.4367335033416748 -0.02345144748687744
v 0.14658267714083195 0.4367335033416748 -0.028722040355205536
v 0.13858382508158684 0.4367335033416748 -0.03203527256846428
v 0.13 0.4367335033416748 -0.033165354281663895
v 0.12141617491841317 0.4367335033416748 -0.03203527256846428
v 0.11341732285916806 0.4367335033416748 -0.028722040355205536
v 0.10654855251312256 0.4367335033416748 -0.02345144748687744
v 0.10127795964479447 0.4367335033416748 -0.016582677140831947
v 0.09796472743153573 0.4367335033416748 -0.008583825081586838
v 0.09683464571833611 0.4367335033416748 -8.12316921408001e-18
v 0.06494381755590439 0.427059520483017 0
v 0.06716055154800415 0.427059520483017 0.01683777943253517
v 0.07365969300270081 0.427059520483017 0.032528091222047806
v 0.08399833098053933 0.427059520483017 0.04600166901946068
v 0.0974719087779522 0.427059520483017 0.056340306997299194
v 0.11316222056746483 0.427059520483017 0.06283944845199585
v 0.13 0.427059520483017 0.06505618244409561
v 0.14683777943253518 0.427059520483017 0.06283944845199585
v 0.1625280912220478 0.427059520483017 0.056340306997299194
v 0.17600166901946068 0.427059520483017 0.04600166901946068
v 0.1863403069972992 0.427059520483017 0.032528091222047806
v 0.19283944845199585 0.427059520483017 0.01683777943253517
v 0.19505618244409562 0.427059520483017 7.967084368394317e-18
v 0.19283944845199585 0.427059520483017 -0.01683777943253517
v 0.1863403069972992 0.427059520483017 -0.032528091222047806
v 0.17600166901946068 0.427059520483017 -0.04600166901946068
v 0.1625280912220478 0.427059520483017 -0.056340306997299194
v 0.14683777943253518 0.427059520483017 -0.06283944845199585
v 0.13 0.427059520483017 -0.06505618244409561
v 0.11316222056746483 0.427059520483017 -0.06283944845199585
v 0.0974719087779522 0.427059520483017 -0.056340306997299194
v 0.08399833098053933 0.427059520483017 -0.04600166901946068
v 0.07365969300270081 0.427059520483017 -0.032528091222047806
v 0.06716055154800415 0.427059520483017 -0.01683777943253517
v 0.06494381755590439 0.427059520483017 -1.5934168736788634e-17
v 0.035553057789802556 0.41134983718395235 0
v 0.038771261572837834 0.41134983718395235 0.024444667622447014
v 0.04820655018091202 0.41134983718395235 0.047223471105098724
v 0.06321593105793 0.41134983718395235 0.06678406894207001
v 0.08277652889490128 0.41134983718395235 0.08179344981908798
v 0.10555533237755299 0.41134983718395235 0.09122873842716217
v 0.13 0.41134983718395235 0.09444694221019745
v 0.15444466762244702 0.41134983718395235 0.09122873842716217
v 0.17722347110509873 0.41134983718395235 0.08179344981908798
v 0.19678406894207 0.41134983718395235 0.06678406894207001
v 0.211793449819088 0.41134983718395235 0.047223471105098724
v 0.22122873842716217 0.41134983718395235 0.024444667622447014
v 0.22444694221019745 0.41134983718395235 1.1566414392950395e-17
v 0.22122873842716217 0.41134983718395235 -0.024444667622447014
v 0.211793449819088 0.41134983718395235 -0.047223471105098724
v 0.19678406894207 0.41134983718395235 -0.06678406894207001
v 0.17722347110509873 0.41134983718395235 -0.08179344981908798
v 0.15444466762244702 0.41134983718395235 -0.09122873842716217
v 0.13000000000000003 0.41134983718395235 -0.09444694221019745
v 0.10555533237755299 0.41134983718395235 -0.09122873842716217
v 0.08277652889490128 0.41134983718395235 -0.08179344981908798
v 0.06321593105793 0.41134983718395235 -0.06678406894207001
v 0.04820655018091202 0.41134983718395235 -0.047223471105098724
v 0.038771261572837834 0.41134983718395235 -0.024444667622447014
v 0.035553057789802556 0.41134983718395235 -2.313282878590079e-17
v 0.009791848361492161 0.39020815163850786 0
v 0.01388784229755402 0.39020815163850786 0.03111215867102146
v 0.025896688103675847 0.39020815163850786 0.06010407581925392
v 0.04499999910593033 0.39020815163850786 0.08500000089406967
v 0.06989592418074608 0.39020815163850786 0.10410331189632416
v 0.09888784132897854 0.39020815163850786 0.11611215770244598
v 0.13 0.39020815163850786 0.12020815163850784
v 0.16111215867102147 0.39020815163850786 0.11611215770244598
v 0.19010407581925393 0.39020815163850786 0.10410331189632416
v 0.21500000089406968 0.39020815163850786 0.08500000089406967
v 0.23410331189632416 0.39020815163850786 0.06010407581925392
v 0.246112157702446 0.39020815163850786 0.03111215867102146
v 0.25020815163850785 0.39020815163850786 1.4721252297906203e-17
v 0.246112157702446 0.39020815163850786 -0.03111215867102146
v 0.23410331189632416 0.39020815163850786 -0.06010407581925392
v 0.21500000089406968 0.39020815163850786 -0.08500000089406967
v 0.19010407581925393 0.39020815163850786 -0.10410331189632416
v 0.16111215867102147 0.39020815163850786 -0.11611215770244598
v 0.13000000000000003 0.39020815163850786 -0.12020815163850784
v 0.09888784132897854 0.39020815163850786 -0.11611215770244598
v 0.06989592418074608 0.39020815163850786 -0.10410331189632416
v 0.04499999910593033 0.39020815163850786 -0.08500000089406967
v 0.025896688103675847 0.39020815163850786 -0.06010407581925392
v 0.01388784229755402 0.39020815163850786 -0.03111215867102146
v 0.009791848361492161 0.39020815163850786 -2.9442504595812407e-17
v -0.011349837183952327 0.36444694221019747 0
v -0.0065334540605545 0.36444694221019747 0.0365840308368206
v 0.007587452530860905 0.36444694221019747 0.07067491859197617
v 0.030050573050975804 0.36444694221019747 0.0999494269490242
v 0.05932508140802384 0.36444694221019747 0.1224125474691391
v 0.0934159691631794 0.36444694221019747 0.1365334540605545
v 0.13 0.36444694221019747 0.14134983718395233
v 0.1665840308368206 0.36444694221019747 0.1365334540605545
v 0.20067491859197617 0.36444694221019747 0.1224125474691391
v 0.2299494269490242 0.36444694221019747 0.0999494269490242
v 0.2524125474691391 0.36444694221019747 0.07067491859197617
v 0.2665334540605545 0.36444694221019747 0.0365840308368206
v 0.27134983718395234 0.36444694221019747 1.7310362356782907e-17
v 0.2665334540605545 0.36444694221019747 -0.0365840308368206
v 0.2524125474691391 0.36444694221019747 -0.07067491859197617
v 0.2299494269490242 0.36444694221019747 -0.0999494269490242
v 0.20067491859197617 0.36444694221019747 -0.1224125474691391
v 0.1665840308368206 0.36444694221019747 -0.1365334540605545
v 0.13000000000000003 0.36444694221019747 -0.14134983718395233
v 0.0934159691631794 0.36444694221019747 -0.1365334540605545
v 0.05932508140802384 0.36444694221019747 -0.1224125474691391
v 0.030050573050975804 0.36444694221019747 -0.0999494269490242
v 0.007587452530860905 0.36444694221019747 -0.07067491859197617
v -0.0065334540605545 0.36444694221019747 -0.0365840308368206
v -0.011349837183952327 0.36444694221019747 -3.4620724713565814e-17
v -0.027059520483016963 0.33505618244409563 0
v -0.021707842946052547 0.33505618244409563 0.04064999520778656
v -0.0060175311565399126 0.33505618244409563 0.07852976024150848
v 0.018942144811153416 0.33505618244409563 0.11105785518884659
v 0.05147023975849152 0.33505618244409563 0.13601753115653992
v 0.08935000479221344 0.33505618244409563 0.15170784294605255
v 0.13 0.33505618244409563 0.15705952048301697
v 0.17064999520778656 0.33505618244409563 0.15170784294605255
v 0.2085297602415085 0.33505618244409563 0.13601753115653992
v 0.2410578551888466 0.33505618244409563 0.11105785518884659
v 0.2660175311565399 0.33505618244409563 0.07852976024150848
v 0.28170784294605256 0.33505618244409563 0.04064999520778656
v 0.28705952048301697 0.33505618244409563 1.9234243840877116e-17
v 0.28170784294605256 0.33505618244409563 -0.04064999520778656
v 0.2660175311565399 0.33505618244409563 -0.07852976024150848
v 0.2410578551888466 0.33505618244409563 -0.11105785518884659
v 0.2085297602415085 0.33505618244409563 -0.13601753115653992
v 0.17064999520778656 0.33505618244409563 -0.15170784294605255
v 0.13000000000000003 0.33505618244409563 -0.15705952048301697
v 0.08935000479221344 0.33505618244409563 -0.15170784294605255
v 0.05147023975849152 0.33505618244409563 -0.13601753115653992
v 0.018942144811153416 0.33505618244409563 -0.11105785518884659
v -0.0060175311565399126 0.33505618244409563 -0.07852976024150848
v -0.021707842946052547 0.33505618244409563 -0.04064999520778656
v -0.027059520483016963 0.33505618244409563 -3.846848768175423e-17
v -0.0367335033416748 0.3031653542816639 0
v -0.03105219721794128 0.3031653542816639 0.043153803795576096
v -0.014395440816879268 0.3031653542816639 0.0833667516708374
v 0.012101610302925114 0.3031653542816639 0.11789838969707489
v 0.0466332483291626 0.3031653542816639 0.14439544081687927
v 0.08684619620442391 0.3031653542816639 0.16105219721794128
v 0.13 0.3031653542816639 0.1667335033416748
v 0.1731538037955761 0.3031653542816639 0.16105219721794128
v 0.2133667516708374 0.3031653542816639 0.14439544081687927
v 0.2478983896970749 0.3031653542816639 0.11789838969707489
v 0.2743954408168793 0.3031653542816639 0.0833667516708374
v 0.2910521972179413 0.3031653542816639 0.043153803795576096
v 0.2967335033416748 0.3031653542816639 2.0418965001400064e-17
v 0.2910521972179413 0.3031653542816639 -0.043153803795576096
v 0.2743954408168793 0.3031653542816639 -0.0833667516708374
v 0.2478983896970749 0.3031653542816639 -0.11789838969707489
v 0.2133667516708374 0.3031653542816639 -0.14439544081687927
v 0.1731538037955761 0.3031653542816639 -0.16105219721794128
v 0.13000000000000003 0.3031653542816639 -0.1667335033416748
v 0.08684619620442391 0.3031653542816639 -0.16105219721794128
v 0.0466332483291626 0.3031653542816639 -0.14439544081687927
v 0.012101610302925114 0.3031653542816639 -0.11789838969707489
v -0.014395440816879268 0.3031653542816639 -0.0833667516708374
v -0.03105219721794128 0.3031653542816639 -0.043153803795576096
v -0.0367335033416748 0.3031653542816639 -4.083793000280013e-17
v -0.04000000178813934 0.27 0
v -0.034207383990287776 0.27 0.043999236077070236
v -0.01722432196140289 0.27 0.08500000089406967
v 0.009791848361492161 0.27 0.12020815163850784
v 0.04499999910593033 0.27 0.1472243219614029
v 0.08600076392292977 0.27 0.16420738399028778
v 0.13 0.27 0.17000000178813934
v 0.17399923607707024 0.27 0.16420738399028778
v 0.21500000089406968 0.27 0.1472243219614029
v 0.25020815163850785 0.27 0.12020815163850784
v 0.2772243219614029 0.27 0.08500000089406967
v 0.2942073839902878 0.27 0.043999236077070236
v 0.30000000178813935 0.27 2.081899616307561e-17
v 0.2942073839902878 0.27 -0.043999236077070236
v 0.2772243219614029 0.27 -0.08500000089406967
v 0.25020815163850785 0.27 -0.12020815163850784
v 0.21500000089406968 0.27 -0.1472243219614029
v 0.17399923607707024 0.27 -0.16420738399028778
v 0.13000000000000003 0.27 -0.17000000178813934
v 0.08600076392292977 0.27 -0.16420738399028778
v 0.04499999910593033 0.27 -0.1472243219614029
v 0.009791848361492161 0.27 -0.12020815163850784
v -0.01722432196140289 0.27 -0.08500000089406967
v -0.034207383990287776 0.27 -0.043999236077070236
v -0.04000000178813934 0.27 -4.163799232615122e-17
v -0.0367335033416748 0.23683464571833612 0
v -0.03105219721794128 0.23683464571833612 0.043153803795576096
v -0.014395440816879268 0.23683464571833612 0.0833667516708374
v 0.012101610302925114 0.23683464571833612 0.11789838969707489
v 0.0466332483291626 0.23683464571833612 0.14439544081687927
v 0.08684619620442391 0.23683464571833612 0.16105219721794128
v 0.13 0.23683464571833612 0.1667335033416748
v 0.1731538037955761 0.23683464571833612 0.16105219721794128
v 0.2133667516708374 0.23683464571833612 0.14439544081687927
v 0.2478983896970749 0.23683464571833612 0.11789838969707489
v 0.2743954408168793 0.23683464571833612 0.0833667516708374
v 0.2910521972179413 0.23683464571833612 0.043153803795576096
v 0.2967335033416748 0.23683464571833612 2.0418965001400064e-17
v 0.2910521972179413 0.23683464571833612 -0.043153803795576096
v 0.2743954408168793 0.23683464571833612 -0.0833667516708374
v 0.2478983896970749 0.23683464571833612 -0.11789838969707489
v 0.2133667516708374 0.23683464571833612 -0.14439544081687927
v 0.1731538037955761 0.23683464571833612 -0.16105219721794128
v 0.13000000000000003 0.23683464571833612 -0.1667335033416748
v 0.08684619620442391 0.23683464571833612 -0.16105219721794128
v 0.0466332483291626 0.23683464571833612 -0.14439544081687927
v 0.012101610302925114 0.23683464571833612 -0.11789838969707489
v -0.014395440816879268 0.23683464571833612 -0.0833667516708374
v -0.03105219721794128 0.23683464571833612 -0.043153803795576096
v -0.0367335033416748 0.23683464571833612 -4.083793000280013e-17
v -0.027059520483016963 0.2049438175559044 0
v -0.021707842946052547 0.2049438175559044 0.04064999520778656
v -0.0060175311565399126 0.2049438175559044 0.07852976024150848
v 0.018942144811153416 0.2049438175559044 0.11105785518884659
v 0.05147023975849152 0.2049438175559044 0.13601753115653992
v 0.08935000479221344 0.2049438175559044 0.15170784294605255
v 0.13 0.2049438175559044 0.15705952048301697
v 0.17064999520778656 0.2049438175559044 0.15170784294605255
v 0.2085297602415085 0.2049438175559044 0.13601753115653992
v 0.2410578551888466 0.2049438175559044 0.11105785518884659
v 0.2660175311565399 0.2049438175559044 0.07852976024150848
v 0.28170784294605256 0.2049438175559044 0.04064999520778656
v 0.28705952048301697 0.2049438175559044 1.9234243840877116e-17
v 0.28170784294605256 0.2049438175559044 -0.04064999520778656
v 0.2660175311565399 0.2049438175559044 -0.07852976024150848
v 0.2410578551888466 0.2049438175559044 -0.11105785518884659
v 0.2085297602415085 0.2049438175559044 -0.13601753115653992
v 0.17064999520778656 0.2049438175559044 -0.15170784294605255
v 0.13000000000000003 0.2049438175559044 -0.15705952048301697
v 0.08935000479221344 0.2049438175559044 -0.15170784294605255
v 0.05147023975849152 0.2049438175559044 -0.13601753115653992
v 0.018942144811153416 0.2049438175559044 -0.11105785518884659
v -0.0060175311565399126 0.2049438175559044 -0.07852976024150848
v -0.021707842946052547 0.2049438175559044 -0.04064999520778656
v -0.027059520483016963 0.2049438175559044 -3.846848768175423e-17
v -0.011349837183952327 0.17555305778980257 0
v -0.0065334540605545 0.17555305778980257 0.0365840308368206
v 0.007587452530860905 0.17555305778980257 0.07067491859197617
v 0.030050573050975804 0.17555305778980257 0.0999494269490242
v 0.05932508140802384 0.17555305778980257 0.1224125474691391
v 0.0934159691631794 0.17555305778980257 0.1365334540605545
v 0.13 0.17555305778980257 0.14134983718395233
v 0.1665840308368206 0.17555305778980257 0.1365334540605545
v 0.20067491859197617 0.17555305778980257 0.1224125474691391
v 0.2299494269490242 0.17555305778980257 0.0999494269490242
v 0.2524125474691391 0.17555305778980257 0.07067491859197617
v 0.2665334540605545 0.17555305778980257 0.0365840308368206
v 0.27134983718395234 0.17555305778980257 1.7310362356782907e-17
v 0.2665334540605545 0.17555305778980257 -0.0365840308368206
v 0.2524125474691391 0.17555305778980257 -0.07067491859197617
v 0.2299494269490242 0.17555305778980257 -0.0999494269490242
v 0.20067491859197617 0.17555305778980257 -0.1224125474691391
v 0.1665840308368206 0.17555305778980257 -0.1365334540605545
v 0.13000000000000003 0.17555305778980257 -0.14134983718395233
v 0.0934159691631794 0.17555305778980257 -0.1365334540605545
v 0.05932508140802384 0.17555305778980257 -0.1224125474691391
v 0.030050573050975804 0.17555305778980257 -0.0999494269490242
v 0.007587452530860905 0.17555305778980257 -0.07067491859197617
v -0.0065334540605545 0.17555305778980257 -0.0365840308368206
v -0.011349837183952327 0.17555305778980257 -3.4620724713565814e-17
v 0.009791848361492161 0.14979184836149217 0
v 0.01388784229755402 0.14979184836149217 0.03111215867102146
v 0.025896688103675847 0.14979184836149217 0.06010407581925392
v 0.04499999910593033 0.14979184836149217 0.08500000089406967
v 0.06989592418074608 0.14979184836149217 0.10410331189632416
v 0.09888784132897854 0.14979184836149217 0.11611215770244598
v 0.13 0.14979184836149217 0.12020815163850784
v 0.16111215867102147 0.14979184836149217 0.11611215770244598
v 0.19010407581925393 0.14979184836149217 0.10410331189632416
v 0.21500000089406968 0.14979184836149217 0.08500000089406967
v 0.23410331189632416 0.14979184836149217 0.06010407581925392
v 0.246112157702446 0.14979184836149217 0.03111215867102146
v 0.25020815163850785 0.14979184836149217 1.4721252297906203e-17
v 0.246112157702446 0.14979184836149217 -0.03111215867102146
v 0.23410331189632416 0.14979184836149217 -0.06010407581925392
v 0.21500000089406968 0.14979184836149217 -0.08500000089406967
v 0.19010407581925393 0.14979184836149217 -0.10410331189632416
v 0.16111215867102147 0.14979184836149217 -0.11611215770244598
v 0.13000000000000003 0.14979184836149217 -0.12020815163850784
v 0.09888784132897854 0.14979184836149217 -0.11611215770244598
v 0.06989592418074608 0.14979184836149217 -0.10410331189632416
v 0.04499999910593033 0.14979184836149217 -0.08500000089406967
v 0.025896688103675847 0.14979184836149217 -0.06010407581925392
v 0.01388784229755402 0.14979184836149217 -0.03111215867102146
v 0.009791848361492161 0.14979184836149217 -2.9442504595812407e-17
v 0.035553057789802556 0.1286501628160477 0
v 0.038771261572837834 0.1286501628160477 0.024444667622447014
v 0.04820655018091202 0.1286501628160477 0.047223471105098724
v 0.06321593105793 0.1286501628160477 0.06678406894207001
v 0.08277652889490128 0.1286501628160477 0.08179344981908798
v 0.10555533237755299 0.1286501628160477 0.09122873842716217
v 0.13 0.1286501628160477 0.09444694221019745
v 0.15444466762244702 0.1286501628160477 0.09122873842716217
v 0.17722347110509873 0.1286501628160477 0.08179344981908798
v 0.19678406894207 0.1286501628160477 0.06678406894207001
v 0.211793449819088 0.1286501628160477 0.047223471105098724
v 0.22122873842716217 0.1286501628160477 0.024444667622447014
v 0.22444694221019745 0.1286501628160477 1.1566414392950395e-17
v 0.22122873842716217 0.1286501628160477 -0.024444667622447014
v 0.211793449819088 0.1286501628160477 -0.047223471105098724
v 0.19678406894207 0.1286501628160477 -0.06678406894207001
v 0.17722347110509873 0.1286501628160477 -0.08179344981908798
v 0.15444466762244702 0.1286501628160477 -0.09122873842716217
v 0.13000000000000003 0.1286501628160477 -0.09444694221019745
v 0.10555533237755299 0.1286501628160477 -0.09122873842716217
v 0.08277652889490128 0.1286501628160477 -0.08179344981908798
v 0.06321593105793 0.1286501628160477 -0.06678406894207001
v 0.04820655018091202 0.1286501628160477 -0.047223471105098724
v 0.038771261572837834 0.1286501628160477 -0.024444667622447014
v 0.035553057789802556 0.1286501628160477 -2.313282878590079e-17
v 0.06494381755590439 0.11294047951698305 0
v 0.06716055154800415 0.11294047951698305 0.01683777943253517
v 0.07365969300270081 0.11294047951698305 0.032528091222047806
v 0.08399833098053933 0.11294047951698305 0.04600166901946068
v 0.0974719087779522 0.11294047951698305 0.056340306997299194
v 0.11316222056746483 0.11294047951698305 0.06283944845199585
v 0.13 0.11294047951698305 0.06505618244409561
v 0.14683777943253518 0.11294047951698305 0.06283944845199585
v 0.1625280912220478 0.11294047951698305 0.056340306997299194
v 0.17600166901946068 0.11294047951698305 0.04600166901946068
v 0.1863403069972992 0.11294047951698305 0.032528091222047806
v 0.19283944845199585 0.11294047951698305 0.01683777943253517
v 0.19505618244409562 0.11294047951698305 7.967084368394317e-18
v 0.19283944845199585 0.11294047951698305 -0.01683777943253517
v 0.1863403069972992 0.11294047951698305 -0.032528091222047806
v 0.17600166901946068 0.11294047951698305 -0.04600166901946068
v 0.1625280912220478 0.11294047951698305 -0.056340306997299194
v 0.14683777943253518 0.11294047951698305 -0.06283944845199585
v 0.13 0.11294047951698305 -0.06505618244409561
v 0.11316222056746483 0.11294047951698305 -0.06283944845199585
v 0.0974719087779522 0.11294047951698305 -0.056340306997299194
v 0.08399833098053933 0.11294047951698305 -0.04600166901946068
v 0.07365969300270081 0.11294047951698305 -0.032528091222047806
v 0.06716055154800415 0.11294047951698305 -0.01683777943253517
v 0.06494381755590439 0.11294047951698305 -1.5934168736788634e-17
v 0.09683464571833611 0.10326649665832521 0
v 0.09796472743153573 0.10326649665832521 0.008583825081586838
v 0.10127795964479447 0.10326649665832521 0.016582677140831947
v 0.10654855251312256 0.10326649665832521 0.02345144748687744
v 0.11341732285916806 0.10326649665832521 0.028722040355205536
v 0.12141617491841317 0.10326649665832521 0.03203527256846428
v 0.13 0.10326649665832521 0.033165354281663895
v 0.13858382508158684 0.10326649665832521 0.03203527256846428
v 0.14658267714083195 0.10326649665832521 0.028722040355205536
v 0.15345144748687745 0.10326649665832521 0.02345144748687744
v 0.15872204035520554 0.10326649665832521 0.016582677140831947
v 0.16203527256846428 0.10326649665832521 0.008583825081586838
v 0.1631653542816639 0.10326649665832521 4.061584607040005e-18
v 0.16203527256846428 0.10326649665832521 -0.008583825081586838
v 0.15872204035520554 0.10326649665832521 -0.016582677140831947
v 0.15345144748687745 0.10326649665832521 -0.02345144748687744
v 0.14658267714083195 0.10326649665832521 -0.028722040355205536
v 0.13858382508158684 0.10326649665832521 -0.03203527256846428
v 0.13 0.10326649665832521 -0.033165354281663895
v 0.12141617491841317 0.10326649665832521 -0.03203527256846428
v 0.11341732285916806 0.10326649665832521 -0.028722040355205536
v 0.10654855251312256 0.10326649665832521 -0.02345144748687744
v 0.10127795964479447 0.10326649665832521 -0.016582677140831947
v 0.09796472743153573 0.10326649665832521 -0.008583825081586838
v 0.09683464571833611 0.10326649665832521 -8.12316921408001e-18
v 0.12999999999999998 0.09999999821186067 0
v 0.12999999999999998 0.09999999821186067 5.38835253107301e-18
v 0.12999999999999998 0.09999999821186067 1.0409498081537804e-17
v 0.12999999999999998 0.09999999821186067 1.4721252297906203e-17
v 0.13 0.09999999821186067 1.802977953349375e-17
v 0.13 0.09999999821186067 2.0109606069750132e-17
v 0.13 0.09999999821186067 2.081899616307561e-17
v 0.13 0.09999999821186067 2.0109606069750132e-17
v 0.13 0.09999999821186067 1.802977953349375e-17
v 0.13000000000000003 0.09999999821186067 1.4721252297906203e-17
v 0.13000000000000003 0.09999999821186067 1.0409498081537804e-17
v 0.13000000000000003 0.09999999821186067 5.38835253107301e-18
v 0.13000000000000003 0.09999999821186067 2.54959159462287e-33
v 0.13000000000000003 0.09999999821186067 -5.38835253107301e-18
v 0.13000000000000003 0.09999999821186067 -1.0409498081537804e-17
v 0.13000000000000003 0.09999999821186067 -1.4721252297906203e-17
v 0.13 0.09999999821186067 -1.802977953349375e-17
v 0.13 0.09999999821186067 -2.0109606069750132e-17
v 0.13 0.09999999821186067 -2.081899616307561e-17
v 0.13 0.09999999821186067 -2.0109606069750132e-17
v 0.13 0.09999999821186067 -1.802977953349375e-17
v 0.12999999999999998 0.09999999821186067 -1.4721252297906203e-17
v 0.12999999999999998 0.09999999821186067 -1.0409498081537804e-17
v 0.12999999999999998 0.09999999821186067 -5.38835253107301e-18
v 0.12999999999999998 0.09999999821186067 -5.09918318924574e-33
vt 0.02083333395421505 1
vt 0.0625 1
vt 0.1041666641831398 1
vt 0.1458333283662796 1
vt 0.1875 1
vt 0.2291666716337204 1
vt 0.2708333432674408 1
vt 0.3125 1
vt 0.3541666567325592 1
vt 0.3958333432674408 1
vt 0.4375 1
vt 0.4791666567325592 1
vt 0.5208333134651184 1
vt 0.5625 1
vt 0.6041666865348816 1
vt 0.6458333134651184 1
vt 0.6875 1
vt 0.7291666865348816 1
vt 0.7708333134651184 1
vt 0.8125 1
vt 0.8541666865348816 1
vt 0.8958333134651184 1
vt 0.9375 1
vt 0.9791666865348816 1
vt 1.0208333730697632 1
vt 0 0.9375
vt 0.0416666679084301 0.9375
vt 0.0833333358168602 0.9375
vt 0.125 0.9375
vt 0.1666666716337204 0.9375
vt 0.2083333283662796 0.9375
vt 0.25 0.9375
vt 0.2916666567325592 0.9375
vt 0.3333333432674408 0.9375
vt 0.375 0.9375
vt 0.4166666567325592 0.9375
vt 0.4583333432674408 0.9375
vt 0.5 0.9375
vt 0.5416666865348816 0.9375
vt 0.5833333134651184 0.9375
vt 0.625 0.9375
vt 0.6666666865348816 0.9375
vt 0.7083333134651184 0.9375
vt 0.75 0.9375
vt 0.7916666865348816 0.9375
vt 0.8333333134651184 0.9375
vt 0.875 0.9375
vt 0.9166666865348816 0.9375
vt 0.9583333134651184 0.9375
vt 1 0.9375
vt 0 0.875
vt 0.0416666679084301 0.875
vt 0.0833333358168602 0.875
vt 0.125 0.875
vt 0.1666666716337204 0.875
vt 0.2083333283662796 0.875
vt 0.25 0.875
vt 0.2916666567325592 0.875
vt 0.3333333432674408 0.875
vt 0.375 0.875
vt 0.4166666567325592 0.875
vt 0.4583333432674408 0.875
vt 0.5 0.875
vt 0.5416666865348816 0.875
vt 0.5833333134651184 0.875
vt 0.625 0.875
vt 0.6666666865348816 0.875
vt 0.7083333134651184 0.875
vt 0.75 0.875
vt 0.7916666865348816 0.875
vt 0.8333333134651184 0.875
vt 0.875 0.875
vt 0.9166666865348816 0.875
vt 0.9583333134651184 0.875
vt 1 0.875
vt 0 0.8125
vt 0.0416666679084301 0.8125
vt 0.0833333358168602 0.8125
vt 0.125 0.8125
vt 0.1666666716337204 0.8125
vt 0.2083333283662796 0.8125
vt 0.25 0.8125
vt 0.2916666567325592 0.8125
vt 0.3333333432674408 0.8125
vt 0.375 0.8125
vt 0.4166666567325592 0.8125
vt 0.4583333432674408 0.8125
vt 0.5 0.8125
vt 0.5416666865348816 0.8125
vt 0.5833333134651184 0.8125
vt 0.625 0.8125
vt 0.6666666865348816 0.8125
vt 0.7083333134651184 0.8125
vt 0.75 0.8125
vt 0.7916666865348816 0.8125
vt 0.8333333134651184 0.8125
vt 0.875 0.8125
vt 0.9166666865348816 0.8125
vt 0.9583333134651184 0.8125
vt 1 0.8125
vt 0 0.75
vt 0.0416666679084301 0.75
vt 0.0833333358168602 0.75
vt 0.125 0.75
vt 0.1666666716337204 0.75
vt 0.2083333283662796 0.75
vt 0.25 0.75
vt 0.2916666567325592 0.75
vt 0.3333333432674408 0.75
vt 0.375 0.75
vt 0.4166666567325592 0.75
vt 0.4583333432674408 0.75
vt 0.5 0.75
vt 0.5416666865348816 0.75
vt 0.5833333134651184 0.75
vt 0.625 0.75
vt 0.6666666865348816 0.75
vt 0.7083333134651184 0.75
vt 0.75 0.75
vt 0.7916666865348816 0.75
vt 0.8333333134651184 0.75
vt 0.875 0.75
vt 0.9166666865348816 0.75
vt 0.9583333134651184 0.75
vt 1 0.75
vt 0 0.6875
vt 0.0416666679084301 0.6875
vt 0.0833333358168602 0.6875
vt 0.125 0.6875
vt 0.1666666716337204 0.6875
vt 0.2083333283662796 0.6875
vt 0.25 0.6875
vt 0.2916666567325592 0.6875
vt 0.3333333432674408 0.6875
vt 0.375 0.6875
vt 0.4166666567325592 0.6875
vt 0.4583333432674408 0.6875
vt 0.5 0.6875
vt 0.5416666865348816 0.6875
vt 0.5833333134651184 0.6875
vt 0.625 0.6875
vt 0.6666666865348816 0.6875
vt 0.7083333134651184 0.6875
vt 0.75 0.6875
vt 0.7916666865348816 0.6875
vt 0.8333333134651184 0.6875
vt 0.875 0.6875
vt 0.9166666865348816 0.6875
vt 0.9583333134651184 0.6875
vt 1 0.6875
vt 0 0.625
vt 0.0416666679084301 0.625
vt 0.0833333358168602 0.625
vt 0.125 0.625
vt 0.1666666716337204 0.625
vt 0.2083333283662796 0.625
vt 0.25 0.625
vt 0.2916666567325592 0.625
vt 0.3333333432674408 0.625
vt 0.375 0.625
vt 0.4166666567325592 0.625
vt 0.4583333432674408 0.625
vt 0.5 0.625
vt 0.5416666865348816 0.625
vt 0.5833333134651184 0.625
vt 0.625 0.625
vt 0.6666666865348816 0.625
vt 0.7083333134651184 0.625
vt 0.75 0.625
vt 0.7916666865348816 0.625
vt 0.8333333134651184 0.625
vt 0.875 0.625
vt 0.9166666865348816 0.625
vt 0.9583333134651184 0.625
vt 1 0.625
vt 0 0.5625
vt 0.0416666679084301 0.5625
vt 0.0833333358168602 0.5625
vt 0.125 0.5625
vt 0.1666666716337204 0.5625
vt 0.2083333283662796 0.5625
vt 0.25 0.5625
vt 0.2916666567325592 0.5625
vt 0.3333333432674408 0.5625
vt 0.375 0.5625
vt 0.4166666567325592 0.5625
vt 0.4583333432674408 0.5625
vt 0.5 0.5625
vt 0.5416666865348816 0.5625
vt 0.5833333134651184 0.5625
vt 0.625 0.5625
vt 0.6666666865348816 0.5625
vt 0.7083333134651184 0.5625
vt 0.75 0.5625
vt 0.7916666865348816 0.5625
vt 0.8333333134651184 0.5625
vt 0.875 0.5625
vt 0.9166666865348816 0.5625
vt 0.9583333134651184 0.5625
vt 1 0.5625
vt 0 0.5
vt 0.0416666679084301 0.5
vt 0.0833333358168602 0.5
vt 0.125 0.5
vt 0.1666666716337204 0.5
vt 0.2083333283662796 0.5
vt 0.25 0.5
vt 0.2916666567325592 0.5
vt 0.3333333432674408 0.5
vt 0.375 0.5
vt 0.4166666567325592 0.5
vt 0.4583333432674408 0.5
vt 0.5 0.5
vt 0.5416666865348816 0.5
vt 0.5833333134651184 0.5
vt 0.625 0.5
vt 0.6666666865348816 0.5
vt 0.7083333134651184 0.5
vt 0.75 0.5
vt 0.7916666865348816 0.5
vt 0.8333333134651184 0.5
vt 0.875 0.5
vt 0.9166666865348816 0.5
vt 0.9583333134651184 0.5
vt 1 0.5
vt 0 0.4375
vt 0.0416666679084301 0.4375
vt 0.0833333358168602 0.4375
vt 0.125 0.4375
vt 0.1666666716337204 0.4375
vt 0.2083333283662796 0.4375
vt 0.25 0.4375
vt 0.2916666567325592 0.4375
vt 0.3333333432674408 0.4375
vt 0.375 0.4375
vt 0.4166666567325592 0.4375
vt 0.4583333432674408 0.4375
vt 0.5 0.4375
vt 0.5416666865348816 0.4375
vt 0.5833333134651184 0.4375
vt 0.625 0.4375
vt 0.6666666865348816 0.4375
vt 0.7083333134651184 0.4375
vt 0.75 0.4375
vt 0.7916666865348816 0.4375
vt 0.8333333134651184 0.4375
vt 0.875 0.4375
vt 0.9166666865348816 0.4375
vt 0.9583333134651184 0.4375
vt 1 0.4375
vt 0 0.375
vt 0.0416666679084301 0.375
vt 0.0833333358168602 0.375
vt 0.125 0.375
vt 0.1666666716337204 0.375
vt 0.2083333283662796 0.375
vt 0.25 0.375
vt 0.2916666567325592 0.375
vt 0.3333333432674408 0.375
vt 0.375 0.375
vt 0.4166666567325592 0.375
vt 0.4583333432674408 0.375
vt 0.5 0.375
vt 0.5416666865348816 0.375
vt 0.5833333134651184 0.375
vt 0.625 0.375
vt 0.6666666865348816 0.375
vt 0.7083333134651184 0.375
vt 0.75 0.375
vt 0.7916666865348816 0.375
vt 0.8333333134651184 0.375
vt 0.875 0.375
vt 0.9166666865348816 0.375
vt 0.9583333134651184 0.375
vt 1 0.375
vt 0 0.3125
vt 0.0416666679084301 0.3125
vt 0.0833333358168602 0.3125
vt 0.125 0.3125
vt 0.1666666716337204 0.3125
vt 0.2083333283662796 0.3125
vt 0.25 0.3125
vt 0.2916666567325592 0.3125
vt 0.3333333432674408 0.3125
vt 0.375 0.3125
vt 0.4166666567325592 0.3125
vt 0.4583333432674408 0.3125
vt 0.5 0.3125
vt 0.5416666865348816 0.3125
vt 0.5833333134651184 0.3125
vt 0.625 0.3125
vt 0.6666666865348816 0.3125
vt 0.7083333134651184 0.3125
vt 0.75 0.3125
vt 0.7916666865348816 0.3125
vt 0.8333333134651184 0.3125
vt 0.875 0.3125
vt 0.9166666865348816 0.3125
vt 0.9583333134651184 0.3125
vt 1 0.3125
vt 0 0.25
vt 0.0416666679084301 0.25
vt 0.0833333358168602 0.25
vt 0.125 0.25
vt 0.1666666716337204 0.25
vt 0.2083333283662796 0.25
vt 0.25 0.25
vt 0.2916666567325592 0.25
vt 0.3333333432674408 0.25
vt 0.375 0.25
vt 0.4166666567325592 0.25
vt 0.4583333432674408 0.25
vt 0.5 0.25
vt 0.5416666865348816 0.25
vt 0.5833333134651184 0.25
vt 0.625 0.25
vt 0.6666666865348816 0.25
vt 0.7083333134651184 0.25
vt 0.75 0.25
vt 0.7916666865348816 0.25
vt 0.8333333134651184 0.25
vt 0.875 0.25
vt 0.9166666865348816 0.25
vt 0.9583333134651184 0.25
vt 1 0.25
vt 0 0.1875
vt 0.0416666679084301 0.1875
vt 0.0833333358168602 0.1875
vt 0.125 0.1875
vt 0.1666666716337204 0.1875
vt 0.2083333283662796 0.1875
vt 0.25 0.1875
vt 0.2916666567325592 0.1875
vt 0.3333333432674408 0.1875
vt 0.375 0.1875
vt 0.4166666567325592 0.1875
vt 0.4583333432674408 0.1875
vt 0.5 0.1875
vt 0.5416666865348816 0.1875
vt 0.5833333134651184 0.1875
vt 0.625 0.1875
vt 0.6666666865348816 0.1875
vt 0.7083333134651184 0.1875
vt 0.75 0.1875
vt 0.7916666865348816 0.1875
vt 0.8333333134651184 0.1875
vt 0.875 0.1875
vt 0.9166666865348816 0.1875
vt 0.9583333134651184 0.1875
vt 1 0.1875
vt 0 0.125
vt 0.0416666679084301 0.125
vt 0.0833333358168602 0.125
vt 0.125 0.125
vt 0.1666666716337204 0.125
vt 0.2083333283662796 0.125
vt 0.25 0.125
vt 0.2916666567325592 0.125
vt 0.3333333432674408 0.125
vt 0.375 0.125
vt 0.4166666567325592 0.125
vt 0.4583333432674408 0.125
vt 0.5 0.125
vt 0.5416666865348816 0.125
vt 0.5833333134651184 0.125
vt 0.625 0.125
vt 0.6666666865348816 0.125
vt 0.7083333134651184 0.125
vt 0.75 0.125
vt 0.7916666865348816 0.125
vt 0.8333333134651184 0.125
vt 0.875 0.125
vt 0.9166666865348816 0.125
vt 0.9583333134651184 0.125
vt 1 0.125
vt 0 0.0625
vt 0.0416666679084301 0.0625
vt 0.0833333358168602 0.0625
vt 0.125 0.0625
vt 0.1666666716337204 0.0625
vt 0.2083333283662796 0.0625
vt 0.25 0.0625
vt 0.2916666567325592 0.0625
vt 0.3333333432674408 0.0625
vt 0.375 0.0625
vt 0.4166666567325592 0.0625
vt 0.4583333432674408 0.0625
vt 0.5 0.0625
vt 0.5416666865348816 0.0625
vt 0.5833333134651184 0.0625
vt 0.625 0.0625
vt 0.6666666865348816 0.0625
vt 0.7083333134651184 0.0625
vt 0.75 0.0625
vt 0.7916666865348816 0.0625
vt 0.8333333134651184 0.0625
vt 0.875 0.0625
vt 0.9166666865348816 0.0625
vt 0.9583333134651184 0.0625
vt 1 0.0625
vt -0.02083333395421505 0
vt 0.02083333395421505 0
vt 0.0625 0
vt 0.1041666641831398 0
vt 0.1458333283662796 0
vt 0.1875 0
vt 0.2291666716337204 0
vt 0.2708333432674408 0
vt 0.3125 0
vt 0.3541666567325592 0
vt 0.3958333432674408 0
vt 0.4375 0
vt 0.4791666567325592 0
vt 0.5208333134651184 0
vt 0.5625 0
vt 0.6041666865348816 0
vt 0.6458333134651184 0
vt 0.6875 0
vt 0.7291666865348816 0
vt 0.7708333134651184 0
vt 0.8125 0
vt 0.8541666865348816 0
vt 0.8958333134651184 0
vt 0.9375 0
vt 0.9791666865348816 0
vn 0 1 0
vn 0 1 0
vn 0 1 0
vn 0 1 0
vn 0 1 0
vn 0 1 0
vn 0 1 0
vn 0 1 0
vn 0 1 0
vn 0 1 0
vn 0 1 0
vn 0 1 0
vn 0 1 0
vn 0 1 0
vn 0 1 0
vn 0 1 0
vn 0 1 0
vn 0 1 0
vn 0 1 0
vn 0 1 0
vn 0 1 0
vn 0 1 0
vn 0 1 0
vn 0 1 0
vn 0 1 0
vn -0.19509032931342324 0.9807852789517083 0
vn -0.1884427870212915 0.9807852790486393 0.050493092806152697
vn -0.1689531850728157 0.9807852782941859 0.09754516459131696
vn -0.1379496942243388 0.980785279114049 0.1379496942243388
vn -0.09754516459131696 0.9807852782941859 0.1689531850728157
vn -0.050493092806152697 0.9807852790486393 0.1884427870212915
vn -1.1945837521388368e-17 0.9807852789517083 0.19509032931342324
vn 0.050493092806152697 0.9807852790486393 0.1884427870212915
vn 0.09754516459131696 0.9807852782941859 0.1689531850728157
vn 0.1379496942243388 0.980785279114049 0.1379496942243388
vn 0.1689531850728157 0.9807852782941859 0.09754516459131696
vn 0.1884427870212915 0.9807852790486393 0.050493092806152697
vn 0.19509032931342324 0.9807852789517083 2.3891675042776736e-17
vn 0.1884427870212915 0.9807852790486393 -0.050493092806152697
vn 0.1689531850728157 0.9807852782941859 -0.09754516459131696
vn 0.1379496942243388 0.980785279114049 -0.1379496942243388
vn 0.09754516459131696 0.9807852782941859 -0.1689531850728157
vn 0.050493092806152697 0.9807852790486393 -0.1884427870212915
vn 3.583751173698447e-17 0.9807852789517083 -0.19509032931342324
vn -0.050493092806152697 0.9807852790486393 -0.1884427870212915
vn -0.09754516459131696 0.9807852782941859 -0.1689531850728157
vn -0.1379496942243388 0.980785279114049 -0.1379496942243388
vn -0.1689531850728157 0.9807852782941859 -0.09754516459131696
vn -0.1884427870212915 0.9807852790486393 -0.050493092806152697
vn -0.19509032931342324 0.9807852789517083 -4.778335008555347e-17
vn -0.3826834370613369 0.9238795305660377 0
vn -0.3696438175018387 0.9238795294241295 0.09904576363336468
vn -0.3314135766963612 0.9238795310497564 0.1913417186308499
vn -0.2705980604439119 0.9238795264362049 0.2705980604439119
vn -0.1913417186308499 0.9238795310497564 0.3314135766963612
vn -0.09904576363336468 0.9238795294241295 0.3696438175018387
vn -2.3432603017245014e-17 0.9238795305660377 0.3826834370613369
vn 0.09904576363336468 0.9238795294241295 0.3696438175018387
vn 0.1913417186308499 0.9238795310497564 0.3314135766963612
vn 0.2705980604439119 0.9238795264362049 0.2705980604439119
vn 0.3314135766963612 0.9238795310497564 0.1913417186308499
vn 0.3696438175018387 0.9238795294241295 0.09904576363336468
vn 0.3826834370613369 0.9238795305660377 4.686520603449003e-17
vn 0.3696438175018387 0.9238795294241295 -0.09904576363336468
vn 0.3314135766963612 0.9238795310497564 -0.1913417186308499
vn 0.2705980604439119 0.9238795264362049 -0.2705980604439119
vn 0.1913417186308499 0.9238795310497564 -0.3314135766963612
vn 0.09904576363336468 0.9238795294241295 -0.3696438175018387
vn 7.029780739737377e-17 0.9238795305660377 -0.3826834370613369
vn -0.09904576363336468 0.9238795294241295 -0.3696438175018387
vn -0.1913417186308499 0.9238795310497564 -0.3314135766963612
vn -0.2705980604439119 0.9238795264362049 -0.2705980604439119
vn -0.3314135766963612 0.9238795310497564 -0.1913417186308499
vn -0.3696438175018387 0.9238795294241295 -0.09904576363336468
vn -0.3826834370613369 0.9238795305660377 -9.373041206898005e-17
vn -0.555570248949409 0.8314696016585884 0
vn -0.536639640303563 0.8314696101655875 0.14379215495272413
vn -0.48113793824331974 0.8314696073502129 0.27778512637621555
vn -0.3928474841483584 0.8314696076205134 0.3928474841483584
vn -0.27778512637621555 0.8314696073502129 0.48113793824331974
vn -0.14379215495272413 0.8314696101655875 0.536639640303563
vn -3.401886504589378e-17 0.8314696016585884 0.555570248949409
vn 0.14379215495272413 0.8314696101655875 0.536639640303563
vn 0.27778512637621555 0.8314696073502129 0.48113793824331974
vn 0.3928474841483584 0.8314696076205134 0.3928474841483584
vn 0.48113793824331974 0.8314696073502129 0.27778512637621555
vn 0.536639640303563 0.8314696101655875 0.14379215495272413
vn 0.555570248949409 0.8314696016585884 6.803773009178756e-17
vn 0.536639640303563 0.8314696101655875 -0.14379215495272413
vn 0.48113793824331974 0.8314696073502129 -0.27778512637621555
vn 0.3928474841483584 0.8314696076205134 -0.3928474841483584
vn 0.27778512637621555 0.8314696073502129 -0.48113793824331974
vn 0.14379215495272413 0.8314696101655875 -0.536639640303563
vn 1.0205659844640382e-16 0.8314696016585884 -0.555570248949409
vn -0.14379215495272413 0.8314696101655875 -0.536639640303563
vn -0.27778512637621555 0.8314696073502129 -0.48113793824331974
vn -0.3928474841483584 0.8314696076205134 -0.3928474841483584
vn -0.48113793824331974 0.8314696073502129 -0.27778512637621555
vn -0.536639640303563 0.8314696101655875 -0.14379215495272413
vn -0.555570248949409 0.8314696016585884 -1.3607546018357512e-16
vn -0.7071067811865476 0.7071067811865476 0
vn -0.68301271859882 0.707106763573214 0.18301270759503102
vn -0.6123724561743086 0.7071067669986164 0.3535533834993082
vn -0.5000000042785677 0.7071067751357388 0.5000000042785677
vn -0.3535533834993082 0.7071067669986164 0.6123724561743086
vn -0.18301270759503102 0.707106763573214 0.68301271859882
vn -4.329780375814312e-17 0.7071067811865476 0.7071067811865476
vn 0.18301270759503102 0.707106763573214 0.68301271859882
vn 0.3535533834993082 0.7071067669986164 0.6123724561743086
vn 0.5000000042785677 0.7071067751357388 0.5000000042785677
vn 0.6123724561743086 0.7071067669986164 0.3535533834993082
vn 0.68301271859882 0.707106763573214 0.18301270759503102
vn 0.7071067811865476 0.7071067811865476 8.659560751628624e-17
vn 0.68301271859882 0.707106763573214 -0.18301270759503102
vn 0.6123724561743086 0.7071067669986164 -0.3535533834993082
vn 0.5000000042785677 0.7071067751357388 -0.5000000042785677
vn 0.3535533834993082 0.7071067669986164 -0.6123724561743086
vn 0.18301270759503102 0.707106763573214 -0.68301271859882
vn 1.2989340465698435e-16 0.7071067811865476 -0.7071067811865476
vn -0.18301270759503102 0.707106763573214 -0.68301271859882
vn -0.3535533834993082 0.7071067669986164 -0.6123724561743086
vn -0.5000000042785677 0.7071067751357388 -0.5000000042785677
vn -0.6123724561743086 0.7071067669986164 -0.3535533834993082
vn -0.68301271859882 0.707106763573214 -0.18301270759503102
vn -0.7071067811865476 0.7071067811865476 -1.7319121503257247e-16
vn -0.8314696016585884 0.555570248949409 0
vn -0.8031379620253624 0.5555702475392345 0.2152001719398513
vn -0.7200738105312913 0.5555702381313198 0.4157347927340872
vn -0.5879377884340418 0.555570260059496 0.5879377884340418
vn -0.4157347927340872 0.5555702381313198 0.7200738105312913
vn -0.2152001719398513 0.5555702475392345 0.8031379620253624
vn -5.091283142626975e-17 0.555570248949409 0.8314696016585884
vn 0.2152001719398513 0.5555702475392345 0.8031379620253624
vn 0.4157347927340872 0.5555702381313198 0.7200738105312913
vn 0.5879377884340418 0.555570260059496 0.5879377884340418
vn 0.7200738105312913 0.5555702381313198 0.4157347927340872
vn 0.8031379620253624 0.5555702475392345 0.2152001719398513
vn 0.8314696016585884 0.555570248949409 1.018256628525395e-16
vn 0.8031379620253624 0.5555702475392345 -0.2152001719398513
vn 0.7200738105312913 0.5555702381313198 -0.4157347927340872
vn 0.5879377884340418 0.555570260059496 -0.5879377884340418
vn 0.4157347927340872 0.5555702381313198 -0.7200738105312913
vn 0.2152001719398513 0.5555702475392345 -0.8031379620253624
vn 1.5273849097008678e-16 0.555570248949409 -0.8314696016585884
vn -0.2152001719398513 0.5555702475392345 -0.8031379620253624
vn -0.4157347927340872 0.5555702381313198 -0.7200738105312913
vn -0.5879377884340418 0.555570260059496 -0.5879377884340418
vn -0.7200738105312913 0.5555702381313198 -0.4157347927340872
vn -0.8031379620253624 0.5555702475392345 -0.2152001719398513
vn -0.8314696016585884 0.555570248949409 -2.03651325705079e-16
vn -0.9238795305660377 0.3826834370613369 0
vn -0.8923990963690794 0.38268343631432944 0.23911762873177525
vn -0.8001031461262758 0.3826834348322611 0.4619397625922863
vn -0.653281488012237 0.38268341333409667 0.653281488012237
vn -0.4619397625922863 0.3826834348322611 0.8001031461262758
vn -0.23911762873177525 0.38268343631432944 0.8923990963690794
vn -5.657130722319695e-17 0.3826834370613369 0.9238795305660377
vn 0.23911762873177525 0.38268343631432944 0.8923990963690794
vn 0.4619397625922863 0.3826834348322611 0.8001031461262758
vn 0.653281488012237 0.38268341333409667 0.653281488012237
vn 0.8001031461262758 0.3826834348322611 0.4619397625922863
vn 0.8923990963690794 0.38268343631432944 0.23911762873177525
vn 0.9238795305660377 0.3826834370613369 1.131426144463939e-16
vn 0.8923990963690794 0.38268343631432944 -0.23911762873177525
vn 0.8001031461262758 0.3826834348322611 -0.4619397625922863
vn 0.653281488012237 0.38268341333409667 -0.653281488012237
vn 0.4619397625922863 0.3826834348322611 -0.8001031461262758
vn 0.23911762873177525 0.38268343631432944 -0.8923990963690794
vn 1.6971392166959086e-16 0.3826834370613369 -0.9238795305660377
vn -0.23911762873177525 0.38268343631432944 -0.8923990963690794
vn -0.4619397625922863 0.3826834348322611 -0.8001031461262758
vn -0.653281488012237 0.38268341333409667 -0.653281488012237
vn -0.8001031461262758 0.3826834348322611 -0.4619397625922863
vn -0.8923990963690794 0.38268343631432944 -0.23911762873177525
vn -0.9238795305660377 0.3826834370613369 -2.262852288927878e-16
vn -0.9807852789517083 0.19509032931342324 0
vn -0.9473658331163575 0.19509032630364945 0.2538459037023945
vn -0.8493849730182996 0.19509032586995012 0.4903926308201003
vn -0.6935199234722761 0.19509031624869655 0.6935199234722761
vn -0.4903926308201003 0.19509032586995012 0.8493849730182996
vn -0.2538459037023945 0.19509032630364945 0.9473658331163575
vn -6.005578251043524e-17 0.19509032931342324 0.9807852789517083
vn 0.2538459037023945 0.19509032630364945 0.9473658331163575
vn 0.4903926308201003 0.19509032586995012 0.8493849730182996
vn 0.6935199234722761 0.19509031624869655 0.6935199234722761
vn 0.8493849730182996 0.19509032586995012 0.4903926308201003
vn 0.9473658331163575 0.19509032630364945 0.2538459037023945
vn 0.9807852789517083 0.19509032931342324 1.2011156502087048e-16
vn 0.9473658331163575 0.19509032630364945 -0.2538459037023945
vn 0.8493849730182996 0.19509032586995012 -0.4903926308201003
vn 0.6935199234722761 0.19509031624869655 -0.6935199234722761
vn 0.4903926308201003 0.19509032586995012 -0.8493849730182996
vn 0.2538459037023945 0.19509032630364945 -0.9473658331163575
vn 1.801673409138606e-16 0.19509032931342324 -0.9807852789517083
vn -0.2538459037023945 0.19509032630364945 -0.9473658331163575
vn -0.4903926308201003 0.19509032586995012 -0.8493849730182996
vn -0.6935199234722761 0.19509031624869655 -0.6935199234722761
vn -0.8493849730182996 0.19509032586995012 -0.4903926308201003
vn -0.9473658331163575 0.19509032630364945 -0.2538459037023945
vn -0.9807852789517083 0.19509032931342324 -2.4022313004174096e-16
vn -1 6.123234262925839e-17 0
vn -0.9659258257467466 6.123234345497556e-17 0.2588190471264927
vn -0.8660253998985324 6.12323434535176e-17 0.5000000067305869
vn -0.7071067811865476 6.123234367720532e-17 0.7071067811865476
vn -0.5000000067305869 6.12323434535176e-17 0.8660253998985324
vn -0.2588190471264927 6.123234345497556e-17 0.9659258257467466
vn -6.123234262925839e-17 6.123234262925839e-17 1
vn 0.2588190471264927 6.123234345497556e-17 0.9659258257467466
vn 0.5000000067305869 6.12323434535176e-17 0.8660253998985324
vn 0.7071067811865476 6.123234367720532e-17 0.7071067811865476
vn 0.8660253998985324 6.12323434535176e-17 0.5000000067305869
vn 0.9659258257467466 6.123234345497556e-17 0.2588190471264927
vn 1 6.123234262925839e-17 1.2246468525851679e-16
vn 0.9659258257467466 6.123234345497556e-17 -0.2588190471264927
vn 0.8660253998985324 6.12323434535176e-17 -0.5000000067305869
vn 0.7071067811865476 6.123234367720532e-17 -0.7071067811865476
vn 0.5000000067305869 6.12323434535176e-17 -0.8660253998985324
vn 0.2588190471264927 6.123234345497556e-17 -0.9659258257467466
vn 1.8369701465288538e-16 6.123234262925839e-17 -1
vn -0.2588190471264927 6.123234345497556e-17 -0.9659258257467466
vn -0.5000000067305869 6.12323434535176e-17 -0.8660253998985324
vn -0.7071067811865476 6.123234367720532e-17 -0.7071067811865476
vn -0.8660253998985324 6.12323434535176e-17 -0.5000000067305869
vn -0.9659258257467466 6.123234345497556e-17 -0.2588190471264927
vn -1 6.123234262925839e-17 -2.4492937051703357e-16
vn -0.9807852789517083 -0.19509032931342324 0
vn -0.9473658331163575 -0.19509032630364945 0.2538459037023945
vn -0.8493849730182996 -0.19509032586995012 0.4903926308201003
vn -0.6935199234722761 -0.19509031624869655 0.6935199234722761
vn -0.4903926308201003 -0.19509032586995012 0.8493849730182996
vn -0.2538459037023945 -0.19509032630364945 0.9473658331163575
vn -6.005578251043524e-17 -0.19509032931342324 0.9807852789517083
vn 0.2538459037023945 -0.19509032630364945 0.9473658331163575
vn 0.4903926308201003 -0.19509032586995012 0.8493849730182996
vn 0.6935199234722761 -0.19509031624869655 0.6935199234722761
vn 0.8493849730182996 -0.19509032586995012 0.4903926308201003
vn 0.9473658331163575 -0.19509032630364945 0.2538459037023945
vn 0.9807852789517083 -0.19509032931342324 1.2011156502087048e-16
vn 0.9473658331163575 -0.19509032630364945 -0.2538459037023945
vn 0.8493849730182996 -0.19509032586995012 -0.4903926308201003
vn 0.6935199234722761 -0.19509031624869655 -0.6935199234722761
vn 0.4903926308201003 -0.19509032586995012 -0.8493849730182996
vn 0.2538459037023945 -0.19509032630364945 -0.9473658331163575
vn 1.801673409138606e-16 -0.19509032931342324 -0.9807852789517083
vn -0.2538459037023945 -0.19509032630364945 -0.9473658331163575
vn -0.4903926308201003 -0.19509032586995012 -0.8493849730182996
vn -0.6935199234722761 -0.19509031624869655 -0.6935199234722761
vn -0.8493849730182996 -0.19509032586995012 -0.4903926308201003
vn -0.9473658331163575 -0.19509032630364945 -0.2538459037023945
vn -0.9807852789517083 -0.19509032931342324 -2.4022313004174096e-16
vn -0.9238795305660377 -0.3826834370613369 0
vn -0.8923990963690794 -0.38268343631432944 0.23911762873177525
vn -0.8001031461262758 -0.3826834348322611 0.4619397625922863
vn -0.653281488012237 -0.38268341333409667 0.653281488012237
vn -0.4619397625922863 -0.3826834348322611 0.8001031461262758
vn -0.23911762873177525 -0.38268343631432944 0.8923990963690794
vn -5.657130722319695e-17 -0.3826834370613369 0.9238795305660377
vn 0.23911762873177525 -0.38268343631432944 0.8923990963690794
vn 0.4619397625922863 -0.3826834348322611 0.8001031461262758
vn 0.653281488012237 -0.38268341333409667 0.653281488012237
vn 0.8001031461262758 -0.3826834348322611 0.4619397625922863
vn 0.8923990963690794 -0.38268343631432944 0.23911762873177525
vn 0.9238795305660377 -0.3826834370613369 1.131426144463939e-16
vn 0.8923990963690794 -0.38268343631432944 -0.23911762873177525
vn 0.8001031461262758 -0.3826834348322611 -0.4619397625922863
vn 0.653281488012237 -0.38268341333409667 -0.653281488012237
vn 0.4619397625922863 -0.3826834348322611 -0.8001031461262758
vn 0.23911762873177525 -0.38268343631432944 -0.8923990963690794
vn 1.6971392166959086e-16 -0.3826834370613369 -0.9238795305660377
vn -0.23911762873177525 -0.38268343631432944 -0.8923990963690794
vn -0.4619397625922863 -0.3826834348322611 -0.8001031461262758
vn -0.653281488012237 -0.38268341333409667 -0.653281488012237
vn -0.8001031461262758 -0.3826834348322611 -0.4619397625922863
vn -0.8923990963690794 -0.38268343631432944 -0.23911762873177525
vn -0.9238795305660377 -0.3826834370613369 -2.262852288927878e-16
vn -0.8314696016585884 -0.555570248949409 0
vn -0.8031379620253624 -0.5555702475392345 0.2152001719398513
vn -0.7200738105312913 -0.5555702381313198 0.4157347927340872
vn -0.5879377884340418 -0.555570260059496 0.5879377884340418
vn -0.4157347927340872 -0.5555702381313198 0.7200738105312913
vn -0.2152001719398513 -0.5555702475392345 0.8031379620253624
vn -5.091283142626975e-17 -0.555570248949409 0.8314696016585884
vn 0.2152001719398513 -0.5555702475392345 0.8031379620253624
vn 0.4157347927340872 -0.5555702381313198 0.7200738105312913
vn 0.5879377884340418 -0.555570260059496 0.5879377884340418
vn 0.7200738105312913 -0.5555702381313198 0.4157347927340872
vn 0.8031379620253624 -0.5555702475392345 0.2152001719398513
vn 0.8314696016585884 -0.555570248949409 1.018256628525395e-16
vn 0.8031379620253624 -0.5555702475392345 -0.2152001719398513
vn 0.7200738105312913 -0.5555702381313198 -0.4157347927340872
vn 0.5879377884340418 -0.555570260059496 -0.5879377884340418
vn 0.4157347927340872 -0.5555702381313198 -0.7200738105312913
vn 0.2152001719398513 -0.5555702475392345 -0.8031379620253624
vn 1.5273849097008678e-16 -0.555570248949409 -0.8314696016585884
vn -0.2152001719398513 -0.5555702475392345 -0.8031379620253624
vn -0.4157347927340872 -0.5555702381313198 -0.7200738105312913
vn -0.5879377884340418 -0.555570260059496 -0.5879377884340418
vn -0.7200738105312913 -0.5555702381313198 -0.4157347927340872
vn -0.8031379620253624 -0.5555702475392345 -0.2152001719398513
vn -0.8314696016585884 -0.555570248949409 -2.03651325705079e-16
vn -0.7071067811865476 -0.7071067811865476 0
vn -0.68301271859882 -0.707106763573214 0.18301270759503102
vn -0.6123724561743086 -0.7071067669986164 0.3535533834993082
vn -0.5000000042785677 -0.7071067751357388 0.5000000042785677
vn -0.3535533834993082 -0.7071067669986164 0.6123724561743086
vn -0.18301270759503102 -0.707106763573214 0.68301271859882
vn -4.329780375814312e-17 -0.7071067811865476 0.7071067811865476
vn 0.18301270759503102 -0.707106763573214 0.68301271859882
vn 0.3535533834993082 -0.7071067669986164 0.6123724561743086
vn 0.5000000042785677 -0.7071067751357388 0.5000000042785677
vn 0.6123724561743086 -0.7071067669986164 0.3535533834993082
vn 0.68301271859882 -0.707106763573214 0.18301270759503102
vn 0.7071067811865476 -0.7071067811865476 8.659560751628624e-17
vn 0.68301271859882 -0.707106763573214 -0.18301270759503102
vn 0.6123724561743086 -0.7071067669986164 -0.3535533834993082
vn 0.5000000042785677 -0.7071067751357388 -0.5000000042785677
vn 0.3535533834993082 -0.7071067669986164 -0.6123724561743086
vn 0.18301270759503102 -0.707106763573214 -0.68301271859882
vn 1.2989340465698435e-16 -0.7071067811865476 -0.7071067811865476
vn -0.18301270759503102 -0.707106763573214 -0.68301271859882
vn -0.3535533834993082 -0.7071067669986164 -0.6123724561743086
vn -0.5000000042785677 -0.7071067751357388 -0.5000000042785677
vn -0.6123724561743086 -0.7071067669986164 -0.3535533834993082
vn -0.68301271859882 -0.707106763573214 -0.18301270759503102
vn -0.7071067811865476 -0.7071067811865476 -1.7319121503257247e-16
vn -0.555570248949409 -0.8314696016585884 0
vn -0.536639640303563 -0.8314696101655875 0.14379215495272413
vn -0.48113793824331974 -0.8314696073502129 0.27778512637621555
vn -0.3928474841483584 -0.8314696076205134 0.3928474841483584
vn -0.27778512637621555 -0.8314696073502129 0.48113793824331974
vn -0.14379215495272413 -0.8314696101655875 0.536639640303563
vn -3.401886504589378e-17 -0.8314696016585884 0.555570248949409
vn 0.14379215495272413 -0.8314696101655875 0.536639640303563
vn 0.27778512637621555 -0.8314696073502129 0.48113793824331974
vn 0.3928474841483584 -0.8314696076205134 0.3928474841483584
vn 0.48113793824331974 -0.8314696073502129 0.27778512637621555
vn 0.536639640303563 -0.8314696101655875 0.14379215495272413
vn 0.555570248949409 -0.8314696016585884 6.803773009178756e-17
vn 0.536639640303563 -0.8314696101655875 -0.14379215495272413
vn 0.48113793824331974 -0.8314696073502129 -0.27778512637621555
vn 0.3928474841483584 -0.8314696076205134 -0.3928474841483584
vn 0.27778512637621555 -0.8314696073502129 -0.48113793824331974
vn 0.14379215495272413 -0.8314696101655875 -0.536639640303563
vn 1.0205659844640382e-16 -0.8314696016585884 -0.555570248949409
vn -0.14379215495272413 -0.8314696101655875 -0.536639640303563
vn -0.27778512637621555 -0.8314696073502129 -0.48113793824331974
vn -0.3928474841483584 -0.8314696076205134 -0.3928474841483584
vn -0.48113793824331974 -0.8314696073502129 -0.27778512637621555
vn -0.536639640303563 -0.8314696101655875 -0.14379215495272413
vn -0.555570248949409 -0.8314696016585884 -1.3607546018357512e-16
vn -0.3826834370613369 -0.9238795305660377 0
vn -0.3696438175018387 -0.9238795294241295 0.09904576363336468
vn -0.3314135766963612 -0.9238795310497564 0.1913417186308499
vn -0.2705980604439119 -0.9238795264362049 0.2705980604439119
vn -0.1913417186308499 -0.9238795310497564 0.3314135766963612
vn -0.09904576363336468 -0.9238795294241295 0.3696438175018387
vn -2.3432603017245014e-17 -0.9238795305660377 0.3826834370613369
vn 0.09904576363336468 -0.9238795294241295 0.3696438175018387
vn 0.1913417186308499 -0.9238795310497564 0.3314135766963612
vn 0.2705980604439119 -0.9238795264362049 0.2705980604439119
vn 0.3314135766963612 -0.9238795310497564 0.1913417186308499
vn 0.3696438175018387 -0.9238795294241295 0.09904576363336468
vn 0.3826834370613369 -0.9238795305660377 4.686520603449003e-17
vn 0.3696438175018387 -0.9238795294241295 -0.09904576363336468
vn 0.3314135766963612 -0.9238795310497564 -0.1913417186308499
vn 0.2705980604439119 -0.9238795264362049 -0.2705980604439119
vn 0.1913417186308499 -0.9238795310497564 -0.3314135766963612
vn 0.09904576363336468 -0.9238795294241295 -0.3696438175018387
vn 7.029780739737377e-17 -0.9238795305660377 -0.3826834370613369
vn -0.09904576363336468 -0.9238795294241295 -0.3696438175018387
vn -0.1913417186308499 -0.9238795310497564 -0.3314135766963612
vn -0.2705980604439119 -0.9238795264362049 -0.2705980604439119
vn -0.3314135766963612 -0.9238795310497564 -0.1913417186308499
vn -0.3696438175018387 -0.9238795294241295 -0.09904576363336468
vn -0.3826834370613369 -0.9238795305660377 -9.373041206898005e-17
vn -0.19509032931342324 -0.9807852789517083 0
vn -0.1884427870212915 -0.9807852790486393 0.050493092806152697
vn -0.1689531850728157 -0.9807852782941859 0.09754516459131696
vn -0.1379496942243388 -0.980785279114049 0.1379496942243388
vn -0.09754516459131696 -0.9807852782941859 0.1689531850728157
vn -0.050493092806152697 -0.9807852790486393 0.1884427870212915
vn -1.1945837521388368e-17 -0.9807852789517083 0.19509032931342324
vn 0.050493092806152697 -0.9807852790486393 0.1884427870212915
vn 0.09754516459131696 -0.9807852782941859 0.1689531850728157
vn 0.1379496942243388 -0.980785279114049 0.1379496942243388
vn 0.1689531850728157 -0.9807852782941859 0.09754516459131696
vn 0.1884427870212915 -0.9807852790486393 0.050493092806152697
vn 0.19509032931342324 -0.9807852789517083 2.3891675042776736e-17
vn 0.1884427870212915 -0.9807852790486393 -0.050493092806152697
vn 0.1689531850728157 -0.9807852782941859 -0.09754516459131696
vn 0.1379496942243388 -0.980785279114049 -0.1379496942243388
vn 0.09754516459131696 -0.9807852782941859 -0.1689531850728157
vn 0.050493092806152697 -0.9807852790486393 -0.1884427870212915
vn 3.583751173698447e-17 -0.9807852789517083 -0.19509032931342324
vn -0.050493092806152697 -0.9807852790486393 -0.1884427870212915
vn -0.09754516459131696 -0.9807852782941859 -0.1689531850728157
vn -0.1379496942243388 -0.980785279114049 -0.1379496942243388
vn -0.1689531850728157 -0.9807852782941859 -0.09754516459131696
vn -0.1884427870212915 -0.9807852790486393 -0.050493092806152697
vn -0.19509032931342324 -0.9807852789517083 -4.778335008555347e-17
vn -1.2246468525851679e-16 -1 0
vn -1.1829179067875828e-16 -1 3.169619126193763e-17
vn -1.0605752472130298e-16 -1 6.123234262925839e-17
vn -8.659560603426554e-17 -1 8.659560603426554e-17
vn -6.123234262925839e-17 -1 1.0605752472130298e-16
vn -3.169619126193763e-17 -1 1.1829179067875828e-16
vn -7.498798786105971e-33 -1 1.2246468525851679e-16
vn 3.169619126193763e-17 -1 1.1829179067875828e-16
vn 6.123234262925839e-17 -1 1.0605752472130298e-16
vn 8.659560603426554e-17 -1 8.659560603426554e-17
vn 1.0605752472130298e-16 -1 6.123234262925839e-17
vn 1.1829179067875828e-16 -1 3.169619126193763e-17
vn 1.2246468525851679e-16 -1 1.4997597572211942e-32
vn 1.1829179067875828e-16 -1 -3.169619126193763e-17
vn 1.0605752472130298e-16 -1 -6.123234262925839e-17
vn 8.659560603426554e-17 -1 -8.659560603426554e-17
vn 6.123234262925839e-17 -1 -1.0605752472130298e-16
vn 3.169619126193763e-17 -1 -1.1829179067875828e-16
vn 2.2496396358317913e-32 -1 -1.2246468525851679e-16
vn -3.169619126193763e-17 -1 -1.1829179067875828e-16
vn -6.123234262925839e-17 -1 -1.0605752472130298e-16
vn -8.659560603426554e-17 -1 -8.659560603426554e-17
vn -1.0605752472130298e-16 -1 -6.123234262925839e-17
vn -1.1829179067875828e-16 -1 -3.169619126193763e-17
vn -1.2246468525851679e-16 -1 -2.9995195144423884e-32
f 1/1/1 26/26/26 27/27/27
f 2/2/2 27/27/27 28/28/28
f 3/3/3 28/28/28 29/29/29
f 4/4/4 29/29/29 30/30/30
f 5/5/5 30/30/30 31/31/31
f 6/6/6 31/31/31 32/32/32
f 7/7/7 32/32/32 33/33/33
f 8/8/8 33/33/33 34/34/34
f 9/9/9 34/34/34 35/35/35
f 10/10/10 35/35/35 36/36/36
f 11/11/11 36/36/36 37/37/37
f 12/12/12 37/37/37 38/38/38
f 13/13/13 38/38/38 39/39/39
f 14/14/14 39/39/39 40/40/40
f 15/15/15 40/40/40 41/41/41
f 16/16/16 41/41/41 42/42/42
f 17/17/17 42/42/42 43/43/43
f 18/18/18 43/43/43 44/44/44
f 19/19/19 44/44/44 45/45/45
f 20/20/20 45/45/45 46/46/46
f 21/21/21 46/46/46 47/47/47
f 22/22/22 47/47/47 48/48/48
f 23/23/23 48/48/48 49/49/49
f 24/24/24 49/49/49 50/50/50
f 27/27/27 26/26/26 52/52/52
f 26/26/26 51/51/51 52/52/52
f 28/28/28 27/27/27 53/53/53
f 27/27/27 52/52/52 53/53/53
f 29/29/29 28/28/28 54/54/54
f 28/28/28 53/53/53 54/54/54
f 30/30/30 29/29/29 55/55/55
f 29/29/29 54/54/54 55/55/55
f 31/31/31 30/30/30 56/56/56
f 30/30/30 55/55/55 56/56/56
f 32/32/32 31/31/31 57/57/57
f 31/31/31 56/56/56 57/57/57
f 33/33/33 32/32/32 58/58/58
f 32/32/32 57/57/57 58/58/58
f 34/34/34 33/33/33 59/59/59
f 33/33/33 58/58/58 59/59/59
f 35/35/35 34/34/34 60/60/60
f 34/34/34 59/59/59 60/60/60
f 36/36/36 35/35/35 61/61/61
f 35/35/35 60/60/60 61/61/61
f 37/37/37 36/36/36 62/62/62
f 36/36/36 61/61/61 62/62/62
f 38/38/38 37/37/37 63/63/63
f 37/37/37 62/62/62 63/63/63
f 39/39/39 38/38/38 64/64/64
f 38/38/38 63/63/63 64/64/64
f 40/40/40 39/39/39 65/65/65
f 39/39/39 64/64/64 65/65/65
f 41/41/41 40/40/40 66/66/66
f 40/40/40 65/65/65 66/66/66
f 42/42/42 41/41/41 67/67/67
f 41/41/41 66/66/66 67/67/67
f 43/43/43 42/42/42 68/68/68
f 42/42/42 67/67/67 68/68/68
f 44/44/44 43/43/43 69/69/69
f 43/43/43 68/68/68 69/69/69
f 45/45/45 44/44/44 70/70/70
f 44/44/44 69/69/69 70/70/70
f 46/46/46 45/45/45 71/71/71
f 45/45/45 70/70/70 71/71/71
f 47/47/47 46/46/46 72/72/72
f 46/46/46 71/71/71 72/72/72
f 48/48/48 47/47/47 73/73/73
f 47/47/47 72/72/72 73/73/73
f 49/49/49 48/48/48 74/74/74
f 48/48/48 73/73/73 74/74/74
f 50/50/50 49/49/49 75/75/75
f 49/49/49 74/74/74 75/75/75
f 52/52/52 51/51/51 77/77/77
f 51/51/51 76/76/76 77/77/77
f 53/53/53 52/52/52 78/78/78
f 52/52/52 77/77/77 78/78/78
f 54/54/54 53/53/53 79/79/79
f 53/53/53 78/78/78 79/79/79
f 55/55/55 54/54/54 80/80/80
f 54/54/54 79/79/79 80/80/80
f 56/56/56 55/55/55 81/81/81
f 55/55/55 80/80/80 81/81/81
f 57/57/57 56/56/56 82/82/82
f 56/56/56 81/81/81 82/82/82
f 58/58/58 57/57/57 83/83/83
f 57/57/57 82/82/82 83/83/83
f 59/59/59 58/58/58 84/84/84
f 58/58/58 83/83/83 84/84/84
f 60/60/60 59/59/59 85/85/85
f 59/59/59 84/84/84 85/85/85
f 61/61/61 60/60/60 86/86/86
f 60/60/60 85/85/85 86/86/86
f 62/62/62 61/61/61 87/87/87
f 61/61/61 86/86/86 87/87/87
f 63/63/63 62/62/62 88/88/88
f 62/62/62 87/87/87 88/88/88
f 64/64/64 63/63/63 89/89/89
f 63/63/63 88/88/88 89/89/89
f 65/65/65 64/64/64 90/90/90
f 64/64/64 89/89/89 90/90/90
f 66/66/66 65/65/65 91/91/91
f 65/65/65 90/90/90 91/91/91
f 67/67/67 66/66/66 92/92/92
f 66/66/66 91/91/91 92/92/92
f 68/68/68 67/67/67 93/93/93
f 67/67/67 92/92/92 93/93/93
f 69/69/69 68/68/68 94/94/94
f 68/68/68 93/93/93 94/94/94
f 70/70/70 69/69/69 95/95/95
f 69/69/69 94/94/94 95/95/95
f 71/71/71 70/70/70 96/96/96
f 70/70/70 95/95/95 96/96/96
f 72/72/72 71/71/71 97/97/97
f 71/71/71 96/96/96 97/97/97
f 73/73/73 72/72/72 98/98/98
f 72/72/72 97/97/97 98/98/98
f 74/74/74 73/73/73 99/99/99
f 73/73/73 98/98/98 99/99/99
f 75/75/75 74/74/74 100/100/100
f 74/74/74 99/99/99 100/100/100
f 77/77/77 76/76/76 102/102/102
f 76/76/76 101/101/101 102/102/102
f 78/78/78 77/77/77 103/103/103
f 77/77/77 102/102/102 103/103/103
f 79/79/79 78/78/78 104/104/104
f 78/78/78 103/103/103 104/104/104
f 80/80/80 79/79/79 105/105/105
f 79/79/79 104/104/104 105/105/105
f 81/81/81 80/80/80 106/106/106
f 80/80/80 105/105/105 106/106/106
f 82/82/82 81/81/81 107/107/107
f 81/81/81 106/106/106 107/107/107
f 83/83/83 82/82/82 108/108/108
f 82/82/82 107/107/107 108/108/108
f 84/84/84 83/83/83 109/109/109
f 83/83/83 108/108/108 109/109/109
f 85/85/85 84/84/84 110/110/110
f 84/84/84 109/109/109 110/110/110
f 86/86/86 85/85/85 111/111/111
f 85/85/85 110/110/110 111/111/111
f 87/87/87 86/86/86 112/112/112
f 86/86/86 111/111/111 112/112/112
f 88/88/88 87/87/87 113/113/113
f 87/87/87 112/112/112 113/113/113
f 89/89/89 88/88/88 114/114/114
f 88/88/88 113/113/113 114/114/114
f 90/90/90 89/89/89 115/115/115
f 89/89/89 114/114/114 115/115/115
f 91/91/91 90/90/90 116/116/116
f 90/90/90 115/115/115 116/116/116
f 92/92/92 91/91/91 117/117/117
f 91/91/91 116/116/116 117/117/117
f 93/93/93 92/92/92 118/118/118
f 92/92/92 117/117/117 118/118/118
f 94/94/94 93/93/93 119/119/119
f 93/93/93 118/118/118 119/119/119
f 95/95/95 94/94/94 120/120/120
f 94/94/94 119/119/119 120/120/120
f 96/96/96 95/95/95 121/121/121
f 95/95/95 120/120/120 121/121/121
f 97/97/97 96/96/96 122/122/122
f 96/96/96 121/121/121 122/122/122
f 98/98/98 97/97/97 123/123/123
f 97/97/97 122/122/122 123/123/123
f 99/99/99 98/98/98 124/124/124
f 98/98/98 123/123/123 124/124/124
f 100/100/100 99/99/99 125/125/125
f 99/99/99 124/124/124 125/125/125
f 102/102/102 101/101/101 127/127/127
f 101/101/101 126/126/126 127/127/127
f 103/103/103 102/102/102 128/128/128
f 102/102/102 127/127/127 128/128/128
f 104/104/104 103/103/103 129/129/129
f 103/103/103 128/128/128 129/129/129
f 105/105/105 104/104/104 130/130/130
f 104/104/104 129/129/129 130/130/130
f 106/106/106 105/105/105 131/131/131
f 105/105/105 130/130/130 131/131/131
f 107/107/107 106/106/106 132/132/132
f 106/106/106 131/131/131 132/132/132
f 108/108/108 107/107/107 133/133/133
f 107/107/107 132/132/132 133/133/133
f 109/109/109 108/108/108 134/134/134
f 108/108/108 133/133/133 134/134/134
f 110/110/110 109/109/109 135/135/135
f 109/109/109 134/134/134 135/135/135
f 111/111/111 110/110/110 136/136/136
f 110/110/110 135/135/135 136/136/136
f 112/112/112 111/111/111 137/137/137
f 111/111/111 136/136/136 137/137/137
f 113/113/113 112/112/112 138/138/138
f 112/112/112 137/137/137 138/138/138
f 114/114/114 113/113/113 139/139/139
f 113/113/113 138/138/138 139/139/139
f 115/115/115 114/114/114 140/140/140
f 114/114/114 139/139/139 140/140/140
f 116/116/116 115/115/115 141/141/141
f 115/115/115 140/140/140 141/141/141
f 117/117/117 116/116/116 142/142/142
f 116/116/116 141/141/141 142/142/142
f 118/118/118 117/117/117 143/143/143
f 117/117/117 142/142/142 143/143/143
f 119/119/119 118/118/118 144/144/144
f 118/118/118 143/143/143 144/144/144
f 120/120/120 119/119/119 145/145/145
f 119/119/119 144/144/144 145/145/145
f 121/121/121 120/120/120 146/146/146
f 120/120/120 145/145/145 146/146/146
f 122/122/122 121/121/121 147/147/147
f 121/121/121 146/146/146 147/147/147
f 123/123/123 122/122/122 148/148/148
f 122/122/122 147/147/147 148/148/148
f 124/124/124 123/123/123 149/149/149
f 123/123/123 148/148/148 149/149/149
f 125/125/125 124/124/124 150/150/150
f 124/124/124 149/149/149 150/150/150
f 127/127/127 126/126/126 152/152/152
f 126/126/126 151/151/151 152/152/152
f 128/128/128 127/127/127 153/153/153
f 127/127/127 152/152/152 153/153/153
f 129/129/129 128/128/128 154/154/154
f 128/128/128 153/153/153 154/154/154
f 130/130/130 129/129/129 155/155/155
f 129/129/129 154/154/154 155/155/155
f 131/131/131 130/130/130 156/156/156
f 130/130/130 155/155/155 156/156/156
f 132/132/132 131/131/131 157/157/157
f 131/131/131 156/156/156 157/157/157
f 133/133/133 132/132/132 158/158/158
f 132/132/132 157/157/157 158/158/158
f 134/134/134 133/133/133 159/159/159
f 133/133/133 158/158/158 159/159/159
f 135/135/135 134/134/134 160/160/160
f 134/134/134 159/159/159 160/160/160
f 136/136/136 135/135/135 161/161/161
f 135/135/135 160/160/160 161/161/161
f 137/137/137 136/136/136 162/162/162
f 136/136/136 161/161/161 162/162/162
f 138/138/138 137/137/137 163/163/163
f 137/137/137 162/162/162 163/163/163
f 139/139/139 138/138/138 164/164/164
f 138/138/138 163/163/163 164/164/164
f 140/140/140 139/139/139 165/165/165
f 139/139/139 164/164/164 165/165/165
f 141/141/141 140/140/140 166/166/166
f 140/140/140 165/165/165 166/166/166
f 142/142/142 141/141/141 167/167/167
f 141/141/141 166/166/166 167/167/167
f 143/143/143 142/142/142 168/168/168
f 142/142/142 167/167/167 168/168/168
f 144/144/144 143/143/143 169/169/169
f 143/143/143 168/168/168 169/169/169
f 145/145/145 144/144/144 170/170/170
f 144/144/144 169/169/169 170/170/170
f 146/146/146 145/145/145 171/171/171
f 145/145/145 170/170/170 171/171/171
f 147/147/147 146/146/146 172/172/172
f 146/146/146 171/171/171 172/172/172
f 148/148/148 147/147/147 173/173/173
f 147/147/147 172/172/172 173/173/173
f 149/149/149 148/148/148 174/174/174
f 148/148/148 173/173/173 174/174/174
f 150/150/150 149/149/149 175/175/175
f 149/149/149 174/174/174 175/175/175
f 152/152/152 151/151/151 177/177/177
f 151/151/151 176/176/176 177/177/177
f 153/153/153 152/152/152 178/178/178
f 152/152/152 177/177/177 178/178/178
f 154/154/154 153/153/153 179/179/179
f 153/153/153 178/178/178 179/179/179
f 155/155/155 154/154/154 180/180/180
f 154/154/154 179/179/179 180/180/180
f 156/156/156 155/155/155 181/181/181
f 155/155/155 180/180/180 181/181/181
f 157/157/157 156/156/156 182/182/182
f 156/156/156 181/181/181 182/182/182
f 158/158/158 157/157/157 183/183/183
f 157/157/157 182/182/182 183/183/183
f 159/159/159 158/158/158 184/184/184
f 158/158/158 183/183/183 184/184/184
f 160/160/160 159/159/159 185/185/185
f 159/159/159 184/184/184 185/185/185
f 161/161/161 160/160/160 186/186/186
f 160/160/160 185/185/185 186/186/186
f 162/162/162 161/161/161 187/187/187
f 161/161/161 186/186/186 187/187/187
f 163/163/163 162/162/162 188/188/188
f 162/162/162 187/187/187 188/188/188
f 164/164/164 163/163/163 189/189/189
f 163/163/163 188/188/188 189/189/189
f 165/165/165 164/164/164 190/190/190
f 164/164/164 189/189/189 190/190/190
f 166/166/166 165/165/165 191/191/191
f 165/165/165 190/190/190 191/191/191
f 167/167/167 166/166/166 192/192/192
f 166/166/166 191/191/191 192/192/192
f 168/168/168 167/167/167 193/193/193
f 167/167/167 192/192/192 193/193/193
f 169/169/169 168/168/168 194/194/194
f 168/168/168 193/193/193 194/194/194
f 170/170/170 169/169/169 195/195/195
f 169/169/169 194/194/194 195/195/195
f 171/171/171 170/170/170 196/196/196
f 170/170/170 195/195/195 196/196/196
f 172/172/172 171/171/171 197/197/197
f 171/171/171 196/196/196 197/197/197
f 173/173/173 172/172/172 198/198/198
f 172/172/172 197/197/197 198/198/198
f 174/174/174 173/173/173 199/199/199
f 173/173/173 198/198/198 199/199/199
f 175/175/175 174/174/174 200/200/200
f 174/174/174 199/199/199 200/200/200
f 177/177/177 176/176/176 202/202/202
f 176/176/176 201/201/201 202/202/202
f 178/178/178 177/177/177 203/203/203
f 177/177/177 202/202/202 203/203/203
f 179/179/179 178/178/178 204/204/204
f 178/178/178 203/203/203 204/204/204
f 180/180/180 179/179/179 205/205/205
f 179/179/179 204/204/204 205/205/205
f 181/181/181 180/180/180 206/206/206
f 180/180/180 205/205/205 206/206/206
f 182/182/182 181/181/181 207/207/207
f 181/181/181 206/206/206 207/207/207
f 183/183/183 182/182/182 208/208/208
f 182/182/182 207/207/207 208/208/208
f 184/184/184 183/183/183 209/209/209
f 183/183/183 208/208/208 209/209/209
f 185/185/185 184/184/184 210/210/210
f 184/184/184 209/209/209 210/210/210
f 186/186/186 185/185/185 211/211/211
f 185/185/185 210/210/210 211/211/211
f 187/187/187 186/186/186 212/212/212
f 186/186/186 211/211/211 212/212/212
f 188/188/188 187/187/187 213/213/213
f 187/187/187 212/212/212 213/213/213
f 189/189/189 188/188/188 214/214/214
f 188/188/188 213/213/213 214/214/214
f 190/190/190 189/189/189 215/215/215
f 189/189/189 214/214/214 215/215/215
f 191/191/191 190/190/190 216/216/216
f 190/190/190 215/215/215 216/216/216
f 192/192/192 191/191/191 217/217/217
f 191/191/191 216/216/216 217/217/217
f 193/193/193 192/192/192 218/218/218
f 192/192/192 217/217/217 218/218/218
f 194/194/194 193/193/193 219/219/219
f 193/193/193 218/218/218 219/219/219
f 195/195/195 194/194/194 220/220/220
f 194/194/194 219/219/219 220/220/220
f 196/196/196 195/195/195 221/221/221
f 195/195/195 220/220/220 221/221/221
f 197/197/197 196/196/196 222/222/222
f 196/196/196 221/221/221 222/222/222
f 198/198/198 197/197/197 223/223/223
f 197/197/197 222/222/222 223/223/223
f 199/199/199 198/198/198 224/224/224
f 198/198/198 223/223/223 224/224/224
f 200/200/200 199/199/199 225/225/225
f 199/199/199 224/224/224 225/225/225
f 202/202/202 201/201/201 227/227/227
f 201/201/201 226/226/226 227/227/227
f 203/203/203 202/202/202 228/228/228
f 202/202/202 227/227/227 228/228/228
f 204/204/204 203/203/203 229/229/229
f 203/203/203 228/228/228 229/229/229
f 205/205/205 204/204/204 230/230/230
f 204/204/204 229/229/229 230/230/230
f 206/206/206 205/205/205 231/231/231
f 205/205/205 230/230/230 231/231/231
f 207/207/207 206/206/206 232/232/232
f 206/206/206 231/231/231 232/232/232
f 208/208/208 207/207/207 233/233/233
f 207/207/207 232/232/232 233/233/233
f 209/209/209 208/208/208 234/234/234
f 208/208/208 233/233/233 234/234/234
f 210/210/210 209/209/209 235/235/235
f 209/209/209 234/234/234 235/235/235
f 211/211/211 210/210/210 236/236/236
f 210/210/210 235/235/235 236/236/236
f 212/212/212 211/211/211 237/237/237
f 211/211/211 236/236/236 237/237/237
f 213/213/213 212/212/212 238/238/238
f 212/212/212 237/237/237 238/238/238
f 214/214/214 213/213/213 239/239/239
f 213/213/213 238/238/238 239/239/239
f 215/215/215 214/214/214 240/240/240
f 214/214/214 239/239/239 240/240/240
f 216/216/216 215/215/215 241/241/241
f 215/215/215 240/240/240 241/241/241
f 217/217/217 216/216/216 242/242/242
f 216/216/216 241/241/241 242/242/242
f 218/218/218 217/217/217 243/243/243
f 217/217/217 242/242/242 243/243/243
f 219/219/219 218/218/218 244/244/244
f 218/218/218 243/243/243 244/244/244
f 220/220/220 219/219/219 245/245/245
f 219/219/219 244/244/244 245/245/245
f 221/221/221 220/220/220 246/246/246
f 220/220/220 245/245/245 246/246/246
f 222/222/222 221/221/221 247/247/247
f 221/221/221 246/246/246 247/247/247
f 223/223/223 222/222/222 248/248/248
f 222/222/222 247/247/247 248/248/248
f 224/224/224 223/223/223 249/249/249
f 223/223/223 248/248/248 249/249/249
f 225/225/225 224/224/224 250/250/250
f 224/224/224 249/249/249 250/250/250
f 227/227/227 226/226/226 252/252/252
f 226/226/226 251/251/251 252/252/252
f 228/228/228 227/227/227 253/253/253
f 227/227/227 252/252/252 253/253/253
f 229/229/229 228/228/228 254/254/254
f 228/228/228 253/253/253 254/254/254
f 230/230/230 229/229/229 255/255/255
f 229/229/229 254/254/254 255/255/255
f 231/231/231 230/230/230 256/256/256
f 230/230/230 255/255/255 256/256/256
f 232/232/232 231/231/231 257/257/257
f 231/231/231 256/256/256 257/257/257
f 233/233/233 232/232/232 258/258/258
f 232/232/232 257/257/257 258/258/258
f 234/234/234 233/233/233 259/259/259
f 233/233/233 258/258/258 259/259/259
f 235/235/235 234/234/234 260/260/260
f 234/234/234 259/259/259 260/260/260
f 236/236/236 235/235/235 261/261/261
f 235/235/235 260/260/260 261/261/261
f 237/237/237 236/236/236 262/262/262
f 236/236/236 261/261/261 262/262/262
f 238/238/238 237/237/237 263/263/263
f 237/237/237 262/262/262 263/263/263
f 239/239/239 238/238/238 264/264/264
f 238/238/238 263/263/263 264/264/264
f 240/240/240 239/239/239 265/265/265
f 239/239/239 264/264/264 265/265/265
f 241/241/241 240/240/240 266/266/266
f 240/240/240 265/265/265 266/266/266
f 242/242/242 241/241/241 267/267/267
f 241/241/241 266/266/266 267/267/267
f 243/243/243 242/242/242 268/268/268
f 242/242/242 267/267/267 268/268/268
f 244/244/244 243/243/243 269/269/269
f 243/243/243 268/268/268 269/269/269
f 245/245/245 244/244/244 270/270/270
f 244/244/244 269/269/269 270/270/270
f 246/246/246 245/245/245 271/271/271
f 245/245/245 270/270/270 271/271/271
f 247/247/247 246/246/246 272/272/272
f 246/246/246 271/271/271 272/272/272
f 248/248/248 247/247/247 273/273/273
f 247/247/247 272/272/272 273/273/273
f 249/249/249 248/248/248 274/274/274
f 248/248/248 273/273/273 274/274/274
f 250/250/250 249/249/249 275/275/275
f 249/249/249 274/274/274 275/275/275
f 252/252/252 251/251/251 277/277/277
f 251/251/251 276/276/276 277/277/277
f 253/253/253 252/252/252 278/278/278
f 252/252/252 277/277/277 278/278/278
f 254/254/254 253/253/253 279/279/279
f 253/253/253 278/278/278 279/279/279
f 255/255/255 254/254/254 280/280/280
f 254/254/254 279/279/279 280/280/280
f 256/256/256 255/255/255 281/281/281
f 255/255/255 280/280/280 281/281/281
f 257/257/257 256/256/256 282/282/282
f 256/256/256 281/281/281 282/282/282
f 258/258/258 257/257/257 283/283/283
f 257/257/257 282/282/282 283/283/283
f 259/259/259 258/258/258 284/284/284
f 258/258/258 283/283/283 284/284/284
f 260/260/260 259/259/259 285/285/285
f 259/259/259 284/284/284 285/285/285
f 261/261/261 260/260/260 286/286/286
f 260/260/260 285/285/285 286/286/286
f 262/262/262 261/261/261 287/287/287
f 261/261/261 286/286/286 287/287/287
f 263/263/263 262/262/262 288/288/288
f 262/262/262 287/287/287 288/288/288
f 264/264/264 263/263/263 289/289/289
f 263/263/263 288/288/288 289/289/289
f 265/265/265 264/264/264 290/290/290
f 264/264/264 289/289/289 290/290/290
f 266/266/266 265/265/265 291/291/291
f 265/265/265 290/290/290 291/291/291
f 267/267/267 266/266/266 292/292/292
f 266/266/266 291/291/291 292/292/292
f 268/268/268 267/267/267 293/293/293
f 267/267/267 292/292/292 293/293/293
f 269/269/269 268/268/268 294/294/294
f 268/268/268 293/293/293 294/294/294
f 270/270/270 269/269/269 295/295/295
f 269/269/269 294/294/294 295/295/295
f 271/271/271 270/270/270 296/296/296
f 270/270/270 295/295/295 296/296/296
f 272/272/272 271/271/271 297/297/297
f 271/271/271 296/296/296 297/297/297
f 273/273/273 272/272/272 298/298/298
f 272/272/272 297/297/297 298/298/298
f 274/274/274 273/273/273 299/299/299
f 273/273/273 298/298/298 299/299/299
f 275/275/275 274/274/274 300/300/300
f 274/274/274 299/299/299 300/300/300
f 277/277/277 276/276/276 302/302/302
f 276/276/276 301/301/301 302/302/302
f 278/278/278 277/277/277 303/303/303
f 277/277/277 302/302/302 303/303/303
f 279/279/279 278/278/278 304/304/304
f 278/278/278 303/303/303 304/304/304
f 280/280/280 279/279/279 305/305/305
f 279/279/279 304/304/304 305/305/305
f 281/281/281 280/280/280 306/306/306
f 280/280/280 305/305/305 306/306/306
f 282/282/282 281/281/281 307/307/307
f 281/281/281 306/306/306 307/307/307
f 283/283/283 282/282/282 308/308/308
f 282/282/282 307/307/307 308/308/308
f 284/284/284 283/283/283 309/309/309
f 283/283/283 308/308/308 309/309/309
f 285/285/285 284/284/284 310/310/310
f 284/284/284 309/309/309 310/310/310
f 286/286/286 285/285/285 311/311/311
f 285/285/285 310/310/310 311/311/311
f 287/287/287 286/286/286 312/312/312
f 286/286/286 311/311/311 312/312/312
f 288/288/288 287/287/287 313/313/313
f 287/287/287 312/312/312 313/313/313
f 289/289/289 288/288/288 314/314/314
f 288/288/288 313/313/313 314/314/314
f 290/290/290 289/289/289 315/315/315
f 289/289/289 314/314/314 315/315/315
f 291/291/291 290/290/290 316/316/316
f 290/290/290 315/315/315 316/316/316
f 292/292/292 291/291/291 317/317/317
f 291/291/291 316/316/316 317/317/317
f 293/293/293 292/292/292 318/318/318
f 292/292/292 317/317/317 318/318/318
f 294/294/294 293/293/293 319/319/319
f 293/293/293 318/318/318 319/319/319
f 295/295/295 294/294/294 320/320/320
f 294/294/294 319/319/319 320/320/320
f 296/296/296 295/295/295 321/321/321
f 295/295/295 320/320/320 321/321/321
f 297/297/297 296/296/296 322/322/322
f 296/296/296 321/321/321 322/322/322
f 298/298/298 297/297/297 323/323/323
f 297/297/297 322/322/322 323/323/323
f 299/299/299 298/298/298 324/324/324
f 298/298/298 323/323/323 324/324/324
f 300/300/300 299/299/299 325/325/325
f 299/299/299 324/324/324 325/325/325
f 302/302/302 301/301/301 327/327/327
f 301/301/301 326/326/326 327/327/327
f 303/303/303 302/302/302 328/328/328
f 302/302/302 327/327/327 328/328/328
f 304/304/304 303/303/303 329/329/329
f 303/303/303 328/328/328 329/329/329
f 305/305/305 304/304/304 330/330/330
f 304/304/304 329/329/329 330/330/330
f 306/306/306 305/305/305 331/331/331
f 305/305/305 330/330/330 331/331/331
f 307/307/307 306/306/306 332/332/332
f 306/306/306 331/331/331 332/332/332
f 308/308/308 307/307/307 333/333/333
f 307/307/307 332/332/332 333/333/333
f 309/309/309 308/308/308 334/334/334
f 308/308/308 333/333/333 334/334/334
f 310/310/310 309/309/309 335/335/335
f 309/309/309 334/334/334 335/335/335
f 311/311/311 310/310/310 336/336/336
f 310/310/310 335/335/335 336/336/336
f 312/312/312 311/311/311 337/337/337
f 311/311/311 336/336/336 337/337/337
f 313/313/313 312/312/312 338/338/338
f 312/312/312 337/337/337 338/338/338
f 314/314/314 313/313/313 339/339/339
f 313/313/313 338/338/338 339/339/339
f 315/315/315 314/314/314 340/340/340
f 314/314/314 339/339/339 340/340/340
f 316/316/316 315/315/315 341/341/341
f 315/315/315 340/340/340 341/341/341
f 317/317/317 316/316/316 342/342/342
f 316/316/316 341/341/341 342/342/342
f 318/318/318 317/317/317 343/343/343
f 317/317/317 342/342/342 343/343/343
f 319/319/319 318/318/318 344/344/344
f 318/318/318 343/343/343 344/344/344
f 320/320/320 319/319/319 345/345/345
f 319/319/319 344/344/344 345/345/345
f 321/321/321 320/320/320 346/346/346
f 320/320/320 345/345/345 346/346/346
f 322/322/322 321/321/321 347/347/347
f 321/321/321 346/346/346 347/347/347
f 323/323/323 322/322/322 348/348/348
f 322/322/322 347/347/347 348/348/348
f 324/324/324 323/323/323 349/349/349
f 323/323/323 348/348/348 349/349/349
f 325/325/325 324/324/324 350/350/350
f 324/324/324 349/349/349 350/350/350
f 327/327/327 326/326/326 352/352/352
f 326/326/326 351/351/351 352/352/352
f 328/328/328 327/327/327 353/353/353
f 327/327/327 352/352/352 353/353/353
f 329/329/329 328/328/328 354/354/354
f 328/328/328 353/353/353 354/354/354
f 330/330/330 329/329/329 355/355/355
f 329/329/329 354/354/354 355/355/355
f 331/331/331 330/330/330 356/356/356
f 330/330/330 355/355/355 356/356/356
f 332/332/332 331/331/331 357/357/357
f 331/331/331 356/356/356 357/357/357
f 333/333/333 332/332/332 358/358/358
f 332/332/332 357/357/357 358/358/358
f 334/334/334 333/333/333 359/359/359
f 333/333/333 358/358/358 359/359/359
f 335/335/335 334/334/334 360/360/360
f 334/334/334 359/359/359 360/360/360
f 336/336/336 335/335/335 361/361/361
f 335/335/335 360/360/360 361/361/361
f 337/337/337 336/336/336 362/362/362
f 336/336/336 361/361/361 362/362/362
f 338/338/338 337/337/337 363/363/363
f 337/337/337 362/362/362 363/363/363
f 339/339/339 338/338/338 364/364/364
f 338/338/338 363/363/363 364/364/364
f 340/340/340 339/339/339 365/365/365
f 339/339/339 364/364/364 365/365/365
f 341/341/341 340/340/340 366/366/366
f 340/340/340 365/365/365 366/366/366
f 342/342/342 341/341/341 367/367/367
f 341/341/341 366/366/366 367/367/367
f 343/343/343 342/342/342 368/368/368
f 342/342/342 367/367/367 368/368/368
f 344/344/344 343/343/343 369/369/369
f 343/343/343 368/368/368 369/369/369
f 345/345/345 344/344/344 370/370/370
f 344/344/344 369/369/369 370/370/370
f 346/346/346 345/345/345 371/371/371
f 345/345/345 370/370/370 371/371/371
f 347/347/347 346/346/346 372/372/372
f 346/346/346 371/371/371 372/372/372
f 348/348/348 347/347/347 373/373/373
f 347/347/347 372/372/372 373/373/373
f 349/349/349 348/348/348 374/374/374
f 348/348/348 373/373/373 374/374/374
f 350/350/350 349/349/349 375/375/375
f 349/349/349 374/374/374 375/375/375
f 352/352/352 351/351/351 377/377/377
f 351/351/351 376/376/376 377/377/377
f 353/353/353 352/352/352 378/378/378
f 352/352/352 377/377/377 378/378/378
f 354/354/354 353/353/353 379/379/379
f 353/353/353 378/378/378 379/379/379
f 355/355/355 354/354/354 380/380/380
f 354/354/354 379/379/379 380/380/380
f 356/356/356 355/355/355 381/381/381
f 355/355/355 380/380/380 381/381/381
f 357/357/357 356/356/356 382/382/382
f 356/356/356 381/381/381 382/382/382
f 358/358/358 357/357/357 383/383/383
f 357/357/357 382/382/382 383/383/383
f 359/359/359 358/358/358 384/384/384
f 358/358/358 383/383/383 384/384/384
f 360/360/360 359/359/359 385/385/385
f 359/359/359 384/384/384 385/385/385
f 361/361/361 360/360/360 386/386/386
f 360/360/360 385/385/385 386/386/386
f 362/362/362 361/361/361 387/387/387
f 361/361/361 386/386/386 387/387/387
f 363/363/363 362/362/362 388/388/388
f 362/362/362 387/387/387 388/388/388
f 364/364/364 363/363/363 389/389/389
f 363/363/363 388/388/388 389/389/389
f 365/365/365 364/364/364 390/390/390
f 364/364/364 389/389/389 390/390/390
f 366/366/366 365/365/365 391/391/391
f 365/365/365 390/390/390 391/391/391
f 367/367/367 366/366/366 392/392/392
f 366/366/366 391/391/391 392/392/392
f 368/368/368 367/367/367 393/393/393
f 367/367/367 392/392/392 393/393/393
f 369/369/369 368/368/368 394/394/394
f 368/368/368 393/393/393 394/394/394
f 370/370/370 369/369/369 395/395/395
f 369/369/369 394/394/394 395/395/395
f 371/371/371 370/370/370 396/396/396
f 370/370/370 395/395/395 396/396/396
f 372/372/372 371/371/371 397/397/397
f 371/371/371 396/396/396 397/397/397
f 373/373/373 372/372/372 398/398/398
f 372/372/372 397/397/397 398/398/398
f 374/374/374 373/373/373 399/399/399
f 373/373/373 398/398/398 399/399/399
f 375/375/375 374/374/374 400/400/400
f 374/374/374 399/399/399 400/400/400
f 377/377/377 376/376/376 402/402/402
f 378/378/378 377/377/377 403/403/403
f 379/379/379 378/378/378 404/404/404
f 380/380/380 379/379/379 405/405/405
f 381/381/381 380/380/380 406/406/406
f 382/382/382 381/381/381 407/407/407
f 383/383/383 382/382/382 408/408/408
f 384/384/384 383/383/383 409/409/409
f 385/385/385 384/384/384 410/410/410
f 386/386/386 385/385/385 411/411/411
f 387/387/387 386/386/386 412/412/412
f 388/388/388 387/387/387 413/413/413
f 389/389/389 388/388/388 414/414/414
f 390/390/390 389/389/389 415/415/415
f 391/391/391 390/390/390 416/416/416
f 392/392/392 391/391/391 417/417/417
f 393/393/393 392/392/392 418/418/418
f 394/394/394 393/393/393 419/419/419
f 395/395/395 394/394/394 420/420/420
f 396/396/396 395/395/395 421/421/421
f 397/397/397 396/396/396 422/422/422
f 398/398/398 397/397/397 423/423/423
f 399/399/399 398/398/398 424/424/424
f 400/400/400 399/399/399 425/425/425
o 
v 0.05047329880299127 0.2520506450462713 -0.07
v 0.05047329880299127 0.2520506450462713 -0.07
v 0.05047329880299127 0.2520506450462713 -0.07
v 0.05047329880299127 0.2520506450462713 -0.07
v 0.05047329880299127 0.2520506450462713 -0.07
v 0.05047329880299127 0.2520506450462713 -0.07
v 0.05047329880299127 0.2520506450462713 -0.07
v 0.05047329880299127 0.2520506450462713 -0.07
v 0.05047329880299127 0.2520506450462713 -0.07
v 0.05047329880299127 0.2520506450462713 -0.07
v 0.05047329880299127 0.2520506450462713 -0.07
v 0.05047329880299127 0.2520506450462713 -0.07
v 0.05047329880299127 0.2520506450462713 -0.07
v -0.27047329880299126 0.06794935495372872 -0.01500000029802323
v -0.25679009506011263 0.0440952163791494 -0.022368602156639106
v -0.24677329426552247 0.026632774196888725 -0.04250000014901162
v -0.243106891317234 0.020241077804570046 -0.07
v -0.24677329426552247 0.026632774196888725 -0.0974999998509884
v -0.25679009506011263 0.0440952163791494 -0.11763139784336091
v -0.27047329880299126 0.06794935495372872 -0.12499999970197678
v -0.2841565025458699 0.09180349352830805 -0.11763139784336091
v -0.2941733033404601 0.10926593571056874 -0.0974999998509884
v -0.2978397062887485 0.11565763210288739 -0.07000000000000002
v -0.2941733033404601 0.10926593571056874 -0.04250000014901162
v -0.2841565025458699 0.09180349352830805 -0.022368602156639106
v -0.27047329880299126 0.06794935495372874 -0.01500000029802323
v -0.27047329880299126 0.06794935495372872 -0.07
v -0.27047329880299126 0.06794935495372872 -0.07
v -0.27047329880299126 0.06794935495372872 -0.07
v -0.27047329880299126 0.06794935495372872 -0.07
v -0.27047329880299126 0.06794935495372872 -0.07
v -0.27047329880299126 0.06794935495372872 -0.07
v -0.27047329880299126 0.06794935495372872 -0.07
v -0.27047329880299126 0.06794935495372872 -0.07
v -0.27047329880299126 0.06794935495372872 -0.07
v -0.27047329880299126 0.06794935495372872 -0.07
v -0.27047329880299126 0.06794935495372872 -0.07
v -0.27047329880299126 0.06794935495372872 -0.07
v -0.27047329880299126 0.06794935495372872 -0.01500000029802323
v -0.25679009506011263 0.0440952163791494 -0.022368602156639106
v -0.24677329426552247 0.026632774196888725 -0.04250000014901162
v -0.243106891317234 0.020241077804570046 -0.07
v -0.24677329426552247 0.026632774196888725 -0.0974999998509884
v -0.25679009506011263 0.0440952163791494 -0.11763139784336091
v -0.27047329880299126 0.06794935495372872 -0.12499999970197678
v -0.2841565025458699 0.09180349352830805 -0.11763139784336091
v -0.2941733033404601 0.10926593571056874 -0.0974999998509884
v -0.2978397062887485 0.11565763210288739 -0.07000000000000002
v -0.2941733033404601 0.10926593571056874 -0.04250000014901162
v -0.2841565025458699 0.09180349352830805 -0.022368602156639106
v -0.27047329880299126 0.06794935495372874 -0.01500000029802323
vt 0 1
vt 0.0833333358168602 1
vt 0.1666666716337204 1
vt 0.25 1
vt 0.3333333432674408 1
vt 0.4166666567325592 1
vt 0.5 1
vt 0.5833333134651184 1
vt 0.6666666865348816 1
vt 0.75 1
vt 0.8333333134651184 1
vt 0.9166666865348816 1
vt 1 1
vt 0 0
vt 0.0833333358168602 0
vt 0.1666666716337204 0
vt 0.25 0
vt 0.3333333432674408 0
vt 0.4166666567325592 0
vt 0.5 0
vt 0.5833333134651184 0
vt 0.6666666865348816 0
vt 0.75 0
vt 0.8333333134651184 0
vt 0.9166666865348816 0
vt 1 0
vt 0.5 0.5
vt 0.5 0.5
vt 0.5 0.5
vt 0.5 0.5
vt 0.5 0.5
vt 0.5 0.5
vt 0.5 0.5
vt 0.5 0.5
vt 0.5 0.5
vt 0.5 0.5
vt 0.5 0.5
vt 0.5 0.5
vt 1 0.5
vt 0.9330127239227295 0.25
vt 0.75 0.0669872984290123
vt 0.5 0
vt 0.25 0.0669872984290123
vt 0.0669872984290123 0.25
vt 0 0.5
vt 0.0669872984290123 0.75
vt 0.25 0.9330127239227295
vt 0.5 1
vt 0.75 0.9330127239227295
vt 0.9330127239227295 0.75
vt 1 0.5
vn 0.12753989695996448 0.07315939705777934 0.9891315773473132
vn 0.3736215043156283 -0.35583844474927595 0.8566130822905658
vn 0.5537657624144636 -0.6698866878985353 0.49456577495198584
vn 0.6197031324034638 -0.7848363063017251 6.056683988883338e-17
vn 0.5537657624144636 -0.6698866878985353 -0.49456577495198584
vn 0.3736215043156283 -0.35583844474927595 -0.8566130822905658
vn 0.12753989695996454 0.07315939705777923 -0.9891315773473132
vn -0.11854171747285874 0.5021572348052366 -0.8566130822905658
vn -0.298685975571694 0.8162054779544959 -0.49456577495198584
vn -0.36462333848353473 0.9311551004172837 -1.8170051966650008e-16
vn -0.298685975571694 0.8162054779544959 0.49456577495198584
vn -0.11854171747285874 0.5021572348052366 0.8566130822905658
vn 0.12753989695996437 0.07315939705777955 0.9891315773473132
vn 0.12753989695996448 0.07315939705777934 0.9891315773473132
vn 0.3736215043156283 -0.35583844474927595 0.8566130822905658
vn 0.5537657624144636 -0.6698866878985353 0.49456577495198584
vn 0.6197031324034638 -0.7848363063017251 6.056683988883338e-17
vn 0.5537657624144636 -0.6698866878985353 -0.49456577495198584
vn 0.3736215043156283 -0.35583844474927595 -0.8566130822905658
vn 0.12753989695996454 0.07315939705777923 -0.9891315773473132
vn -0.11854171747285874 0.5021572348052366 -0.8566130822905658
vn -0.298685975571694 0.8162054779544959 -0.49456577495198584
vn -0.36462333848353473 0.9311551004172837 -1.8170051966650008e-16
vn -0.298685975571694 0.8162054779544959 0.49456577495198584
vn -0.11854171747285874 0.5021572348052366 0.8566130822905658
vn 0.12753989695996437 0.07315939705777955 0.9891315773473132
vn -0.867423225594017 -0.4975710478917268 0
vn -0.867423225594017 -0.4975710478917268 0
vn -0.867423225594017 -0.4975710478917268 0
vn -0.867423225594017 -0.4975710478917268 0
vn -0.867423225594017 -0.4975710478917268 0
vn -0.867423225594017 -0.4975710478917268 0
vn -0.867423225594017 -0.4975710478917268 0
vn -0.867423225594017 -0.4975710478917268 0
vn -0.867423225594017 -0.4975710478917268 0
vn -0.867423225594017 -0.4975710478917268 0
vn -0.867423225594017 -0.4975710478917268 0
vn -0.867423225594017 -0.4975710478917268 0
vn -0.867423225594017 -0.4975710478917268 0
vn -0.867423225594017 -0.4975710478917268 0
vn -0.867423225594017 -0.4975710478917268 0
vn -0.867423225594017 -0.4975710478917268 0
vn -0.867423225594017 -0.4975710478917268 0
vn -0.867423225594017 -0.4975710478917268 0
vn -0.867423225594017 -0.4975710478917268 0
vn -0.867423225594017 -0.4975710478917268 0
vn -0.867423225594017 -0.4975710478917268 0
vn -0.867423225594017 -0.4975710478917268 0
vn -0.867423225594017 -0.4975710478917268 0
vn -0.867423225594017 -0.4975710478917268 0
vn -0.867423225594017 -0.4975710478917268 0
f 439/439/439 440/440/440 427/427/427
f 440/440/440 441/441/441 428/428/428
f 441/441/441 442/442/442 429/429/429
f 442/442/442 443/443/443 430/430/430
f 443/443/443 444/444/444 431/431/431
f 444/444/444 445/445/445 432/432/432
f 445/445/445 446/446/446 433/433/433
f 446/446/446 447/447/447 434/434/434
f 447/447/447 448/448/448 435/435/435
f 448/448/448 449/449/449 436/436/436
f 449/449/449 450/450/450 437/437/437
f 450/450/450 451/451/451 438/438/438
f 465/465/465 464/464/464 452/452/452
f 466/466/466 465/465/465 453/453/453
f 467/467/467 466/466/466 454/454/454
f 468/468/468 467/467/467 455/455/455
f 469/469/469 468/468/468 456/456/456
f 470/470/470 469/469/469 457/457/457
f 471/471/471 470/470/470 458/458/458
f 472/472/472 471/471/471 459/459/459
f 473/473/473 472/472/472 460/460/460
f 474/474/474 473/473/473 461/461/461
f 475/475/475 474/474/474 462/462/462
f 476/476/476 475/475/475 463/463/463
o 
v 0.028787712992895523 0.31961136588322353 0
v 0.028787712992895523 0.31961136588322353 0
v 0.028787712992895523 0.31961136588322353 0
v 0.028787712992895523 0.31961136588322353 0
v 0.028787712992895523 0.31961136588322353 0
v 0.028787712992895523 0.31961136588322353 0
v 0.028787712992895523 0.31961136588322353 0
v 0.028787712992895523 0.31961136588322353 0
v 0.028787712992895523 0.31961136588322353 0
v 0.028787712992895523 0.31961136588322353 0
v 0.028787712992895523 0.31961136588322353 0
v 0.028787712992895523 0.31961136588322353 0
v 0.028787712992895523 0.31961136588322353 0
v -0.24878771299289554 0.16038863411677645 0.054999999701976776
v -0.2351045092500169 0.1365344955421971 0.0476313978433609
v -0.2250877084554267 0.11907205335993643 0.027499999850988388
v -0.2214213055071383 0.11268035696761777 3.367778596455028e-18
v -0.2250877084554267 0.11907205335993643 -0.027499999850988388
v -0.2351045092500169 0.1365344955421971 -0.0476313978433609
v -0.24878771299289554 0.16038863411677645 -0.054999999701976776
v -0.26247091673577416 0.18424277269135578 -0.0476313978433609
v -0.2724877175303643 0.20170521487361645 -0.027499999850988388
v -0.2761541204786528 0.2080969112659351 -1.010333620295539e-17
v -0.2724877175303643 0.20170521487361645 0.027499999850988388
v -0.26247091673577416 0.18424277269135578 0.0476313978433609
v -0.24878771299289554 0.16038863411677645 0.054999999701976776
v -0.24878771299289554 0.16038863411677645 0
v -0.24878771299289554 0.16038863411677645 0
v -0.24878771299289554 0.16038863411677645 0
v -0.24878771299289554 0.16038863411677645 0
v -0.24878771299289554 0.16038863411677645 0
v -0.24878771299289554 0.16038863411677645 0
v -0.24878771299289554 0.16038863411677645 0
v -0.24878771299289554 0.16038863411677645 0
v -0.24878771299289554 0.16038863411677645 0
v -0.24878771299289554 0.16038863411677645 0
v -0.24878771299289554 0.16038863411677645 0
v -0.24878771299289554 0.16038863411677645 0
v -0.24878771299289554 0.16038863411677645 0.054999999701976776
v -0.2351045092500169 0.1365344955421971 0.0476313978433609
v -0.2250877084554267 0.11907205335993643 0.027499999850988388
v -0.2214213055071383 0.11268035696761777 3.367778596455028e-18
v -0.2250877084554267 0.11907205335993643 -0.027499999850988388
v -0.2351045092500169 0.1365344955421971 -0.0476313978433609
v -0.24878771299289554 0.16038863411677645 -0.054999999701976776
v -0.26247091673577416 0.18424277269135578 -0.0476313978433609
v -0.2724877175303643 0.20170521487361645 -0.027499999850988388
v -0.2761541204786528 0.2080969112659351 -1.010333620295539e-17
v -0.2724877175303643 0.20170521487361645 0.027499999850988388
v -0.26247091673577416 0.18424277269135578 0.0476313978433609
v -0.24878771299289554 0.16038863411677645 0.054999999701976776
vt 0 1
vt 0.0833333358168602 1
vt 0.1666666716337204 1
vt 0.25 1
vt 0.3333333432674408 1
vt 0.4166666567325592 1
vt 0.5 1
vt 0.5833333134651184 1
vt 0.6666666865348816 1
vt 0.75 1
vt 0.8333333134651184 1
vt 0.9166666865348816 1
vt 1 1
vt 0 0
vt 0.0833333358168602 0
vt 0.1666666716337204 0
vt 0.25 0
vt 0.3333333432674408 0
vt 0.4166666567325592 0
vt 0.5 0
vt 0.5833333134651184 0
vt 0.6666666865348816 0
vt 0.75 0
vt 0.8333333134651184 0
vt 0.9166666865348816 0
vt 1 0
vt 0.5 0.5
vt 0.5 0.5
vt 0.5 0.5
vt 0.5 0.5
vt 0.5 0.5
vt 0.5 0.5
vt 0.5 0.5
vt 0.5 0.5
vt 0.5 0.5
vt 0.5 0.5
vt 0.5 0.5
vt 0.5 0.5
vt 1 0.5
vt 0.9330127239227295 0.25
vt 0.75 0.0669872984290123
vt 0.5 0
vt 0.25 0.0669872984290123
vt 0.0669872984290123 0.25
vt 0 0.5
vt 0.0669872984290123 0.75
vt 0.25 0.9330127239227295
vt 0.5 1
vt 0.75 0.9330127239227295
vt 0.9330127239227295 0.75
vt 1 0.5
vn 0.14693387069911043 0.0842841623989001 0.9855488915371438
vn 0.39212417339381944 -0.3431598415126294 0.8535103724110451
vn 0.5716159230868637 -0.6560705567681804 0.49277445247845675
vn 0.637314465409777 -0.7706038360788572 6.034746317107653e-17
vn 0.5716159230868637 -0.6560705567681804 -0.49277445247845675
vn 0.39212417339381944 -0.3431598415126294 -0.8535103724110451
vn 0.14693387069911049 0.08428416239889999 -0.9855488915371438
vn -0.09825642799413568 0.5117281686057475 -0.8535103724110451
vn -0.2777481776871798 0.8246388838612985 -0.49277445247845664
vn -0.34344672401155596 0.9391721608766573 -1.8104239613067428e-16
vn -0.2777481776871798 0.8246388838612985 0.49277445247845664
vn -0.09825642799413568 0.5117281686057475 0.8535103724110451
vn 0.14693387069911032 0.08428416239890031 0.9855488915371438
vn 0.14693387069911043 0.0842841623989001 0.9855488915371438
vn 0.39212417339381944 -0.3431598415126294 0.8535103724110451
vn 0.5716159230868637 -0.6560705567681804 0.49277445247845675
vn 0.637314465409777 -0.7706038360788572 6.034746317107653e-17
vn 0.5716159230868637 -0.6560705567681804 -0.49277445247845675
vn 0.39212417339381944 -0.3431598415126294 -0.8535103724110451
vn 0.14693387069911049 0.08428416239889999 -0.9855488915371438
vn -0.09825642799413568 0.5117281686057475 -0.8535103724110451
vn -0.2777481776871798 0.8246388838612985 -0.49277445247845664
vn -0.34344672401155596 0.9391721608766573 -1.8104239613067428e-16
vn -0.2777481776871798 0.8246388838612985 0.49277445247845664
vn -0.09825642799413568 0.5117281686057475 0.8535103724110451
vn 0.14693387069911032 0.08428416239890031 0.9855488915371438
vn -0.867423225594017 -0.4975710478917268 0
vn -0.867423225594017 -0.4975710478917268 0
vn -0.867423225594017 -0.4975710478917268 0
vn -0.867423225594017 -0.4975710478917268 0
vn -0.867423225594017 -0.4975710478917268 0
vn -0.867423225594017 -0.4975710478917268 0
vn -0.867423225594017 -0.4975710478917268 0
vn -0.867423225594017 -0.4975710478917268 0
vn -0.867423225594017 -0.4975710478917268 0
vn -0.867423225594017 -0.4975710478917268 0
vn -0.867423225594017 -0.4975710478917268 0
vn -0.867423225594017 -0.4975710478917268 0
vn -0.867423225594017 -0.4975710478917268 0
vn -0.867423225594017 -0.4975710478917268 0
vn -0.867423225594017 -0.4975710478917268 0
vn -0.867423225594017 -0.4975710478917268 0
vn -0.867423225594017 -0.4975710478917268 0
vn -0.867423225594017 -0.4975710478917268 0
vn -0.867423225594017 -0.4975710478917268 0
vn -0.867423225594017 -0.4975710478917268 0
vn -0.867423225594017 -0.4975710478917268 0
vn -0.867423225594017 -0.4975710478917268 0
vn -0.867423225594017 -0.4975710478917268 0
vn -0.867423225594017 -0.4975710478917268 0
vn -0.867423225594017 -0.4975710478917268 0
f 490/490/490 491/491/491 478/478/478
f 491/491/491 492/492/492 479/479/479
f 492/492/492 493/493/493 480/480/480
f 493/493/493 494/494/494 481/481/481
f 494/494/494 495/495/495 482/482/482
f 495/495/495 496/496/496 483/483/483
f 496/496/496 497/497/497 484/484/484
f 497/497/497 498/498/498 485/485/485
f 498/498/498 499/499/499 486/486/486
f 499/499/499 500/500/500 487/487/487
f 500/500/500 501/501/501 488/488/488
f 501/501/501 502/502/502 489/489/489
f 516/516/516 515/515/515 503/503/503
f 517/517/517 516/516/516 504/504/504
f 518/518/518 517/517/517 505/505/505
f 519/519/519 518/518/518 506/506/506
f 520/520/520 519/519/519 507/507/507
f 521/521/521 520/520/520 508/508/508
f 522/522/522 521/521/521 509/509/509
f 523/523/523 522/522/522 510/510/510
f 524/524/524 523/523/523 511/511/511
f 525/525/525 524/524/524 512/512/512
f 526/526/526 525/525/525 513/513/513
f 527/527/527 526/526/526 514/514/514
o 
v 0.007102140108413077 0.3871720941345622 0.07
v 0.007102140108413077 0.3871720941345622 0.07
v 0.007102140108413077 0.3871720941345622 0.07
v 0.007102140108413077 0.3871720941345622 0.07
v 0.007102140108413077 0.3871720941345622 0.07
v 0.007102140108413077 0.3871720941345622 0.07
v 0.007102140108413077 0.3871720941345622 0.07
v 0.007102140108413077 0.3871720941345622 0.07
v 0.007102140108413077 0.3871720941345622 0.07
v 0.007102140108413077 0.3871720941345622 0.07
v 0.007102140108413077 0.3871720941345622 0.07
v 0.007102140108413077 0.3871720941345622 0.07
v 0.007102140108413077 0.3871720941345622 0.07
v -0.22710214010841306 0.2528279058654378 0.12499999970197678
v -0.21341893636553444 0.22897376729085844 0.11763139784336091
v -0.20340213557094428 0.21151132510859777 0.0974999998509884
v -0.19973573262265581 0.20511962871627912 0.07
v -0.20340213557094428 0.21151132510859777 0.04250000014901162
v -0.21341893636553444 0.22897376729085844 0.022368602156639106
v -0.22710214010841306 0.2528279058654378 0.01500000029802323
v -0.2407853438512917 0.2766820444400171 0.022368602156639106
v -0.2508021446458819 0.29414448662227777 0.04250000014901162
v -0.2544685475941703 0.30053618301459645 0.06999999999999999
v -0.2508021446458819 0.29414448662227777 0.0974999998509884
v -0.2407853438512917 0.2766820444400171 0.11763139784336091
v -0.22710214010841306 0.2528279058654378 0.12499999970197678
v -0.22710214010841306 0.2528279058654378 0.07
v -0.22710214010841306 0.2528279058654378 0.07
v -0.22710214010841306 0.2528279058654378 0.07
v -0.22710214010841306 0.2528279058654378 0.07
v -0.22710214010841306 0.2528279058654378 0.07
v -0.22710214010841306 0.2528279058654378 0.07
v -0.22710214010841306 0.2528279058654378 0.07
v -0.22710214010841306 0.2528279058654378 0.07
v -0.22710214010841306 0.2528279058654378 0.07
v -0.22710214010841306 0.2528279058654378 0.07
v -0.22710214010841306 0.2528279058654378 0.07
v -0.22710214010841306 0.2528279058654378 0.07
v -0.22710214010841306 0.2528279058654378 0.12499999970197678
v -0.21341893636553444 0.22897376729085844 0.11763139784336091
v -0.20340213557094428 0.21151132510859777 0.0974999998509884
v -0.19973573262265581 0.20511962871627912 0.07
v -0.20340213557094428 0.21151132510859777 0.04250000014901162
v -0.21341893636553444 0.22897376729085844 0.022368602156639106
v -0.22710214010841306 0.2528279058654378 0.01500000029802323
v -0.2407853438512917 0.2766820444400171 0.022368602156639106
v -0.2508021446458819 0.29414448662227777 0.04250000014901162
v -0.2544685475941703 0.30053618301459645 0.06999999999999999
v -0.2508021446458819 0.29414448662227777 0.0974999998509884
v -0.2407853438512917 0.2766820444400171 0.11763139784336091
v -0.22710214010841306 0.2528279058654378 0.12499999970197678
vt 0 1
vt 0.0833333358168602 1
vt 0.1666666716337204 1
vt 0.25 1
vt 0.3333333432674408 1
vt 0.4166666567325592 1
vt 0.5 1
vt 0.5833333134651184 1
vt 0.6666666865348816 1
vt 0.75 1
vt 0.8333333134651184 1
vt 0.9166666865348816 1
vt 1 1
vt 0 0
vt 0.0833333358168602 0
vt 0.1666666716337204 0
vt 0.25 0
vt 0.3333333432674408 0
vt 0.4166666567325592 0
vt 0.5 0
vt 0.5833333134651184 0
vt 0.6666666865348816 0
vt 0.75 0
vt 0.8333333134651184 0
vt 0.9166666865348816 0
vt 1 0
vt 0.5 0.5
vt 0.5 0.5
vt 0.5 0.5
vt 0.5 0.5
vt 0.5 0.5
vt 0.5 0.5
vt 0.5 0.5
vt 0.5 0.5
vt 0.5 0.5
vt 0.5 0.5
vt 0.5 0.5
vt 0.5 0.5
vt 1 0.5
vt 0.9330127239227295 0.25
vt 0.75 0.0669872984290123
vt 0.5 0
vt 0.25 0.0669872984290123
vt 0.0669872984290123 0.25
vt 0 0.5
vt 0.0669872984290123 0.75
vt 0.25 0.9330127239227295
vt 0.5 1
vt 0.75 0.9330127239227295
vt 0.9330127239227295 0.75
vt 1 0.5
vn 0.1731415582287315 0.09931740818039562 0.9798765500033437
vn 0.4169206611075392 -0.3256664322132411 0.8485979833060827
vn 0.5953793468450576 -0.6367761912589321 0.4899382773330947
vn 0.6606997600184252 -0.750650269507442 6.00001329787596e-17
vn 0.5953793468450576 -0.6367761912589321 -0.4899382773330947
vn 0.4169206611075392 -0.3256664322132411 -0.8485979833060827
vn 0.17314155822873156 0.09931740818039551 -0.9798765500033437
vn -0.07063754300225154 0.5243012495192569 -0.8485979833060827
vn -0.24909622873976983 0.835411008564948 -0.4899382773330947
vn -0.3144166435609622 0.9492850858682331 -1.800003989362788e-16
vn -0.24909622873976983 0.835411008564948 0.4899382773330947
vn -0.07063754300225154 0.5243012495192569 0.8485979833060827
vn 0.1731415582287314 0.09931740818039583 0.9798765500033437
vn 0.1731415582287315 0.09931740818039562 0.9798765500033437
vn 0.4169206611075392 -0.3256664322132411 0.8485979833060827
vn 0.5953793468450576 -0.6367761912589321 0.4899382773330947
vn 0.6606997600184252 -0.750650269507442 6.00001329787596e-17
vn 0.5953793468450576 -0.6367761912589321 -0.4899382773330947
vn 0.4169206611075392 -0.3256664322132411 -0.8485979833060827
vn 0.17314155822873156 0.09931740818039551 -0.9798765500033437
vn -0.07063754300225154 0.5243012495192569 -0.8485979833060827
vn -0.24909622873976983 0.835411008564948 -0.4899382773330947
vn -0.3144166435609622 0.9492850858682331 -1.800003989362788e-16
vn -0.24909622873976983 0.835411008564948 0.4899382773330947
vn -0.07063754300225154 0.5243012495192569 0.8485979833060827
vn 0.1731415582287314 0.09931740818039583 0.9798765500033437
vn -0.867423225594017 -0.4975710478917268 0
vn -0.867423225594017 -0.4975710478917268 0
vn -0.867423225594017 -0.4975710478917268 0
vn -0.867423225594017 -0.4975710478917268 0
vn -0.867423225594017 -0.4975710478917268 0
vn -0.867423225594017 -0.4975710478917268 0
vn -0.867423225594017 -0.4975710478917268 0
vn -0.867423225594017 -0.4975710478917268 0
vn -0.867423225594017 -0.4975710478917268 0
vn -0.867423225594017 -0.4975710478917268 0
vn -0.867423225594017 -0.4975710478917268 0
vn -0.867423225594017 -0.4975710478917268 0
vn -0.867423225594017 -0.4975710478917268 0
vn -0.867423225594017 -0.4975710478917268 0
vn -0.867423225594017 -0.4975710478917268 0
vn -0.867423225594017 -0.4975710478917268 0
vn -0.867423225594017 -0.4975710478917268 0
vn -0.867423225594017 -0.4975710478917268 0
vn -0.867423225594017 -0.4975710478917268 0
vn -0.867423225594017 -0.4975710478917268 0
vn -0.867423225594017 -0.4975710478917268 0
vn -0.867423225594017 -0.4975710478917268 0
vn -0.867423225594017 -0.4975710478917268 0
vn -0.867423225594017 -0.4975710478917268 0
vn -0.867423225594017 -0.4975710478917268 0
f 541/541/541 542/542/542 529/529/529
f 542/542/542 543/543/543 530/530/530
f 543/543/543 544/544/544 531/531/531
f 544/544/544 545/545/545 532/532/532
f 545/545/545 546/546/546 533/533/533
f 546/546/546 547/547/547 534/534/534
f 547/547/547 548/548/548 535/535/535
f 548/548/548 549/549/549 536/536/536
f 549/549/549 550/550/550 537/537/537
f 550/550/550 551/551/551 538/538/538
f 551/551/551 552/552/552 539/539/539
f 552/552/552 553/553/553 540/540/540
f 567/567/567 566/566/566 554/554/554
f 568/568/568 567/567/567 555/555/555
f 569/569/569 568/568/568 556/556/556
f 570/570/570 569/569/569 557/557/557
f 571/571/571 570/570/570 558/558/558
f 572/572/572 571/571/571 559/559/559
f 573/573/573 572/572/572 560/560/560
f 574/574/574 573/573/573 561/561/561
f 575/575/575 574/574/574 562/562/562
f 576/576/576 575/575/575 563/563/563
f 577/577/577 576/576/576 564/564/564
f 578/578/578 577/577/577 565/565/565
