solid exported
	facet normal -0.09800886644585714 -0.012903108654843582 0.9951018902027268
		outer loop
			vertex 0.13 9.769962656406047e-17 0.44000000178813936
			vertex 0.09683464571833611 9.697431820702703e-17 0.4367335033416748
			vertex 0.09796472743153573 -0.00858382508158674 0.4367335033416748
		endloop
	endfacet
	facet normal -0.09132972577375087 -0.03783000200784263 0.995101890329919
		outer loop
			vertex 0.13 9.769962656406047e-17 0.44000000178813936
			vertex 0.09796472743153573 -0.00858382508158674 0.4367335033416748
			vertex 0.10127795964479447 -0.01658267714083185 0.4367335033416748
		endloop
	endfacet
	facet normal -0.07842661015889878 -0.06017885463715019 0.9951018903979356
		outer loop
			vertex 0.13 9.769962656406047e-17 0.44000000178813936
			vertex 0.10127795964479447 -0.01658267714083185 0.4367335033416748
			vertex 0.10654855251312256 -0.023451447486877344 0.4367335033416748
		endloop
	endfacet
	facet normal -0.06017885463715019 -0.07842661015889878 0.9951018903979356
		outer loop
			vertex 0.13 9.769962656406047e-17 0.44000000178813936
			vertex 0.10654855251312256 -0.023451447486877344 0.4367335033416748
			vertex 0.11341732285916806 -0.02872204035520544 0.4367335033416748
		endloop
	endfacet
	facet normal -0.03783000200784263 -0.09132972577375087 0.995101890329919
		outer loop
			vertex 0.13 9.769962656406047e-17 0.44000000178813936
			vertex 0.11341732285916806 -0.02872204035520544 0.4367335033416748
			vertex 0.12141617491841317 -0.03203527256846418 0.4367335033416748
		endloop
	endfacet
	facet normal -0.012903108654843582 -0.09800886644585714 0.9951018902027268
		outer loop
			vertex 0.13 9.769962656406047e-17 0.44000000178813936
			vertex 0.12141617491841317 -0.03203527256846418 0.4367335033416748
			vertex 0.13 -0.0331653542816638 0.4367335033416748
		endloop
	endfacet
	facet normal 0.012903108654843582 -0.09800886644585714 0.9951018902027268
		outer loop
			vertex 0.13 9.769962656406047e-17 0.44000000178813936
			vertex 0.13 -0.0331653542816638 0.4367335033416748
			vertex 0.13858382508158684 -0.03203527256846418 0.4367335033416748
		endloop
	endfacet
	facet normal 0.03783000200784263 -0.09132972577375087 0.995101890329919
		outer loop
			vertex 0.13 9.769962656406047e-17 0.44000000178813936
			vertex 0.13858382508158684 -0.03203527256846418 0.4367335033416748
			vertex 0.14658267714083195 -0.02872204035520544 0.4367335033416748
		endloop
	endfacet
	facet normal 0.06017885463715019 -0.07842661015889878 0.9951018903979356
		outer loop
			vertex 0.13 9.769962656406047e-17 0.44000000178813936
			vertex 0.14658267714083195 -0.02872204035520544 0.4367335033416748
			vertex 0.15345144748687745 -0.023451447486877344 0.4367335033416748
		endloop
	endfacet
	facet normal 0.07842661015889878 -0.06017885463715019 0.9951018903979356
		outer loop
			vertex 0.13 9.769962656406047e-17 0.44000000178813936
			vertex 0.15345144748687745 -0.023451447486877344 0.4367335033416748
			vertex 0.15872204035520554 -0.01658267714083185 0.4367335033416748
		endloop
	endfacet
	facet normal 0.09132972577375087 -0.03783000200784263 0.995101890329919
		outer loop
			vertex 0.13 9.769962656406047e-17 0.44000000178813936
			vertex 0.15872204035520554 -0.01658267714083185 0.4367335033416748
			vertex 0.16203527256846428 -0.00858382508158674 0.4367335033416748
		endloop
	endfacet
	facet normal 0.09800886644585714 -0.012903108654843587 0.9951018902027268
		outer loop
			vertex 0.13 9.769962656406047e-17 0.44000000178813936
			vertex 0.16203527256846428 -0.00858382508158674 0.4367335033416748
			vertex 0.1631653542816639 9.291273359998702e-17 0.4367335033416748
		endloop
	endfacet
	facet normal 0.09800886644585713 0.012903108654843575 0.9951018902027267
		outer loop
			vertex 0.13 9.769962656406047e-17 0.44000000178813936
			vertex 0.1631653542816639 9.291273359998702e-17 0.4367335033416748
			vertex 0.16203527256846428 0.008583825081586935 0.4367335033416748
		endloop
	endfacet
	facet normal 0.09132972577375087 0.03783000200784263 0.995101890329919
		outer loop
			vertex 0.13 9.769962656406047e-17 0.44000000178813936
			vertex 0.16203527256846428 0.008583825081586935 0.4367335033416748
			vertex 0.15872204035520554 0.016582677140832044 0.4367335033416748
		endloop
	endfacet
	facet normal 0.07842661015889878 0.06017885463715019 0.9951018903979356
		outer loop
			vertex 0.13 9.769962656406047e-17 0.44000000178813936
			vertex 0.15872204035520554 0.016582677140832044 0.4367335033416748
			vertex 0.15345144748687745 0.02345144748687754 0.4367335033416748
		endloop
	endfacet
	facet normal 0.06017885463715019 0.07842661015889878 0.9951018903979356
		outer loop
			vertex 0.13 9.769962656406047e-17 0.44000000178813936
			vertex 0.15345144748687745 0.02345144748687754 0.4367335033416748
			vertex 0.14658267714083195 0.028722040355205633 0.4367335033416748
		endloop
	endfacet
	facet normal 0.03783000200784263 0.09132972577375087 0.995101890329919
		outer loop
			vertex 0.13 9.769962656406047e-17 0.44000000178813936
			vertex 0.14658267714083195 0.028722040355205633 0.4367335033416748
			vertex 0.13858382508158684 0.032035272568464376 0.4367335033416748
		endloop
	endfacet
	facet normal 0.012903108654843582 0.09800886644585714 0.9951018902027268
		outer loop
			vertex 0.13 9.769962656406047e-17 0.44000000178813936
			vertex 0.13858382508158684 0.032035272568464376 0.4367335033416748
			vertex 0.13 0.03316535428166399 0.4367335033416748
		endloop
	endfacet
	facet normal -0.012903108654843582 0.09800886644585714 0.9951018902027268
		outer loop
			vertex 0.13 9.769962656406047e-17 0.44000000178813936
			vertex 0.13 0.03316535428166399 0.4367335033416748
			vertex 0.12141617491841317 0.032035272568464376 0.4367335033416748
		endloop
	endfacet
	facet normal -0.03783000200784263 0.09132972577375087 0.995101890329919
		outer loop
			vertex 0.13 9.769962656406047e-17 0.44000000178813936
			vertex 0.12141617491841317 0.032035272568464376 0.4367335033416748
			vertex 0.11341732285916806 0.028722040355205633 0.4367335033416748
		endloop
	endfacet
	facet normal -0.06017885463715019 0.07842661015889878 0.9951018903979356
		outer loop
			vertex 0.13 9.769962656406047e-17 0.44000000178813936
			vertex 0.11341732285916806 0.028722040355205633 0.4367335033416748
			vertex 0.10654855251312256 0.02345144748687754 0.4367335033416748
		endloop
	endfacet
	facet normal -0.07842661015889878 0.06017885463715019 0.9951018903979356
		outer loop
			vertex 0.13 9.769962656406047e-17 0.44000000178813936
			vertex 0.10654855251312256 0.02345144748687754 0.4367335033416748
			vertex 0.10127795964479447 0.016582677140832044 0.4367335033416748
		endloop
	endfacet
	facet normal -0.09132972577375087 0.03783000200784263 0.995101890329919
		outer loop
			vertex 0.13 9.769962656406047e-17 0.44000000178813936
			vertex 0.10127795964479447 0.016582677140832044 0.4367335033416748
			vertex 0.09796472743153573 0.008583825081586935 0.4367335033416748
		endloop
	endfacet
	facet normal -0.09800886644585713 0.012903108654843592 0.9951018902027267
		outer loop
			vertex 0.13 9.769962656406047e-17 0.44000000178813936
			vertex 0.09796472743153573 0.008583825081586935 0.4367335033416748
			vertex 0.09683464571833611 1.0509748742110704e-16 0.4367335033416748
		endloop
	endfacet
	facet normal -0.29007307875691396 -0.038188835242912576 0.956242240148005
		outer loop
			vertex 0.09796472743153573 -0.00858382508158674 0.4367335033416748
			vertex 0.09683464571833611 9.697431820702703e-17 0.4367335033416748
			vertex 0.06716055154800415 -0.016837779432535078 0.427059520483017
		endloop
	endfacet
	facet normal -0.29007308845751645 -0.03818881687775635 0.9562422379387951
		outer loop
			vertex 0.09683464571833611 9.697431820702703e-17 0.4367335033416748
			vertex 0.06494381755590439 9.482626250512482e-17 0.427059520483017
			vertex 0.06716055154800415 -0.016837779432535078 0.427059520483017
		endloop
	endfacet
	facet normal -0.270305103784879 -0.11196401316526279 0.9562422342815521
		outer loop
			vertex 0.10127795964479447 -0.01658267714083185 0.4367335033416748
			vertex 0.09796472743153573 -0.00858382508158674 0.4367335033416748
			vertex 0.07365969300270081 -0.03252809122204771 0.427059520483017
		endloop
	endfacet
	facet normal -0.2703050683559121 -0.1119640513670818 0.9562422398234537
		outer loop
			vertex 0.09796472743153573 -0.00858382508158674 0.4367335033416748
			vertex 0.06716055154800415 -0.016837779432535078 0.427059520483017
			vertex 0.07365969300270081 -0.03252809122204771 0.427059520483017
		endloop
	endfacet
	facet normal -0.23211623345063975 -0.17810905053077722 0.9562422393346328
		outer loop
			vertex 0.10654855251312256 -0.023451447486877344 0.4367335033416748
			vertex 0.10127795964479447 -0.01658267714083185 0.4367335033416748
			vertex 0.08399833098053933 -0.04600166901946058 0.427059520483017
		endloop
	endfacet
	facet normal -0.23211625696703606 -0.1781090357465345 0.9562422363800152
		outer loop
			vertex 0.10127795964479447 -0.01658267714083185 0.4367335033416748
			vertex 0.07365969300270081 -0.03252809122204771 0.427059520483017
			vertex 0.08399833098053933 -0.04600166901946058 0.427059520483017
		endloop
	endfacet
	facet normal -0.17810905831811963 -0.23211624359930197 0.9562422354207025
		outer loop
			vertex 0.11341732285916806 -0.02872204035520544 0.4367335033416748
			vertex 0.10654855251312256 -0.023451447486877344 0.4367335033416748
			vertex 0.0974719087779522 -0.0563403069972991 0.427059520483017
		endloop
	endfacet
	facet normal -0.178109031776582 -0.23211625179329226 0.9562422383753195
		outer loop
			vertex 0.10654855251312256 -0.023451447486877344 0.4367335033416748
			vertex 0.08399833098053933 -0.04600166901946058 0.427059520483017
			vertex 0.0974719087779522 -0.0563403069972991 0.427059520483017
		endloop
	endfacet
	facet normal -0.11196400398322123 -0.27030508161746436 0.9562422416228126
		outer loop
			vertex 0.12141617491841317 -0.03203527256846418 0.4367335033416748
			vertex 0.11341732285916806 -0.02872204035520544 0.4367335033416748
			vertex 0.11316222056746483 -0.06283944845199575 0.427059520483017
		endloop
	endfacet
	facet normal -0.11196405604804781 -0.27030507965676115 0.9562422360809115
		outer loop
			vertex 0.11341732285916806 -0.02872204035520544 0.4367335033416748
			vertex 0.0974719087779522 -0.0563403069972991 0.427059520483017
			vertex 0.11316222056746483 -0.06283944845199575 0.427059520483017
		endloop
	endfacet
	facet normal -0.038188836491374764 -0.2900730882399283 0.9562422372215035
		outer loop
			vertex 0.13 -0.0331653542816638 0.4367335033416748
			vertex 0.12141617491841317 -0.03203527256846418 0.4367335033416748
			vertex 0.13 -0.06505618244409551 0.427059520483017
		endloop
	endfacet
	facet normal -0.03818881624129619 -0.29007308362311784 0.9562422394307126
		outer loop
			vertex 0.12141617491841317 -0.03203527256846418 0.4367335033416748
			vertex 0.11316222056746483 -0.06283944845199575 0.427059520483017
			vertex 0.13 -0.06505618244409551 0.427059520483017
		endloop
	endfacet
	facet normal 0.038188835242912576 -0.29007307875691396 0.956242240148005
		outer loop
			vertex 0.13858382508158684 -0.03203527256846418 0.4367335033416748
			vertex 0.13 -0.0331653542816638 0.4367335033416748
			vertex 0.14683777943253518 -0.06283944845199575 0.427059520483017
		endloop
	endfacet
	facet normal 0.03818881687775635 -0.29007308845751645 0.9562422379387951
		outer loop
			vertex 0.13 -0.0331653542816638 0.4367335033416748
			vertex 0.13 -0.06505618244409551 0.427059520483017
			vertex 0.14683777943253518 -0.06283944845199575 0.427059520483017
		endloop
	endfacet
	facet normal 0.11196401316526279 -0.270305103784879 0.9562422342815521
		outer loop
			vertex 0.14658267714083195 -0.02872204035520544 0.4367335033416748
			vertex 0.13858382508158684 -0.03203527256846418 0.4367335033416748
			vertex 0.1625280912220478 -0.0563403069972991 0.427059520483017
		endloop
	endfacet
	facet normal 0.11196405136708176 -0.27030506835591206 0.9562422398234536
		outer loop
			vertex 0.13858382508158684 -0.03203527256846418 0.4367335033416748
			vertex 0.14683777943253518 -0.06283944845199575 0.427059520483017
			vertex 0.1625280912220478 -0.0563403069972991 0.427059520483017
		endloop
	endfacet
	facet normal 0.17810905053077722 -0.23211623345063975 0.9562422393346328
		outer loop
			vertex 0.15345144748687745 -0.023451447486877344 0.4367335033416748
			vertex 0.14658267714083195 -0.02872204035520544 0.4367335033416748
			vertex 0.17600166901946068 -0.04600166901946058 0.427059520483017
		endloop
	endfacet
	facet normal 0.1781090357465345 -0.23211625696703606 0.9562422363800152
		outer loop
			vertex 0.14658267714083195 -0.02872204035520544 0.4367335033416748
			vertex 0.1625280912220478 -0.0563403069972991 0.427059520483017
			vertex 0.17600166901946068 -0.04600166901946058 0.427059520483017
		endloop
	endfacet
	facet normal 0.23211624359930197 -0.17810905831811963 0.9562422354207025
		outer loop
			vertex 0.15872204035520554 -0.01658267714083185 0.4367335033416748
			vertex 0.15345144748687745 -0.023451447486877344 0.4367335033416748
			vertex 0.1863403069972992 -0.03252809122204771 0.427059520483017
		endloop
	endfacet
	facet normal 0.23211625179329226 -0.178109031776582 0.9562422383753195
		outer loop
			vertex 0.15345144748687745 -0.023451447486877344 0.4367335033416748
			vertex 0.17600166901946068 -0.04600166901946058 0.427059520483017
			vertex 0.1863403069972992 -0.03252809122204771 0.427059520483017
		endloop
	endfacet
	facet normal 0.27030508161746436 -0.11196400398322123 0.9562422416228126
		outer loop
			vertex 0.16203527256846428 -0.00858382508158674 0.4367335033416748
			vertex 0.15872204035520554 -0.01658267714083185 0.4367335033416748
			vertex 0.19283944845199585 -0.016837779432535078 0.427059520483017
		endloop
	endfacet
	facet normal 0.27030507965676115 -0.11196405604804782 0.9562422360809114
		outer loop
			vertex 0.15872204035520554 -0.01658267714083185 0.4367335033416748
			vertex 0.1863403069972992 -0.03252809122204771 0.427059520483017
			vertex 0.19283944845199585 -0.016837779432535078 0.427059520483017
		endloop
	endfacet
	facet normal 0.2900730882399283 -0.03818883649137478 0.9562422372215035
		outer loop
			vertex 0.1631653542816639 9.291273359998702e-17 0.4367335033416748
			vertex 0.16203527256846428 -0.00858382508158674 0.4367335033416748
			vertex 0.19505618244409562 8.68591781367305e-17 0.427059520483017
		endloop
	endfacet
	facet normal 0.2900730836231179 -0.038188816241296206 0.9562422394307126
		outer loop
			vertex 0.16203527256846428 -0.00858382508158674 0.4367335033416748
			vertex 0.19283944845199585 -0.016837779432535078 0.427059520483017
			vertex 0.19505618244409562 8.68591781367305e-17 0.427059520483017
		endloop
	endfacet
	facet normal 0.29007307875691396 0.038188835242912555 0.956242240148005
		outer loop
			vertex 0.16203527256846428 0.008583825081586935 0.4367335033416748
			vertex 0.1631653542816639 9.291273359998702e-17 0.4367335033416748
			vertex 0.19283944845199585 0.016837779432535265 0.427059520483017
		endloop
	endfacet
	facet normal 0.2900730884575164 0.038188816877756326 0.956242237938795
		outer loop
			vertex 0.1631653542816639 9.291273359998702e-17 0.4367335033416748
			vertex 0.19505618244409562 8.68591781367305e-17 0.427059520483017
			vertex 0.19283944845199585 0.016837779432535265 0.427059520483017
		endloop
	endfacet
	facet normal 0.270305103784879 0.11196401316526279 0.9562422342815521
		outer loop
			vertex 0.15872204035520554 0.016582677140832044 0.4367335033416748
			vertex 0.16203527256846428 0.008583825081586935 0.4367335033416748
			vertex 0.1863403069972992 0.0325280912220479 0.427059520483017
		endloop
	endfacet
	facet normal 0.27030506835591206 0.11196405136708176 0.9562422398234537
		outer loop
			vertex 0.16203527256846428 0.008583825081586935 0.4367335033416748
			vertex 0.19283944845199585 0.016837779432535265 0.427059520483017
			vertex 0.1863403069972992 0.0325280912220479 0.427059520483017
		endloop
	endfacet
	facet normal 0.23211623345063975 0.17810905053077722 0.9562422393346328
		outer loop
			vertex 0.15345144748687745 0.02345144748687754 0.4367335033416748
			vertex 0.15872204035520554 0.016582677140832044 0.4367335033416748
			vertex 0.17600166901946068 0.046001669019460775 0.427059520483017
		endloop
	endfacet
	facet normal 0.23211625696703606 0.1781090357465345 0.9562422363800152
		outer loop
			vertex 0.15872204035520554 0.016582677140832044 0.4367335033416748
			vertex 0.1863403069972992 0.0325280912220479 0.427059520483017
			vertex 0.17600166901946068 0.046001669019460775 0.427059520483017
		endloop
	endfacet
	facet normal 0.17810905831811963 0.23211624359930197 0.9562422354207025
		outer loop
			vertex 0.14658267714083195 0.028722040355205633 0.4367335033416748
			vertex 0.15345144748687745 0.02345144748687754 0.4367335033416748
			vertex 0.1625280912220478 0.05634030699729929 0.427059520483017
		endloop
	endfacet
	facet normal 0.178109031776582 0.23211625179329226 0.9562422383753195
		outer loop
			vertex 0.15345144748687745 0.02345144748687754 0.4367335033416748
			vertex 0.17600166901946068 0.046001669019460775 0.427059520483017
			vertex 0.1625280912220478 0.05634030699729929 0.427059520483017
		endloop
	endfacet
	facet normal 0.11196400398322123 0.27030508161746436 0.9562422416228126
		outer loop
			vertex 0.13858382508158684 0.032035272568464376 0.4367335033416748
			vertex 0.14658267714083195 0.028722040355205633 0.4367335033416748
			vertex 0.14683777943253518 0.06283944845199595 0.427059520483017
		endloop
	endfacet
	facet normal 0.11196405604804781 0.27030507965676115 0.9562422360809115
		outer loop
			vertex 0.14658267714083195 0.028722040355205633 0.4367335033416748
			vertex 0.1625280912220478 0.05634030699729929 0.427059520483017
			vertex 0.14683777943253518 0.06283944845199595 0.427059520483017
		endloop
	endfacet
	facet normal 0.038188836491374764 0.2900730882399283 0.9562422372215035
		outer loop
			vertex 0.13 0.03316535428166399 0.4367335033416748
			vertex 0.13858382508158684 0.032035272568464376 0.4367335033416748
			vertex 0.13 0.06505618244409571 0.427059520483017
		endloop
	endfacet
	facet normal 0.03818881624129619 0.29007308362311784 0.9562422394307126
		outer loop
			vertex 0.13858382508158684 0.032035272568464376 0.4367335033416748
			vertex 0.14683777943253518 0.06283944845199595 0.427059520483017
			vertex 0.13 0.06505618244409571 0.427059520483017
		endloop
	endfacet
	facet normal -0.038188835242912576 0.29007307875691396 0.956242240148005
		outer loop
			vertex 0.12141617491841317 0.032035272568464376 0.4367335033416748
			vertex 0.13 0.03316535428166399 0.4367335033416748
			vertex 0.11316222056746483 0.06283944845199595 0.427059520483017
		endloop
	endfacet
	facet normal -0.03818881687775635 0.29007308845751645 0.9562422379387951
		outer loop
			vertex 0.13 0.03316535428166399 0.4367335033416748
			vertex 0.13 0.06505618244409571 0.427059520483017
			vertex 0.11316222056746483 0.06283944845199595 0.427059520483017
		endloop
	endfacet
	facet normal -0.11196401316526279 0.270305103784879 0.9562422342815521
		outer loop
			vertex 0.11341732285916806 0.028722040355205633 0.4367335033416748
			vertex 0.12141617491841317 0.032035272568464376 0.4367335033416748
			vertex 0.0974719087779522 0.05634030699729929 0.427059520483017
		endloop
	endfacet
	facet normal -0.11196405136708176 0.27030506835591206 0.9562422398234536
		outer loop
			vertex 0.12141617491841317 0.032035272568464376 0.4367335033416748
			vertex 0.11316222056746483 0.06283944845199595 0.427059520483017
			vertex 0.0974719087779522 0.05634030699729929 0.427059520483017
		endloop
	endfacet
	facet normal -0.17810905053077722 0.23211623345063975 0.9562422393346328
		outer loop
			vertex 0.10654855251312256 0.02345144748687754 0.4367335033416748
			vertex 0.11341732285916806 0.028722040355205633 0.4367335033416748
			vertex 0.08399833098053933 0.046001669019460775 0.427059520483017
		endloop
	endfacet
	facet normal -0.1781090357465345 0.23211625696703606 0.9562422363800152
		outer loop
			vertex 0.11341732285916806 0.028722040355205633 0.4367335033416748
			vertex 0.0974719087779522 0.05634030699729929 0.427059520483017
			vertex 0.08399833098053933 0.046001669019460775 0.427059520483017
		endloop
	endfacet
	facet normal -0.23211624359930197 0.17810905831811963 0.9562422354207025
		outer loop
			vertex 0.10127795964479447 0.016582677140832044 0.4367335033416748
			vertex 0.10654855251312256 0.02345144748687754 0.4367335033416748
			vertex 0.07365969300270081 0.0325280912220479 0.427059520483017
		endloop
	endfacet
	facet normal -0.23211625179329226 0.178109031776582 0.9562422383753195
		outer loop
			vertex 0.10654855251312256 0.02345144748687754 0.4367335033416748
			vertex 0.08399833098053933 0.046001669019460775 0.427059520483017
			vertex 0.07365969300270081 0.0325280912220479 0.427059520483017
		endloop
	endfacet
	facet normal -0.27030508161746436 0.11196400398322123 0.9562422416228126
		outer loop
			vertex 0.09796472743153573 0.008583825081586935 0.4367335033416748
			vertex 0.10127795964479447 0.016582677140832044 0.4367335033416748
			vertex 0.06716055154800415 0.016837779432535265 0.427059520483017
		endloop
	endfacet
	facet normal -0.27030507965676115 0.11196405604804778 0.9562422360809115
		outer loop
			vertex 0.10127795964479447 0.016582677140832044 0.4367335033416748
			vertex 0.07365969300270081 0.0325280912220479 0.427059520483017
			vertex 0.06716055154800415 0.016837779432535265 0.427059520483017
		endloop
	endfacet
	facet normal -0.2900730882399283 0.0381888364913748 0.9562422372215034
		outer loop
			vertex 0.09683464571833611 1.0509748742110704e-16 0.4367335033416748
			vertex 0.09796472743153573 0.008583825081586935 0.4367335033416748
			vertex 0.06494381755590439 1.1076043124191346e-16 0.427059520483017
		endloop
	endfacet
	facet normal -0.29007308362311784 0.038188816241296226 0.9562422394307125
		outer loop
			vertex 0.09796472743153573 0.008583825081586935 0.4367335033416748
			vertex 0.06716055154800415 0.016837779432535265 0.427059520483017
			vertex 0.06494381755590439 1.1076043124191346e-16 0.427059520483017
		endloop
	endfacet
	facet normal -0.47049149752991737 -0.06194133256985283 0.8802278239589605
		outer loop
			vertex 0.06716055154800415 -0.016837779432535078 0.427059520483017
			vertex 0.06494381755590439 9.482626250512482e-17 0.427059520483017
			vertex 0.038771261572837834 -0.024444667622446924 0.41134983718395235
		endloop
	endfacet
	facet normal -0.4704914360708213 -0.06194141572448373 0.8802278509579567
		outer loop
			vertex 0.06494381755590439 9.482626250512482e-17 0.427059520483017
			vertex 0.035553057789802556 9.133801208348665e-17 0.41134983718395235
			vertex 0.038771261572837834 -0.024444667622446924 0.41134983718395235
		endloop
	endfacet
	facet normal -0.43842822384718655 -0.18160295873908713 0.8802278443172603
		outer loop
			vertex 0.07365969300270081 -0.03252809122204771 0.427059520483017
			vertex 0.06716055154800415 -0.016837779432535078 0.427059520483017
			vertex 0.04820655018091202 -0.04722347110509863 0.41134983718395235
		endloop
	endfacet
	facet normal -0.4384282703767231 -0.18160292168522665 0.8802278287863119
		outer loop
			vertex 0.06716055154800415 -0.016837779432535078 0.427059520483017
			vertex 0.038771261572837834 -0.024444667622446924 0.41134983718395235
			vertex 0.04820655018091202 -0.04722347110509863 0.41134983718395235
		endloop
	endfacet
	facet normal -0.37648695826020057 -0.28888855086265247 0.8802277974708926
		outer loop
			vertex 0.08399833098053933 -0.04600166901946058 0.427059520483017
			vertex 0.07365969300270081 -0.03252809122204771 0.427059520483017
			vertex 0.06321593105793 -0.06678406894206992 0.41134983718395235
		endloop
	endfacet
	facet normal -0.3764868142324964 -0.28888861358368423 0.8802278384888556
		outer loop
			vertex 0.07365969300270081 -0.03252809122204771 0.427059520483017
			vertex 0.04820655018091202 -0.04722347110509863 0.41134983718395235
			vertex 0.06321593105793 -0.06678406894206992 0.41134983718395235
		endloop
	endfacet
	facet normal -0.2888884960120065 -0.3764868867774339 0.8802278460470089
		outer loop
			vertex 0.0974719087779522 -0.0563403069972991 0.427059520483017
			vertex 0.08399833098053933 -0.04600166901946058 0.427059520483017
			vertex 0.08277652889490128 -0.0817934498190879 0.41134983718395235
		endloop
	endfacet
	facet normal -0.2888886513654825 -0.3764868634706737 0.880227805029043
		outer loop
			vertex 0.08399833098053933 -0.04600166901946058 0.427059520483017
			vertex 0.06321593105793 -0.06678406894206992 0.41134983718395235
			vertex 0.08277652889490128 -0.0817934498190879 0.41134983718395235
		endloop
	endfacet
	facet normal -0.1816029717947321 -0.4384282553662944 0.88022782592451
		outer loop
			vertex 0.11316222056746483 -0.06283944845199575 0.427059520483017
			vertex 0.0974719087779522 -0.0563403069972991 0.427059520483017
			vertex 0.10555533237755299 -0.09122873842716209 0.41134983718395235
		endloop
	endfacet
	facet normal -0.18160291269234433 -0.4384282486659831 0.8802278414554586
		outer loop
			vertex 0.0974719087779522 -0.0563403069972991 0.427059520483017
			vertex 0.08277652889490128 -0.0817934498190879 0.41134983718395235
			vertex 0.10555533237755299 -0.09122873842716209 0.41134983718395235
		endloop
	endfacet
	facet normal -0.06194132482870142 -0.47049143872998894 0.8802278559329115
		outer loop
			vertex 0.13 -0.06505618244409551 0.427059520483017
			vertex 0.11316222056746483 -0.06283944845199575 0.427059520483017
			vertex 0.13 -0.09444694221019737 0.41134983718395235
		endloop
	endfacet
	facet normal -0.061941421056688976 -0.470491476572913 0.8802278289339177
		outer loop
			vertex 0.11316222056746483 -0.06283944845199575 0.427059520483017
			vertex 0.10555533237755299 -0.09122873842716209 0.41134983718395235
			vertex 0.13 -0.09444694221019737 0.41134983718395235
		endloop
	endfacet
	facet normal 0.06194133256985282 -0.4704914975299172 0.8802278239589606
		outer loop
			vertex 0.14683777943253518 -0.06283944845199575 0.427059520483017
			vertex 0.13 -0.06505618244409551 0.427059520483017
			vertex 0.15444466762244702 -0.09122873842716209 0.41134983718395235
		endloop
	endfacet
	facet normal 0.06194141572448372 -0.4704914360708212 0.880227850957957
		outer loop
			vertex 0.13 -0.06505618244409551 0.427059520483017
			vertex 0.13 -0.09444694221019737 0.41134983718395235
			vertex 0.15444466762244702 -0.09122873842716209 0.41134983718395235
		endloop
	endfacet
	facet normal 0.18160295873908702 -0.43842822384718644 0.8802278443172604
		outer loop
			vertex 0.1625280912220478 -0.0563403069972991 0.427059520483017
			vertex 0.14683777943253518 -0.06283944845199575 0.427059520483017
			vertex 0.17722347110509873 -0.0817934498190879 0.41134983718395235
		endloop
	endfacet
	facet normal 0.18160292168522651 -0.43842827037672294 0.8802278287863119
		outer loop
			vertex 0.14683777943253518 -0.06283944845199575 0.427059520483017
			vertex 0.15444466762244702 -0.09122873842716209 0.41134983718395235
			vertex 0.17722347110509873 -0.0817934498190879 0.41134983718395235
		endloop
	endfacet
	facet normal 0.28888855086265247 -0.37648695826020057 0.8802277974708926
		outer loop
			vertex 0.17600166901946068 -0.04600166901946058 0.427059520483017
			vertex 0.1625280912220478 -0.0563403069972991 0.427059520483017
			vertex 0.19678406894207 -0.06678406894206992 0.41134983718395235
		endloop
	endfacet
	facet normal 0.2888886135836843 -0.37648681423249625 0.8802278384888557
		outer loop
			vertex 0.1625280912220478 -0.0563403069972991 0.427059520483017
			vertex 0.17722347110509873 -0.0817934498190879 0.41134983718395235
			vertex 0.19678406894207 -0.06678406894206992 0.41134983718395235
		endloop
	endfacet
	facet normal 0.3764868867774341 -0.2888884960120066 0.8802278460470088
		outer loop
			vertex 0.1863403069972992 -0.03252809122204771 0.427059520483017
			vertex 0.17600166901946068 -0.04600166901946058 0.427059520483017
			vertex 0.211793449819088 -0.04722347110509863 0.41134983718395235
		endloop
	endfacet
	facet normal 0.37648686347067395 -0.2888886513654824 0.8802278050290431
		outer loop
			vertex 0.17600166901946068 -0.04600166901946058 0.427059520483017
			vertex 0.19678406894207 -0.06678406894206992 0.41134983718395235
			vertex 0.211793449819088 -0.04722347110509863 0.41134983718395235
		endloop
	endfacet
	facet normal 0.43842825536629454 -0.18160297179473217 0.8802278259245099
		outer loop
			vertex 0.19283944845199585 -0.016837779432535078 0.427059520483017
			vertex 0.1863403069972992 -0.03252809122204771 0.427059520483017
			vertex 0.22122873842716217 -0.024444667622446924 0.41134983718395235
		endloop
	endfacet
	facet normal 0.4384282486659832 -0.18160291269234444 0.8802278414554584
		outer loop
			vertex 0.1863403069972992 -0.03252809122204771 0.427059520483017
			vertex 0.211793449819088 -0.04722347110509863 0.41134983718395235
			vertex 0.22122873842716217 -0.024444667622446924 0.41134983718395235
		endloop
	endfacet
	facet normal 0.4704914387299891 -0.06194132482870147 0.8802278559329114
		outer loop
			vertex 0.19505618244409562 8.68591781367305e-17 0.427059520483017
			vertex 0.19283944845199585 -0.016837779432535078 0.427059520483017
			vertex 0.22444694221019745 7.977159769053626e-17 0.41134983718395235
		endloop
	endfacet
	facet normal 0.4704914765729132 -0.061941421056689025 0.8802278289339176
		outer loop
			vertex 0.19283944845199585 -0.016837779432535078 0.427059520483017
			vertex 0.22122873842716217 -0.024444667622446924 0.41134983718395235
			vertex 0.22444694221019745 7.977159769053626e-17 0.41134983718395235
		endloop
	endfacet
	facet normal 0.47049149752991737 0.061941332569852806 0.8802278239589605
		outer loop
			vertex 0.19283944845199585 0.016837779432535265 0.427059520483017
			vertex 0.19505618244409562 8.68591781367305e-17 0.427059520483017
			vertex 0.22122873842716217 0.024444667622447104 0.41134983718395235
		endloop
	endfacet
	facet normal 0.4704914360708213 0.06194141572448371 0.8802278509579567
		outer loop
			vertex 0.19505618244409562 8.68591781367305e-17 0.427059520483017
			vertex 0.22444694221019745 7.977159769053626e-17 0.41134983718395235
			vertex 0.22122873842716217 0.024444667622447104 0.41134983718395235
		endloop
	endfacet
	facet normal 0.4384282238471865 0.18160295873908702 0.8802278443172602
		outer loop
			vertex 0.1863403069972992 0.0325280912220479 0.427059520483017
			vertex 0.19283944845199585 0.016837779432535265 0.427059520483017
			vertex 0.211793449819088 0.04722347110509882 0.41134983718395235
		endloop
	endfacet
	facet normal 0.43842827037672305 0.18160292168522651 0.8802278287863118
		outer loop
			vertex 0.19283944845199585 0.016837779432535265 0.427059520483017
			vertex 0.22122873842716217 0.024444667622447104 0.41134983718395235
			vertex 0.211793449819088 0.04722347110509882 0.41134983718395235
		endloop
	endfacet
	facet normal 0.3764869582602008 0.2888885508626527 0.8802277974708924
		outer loop
			vertex 0.17600166901946068 0.046001669019460775 0.427059520483017
			vertex 0.1863403069972992 0.0325280912220479 0.427059520483017
			vertex 0.19678406894207 0.06678406894207009 0.41134983718395235
		endloop
	endfacet
	facet normal 0.37648681423249625 0.28888861358368445 0.8802278384888556
		outer loop
			vertex 0.1863403069972992 0.0325280912220479 0.427059520483017
			vertex 0.211793449819088 0.04722347110509882 0.41134983718395235
			vertex 0.19678406894207 0.06678406894207009 0.41134983718395235
		endloop
	endfacet
	facet normal 0.2888884960120067 0.37648688677743425 0.8802278460470088
		outer loop
			vertex 0.1625280912220478 0.05634030699729929 0.427059520483017
			vertex 0.17600166901946068 0.046001669019460775 0.427059520483017
			vertex 0.17722347110509873 0.08179344981908807 0.41134983718395235
		endloop
	endfacet
	facet normal 0.28888865136548264 0.376486863470674 0.880227805029043
		outer loop
			vertex 0.17600166901946068 0.046001669019460775 0.427059520483017
			vertex 0.19678406894207 0.06678406894207009 0.41134983718395235
			vertex 0.17722347110509873 0.08179344981908807 0.41134983718395235
		endloop
	endfacet
	facet normal 0.18160297179473217 0.4384282553662946 0.8802278259245097
		outer loop
			vertex 0.14683777943253518 0.06283944845199595 0.427059520483017
			vertex 0.1625280912220478 0.05634030699729929 0.427059520483017
			vertex 0.15444466762244702 0.09122873842716225 0.41134983718395235
		endloop
	endfacet
	facet normal 0.18160291269234444 0.43842824866598334 0.8802278414554583
		outer loop
			vertex 0.1625280912220478 0.05634030699729929 0.427059520483017
			vertex 0.17722347110509873 0.08179344981908807 0.41134983718395235
			vertex 0.15444466762244702 0.09122873842716225 0.41134983718395235
		endloop
	endfacet
	facet normal 0.06194132482870146 0.4704914387299892 0.8802278559329115
		outer loop
			vertex 0.13 0.06505618244409571 0.427059520483017
			vertex 0.14683777943253518 0.06283944845199595 0.427059520483017
			vertex 0.13000000000000003 0.09444694221019753 0.41134983718395235
		endloop
	endfacet
	facet normal 0.06194142105668908 0.4704914765729133 0.8802278289339174
		outer loop
			vertex 0.14683777943253518 0.06283944845199595 0.427059520483017
			vertex 0.15444466762244702 0.09122873842716225 0.41134983718395235
			vertex 0.13000000000000003 0.09444694221019753 0.41134983718395235
		endloop
	endfacet
	facet normal -0.061941332569852854 0.47049149752991754 0.8802278239589604
		outer loop
			vertex 0.11316222056746483 0.06283944845199595 0.427059520483017
			vertex 0.13 0.06505618244409571 0.427059520483017
			vertex 0.10555533237755299 0.09122873842716225 0.41134983718395235
		endloop
	endfacet
	facet normal -0.061941415724483695 0.47049143607082156 0.8802278509579566
		outer loop
			vertex 0.13 0.06505618244409571 0.427059520483017
			vertex 0.13000000000000003 0.09444694221019753 0.41134983718395235
			vertex 0.10555533237755299 0.09122873842716225 0.41134983718395235
		endloop
	endfacet
	facet normal -0.18160295873908713 0.43842822384718666 0.8802278443172601
		outer loop
			vertex 0.0974719087779522 0.05634030699729929 0.427059520483017
			vertex 0.11316222056746483 0.06283944845199595 0.427059520483017
			vertex 0.08277652889490128 0.08179344981908807 0.41134983718395235
		endloop
	endfacet
	facet normal -0.18160292168522665 0.4384282703767233 0.8802278287863118
		outer loop
			vertex 0.11316222056746483 0.06283944845199595 0.427059520483017
			vertex 0.10555533237755299 0.09122873842716225 0.41134983718395235
			vertex 0.08277652889490128 0.08179344981908807 0.41134983718395235
		endloop
	endfacet
	facet normal -0.2888885508626527 0.3764869582602008 0.8802277974708924
		outer loop
			vertex 0.08399833098053933 0.046001669019460775 0.427059520483017
			vertex 0.0974719087779522 0.05634030699729929 0.427059520483017
			vertex 0.06321593105793 0.06678406894207009 0.41134983718395235
		endloop
	endfacet
	facet normal -0.2888886135836844 0.3764868142324964 0.8802278384888553
		outer loop
			vertex 0.0974719087779522 0.05634030699729929 0.427059520483017
			vertex 0.08277652889490128 0.08179344981908807 0.41134983718395235
			vertex 0.06321593105793 0.06678406894207009 0.41134983718395235
		endloop
	endfacet
	facet normal -0.3764868867774341 0.2888884960120066 0.8802278460470088
		outer loop
			vertex 0.07365969300270081 0.0325280912220479 0.427059520483017
			vertex 0.08399833098053933 0.046001669019460775 0.427059520483017
			vertex 0.04820655018091202 0.04722347110509882 0.41134983718395235
		endloop
	endfacet
	facet normal -0.37648686347067384 0.28888865136548275 0.8802278050290431
		outer loop
			vertex 0.08399833098053933 0.046001669019460775 0.427059520483017
			vertex 0.06321593105793 0.06678406894207009 0.41134983718395235
			vertex 0.04820655018091202 0.04722347110509882 0.41134983718395235
		endloop
	endfacet
	facet normal -0.4384282553662945 0.1816029717947321 0.8802278259245098
		outer loop
			vertex 0.06716055154800415 0.016837779432535265 0.427059520483017
			vertex 0.07365969300270081 0.0325280912220479 0.427059520483017
			vertex 0.038771261572837834 0.024444667622447104 0.41134983718395235
		endloop
	endfacet
	facet normal -0.43842824866598323 0.18160291269234433 0.8802278414554584
		outer loop
			vertex 0.07365969300270081 0.0325280912220479 0.427059520483017
			vertex 0.04820655018091202 0.04722347110509882 0.41134983718395235
			vertex 0.038771261572837834 0.024444667622447104 0.41134983718395235
		endloop
	endfacet
	facet normal -0.47049143872998916 0.061941324828701516 0.8802278559329115
		outer loop
			vertex 0.06494381755590439 1.1076043124191346e-16 0.427059520483017
			vertex 0.06716055154800415 0.016837779432535265 0.427059520483017
			vertex 0.035553057789802556 1.1447084086938744e-16 0.41134983718395235
		endloop
	endfacet
	facet normal -0.4704914765729132 0.06194142105668906 0.8802278289339176
		outer loop
			vertex 0.06716055154800415 0.016837779432535265 0.427059520483017
			vertex 0.038771261572837834 0.024444667622447104 0.41134983718395235
			vertex 0.035553057789802556 1.1447084086938744e-16 0.41134983718395235
		endloop
	endfacet
	facet normal -0.6321922811860337 -0.08322975064919012 0.7703283249470142
		outer loop
			vertex 0.038771261572837834 -0.024444667622446924 0.41134983718395235
			vertex 0.035553057789802556 9.133801208348665e-17 0.41134983718395235
			vertex 0.01388784229755402 -0.031112158671021375 0.39020815163850786
		endloop
	endfacet
	facet normal -0.632192317241186 -0.08322970852731823 0.7703282999083427
		outer loop
			vertex 0.035553057789802556 9.133801208348665e-17 0.41134983718395235
			vertex 0.009791848361492161 8.664361486909919e-17 0.39020815163850786
			vertex 0.01388784229755402 -0.031112158671021375 0.39020815163850786
		endloop
	endfacet
	facet normal -0.5891094604897488 -0.24401710940177077 0.7703283026610679
		outer loop
			vertex 0.04820655018091202 -0.04722347110509863 0.41134983718395235
			vertex 0.038771261572837834 -0.024444667622446924 0.41134983718395235
			vertex 0.025896688103675847 -0.06010407581925383 0.39020815163850786
		endloop
	endfacet
	facet normal -0.5891094336637888 -0.24401712779561752 0.7703283173496268
		outer loop
			vertex 0.038771261572837834 -0.024444667622446924 0.41134983718395235
			vertex 0.01388784229755402 -0.031112158671021375 0.39020815163850786
			vertex 0.025896688103675847 -0.06010407581925383 0.39020815163850786
		endloop
	endfacet
	facet normal -0.505879572327496 -0.38817521030032165 0.7703284133472234
		outer loop
			vertex 0.06321593105793 -0.06678406894206992 0.41134983718395235
			vertex 0.04820655018091202 -0.04722347110509863 0.41134983718395235
			vertex 0.04499999910593033 -0.08500000089406959 0.39020815163850786
		endloop
	endfacet
	facet normal -0.505879792906154 -0.3881751324604624 0.7703283077159564
		outer loop
			vertex 0.04820655018091202 -0.04722347110509863 0.41134983718395235
			vertex 0.025896688103675847 -0.06010407581925383 0.39020815163850786
			vertex 0.04499999910593033 -0.08500000089406959 0.39020815163850786
		endloop
	endfacet
	facet normal -0.3881752973080372 -0.5058796857181109 0.7703282950389154
		outer loop
			vertex 0.08277652889490128 -0.0817934498190879 0.41134983718395235
			vertex 0.06321593105793 -0.06678406894206992 0.41134983718395235
			vertex 0.06989592418074608 -0.10410331189632407 0.39020815163850786
		endloop
	endfacet
	facet normal -0.38817506409896796 -0.5058797038157002 0.7703284006701958
		outer loop
			vertex 0.06321593105793 -0.06678406894206992 0.41134983718395235
			vertex 0.04499999910593033 -0.08500000089406959 0.39020815163850786
			vertex 0.06989592418074608 -0.10410331189632407 0.39020815163850786
		endloop
	endfacet
	facet normal -0.24401710179611297 -0.5891094421280654 0.7703283191124323
		outer loop
			vertex 0.10555533237755299 -0.09122873842716209 0.41134983718395235
			vertex 0.08277652889490128 -0.0817934498190879 0.41134983718395235
			vertex 0.09888784132897854 -0.1161121577024459 0.39020815163850786
		endloop
	endfacet
	facet normal -0.244017133771345 -0.5891094480904706 0.7703283044238727
		outer loop
			vertex 0.08277652889490128 -0.0817934498190879 0.41134983718395235
			vertex 0.06989592418074608 -0.10410331189632407 0.39020815163850786
			vertex 0.09888784132897854 -0.1161121577024459 0.39020815163850786
		endloop
	endfacet
	facet normal -0.08322975507127638 -0.6321923147750902 0.7703282969033973
		outer loop
			vertex 0.13 -0.09444694221019737 0.41134983718395235
			vertex 0.10555533237755299 -0.09122873842716209 0.41134983718395235
			vertex 0.13 -0.12020815163850776 0.39020815163850786
		endloop
	endfacet
	facet normal -0.08322970505290904 -0.6321922908504316 0.7703283219420725
		outer loop
			vertex 0.10555533237755299 -0.09122873842716209 0.41134983718395235
			vertex 0.09888784132897854 -0.1161121577024459 0.39020815163850786
			vertex 0.13 -0.12020815163850776 0.39020815163850786
		endloop
	endfacet
	facet normal 0.08322975064919012 -0.6321922811860337 0.7703283249470142
		outer loop
			vertex 0.15444466762244702 -0.09122873842716209 0.41134983718395235
			vertex 0.13 -0.09444694221019737 0.41134983718395235
			vertex 0.16111215867102147 -0.1161121577024459 0.39020815163850786
		endloop
	endfacet
	facet normal 0.08322970852731823 -0.632192317241186 0.7703282999083427
		outer loop
			vertex 0.13 -0.09444694221019737 0.41134983718395235
			vertex 0.13 -0.12020815163850776 0.39020815163850786
			vertex 0.16111215867102147 -0.1161121577024459 0.39020815163850786
		endloop
	endfacet
	facet normal 0.24401710940177074 -0.5891094604897489 0.7703283026610678
		outer loop
			vertex 0.17722347110509873 -0.0817934498190879 0.41134983718395235
			vertex 0.15444466762244702 -0.09122873842716209 0.41134983718395235
			vertex 0.19010407581925393 -0.10410331189632407 0.39020815163850786
		endloop
	endfacet
	facet normal 0.24401712779561746 -0.5891094336637888 0.7703283173496268
		outer loop
			vertex 0.15444466762244702 -0.09122873842716209 0.41134983718395235
			vertex 0.16111215867102147 -0.1161121577024459 0.39020815163850786
			vertex 0.19010407581925393 -0.10410331189632407 0.39020815163850786
		endloop
	endfacet
	facet normal 0.388175210300322 -0.505879572327496 0.7703284133472236
		outer loop
			vertex 0.19678406894207 -0.06678406894206992 0.41134983718395235
			vertex 0.17722347110509873 -0.0817934498190879 0.41134983718395235
			vertex 0.21500000089406968 -0.08500000089406959 0.39020815163850786
		endloop
	endfacet
	facet normal 0.38817513246046254 -0.505879792906154 0.7703283077159564
		outer loop
			vertex 0.17722347110509873 -0.0817934498190879 0.41134983718395235
			vertex 0.19010407581925393 -0.10410331189632407 0.39020815163850786
			vertex 0.21500000089406968 -0.08500000089406959 0.39020815163850786
		endloop
	endfacet
	facet normal 0.5058796857181109 -0.38817529730803696 0.7703282950389155
		outer loop
			vertex 0.211793449819088 -0.04722347110509863 0.41134983718395235
			vertex 0.19678406894207 -0.06678406894206992 0.41134983718395235
			vertex 0.23410331189632416 -0.06010407581925383 0.39020815163850786
		endloop
	endfacet
	facet normal 0.5058797038157004 -0.38817506409896796 0.7703284006701959
		outer loop
			vertex 0.19678406894207 -0.06678406894206992 0.41134983718395235
			vertex 0.21500000089406968 -0.08500000089406959 0.39020815163850786
			vertex 0.23410331189632416 -0.06010407581925383 0.39020815163850786
		endloop
	endfacet
	facet normal 0.5891094421280653 -0.24401710179611302 0.7703283191124323
		outer loop
			vertex 0.22122873842716217 -0.024444667622446924 0.41134983718395235
			vertex 0.211793449819088 -0.04722347110509863 0.41134983718395235
			vertex 0.246112157702446 -0.031112158671021375 0.39020815163850786
		endloop
	endfacet
	facet normal 0.5891094480904706 -0.24401713377134507 0.7703283044238729
		outer loop
			vertex 0.211793449819088 -0.04722347110509863 0.41134983718395235
			vertex 0.23410331189632416 -0.06010407581925383 0.39020815163850786
			vertex 0.246112157702446 -0.031112158671021375 0.39020815163850786
		endloop
	endfacet
	facet normal 0.6321923147750902 -0.0832297550712764 0.7703282969033974
		outer loop
			vertex 0.22444694221019745 7.977159769053626e-17 0.41134983718395235
			vertex 0.22122873842716217 -0.024444667622446924 0.41134983718395235
			vertex 0.25020815163850785 7.192236257119298e-17 0.39020815163850786
		endloop
	endfacet
	facet normal 0.6321922908504315 -0.08322970505290907 0.7703283219420725
		outer loop
			vertex 0.22122873842716217 -0.024444667622446924 0.41134983718395235
			vertex 0.246112157702446 -0.031112158671021375 0.39020815163850786
			vertex 0.25020815163850785 7.192236257119298e-17 0.39020815163850786
		endloop
	endfacet
	facet normal 0.6321922811860338 0.0832297506491901 0.7703283249470141
		outer loop
			vertex 0.22122873842716217 0.024444667622447104 0.41134983718395235
			vertex 0.22444694221019745 7.977159769053626e-17 0.41134983718395235
			vertex 0.246112157702446 0.031112158671021548 0.39020815163850786
		endloop
	endfacet
	facet normal 0.632192317241186 0.08322970852731819 0.7703282999083427
		outer loop
			vertex 0.22444694221019745 7.977159769053626e-17 0.41134983718395235
			vertex 0.25020815163850785 7.192236257119298e-17 0.39020815163850786
			vertex 0.246112157702446 0.031112158671021548 0.39020815163850786
		endloop
	endfacet
	facet normal 0.5891094604897489 0.24401710940177068 0.7703283026610678
		outer loop
			vertex 0.211793449819088 0.04722347110509882 0.41134983718395235
			vertex 0.22122873842716217 0.024444667622447104 0.41134983718395235
			vertex 0.23410331189632416 0.06010407581925401 0.39020815163850786
		endloop
	endfacet
	facet normal 0.5891094336637889 0.24401712779561746 0.7703283173496269
		outer loop
			vertex 0.22122873842716217 0.024444667622447104 0.41134983718395235
			vertex 0.246112157702446 0.031112158671021548 0.39020815163850786
			vertex 0.23410331189632416 0.06010407581925401 0.39020815163850786
		endloop
	endfacet
	facet normal 0.5058795723274958 0.388175210300322 0.7703284133472235
		outer loop
			vertex 0.19678406894207 0.06678406894207009 0.41134983718395235
			vertex 0.211793449819088 0.04722347110509882 0.41134983718395235
			vertex 0.21500000089406968 0.08500000089406975 0.39020815163850786
		endloop
	endfacet
	facet normal 0.505879792906154 0.38817513246046254 0.7703283077159562
		outer loop
			vertex 0.211793449819088 0.04722347110509882 0.41134983718395235
			vertex 0.23410331189632416 0.06010407581925401 0.39020815163850786
			vertex 0.21500000089406968 0.08500000089406975 0.39020815163850786
		endloop
	endfacet
	facet normal 0.3881752973080372 0.5058796857181109 0.7703282950389154
		outer loop
			vertex 0.17722347110509873 0.08179344981908807 0.41134983718395235
			vertex 0.19678406894207 0.06678406894207009 0.41134983718395235
			vertex 0.19010407581925393 0.10410331189632424 0.39020815163850786
		endloop
	endfacet
	facet normal 0.38817506409896796 0.5058797038157002 0.7703284006701958
		outer loop
			vertex 0.19678406894207 0.06678406894207009 0.41134983718395235
			vertex 0.21500000089406968 0.08500000089406975 0.39020815163850786
			vertex 0.19010407581925393 0.10410331189632424 0.39020815163850786
		endloop
	endfacet
	facet normal 0.24401710179611297 0.5891094421280654 0.7703283191124323
		outer loop
			vertex 0.15444466762244702 0.09122873842716225 0.41134983718395235
			vertex 0.17722347110509873 0.08179344981908807 0.41134983718395235
			vertex 0.16111215867102147 0.11611215770244607 0.39020815163850786
		endloop
	endfacet
	facet normal 0.244017133771345 0.5891094480904706 0.7703283044238727
		outer loop
			vertex 0.17722347110509873 0.08179344981908807 0.41134983718395235
			vertex 0.19010407581925393 0.10410331189632424 0.39020815163850786
			vertex 0.16111215867102147 0.11611215770244607 0.39020815163850786
		endloop
	endfacet
	facet normal 0.08322975507127646 0.6321923147750902 0.7703282969033974
		outer loop
			vertex 0.13000000000000003 0.09444694221019753 0.41134983718395235
			vertex 0.15444466762244702 0.09122873842716225 0.41134983718395235
			vertex 0.13000000000000003 0.12020815163850793 0.39020815163850786
		endloop
	endfacet
	facet normal 0.08322970505290911 0.6321922908504316 0.7703283219420725
		outer loop
			vertex 0.15444466762244702 0.09122873842716225 0.41134983718395235
			vertex 0.16111215867102147 0.11611215770244607 0.39020815163850786
			vertex 0.13000000000000003 0.12020815163850793 0.39020815163850786
		endloop
	endfacet
	facet normal -0.08322975064919003 0.6321922811860337 0.7703283249470142
		outer loop
			vertex 0.10555533237755299 0.09122873842716225 0.41134983718395235
			vertex 0.13000000000000003 0.09444694221019753 0.41134983718395235
			vertex 0.09888784132897854 0.11611215770244607 0.39020815163850786
		endloop
	endfacet
	facet normal -0.08322970852731815 0.6321923172411859 0.7703282999083426
		outer loop
			vertex 0.13000000000000003 0.09444694221019753 0.41134983718395235
			vertex 0.13000000000000003 0.12020815163850793 0.39020815163850786
			vertex 0.09888784132897854 0.11611215770244607 0.39020815163850786
		endloop
	endfacet
	facet normal -0.24401710940177074 0.5891094604897489 0.7703283026610678
		outer loop
			vertex 0.08277652889490128 0.08179344981908807 0.41134983718395235
			vertex 0.10555533237755299 0.09122873842716225 0.41134983718395235
			vertex 0.06989592418074608 0.10410331189632424 0.39020815163850786
		endloop
	endfacet
	facet normal -0.24401712779561746 0.5891094336637888 0.7703283173496268
		outer loop
			vertex 0.10555533237755299 0.09122873842716225 0.41134983718395235
			vertex 0.09888784132897854 0.11611215770244607 0.39020815163850786
			vertex 0.06989592418074608 0.10410331189632424 0.39020815163850786
		endloop
	endfacet
	facet normal -0.388175210300322 0.505879572327496 0.7703284133472236
		outer loop
			vertex 0.06321593105793 0.06678406894207009 0.41134983718395235
			vertex 0.08277652889490128 0.08179344981908807 0.41134983718395235
			vertex 0.04499999910593033 0.08500000089406975 0.39020815163850786
		endloop
	endfacet
	facet normal -0.38817513246046254 0.505879792906154 0.7703283077159564
		outer loop
			vertex 0.08277652889490128 0.08179344981908807 0.41134983718395235
			vertex 0.06989592418074608 0.10410331189632424 0.39020815163850786
			vertex 0.04499999910593033 0.08500000089406975 0.39020815163850786
		endloop
	endfacet
	facet normal -0.5058796857181108 0.3881752973080374 0.7703282950389153
		outer loop
			vertex 0.04820655018091202 0.04722347110509882 0.41134983718395235
			vertex 0.06321593105793 0.06678406894207009 0.41134983718395235
			vertex 0.025896688103675847 0.06010407581925401 0.39020815163850786
		endloop
	endfacet
	facet normal -0.5058797038157002 0.38817506409896807 0.7703284006701959
		outer loop
			vertex 0.06321593105793 0.06678406894207009 0.41134983718395235
			vertex 0.04499999910593033 0.08500000089406975 0.39020815163850786
			vertex 0.025896688103675847 0.06010407581925401 0.39020815163850786
		endloop
	endfacet
	facet normal -0.5891094421280654 0.24401710179611294 0.7703283191124323
		outer loop
			vertex 0.038771261572837834 0.024444667622447104 0.41134983718395235
			vertex 0.04820655018091202 0.04722347110509882 0.41134983718395235
			vertex 0.01388784229755402 0.031112158671021548 0.39020815163850786
		endloop
	endfacet
	facet normal -0.5891094480904707 0.24401713377134504 0.7703283044238728
		outer loop
			vertex 0.04820655018091202 0.04722347110509882 0.41134983718395235
			vertex 0.025896688103675847 0.06010407581925401 0.39020815163850786
			vertex 0.01388784229755402 0.031112158671021548 0.39020815163850786
		endloop
	endfacet
	facet normal -0.6321923147750901 0.08322975507127645 0.7703282969033974
		outer loop
			vertex 0.035553057789802556 1.1447084086938744e-16 0.41134983718395235
			vertex 0.038771261572837834 0.024444667622447104 0.41134983718395235
			vertex 0.009791848361492161 1.160861194649116e-16 0.39020815163850786
		endloop
	endfacet
	facet normal -0.6321922908504316 0.08322970505290911 0.7703283219420725
		outer loop
			vertex 0.038771261572837834 0.024444667622447104 0.41134983718395235
			vertex 0.01388784229755402 0.031112158671021548 0.39020815163850786
			vertex 0.009791848361492161 1.160861194649116e-16 0.39020815163850786
		endloop
	endfacet
	facet normal -0.769038235701853 -0.10124581785989852 0.6311334854010373
		outer loop
			vertex 0.01388784229755402 -0.031112158671021375 0.39020815163850786
			vertex 0.009791848361492161 8.664361486909919e-17 0.39020815163850786
			vertex -0.0065334540605545 -0.03658403083682052 0.36444694221019747
		endloop
	endfacet
	facet normal -0.7690381799866105 -0.1012458831520598 0.6311335428161311
		outer loop
			vertex 0.009791848361492161 8.664361486909919e-17 0.39020815163850786
			vertex -0.011349837183952327 8.092347729919901e-17 0.36444694221019747
			vertex -0.0065334540605545 -0.03658403083682052 0.36444694221019747
		endloop
	endfacet
	facet normal -0.7166295149486427 -0.2968376772440797 0.6311335291939518
		outer loop
			vertex 0.025896688103675847 -0.06010407581925383 0.39020815163850786
			vertex 0.01388784229755402 -0.031112158671021375 0.39020815163850786
			vertex 0.007587452530860905 -0.07067491859197608 0.36444694221019747
		endloop
	endfacet
	facet normal -0.7166295547428968 -0.2968376498685252 0.631133496884398
		outer loop
			vertex 0.01388784229755402 -0.031112158671021375 0.39020815163850786
			vertex -0.0065334540605545 -0.03658403083682052 0.36444694221019747
			vertex 0.007587452530860905 -0.07067491859197608 0.36444694221019747
		endloop
	endfacet
	facet normal -0.6153838124989774 -0.47220050351987286 0.6311334627396982
		outer loop
			vertex 0.04499999910593033 -0.08500000089406959 0.39020815163850786
			vertex 0.025896688103675847 -0.06010407581925383 0.39020815163850786
			vertex 0.030050573050975804 -0.09994942694902412 0.36444694221019747
		endloop
	endfacet
	facet normal -0.6153837162934197 -0.47220053763557723 0.6311335310198404
		outer loop
			vertex 0.025896688103675847 -0.06010407581925383 0.39020815163850786
			vertex 0.007587452530860905 -0.07067491859197608 0.36444694221019747
			vertex 0.030050573050975804 -0.09994942694902412 0.36444694221019747
		endloop
	endfacet
	facet normal -0.4722004669653897 -0.6153837648602368 0.6311335365389077
		outer loop
			vertex 0.06989592418074608 -0.10410331189632407 0.39020815163850786
			vertex 0.04499999910593033 -0.08500000089406959 0.39020815163850786
			vertex 0.05932508140802384 -0.12241254746913902 0.36444694221019747
		endloop
	endfacet
	facet normal -0.47220056872261446 -0.615383756806835 0.6311334682587714
		outer loop
			vertex 0.04499999910593033 -0.08500000089406959 0.39020815163850786
			vertex 0.030050573050975804 -0.09994942694902412 0.36444694221019747
			vertex 0.05932508140802384 -0.12241254746913902 0.36444694221019747
		endloop
	endfacet
	facet normal -0.2968376881175909 -0.7166295411996199 0.6311334942728253
		outer loop
			vertex 0.09888784132897854 -0.1161121577024459 0.39020815163850786
			vertex 0.06989592418074608 -0.10410331189632407 0.39020815163850786
			vertex 0.0934159691631794 -0.13653345406055442 0.36444694221019747
		endloop
	endfacet
	facet normal -0.29683764062136486 -0.7166295324182747 0.6311335265823759
		outer loop
			vertex 0.06989592418074608 -0.10410331189632407 0.39020815163850786
			vertex 0.05932508140802384 -0.12241254746913902 0.36444694221019747
			vertex 0.0934159691631794 -0.13653345406055442 0.36444694221019747
		endloop
	endfacet
	facet normal -0.10124581126932777 -0.769038185641505 0.6311335474569847
		outer loop
			vertex 0.13 -0.12020815163850776 0.39020815163850786
			vertex 0.09888784132897854 -0.1161121577024459 0.39020815163850786
			vertex 0.13 -0.14134983718395225 0.36444694221019747
		endloop
	endfacet
	facet normal -0.101245888756883 -0.7690382225594332 0.6311334900418902
		outer loop
			vertex 0.09888784132897854 -0.1161121577024459 0.39020815163850786
			vertex 0.0934159691631794 -0.13653345406055442 0.36444694221019747
			vertex 0.13 -0.14134983718395225 0.36444694221019747
		endloop
	endfacet
	facet normal 0.10124581785989852 -0.769038235701853 0.6311334854010373
		outer loop
			vertex 0.16111215867102147 -0.1161121577024459 0.39020815163850786
			vertex 0.13 -0.12020815163850776 0.39020815163850786
			vertex 0.1665840308368206 -0.13653345406055442 0.36444694221019747
		endloop
	endfacet
	facet normal 0.1012458831520598 -0.7690381799866105 0.6311335428161311
		outer loop
			vertex 0.13 -0.12020815163850776 0.39020815163850786
			vertex 0.13 -0.14134983718395225 0.36444694221019747
			vertex 0.1665840308368206 -0.13653345406055442 0.36444694221019747
		endloop
	endfacet
	facet normal 0.2968376772440797 -0.7166295149486427 0.6311335291939518
		outer loop
			vertex 0.19010407581925393 -0.10410331189632407 0.39020815163850786
			vertex 0.16111215867102147 -0.1161121577024459 0.39020815163850786
			vertex 0.20067491859197617 -0.12241254746913902 0.36444694221019747
		endloop
	endfacet
	facet normal 0.2968376498685252 -0.7166295547428968 0.631133496884398
		outer loop
			vertex 0.16111215867102147 -0.1161121577024459 0.39020815163850786
			vertex 0.1665840308368206 -0.13653345406055442 0.36444694221019747
			vertex 0.20067491859197617 -0.12241254746913902 0.36444694221019747
		endloop
	endfacet
	facet normal 0.47220050351987286 -0.6153838124989773 0.6311334627396982
		outer loop
			vertex 0.21500000089406968 -0.08500000089406959 0.39020815163850786
			vertex 0.19010407581925393 -0.10410331189632407 0.39020815163850786
			vertex 0.2299494269490242 -0.09994942694902412 0.36444694221019747
		endloop
	endfacet
	facet normal 0.4722005376355773 -0.6153837162934198 0.6311335310198403
		outer loop
			vertex 0.19010407581925393 -0.10410331189632407 0.39020815163850786
			vertex 0.20067491859197617 -0.12241254746913902 0.36444694221019747
			vertex 0.2299494269490242 -0.09994942694902412 0.36444694221019747
		endloop
	endfacet
	facet normal 0.6153837648602369 -0.4722004669653896 0.6311335365389078
		outer loop
			vertex 0.23410331189632416 -0.06010407581925383 0.39020815163850786
			vertex 0.21500000089406968 -0.08500000089406959 0.39020815163850786
			vertex 0.2524125474691391 -0.07067491859197608 0.36444694221019747
		endloop
	endfacet
	facet normal 0.615383756806835 -0.47220056872261446 0.6311334682587714
		outer loop
			vertex 0.21500000089406968 -0.08500000089406959 0.39020815163850786
			vertex 0.2299494269490242 -0.09994942694902412 0.36444694221019747
			vertex 0.2524125474691391 -0.07067491859197608 0.36444694221019747
		endloop
	endfacet
	facet normal 0.7166295411996199 -0.296837688117591 0.6311334942728253
		outer loop
			vertex 0.246112157702446 -0.031112158671021375 0.39020815163850786
			vertex 0.23410331189632416 -0.06010407581925383 0.39020815163850786
			vertex 0.2665334540605545 -0.03658403083682052 0.36444694221019747
		endloop
	endfacet
	facet normal 0.7166295324182747 -0.29683764062136486 0.631133526582376
		outer loop
			vertex 0.23410331189632416 -0.06010407581925383 0.39020815163850786
			vertex 0.2524125474691391 -0.07067491859197608 0.36444694221019747
			vertex 0.2665334540605545 -0.03658403083682052 0.36444694221019747
		endloop
	endfacet
	facet normal 0.769038185641505 -0.10124581126932782 0.6311335474569847
		outer loop
			vertex 0.25020815163850785 7.192236257119298e-17 0.39020815163850786
			vertex 0.246112157702446 -0.031112158671021375 0.39020815163850786
			vertex 0.27134983718395234 6.36131149424161e-17 0.36444694221019747
		endloop
	endfacet
	facet normal 0.7690382225594332 -0.10124588875688306 0.6311334900418902
		outer loop
			vertex 0.246112157702446 -0.031112158671021375 0.39020815163850786
			vertex 0.2665334540605545 -0.03658403083682052 0.36444694221019747
			vertex 0.27134983718395234 6.36131149424161e-17 0.36444694221019747
		endloop
	endfacet
	facet normal 0.7690382357018531 0.10124581785989847 0.6311334854010373
		outer loop
			vertex 0.246112157702446 0.031112158671021548 0.39020815163850786
			vertex 0.25020815163850785 7.192236257119298e-17 0.39020815163850786
			vertex 0.2665334540605545 0.036584030836820686 0.36444694221019747
		endloop
	endfacet
	facet normal 0.7690381799866105 0.10124588315205975 0.6311335428161311
		outer loop
			vertex 0.25020815163850785 7.192236257119298e-17 0.39020815163850786
			vertex 0.27134983718395234 6.36131149424161e-17 0.36444694221019747
			vertex 0.2665334540605545 0.036584030836820686 0.36444694221019747
		endloop
	endfacet
	facet normal 0.7166295149486428 0.2968376772440797 0.6311335291939517
		outer loop
			vertex 0.23410331189632416 0.06010407581925401 0.39020815163850786
			vertex 0.246112157702446 0.031112158671021548 0.39020815163850786
			vertex 0.2524125474691391 0.07067491859197625 0.36444694221019747
		endloop
	endfacet
	facet normal 0.7166295547428968 0.2968376498685252 0.631133496884398
		outer loop
			vertex 0.246112157702446 0.031112158671021548 0.39020815163850786
			vertex 0.2665334540605545 0.036584030836820686 0.36444694221019747
			vertex 0.2524125474691391 0.07067491859197625 0.36444694221019747
		endloop
	endfacet
	facet normal 0.6153838124989772 0.47220050351987297 0.6311334627396982
		outer loop
			vertex 0.21500000089406968 0.08500000089406975 0.39020815163850786
			vertex 0.23410331189632416 0.06010407581925401 0.39020815163850786
			vertex 0.2299494269490242 0.09994942694902428 0.36444694221019747
		endloop
	endfacet
	facet normal 0.6153837162934198 0.4722005376355773 0.6311335310198402
		outer loop
			vertex 0.23410331189632416 0.06010407581925401 0.39020815163850786
			vertex 0.2524125474691391 0.07067491859197625 0.36444694221019747
			vertex 0.2299494269490242 0.09994942694902428 0.36444694221019747
		endloop
	endfacet
	facet normal 0.4722004669653897 0.6153837648602368 0.6311335365389077
		outer loop
			vertex 0.19010407581925393 0.10410331189632424 0.39020815163850786
			vertex 0.21500000089406968 0.08500000089406975 0.39020815163850786
			vertex 0.20067491859197617 0.12241254746913918 0.36444694221019747
		endloop
	endfacet
	facet normal 0.47220056872261446 0.615383756806835 0.6311334682587714
		outer loop
			vertex 0.21500000089406968 0.08500000089406975 0.39020815163850786
			vertex 0.2299494269490242 0.09994942694902428 0.36444694221019747
			vertex 0.20067491859197617 0.12241254746913918 0.36444694221019747
		endloop
	endfacet
	facet normal 0.2968376881175909 0.7166295411996199 0.6311334942728253
		outer loop
			vertex 0.16111215867102147 0.11611215770244607 0.39020815163850786
			vertex 0.19010407581925393 0.10410331189632424 0.39020815163850786
			vertex 0.1665840308368206 0.1365334540605546 0.36444694221019747
		endloop
	endfacet
	facet normal 0.29683764062136486 0.7166295324182747 0.6311335265823759
		outer loop
			vertex 0.19010407581925393 0.10410331189632424 0.39020815163850786
			vertex 0.20067491859197617 0.12241254746913918 0.36444694221019747
			vertex 0.1665840308368206 0.1365334540605546 0.36444694221019747
		endloop
	endfacet
	facet normal 0.10124581126932786 0.7690381856415048 0.6311335474569847
		outer loop
			vertex 0.13000000000000003 0.12020815163850793 0.39020815163850786
			vertex 0.16111215867102147 0.11611215770244607 0.39020815163850786
			vertex 0.13000000000000003 0.14134983718395241 0.36444694221019747
		endloop
	endfacet
	facet normal 0.10124588875688308 0.7690382225594331 0.6311334900418902
		outer loop
			vertex 0.16111215867102147 0.11611215770244607 0.39020815163850786
			vertex 0.1665840308368206 0.1365334540605546 0.36444694221019747
			vertex 0.13000000000000003 0.14134983718395241 0.36444694221019747
		endloop
	endfacet
	facet normal -0.10124581785989843 0.7690382357018533 0.6311334854010373
		outer loop
			vertex 0.09888784132897854 0.11611215770244607 0.39020815163850786
			vertex 0.13000000000000003 0.12020815163850793 0.39020815163850786
			vertex 0.0934159691631794 0.1365334540605546 0.36444694221019747
		endloop
	endfacet
	facet normal -0.10124588315205973 0.7690381799866105 0.6311335428161311
		outer loop
			vertex 0.13000000000000003 0.12020815163850793 0.39020815163850786
			vertex 0.13000000000000003 0.14134983718395241 0.36444694221019747
			vertex 0.0934159691631794 0.1365334540605546 0.36444694221019747
		endloop
	endfacet
	facet normal -0.2968376772440797 0.7166295149486427 0.6311335291939518
		outer loop
			vertex 0.06989592418074608 0.10410331189632424 0.39020815163850786
			vertex 0.09888784132897854 0.11611215770244607 0.39020815163850786
			vertex 0.05932508140802384 0.12241254746913918 0.36444694221019747
		endloop
	endfacet
	facet normal -0.2968376498685252 0.7166295547428968 0.631133496884398
		outer loop
			vertex 0.09888784132897854 0.11611215770244607 0.39020815163850786
			vertex 0.0934159691631794 0.1365334540605546 0.36444694221019747
			vertex 0.05932508140802384 0.12241254746913918 0.36444694221019747
		endloop
	endfacet
	facet normal -0.47220050351987286 0.6153838124989773 0.6311334627396982
		outer loop
			vertex 0.04499999910593033 0.08500000089406975 0.39020815163850786
			vertex 0.06989592418074608 0.10410331189632424 0.39020815163850786
			vertex 0.030050573050975804 0.09994942694902428 0.36444694221019747
		endloop
	endfacet
	facet normal -0.4722005376355773 0.6153837162934198 0.6311335310198403
		outer loop
			vertex 0.06989592418074608 0.10410331189632424 0.39020815163850786
			vertex 0.05932508140802384 0.12241254746913918 0.36444694221019747
			vertex 0.030050573050975804 0.09994942694902428 0.36444694221019747
		endloop
	endfacet
	facet normal -0.6153837648602368 0.47220046696538986 0.6311335365389077
		outer loop
			vertex 0.025896688103675847 0.06010407581925401 0.39020815163850786
			vertex 0.04499999910593033 0.08500000089406975 0.39020815163850786
			vertex 0.007587452530860905 0.07067491859197625 0.36444694221019747
		endloop
	endfacet
	facet normal -0.615383756806835 0.47220056872261446 0.6311334682587714
		outer loop
			vertex 0.04499999910593033 0.08500000089406975 0.39020815163850786
			vertex 0.030050573050975804 0.09994942694902428 0.36444694221019747
			vertex 0.007587452530860905 0.07067491859197625 0.36444694221019747
		endloop
	endfacet
	facet normal -0.7166295411996199 0.29683768811759087 0.6311334942728252
		outer loop
			vertex 0.01388784229755402 0.031112158671021548 0.39020815163850786
			vertex 0.025896688103675847 0.06010407581925401 0.39020815163850786
			vertex -0.0065334540605545 0.036584030836820686 0.36444694221019747
		endloop
	endfacet
	facet normal -0.7166295324182748 0.2968376406213649 0.6311335265823759
		outer loop
			vertex 0.025896688103675847 0.06010407581925401 0.39020815163850786
			vertex 0.007587452530860905 0.07067491859197625 0.36444694221019747
			vertex -0.0065334540605545 0.036584030836820686 0.36444694221019747
		endloop
	endfacet
	facet normal -0.7690381856415048 0.10124581126932786 0.6311335474569847
		outer loop
			vertex 0.009791848361492161 1.160861194649116e-16 0.39020815163850786
			vertex 0.01388784229755402 0.031112158671021548 0.39020815163850786
			vertex -0.011349837183952327 1.1554420201276483e-16 0.36444694221019747
		endloop
	endfacet
	facet normal -0.7690382225594331 0.10124588875688309 0.6311334900418901
		outer loop
			vertex 0.01388784229755402 0.031112158671021548 0.39020815163850786
			vertex -0.0065334540605545 0.036584030836820686 0.36444694221019747
			vertex -0.011349837183952327 1.1554420201276483e-16 0.36444694221019747
		endloop
	endfacet
	facet normal -0.8760362157086639 -0.11533245375952111 0.46825097317213477
		outer loop
			vertex -0.0065334540605545 -0.03658403083682052 0.36444694221019747
			vertex -0.011349837183952327 8.092347729919901e-17 0.36444694221019747
			vertex -0.021707842946052547 -0.040649995207786484 0.33505618244409563
		endloop
	endfacet
	facet normal -0.8760362215531482 -0.11533244578476907 0.46825096420209006
		outer loop
			vertex -0.011349837183952327 8.092347729919901e-17 0.36444694221019747
			vertex -0.027059520483016963 7.439741765848842e-17 0.33505618244409563
			vertex -0.021707842946052547 -0.040649995207786484 0.33505618244409563
		endloop
	endfacet
	facet normal -0.816335834538453 -0.33813733891395503 0.4682509426371685
		outer loop
			vertex 0.007587452530860905 -0.07067491859197608 0.36444694221019747
			vertex -0.0065334540605545 -0.03658403083682052 0.36444694221019747
			vertex -0.0060175311565399126 -0.07852976024150841 0.33505618244409563
		endloop
	endfacet
	facet normal -0.8163358167172865 -0.33813735322376 0.4682509633725819
		outer loop
			vertex -0.0065334540605545 -0.03658403083682052 0.36444694221019747
			vertex -0.021707842946052547 -0.040649995207786484 0.33505618244409563
			vertex -0.0060175311565399126 -0.07852976024150841 0.33505618244409563
		endloop
	endfacet
	facet normal -0.701003384745392 -0.5378988205194943 0.46825112221888043
		outer loop
			vertex 0.030050573050975804 -0.09994942694902412 0.36444694221019747
			vertex 0.007587452530860905 -0.07067491859197608 0.36444694221019747
			vertex 0.018942144811153416 -0.11105785518884652 0.33505618244409563
		endloop
	endfacet
	facet normal -0.7010035520107707 -0.5378987468745914 0.46825095641015724
		outer loop
			vertex 0.007587452530860905 -0.07067491859197608 0.36444694221019747
			vertex -0.0060175311565399126 -0.07852976024150841 0.33505618244409563
			vertex 0.018942144811153416 -0.11105785518884652 0.33505618244409563
		endloop
	endfacet
	facet normal -0.5378988768263885 -0.7010034581259647 0.46825094768120723
		outer loop
			vertex 0.05932508140802384 -0.12241254746913902 0.36444694221019747
			vertex 0.030050573050975804 -0.09994942694902412 0.36444694221019747
			vertex 0.05147023975849152 -0.13601753115653983 0.33505618244409563
		endloop
	endfacet
	facet normal -0.5378986961997365 -0.7010034859699903 0.4682511134899151
		outer loop
			vertex 0.030050573050975804 -0.09994942694902412 0.36444694221019747
			vertex 0.018942144811153416 -0.11105785518884652 0.33505618244409563
			vertex 0.05147023975849152 -0.13601753115653983 0.33505618244409563
		endloop
	endfacet
	facet normal -0.33813733448746675 -0.8163358238519639 0.4682509644641925
		outer loop
			vertex 0.0934159691631794 -0.13653345406055442 0.36444694221019747
			vertex 0.05932508140802384 -0.12241254746913902 0.36444694221019747
			vertex 0.08935000479221344 -0.15170784294605247 0.33505618244409563
		endloop
	endfacet
	facet normal -0.33813735720749444 -0.8163358263348726 0.4682509437287793
		outer loop
			vertex 0.05932508140802384 -0.12241254746913902 0.36444694221019747
			vertex 0.05147023975849152 -0.13601753115653983 0.33505618244409563
			vertex 0.08935000479221344 -0.15170784294605247 0.33505618244409563
		endloop
	endfacet
	facet normal -0.11533245441265112 -0.8760362206696747 0.4682509637298646
		outer loop
			vertex 0.13 -0.14134983718395225 0.36444694221019747
			vertex 0.0934159691631794 -0.13653345406055442 0.36444694221019747
			vertex 0.13 -0.15705952048301688 0.3350561824440957
		endloop
	endfacet
	facet normal -0.1153324451969682 -0.8760362170883559 0.4682509726999098
		outer loop
			vertex 0.0934159691631794 -0.13653345406055442 0.36444694221019747
			vertex 0.08935000479221344 -0.15170784294605247 0.33505618244409563
			vertex 0.13 -0.15705952048301688 0.3350561824440957
		endloop
	endfacet
	facet normal 0.11533245375952111 -0.8760362157086639 0.46825097317213477
		outer loop
			vertex 0.1665840308368206 -0.13653345406055442 0.36444694221019747
			vertex 0.13 -0.14134983718395225 0.36444694221019747
			vertex 0.17064999520778656 -0.15170784294605247 0.33505618244409563
		endloop
	endfacet
	facet normal 0.11533244578476964 -0.8760362215531478 0.46825096420209067
		outer loop
			vertex 0.13 -0.14134983718395225 0.36444694221019747
			vertex 0.13 -0.15705952048301688 0.3350561824440957
			vertex 0.17064999520778656 -0.15170784294605247 0.33505618244409563
		endloop
	endfacet
	facet normal 0.3381373389139551 -0.8163358345384532 0.4682509426371684
		outer loop
			vertex 0.20067491859197617 -0.12241254746913902 0.36444694221019747
			vertex 0.1665840308368206 -0.13653345406055442 0.36444694221019747
			vertex 0.2085297602415085 -0.13601753115653983 0.33505618244409563
		endloop
	endfacet
	facet normal 0.33813735322376004 -0.8163358167172865 0.4682509633725818
		outer loop
			vertex 0.1665840308368206 -0.13653345406055442 0.36444694221019747
			vertex 0.17064999520778656 -0.15170784294605247 0.33505618244409563
			vertex 0.2085297602415085 -0.13601753115653983 0.33505618244409563
		endloop
	endfacet
	facet normal 0.5378988205194943 -0.701003384745392 0.4682511222188805
		outer loop
			vertex 0.2299494269490242 -0.09994942694902412 0.36444694221019747
			vertex 0.20067491859197617 -0.12241254746913902 0.36444694221019747
			vertex 0.2410578551888466 -0.11105785518884652 0.33505618244409563
		endloop
	endfacet
	facet normal 0.5378987468745913 -0.701003552010771 0.4682509564101572
		outer loop
			vertex 0.20067491859197617 -0.12241254746913902 0.36444694221019747
			vertex 0.2085297602415085 -0.13601753115653983 0.33505618244409563
			vertex 0.2410578551888466 -0.11105785518884652 0.33505618244409563
		endloop
	endfacet
	facet normal 0.7010034581259645 -0.5378988768263885 0.46825094768120745
		outer loop
			vertex 0.2524125474691391 -0.07067491859197608 0.36444694221019747
			vertex 0.2299494269490242 -0.09994942694902412 0.36444694221019747
			vertex 0.2660175311565399 -0.07852976024150841 0.33505618244409563
		endloop
	endfacet
	facet normal 0.7010034859699901 -0.5378986961997367 0.46825111348991505
		outer loop
			vertex 0.2299494269490242 -0.09994942694902412 0.36444694221019747
			vertex 0.2410578551888466 -0.11105785518884652 0.33505618244409563
			vertex 0.2660175311565399 -0.07852976024150841 0.33505618244409563
		endloop
	endfacet
	facet normal 0.8163358238519639 -0.33813733448746675 0.46825096446419257
		outer loop
			vertex 0.2665334540605545 -0.03658403083682052 0.36444694221019747
			vertex 0.2524125474691391 -0.07067491859197608 0.36444694221019747
			vertex 0.28170784294605256 -0.040649995207786484 0.33505618244409563
		endloop
	endfacet
	facet normal 0.8163358263348726 -0.3381373572074944 0.46825094372877946
		outer loop
			vertex 0.2524125474691391 -0.07067491859197608 0.36444694221019747
			vertex 0.2660175311565399 -0.07852976024150841 0.33505618244409563
			vertex 0.28170784294605256 -0.040649995207786484 0.33505618244409563
		endloop
	endfacet
	facet normal 0.876036220669675 -0.11533245441265125 0.4682509637298639
		outer loop
			vertex 0.27134983718395234 6.36131149424161e-17 0.36444694221019747
			vertex 0.2665334540605545 -0.03658403083682052 0.36444694221019747
			vertex 0.28705952048301697 5.516317381761131e-17 0.33505618244409563
		endloop
	endfacet
	facet normal 0.8760362170883558 -0.1153324451969676 0.4682509726999097
		outer loop
			vertex 0.2665334540605545 -0.03658403083682052 0.36444694221019747
			vertex 0.28170784294605256 -0.040649995207786484 0.33505618244409563
			vertex 0.28705952048301697 5.516317381761131e-17 0.33505618244409563
		endloop
	endfacet
	facet normal 0.8760362157086641 0.11533245375952109 0.4682509731721348
		outer loop
			vertex 0.2665334540605545 0.036584030836820686 0.36444694221019747
			vertex 0.27134983718395234 6.36131149424161e-17 0.36444694221019747
			vertex 0.28170784294605256 0.040649995207786636 0.33505618244409563
		endloop
	endfacet
	facet normal 0.8760362215531481 0.11533244578476899 0.46825096420208995
		outer loop
			vertex 0.27134983718395234 6.36131149424161e-17 0.36444694221019747
			vertex 0.28705952048301697 5.516317381761131e-17 0.33505618244409563
			vertex 0.28170784294605256 0.040649995207786636 0.33505618244409563
		endloop
	endfacet
	facet normal 0.816335834538453 0.33813733891395503 0.46825094263716815
		outer loop
			vertex 0.2524125474691391 0.07067491859197625 0.36444694221019747
			vertex 0.2665334540605545 0.036584030836820686 0.36444694221019747
			vertex 0.2660175311565399 0.07852976024150855 0.33505618244409563
		endloop
	endfacet
	facet normal 0.8163358167172866 0.33813735322376015 0.4682509633725818
		outer loop
			vertex 0.2665334540605545 0.036584030836820686 0.36444694221019747
			vertex 0.28170784294605256 0.040649995207786636 0.33505618244409563
			vertex 0.2660175311565399 0.07852976024150855 0.33505618244409563
		endloop
	endfacet
	facet normal 0.7010033847453923 0.5378988205194944 0.46825112221888
		outer loop
			vertex 0.2299494269490242 0.09994942694902428 0.36444694221019747
			vertex 0.2524125474691391 0.07067491859197625 0.36444694221019747
			vertex 0.2410578551888466 0.11105785518884666 0.33505618244409563
		endloop
	endfacet
	facet normal 0.7010035520107709 0.5378987468745915 0.46825095641015696
		outer loop
			vertex 0.2524125474691391 0.07067491859197625 0.36444694221019747
			vertex 0.2660175311565399 0.07852976024150855 0.33505618244409563
			vertex 0.2410578551888466 0.11105785518884666 0.33505618244409563
		endloop
	endfacet
	facet normal 0.5378988768263885 0.7010034581259647 0.46825094768120723
		outer loop
			vertex 0.20067491859197617 0.12241254746913918 0.36444694221019747
			vertex 0.2299494269490242 0.09994942694902428 0.36444694221019747
			vertex 0.2085297602415085 0.13601753115654 0.33505618244409563
		endloop
	endfacet
	facet normal 0.5378986961997371 0.7010034859699901 0.46825111348991466
		outer loop
			vertex 0.2299494269490242 0.09994942694902428 0.36444694221019747
			vertex 0.2410578551888466 0.11105785518884666 0.33505618244409563
			vertex 0.2085297602415085 0.13601753115654 0.33505618244409563
		endloop
	endfacet
	facet normal 0.33813733448746675 0.8163358238519639 0.4682509644641925
		outer loop
			vertex 0.1665840308368206 0.1365334540605546 0.36444694221019747
			vertex 0.20067491859197617 0.12241254746913918 0.36444694221019747
			vertex 0.17064999520778656 0.15170784294605263 0.33505618244409563
		endloop
	endfacet
	facet normal 0.33813735720749444 0.8163358263348726 0.4682509437287793
		outer loop
			vertex 0.20067491859197617 0.12241254746913918 0.36444694221019747
			vertex 0.2085297602415085 0.13601753115654 0.33505618244409563
			vertex 0.17064999520778656 0.15170784294605263 0.33505618244409563
		endloop
	endfacet
	facet normal 0.11533245441265132 0.8760362206696753 0.4682509637298632
		outer loop
			vertex 0.13000000000000003 0.14134983718395241 0.36444694221019747
			vertex 0.1665840308368206 0.1365334540605546 0.36444694221019747
			vertex 0.13000000000000003 0.15705952048301705 0.3350561824440956
		endloop
	endfacet
	facet normal 0.11533244519696703 0.8760362170883561 0.46825097269990973
		outer loop
			vertex 0.1665840308368206 0.1365334540605546 0.36444694221019747
			vertex 0.17064999520778656 0.15170784294605263 0.33505618244409563
			vertex 0.13000000000000003 0.15705952048301705 0.3350561824440956
		endloop
	endfacet
	facet normal -0.11533245375952104 0.876036215708664 0.4682509731721348
		outer loop
			vertex 0.0934159691631794 0.1365334540605546 0.36444694221019747
			vertex 0.13000000000000003 0.14134983718395241 0.36444694221019747
			vertex 0.08935000479221344 0.15170784294605263 0.33505618244409563
		endloop
	endfacet
	facet normal -0.11533244578476841 0.8760362215531485 0.4682509642020894
		outer loop
			vertex 0.13000000000000003 0.14134983718395241 0.36444694221019747
			vertex 0.13000000000000003 0.15705952048301705 0.3350561824440956
			vertex 0.08935000479221344 0.15170784294605263 0.33505618244409563
		endloop
	endfacet
	facet normal -0.3381373389139551 0.8163358345384532 0.4682509426371684
		outer loop
			vertex 0.05932508140802384 0.12241254746913918 0.36444694221019747
			vertex 0.0934159691631794 0.1365334540605546 0.36444694221019747
			vertex 0.05147023975849152 0.13601753115654 0.33505618244409563
		endloop
	endfacet
	facet normal -0.33813735322376004 0.8163358167172865 0.4682509633725818
		outer loop
			vertex 0.0934159691631794 0.1365334540605546 0.36444694221019747
			vertex 0.08935000479221344 0.15170784294605263 0.33505618244409563
			vertex 0.05147023975849152 0.13601753115654 0.33505618244409563
		endloop
	endfacet
	facet normal -0.5378988205194944 0.7010033847453923 0.4682511222188799
		outer loop
			vertex 0.030050573050975804 0.09994942694902428 0.36444694221019747
			vertex 0.05932508140802384 0.12241254746913918 0.36444694221019747
			vertex 0.018942144811153416 0.11105785518884666 0.33505618244409563
		endloop
	endfacet
	facet normal -0.5378987468745917 0.7010035520107707 0.4682509564101571
		outer loop
			vertex 0.05932508140802384 0.12241254746913918 0.36444694221019747
			vertex 0.05147023975849152 0.13601753115654 0.33505618244409563
			vertex 0.018942144811153416 0.11105785518884666 0.33505618244409563
		endloop
	endfacet
	facet normal -0.7010034581259648 0.5378988768263886 0.4682509476812071
		outer loop
			vertex 0.007587452530860905 0.07067491859197625 0.36444694221019747
			vertex 0.030050573050975804 0.09994942694902428 0.36444694221019747
			vertex -0.0060175311565399126 0.07852976024150855 0.33505618244409563
		endloop
	endfacet
	facet normal -0.7010034859699903 0.5378986961997368 0.4682511134899147
		outer loop
			vertex 0.030050573050975804 0.09994942694902428 0.36444694221019747
			vertex 0.018942144811153416 0.11105785518884666 0.33505618244409563
			vertex -0.0060175311565399126 0.07852976024150855 0.33505618244409563
		endloop
	endfacet
	facet normal -0.8163358238519639 0.33813733448746675 0.4682509644641924
		outer loop
			vertex -0.0065334540605545 0.036584030836820686 0.36444694221019747
			vertex 0.007587452530860905 0.07067491859197625 0.36444694221019747
			vertex -0.021707842946052547 0.040649995207786636 0.33505618244409563
		endloop
	endfacet
	facet normal -0.8163358263348724 0.3381373572074945 0.4682509437287791
		outer loop
			vertex 0.007587452530860905 0.07067491859197625 0.36444694221019747
			vertex -0.0060175311565399126 0.07852976024150855 0.33505618244409563
			vertex -0.021707842946052547 0.040649995207786636 0.33505618244409563
		endloop
	endfacet
	facet normal -0.8760362206696751 0.11533245441265132 0.4682509637298639
		outer loop
			vertex -0.011349837183952327 1.1554420201276483e-16 0.36444694221019747
			vertex -0.0065334540605545 0.036584030836820686 0.36444694221019747
			vertex -0.027059520483016963 1.1286590534024266e-16 0.33505618244409563
		endloop
	endfacet
	facet normal -0.8760362170883559 0.11533244519696766 0.46825097269990973
		outer loop
			vertex -0.0065334540605545 0.036584030836820686 0.36444694221019747
			vertex -0.021707842946052547 0.040649995207786636 0.33505618244409563
			vertex -0.027059520483016963 1.1286590534024266e-16 0.33505618244409563
		endloop
	endfacet
	facet normal -0.9494352491590762 -0.12499561856660578 0.2880083384094888
		outer loop
			vertex -0.021707842946052547 -0.040649995207786484 0.33505618244409563
			vertex -0.027059520483016963 7.439741765848842e-17 0.33505618244409563
			vertex -0.03105219721794128 -0.043153803795576026 0.3031653542816639
		endloop
	endfacet
	facet normal -0.9494352956323612 -0.12499552958800465 0.2880082238244341
		outer loop
			vertex -0.027059520483016963 7.439741765848842e-17 0.33505618244409563
			vertex -0.0367335033416748 6.731623131842921e-17 0.3031653542816639
			vertex -0.03105219721794128 -0.043153803795576026 0.3031653542816639
		endloop
	endfacet
	facet normal -0.884732891863994 -0.3664683482441143 0.28800808979819487
		outer loop
			vertex -0.0060175311565399126 -0.07852976024150841 0.33505618244409563
			vertex -0.021707842946052547 -0.040649995207786484 0.33505618244409563
			vertex -0.014395440816879268 -0.08336675167083733 0.3031653542816639
		endloop
	endfacet
	facet normal -0.8847327648583349 -0.36646848646849167 0.2880083040671215
		outer loop
			vertex -0.021707842946052547 -0.040649995207786484 0.33505618244409563
			vertex -0.03105219721794128 -0.043153803795576026 0.3031653542816639
			vertex -0.014395440816879268 -0.08336675167083733 0.3031653542816639
		endloop
	endfacet
	facet normal -0.7597374664336032 -0.582966847993993 0.2880080489100927
		outer loop
			vertex 0.018942144811153416 -0.11105785518884652 0.33505618244409563
			vertex -0.0060175311565399126 -0.07852976024150841 0.33505618244409563
			vertex 0.012101610302925114 -0.11789838969707482 0.3031653542816639
		endloop
	endfacet
	facet normal -0.75973741874645 -0.5829668782829626 0.28800811339526344
		outer loop
			vertex -0.0060175311565399126 -0.07852976024150841 0.33505618244409563
			vertex -0.014395440816879268 -0.08336675167083733 0.3031653542816639
			vertex 0.012101610302925114 -0.11789838969707482 0.3031653542816639
		endloop
	endfacet
	facet normal -0.5829668358349307 -0.7597374505875994 0.28800811532188464
		outer loop
			vertex 0.05147023975849152 -0.13601753115653983 0.33505618244409563
			vertex 0.018942144811153416 -0.11105785518884652 0.33505618244409563
			vertex 0.0466332483291626 -0.14439544081687922 0.30316535428166397
		endloop
	endfacet
	facet normal -0.5829668897365505 -0.759737433673059 0.288008050836721
		outer loop
			vertex 0.018942144811153416 -0.11105785518884652 0.33505618244409563
			vertex 0.012101610302925114 -0.11789838969707482 0.3031653542816639
			vertex 0.0466332483291626 -0.14439544081687922 0.30316535428166397
		endloop
	endfacet
	facet normal -0.3664683228465357 -0.8847328305488128 0.28800831046887054
		outer loop
			vertex 0.08935000479221344 -0.15170784294605247 0.33505618244409563
			vertex 0.05147023975849152 -0.13601753115653983 0.33505618244409563
			vertex 0.08684619620442391 -0.16105219721794123 0.30316535428166397
		endloop
	endfacet
	facet normal -0.3664685103924939 -0.8847328226159578 0.288008096199928
		outer loop
			vertex 0.05147023975849152 -0.13601753115653983 0.33505618244409563
			vertex 0.0466332483291626 -0.14439544081687922 0.30316535428166397
			vertex 0.08684619620442391 -0.16105219721794123 0.30316535428166397
		endloop
	endfacet
	facet normal -0.12499562319914999 -0.9494352843467126 0.2880082204009687
		outer loop
			vertex 0.13 -0.15705952048301688 0.3350561824440957
			vertex 0.08935000479221344 -0.15170784294605247 0.33505618244409563
			vertex 0.13 -0.16673350334167475 0.30316535428166397
		endloop
	endfacet
	facet normal -0.12499552522424681 -0.9494352624863301 0.28800833498603506
		outer loop
			vertex 0.08935000479221344 -0.15170784294605247 0.33505618244409563
			vertex 0.08684619620442391 -0.16105219721794123 0.30316535428166397
			vertex 0.13 -0.16673350334167475 0.30316535428166397
		endloop
	endfacet
	facet normal 0.12499561856660611 -0.9494352491590757 0.28800833840949003
		outer loop
			vertex 0.17064999520778656 -0.15170784294605247 0.33505618244409563
			vertex 0.13 -0.15705952048301688 0.3350561824440957
			vertex 0.1731538037955761 -0.16105219721794123 0.30316535428166397
		endloop
	endfacet
	facet normal 0.12499552958800461 -0.9494352956323608 0.28800822382443475
		outer loop
			vertex 0.13 -0.15705952048301688 0.3350561824440957
			vertex 0.13 -0.16673350334167475 0.30316535428166397
			vertex 0.1731538037955761 -0.16105219721794123 0.30316535428166397
		endloop
	endfacet
	facet normal 0.3664683482441142 -0.8847328918639936 0.28800808979819603
		outer loop
			vertex 0.2085297602415085 -0.13601753115653983 0.33505618244409563
			vertex 0.17064999520778656 -0.15170784294605247 0.33505618244409563
			vertex 0.2133667516708374 -0.14439544081687922 0.30316535428166397
		endloop
	endfacet
	facet normal 0.3664684864684915 -0.8847327648583345 0.28800830406712263
		outer loop
			vertex 0.17064999520778656 -0.15170784294605247 0.33505618244409563
			vertex 0.1731538037955761 -0.16105219721794123 0.30316535428166397
			vertex 0.2133667516708374 -0.14439544081687922 0.30316535428166397
		endloop
	endfacet
	facet normal 0.5829668479939928 -0.7597374664336034 0.28800804891009263
		outer loop
			vertex 0.2410578551888466 -0.11105785518884652 0.33505618244409563
			vertex 0.2085297602415085 -0.13601753115653983 0.33505618244409563
			vertex 0.2478983896970749 -0.11789838969707482 0.3031653542816639
		endloop
	endfacet
	facet normal 0.5829668782829629 -0.7597374187464493 0.28800811339526444
		outer loop
			vertex 0.2085297602415085 -0.13601753115653983 0.33505618244409563
			vertex 0.2133667516708374 -0.14439544081687922 0.30316535428166397
			vertex 0.2478983896970749 -0.11789838969707482 0.3031653542816639
		endloop
	endfacet
	facet normal 0.7597374505875994 -0.5829668358349311 0.2880081153218835
		outer loop
			vertex 0.2660175311565399 -0.07852976024150841 0.33505618244409563
			vertex 0.2410578551888466 -0.11105785518884652 0.33505618244409563
			vertex 0.2743954408168793 -0.08336675167083733 0.3031653542816639
		endloop
	endfacet
	facet normal 0.7597374336730593 -0.58296688973655 0.288008050836721
		outer loop
			vertex 0.2410578551888466 -0.11105785518884652 0.33505618244409563
			vertex 0.2478983896970749 -0.11789838969707482 0.3031653542816639
			vertex 0.2743954408168793 -0.08336675167083733 0.3031653542816639
		endloop
	endfacet
	facet normal 0.8847328305488131 -0.3664683228465358 0.2880083104688695
		outer loop
			vertex 0.28170784294605256 -0.040649995207786484 0.33505618244409563
			vertex 0.2660175311565399 -0.07852976024150841 0.33505618244409563
			vertex 0.2910521972179413 -0.043153803795576026 0.3031653542816639
		endloop
	endfacet
	facet normal 0.8847328226159581 -0.36646851039249406 0.28800809619992684
		outer loop
			vertex 0.2660175311565399 -0.07852976024150841 0.33505618244409563
			vertex 0.2743954408168793 -0.08336675167083733 0.3031653542816639
			vertex 0.2910521972179413 -0.043153803795576026 0.3031653542816639
		endloop
	endfacet
	facet normal 0.9494352843467131 -0.12499562319914971 0.288008220400968
		outer loop
			vertex 0.28705952048301697 5.516317381761131e-17 0.33505618244409563
			vertex 0.28170784294605256 -0.040649995207786484 0.33505618244409563
			vertex 0.2967335033416748 4.689726631702915e-17 0.3031653542816639
		endloop
	endfacet
	facet normal 0.9494352624863304 -0.12499552522424691 0.28800833498603384
		outer loop
			vertex 0.28170784294605256 -0.040649995207786484 0.33505618244409563
			vertex 0.2910521972179413 -0.043153803795576026 0.3031653542816639
			vertex 0.2967335033416748 4.689726631702915e-17 0.3031653542816639
		endloop
	endfacet
	facet normal 0.9494352491590762 0.12499561856660572 0.28800833840948875
		outer loop
			vertex 0.28170784294605256 0.040649995207786636 0.33505618244409563
			vertex 0.28705952048301697 5.516317381761131e-17 0.33505618244409563
			vertex 0.2910521972179413 0.043153803795576165 0.3031653542816639
		endloop
	endfacet
	facet normal 0.9494352956323612 0.12499552958800458 0.28800822382443403
		outer loop
			vertex 0.28705952048301697 5.516317381761131e-17 0.33505618244409563
			vertex 0.2967335033416748 4.689726631702915e-17 0.3031653542816639
			vertex 0.2910521972179413 0.043153803795576165 0.3031653542816639
		endloop
	endfacet
	facet normal 0.884732891863994 0.3664683482441144 0.28800808979819487
		outer loop
			vertex 0.2660175311565399 0.07852976024150855 0.33505618244409563
			vertex 0.28170784294605256 0.040649995207786636 0.33505618244409563
			vertex 0.2743954408168793 0.08336675167083747 0.3031653542816639
		endloop
	endfacet
	facet normal 0.8847327648583349 0.36646848646849167 0.28800830406712136
		outer loop
			vertex 0.28170784294605256 0.040649995207786636 0.33505618244409563
			vertex 0.2910521972179413 0.043153803795576165 0.3031653542816639
			vertex 0.2743954408168793 0.08336675167083747 0.3031653542816639
		endloop
	endfacet
	facet normal 0.7597374664336032 0.582966847993993 0.2880080489100927
		outer loop
			vertex 0.2410578551888466 0.11105785518884666 0.33505618244409563
			vertex 0.2660175311565399 0.07852976024150855 0.33505618244409563
			vertex 0.2478983896970749 0.11789838969707496 0.3031653542816639
		endloop
	endfacet
	facet normal 0.75973741874645 0.5829668782829626 0.28800811339526344
		outer loop
			vertex 0.2660175311565399 0.07852976024150855 0.33505618244409563
			vertex 0.2743954408168793 0.08336675167083747 0.3031653542816639
			vertex 0.2478983896970749 0.11789838969707496 0.3031653542816639
		endloop
	endfacet
	facet normal 0.5829668358349316 0.7597374505875996 0.2880081153218824
		outer loop
			vertex 0.2085297602415085 0.13601753115654 0.33505618244409563
			vertex 0.2410578551888466 0.11105785518884666 0.33505618244409563
			vertex 0.2133667516708374 0.14439544081687933 0.30316535428166386
		endloop
	endfacet
	facet normal 0.5829668897365494 0.7597374336730597 0.28800805083672093
		outer loop
			vertex 0.2410578551888466 0.11105785518884666 0.33505618244409563
			vertex 0.2478983896970749 0.11789838969707496 0.3031653542816639
			vertex 0.2133667516708374 0.14439544081687933 0.30316535428166386
		endloop
	endfacet
	facet normal 0.36646832284653597 0.8847328305488135 0.28800831046886816
		outer loop
			vertex 0.17064999520778656 0.15170784294605263 0.33505618244409563
			vertex 0.2085297602415085 0.13601753115654 0.33505618244409563
			vertex 0.1731538037955761 0.16105219721794134 0.30316535428166386
		endloop
	endfacet
	facet normal 0.36646851039249423 0.8847328226159584 0.2880080961999257
		outer loop
			vertex 0.2085297602415085 0.13601753115654 0.33505618244409563
			vertex 0.2133667516708374 0.14439544081687933 0.30316535428166386
			vertex 0.1731538037955761 0.16105219721794134 0.30316535428166386
		endloop
	endfacet
	facet normal 0.12499562319914936 0.9494352843467133 0.28800822040096724
		outer loop
			vertex 0.13000000000000003 0.15705952048301705 0.3350561824440956
			vertex 0.17064999520778656 0.15170784294605263 0.33505618244409563
			vertex 0.13000000000000003 0.16673350334167486 0.30316535428166386
		endloop
	endfacet
	facet normal 0.12499552522424699 0.9494352624863308 0.2880083349860326
		outer loop
			vertex 0.17064999520778656 0.15170784294605263 0.33505618244409563
			vertex 0.1731538037955761 0.16105219721794134 0.30316535428166386
			vertex 0.13000000000000003 0.16673350334167486 0.30316535428166386
		endloop
	endfacet
	facet normal -0.12499561856660538 0.9494352491590767 0.2880083384094876
		outer loop
			vertex 0.08935000479221344 0.15170784294605263 0.33505618244409563
			vertex 0.13000000000000003 0.15705952048301705 0.3350561824440956
			vertex 0.08684619620442391 0.16105219721794134 0.30316535428166386
		endloop
	endfacet
	facet normal -0.12499552958800461 0.9494352956323615 0.2880082238244333
		outer loop
			vertex 0.13000000000000003 0.15705952048301705 0.3350561824440956
			vertex 0.13000000000000003 0.16673350334167486 0.30316535428166386
			vertex 0.08684619620442391 0.16105219721794134 0.30316535428166386
		endloop
	endfacet
	facet normal -0.36646834824411445 0.8847328918639943 0.2880080897981937
		outer loop
			vertex 0.05147023975849152 0.13601753115654 0.33505618244409563
			vertex 0.08935000479221344 0.15170784294605263 0.33505618244409563
			vertex 0.0466332483291626 0.14439544081687933 0.30316535428166386
		endloop
	endfacet
	facet normal -0.3664684864684919 0.8847327648583352 0.28800830406712025
		outer loop
			vertex 0.08935000479221344 0.15170784294605263 0.33505618244409563
			vertex 0.08684619620442391 0.16105219721794134 0.30316535428166386
			vertex 0.0466332483291626 0.14439544081687933 0.30316535428166386
		endloop
	endfacet
	facet normal -0.5829668479939932 0.7597374664336031 0.28800804891009285
		outer loop
			vertex 0.018942144811153416 0.11105785518884666 0.33505618244409563
			vertex 0.05147023975849152 0.13601753115654 0.33505618244409563
			vertex 0.012101610302925114 0.11789838969707496 0.3031653542816639
		endloop
	endfacet
	facet normal -0.5829668782829623 0.7597374187464506 0.2880081133952624
		outer loop
			vertex 0.05147023975849152 0.13601753115654 0.33505618244409563
			vertex 0.0466332483291626 0.14439544081687933 0.30316535428166386
			vertex 0.012101610302925114 0.11789838969707496 0.3031653542816639
		endloop
	endfacet
	facet normal -0.7597374505875994 0.5829668358349311 0.2880081153218835
		outer loop
			vertex -0.0060175311565399126 0.07852976024150855 0.33505618244409563
			vertex 0.018942144811153416 0.11105785518884666 0.33505618244409563
			vertex -0.014395440816879268 0.08336675167083747 0.3031653542816639
		endloop
	endfacet
	facet normal -0.7597374336730593 0.58296688973655 0.288008050836721
		outer loop
			vertex 0.018942144811153416 0.11105785518884666 0.33505618244409563
			vertex 0.012101610302925114 0.11789838969707496 0.3031653542816639
			vertex -0.014395440816879268 0.08336675167083747 0.3031653542816639
		endloop
	endfacet
	facet normal -0.8847328305488131 0.3664683228465359 0.28800831046886927
		outer loop
			vertex -0.021707842946052547 0.040649995207786636 0.33505618244409563
			vertex -0.0060175311565399126 0.07852976024150855 0.33505618244409563
			vertex -0.03105219721794128 0.043153803795576165 0.3031653542816639
		endloop
	endfacet
	facet normal -0.8847328226159581 0.36646851039249406 0.28800809619992684
		outer loop
			vertex -0.0060175311565399126 0.07852976024150855 0.33505618244409563
			vertex -0.014395440816879268 0.08336675167083747 0.3031653542816639
			vertex -0.03105219721794128 0.043153803795576165 0.3031653542816639
		endloop
	endfacet
	facet normal -0.9494352843467131 0.12499562319914975 0.288008220400968
		outer loop
			vertex -0.027059520483016963 1.1286590534024266e-16 0.33505618244409563
			vertex -0.021707842946052547 0.040649995207786636 0.33505618244409563
			vertex -0.0367335033416748 1.0815416132122934e-16 0.3031653542816639
		endloop
	endfacet
	facet normal -0.9494352624863305 0.12499552522424698 0.2880083349860338
		outer loop
			vertex -0.021707842946052547 0.040649995207786636 0.33505618244409563
			vertex -0.03105219721794128 0.043153803795576165 0.3031653542816639
			vertex -0.0367335033416748 1.0815416132122934e-16 0.3031653542816639
		endloop
	endfacet
	facet normal -0.9867515778402802 -0.12990831140504003 0.09718618347074068
		outer loop
			vertex -0.03105219721794128 -0.043153803795576026 0.3031653542816639
			vertex -0.0367335033416748 6.731623131842921e-17 0.3031653542816639
			vertex -0.034207383990287776 -0.043999236077070174 0.27
		endloop
	endfacet
	facet normal -0.9867515297175556 -0.1299084934812752 0.09718642868986098
		outer loop
			vertex -0.0367335033416748 6.731623131842921e-17 0.3031653542816639
			vertex -0.04000000178813934 5.995204332975846e-17 0.27
			vertex -0.034207383990287776 -0.043999236077070174 0.27
		endloop
	endfacet
	facet normal -0.9195059753881556 -0.38087202880203924 0.09718672183840409
		outer loop
			vertex -0.014395440816879268 -0.08336675167083733 0.3031653542816639
			vertex -0.03105219721794128 -0.043153803795576026 0.3031653542816639
			vertex -0.01722432196140289 -0.08500000089406962 0.2700000000000001
		endloop
	endfacet
	facet normal -0.9195061725674908 -0.38087168457359155 0.09718620529868693
		outer loop
			vertex -0.03105219721794128 -0.043153803795576026 0.3031653542816639
			vertex -0.034207383990287776 -0.043999236077070174 0.27
			vertex -0.01722432196140289 -0.08500000089406962 0.2700000000000001
		endloop
	endfacet
	facet normal -0.7895978376904449 -0.6058795778374012 0.09718637699876674
		outer loop
			vertex 0.012101610302925114 -0.11789838969707482 0.3031653542816639
			vertex -0.014395440816879268 -0.08336675167083733 0.3031653542816639
			vertex 0.009791848361492161 -0.12020815163850779 0.2700000000000001
		endloop
	endfacet
	facet normal -0.7895976750370943 -0.6058797416031252 0.09718667753836227
		outer loop
			vertex -0.014395440816879268 -0.08336675167083733 0.3031653542816639
			vertex -0.01722432196140289 -0.08500000089406962 0.2700000000000001
			vertex 0.009791848361492161 -0.12020815163850779 0.2700000000000001
		endloop
	endfacet
	facet normal -0.6058795597985772 -0.789597814181785 0.09718668045380349
		outer loop
			vertex 0.0466332483291626 -0.14439544081687922 0.30316535428166397
			vertex 0.012101610302925114 -0.11789838969707482 0.3031653542816639
			vertex 0.04499999910593033 -0.14722432196140284 0.2700000000000001
		endloop
	endfacet
	facet normal -0.6058797592953418 -0.7895976980940348 0.09718637991416372
		outer loop
			vertex 0.012101610302925114 -0.11789838969707482 0.3031653542816639
			vertex 0.009791848361492161 -0.12020815163850779 0.2700000000000001
			vertex 0.04499999910593033 -0.14722432196140284 0.2700000000000001
		endloop
	endfacet
	facet normal -0.38087204829162613 -0.9195060224401578 0.09718620028801198
		outer loop
			vertex 0.08684619620442391 -0.16105219721794123 0.30316535428166397
			vertex 0.0466332483291626 -0.14439544081687922 0.30316535428166397
			vertex 0.08600076392292977 -0.16420738399028773 0.2700000000000001
		endloop
	endfacet
	facet normal -0.3808716654585064 -0.9195061264195631 0.0971867168277339
		outer loop
			vertex 0.0466332483291626 -0.14439544081687922 0.30316535428166397
			vertex 0.04499999910593033 -0.14722432196140284 0.2700000000000001
			vertex 0.08600076392292977 -0.16420738399028773 0.2700000000000001
		endloop
	endfacet
	facet normal -0.12990830824923316 -0.9867515538695475 0.09718643106862172
		outer loop
			vertex 0.13 -0.16673350334167475 0.30316535428166397
			vertex 0.08684619620442391 -0.16105219721794123 0.30316535428166397
			vertex 0.13 -0.1700000017881393 0.2700000000000001
		endloop
	endfacet
	facet normal -0.12990849657644857 -0.9867515532276969 0.0971861858495058
		outer loop
			vertex 0.08684619620442391 -0.16105219721794123 0.30316535428166397
			vertex 0.08600076392292977 -0.16420738399028773 0.2700000000000001
			vertex 0.13 -0.1700000017881393 0.2700000000000001
		endloop
	endfacet
	facet normal 0.12990831140504003 -0.9867515778402802 0.09718618347074064
		outer loop
			vertex 0.1731538037955761 -0.16105219721794123 0.30316535428166397
			vertex 0.13 -0.16673350334167475 0.30316535428166397
			vertex 0.17399923607707024 -0.16420738399028773 0.2700000000000001
		endloop
	endfacet
	facet normal 0.1299084934812752 -0.9867515297175556 0.09718642868986095
		outer loop
			vertex 0.13 -0.16673350334167475 0.30316535428166397
			vertex 0.13 -0.1700000017881393 0.2700000000000001
			vertex 0.17399923607707024 -0.16420738399028773 0.2700000000000001
		endloop
	endfacet
	facet normal 0.3808720288020393 -0.9195059753881556 0.09718672183840378
		outer loop
			vertex 0.2133667516708374 -0.14439544081687922 0.30316535428166397
			vertex 0.1731538037955761 -0.16105219721794123 0.30316535428166397
			vertex 0.21500000089406968 -0.14722432196140284 0.2700000000000001
		endloop
	endfacet
	facet normal 0.3808716845735917 -0.9195061725674907 0.09718620529868684
		outer loop
			vertex 0.1731538037955761 -0.16105219721794123 0.30316535428166397
			vertex 0.17399923607707024 -0.16420738399028773 0.2700000000000001
			vertex 0.21500000089406968 -0.14722432196140284 0.2700000000000001
		endloop
	endfacet
	facet normal 0.6058795778374015 -0.7895978376904448 0.0971863769987669
		outer loop
			vertex 0.2478983896970749 -0.11789838969707482 0.3031653542816639
			vertex 0.2133667516708374 -0.14439544081687922 0.30316535428166397
			vertex 0.25020815163850785 -0.12020815163850779 0.2700000000000001
		endloop
	endfacet
	facet normal 0.6058797416031252 -0.7895976750370943 0.09718667753836185
		outer loop
			vertex 0.2133667516708374 -0.14439544081687922 0.30316535428166397
			vertex 0.21500000089406968 -0.14722432196140284 0.2700000000000001
			vertex 0.25020815163850785 -0.12020815163850779 0.2700000000000001
		endloop
	endfacet
	facet normal 0.7895978141817853 -0.6058795597985769 0.0971866804538039
		outer loop
			vertex 0.2743954408168793 -0.08336675167083733 0.3031653542816639
			vertex 0.2478983896970749 -0.11789838969707482 0.3031653542816639
			vertex 0.2772243219614029 -0.08500000089406962 0.2700000000000001
		endloop
	endfacet
	facet normal 0.7895976980940348 -0.6058797592953418 0.09718637991416365
		outer loop
			vertex 0.2478983896970749 -0.11789838969707482 0.3031653542816639
			vertex 0.25020815163850785 -0.12020815163850779 0.2700000000000001
			vertex 0.2772243219614029 -0.08500000089406962 0.2700000000000001
		endloop
	endfacet
	facet normal 0.9195060224401578 -0.38087204829162613 0.09718620028801205
		outer loop
			vertex 0.2910521972179413 -0.043153803795576026 0.3031653542816639
			vertex 0.2743954408168793 -0.08336675167083733 0.3031653542816639
			vertex 0.2942073839902878 -0.043999236077070174 0.27
		endloop
	endfacet
	facet normal 0.9195061264195632 -0.3808716654585063 0.09718671682773422
		outer loop
			vertex 0.2743954408168793 -0.08336675167083733 0.3031653542816639
			vertex 0.2772243219614029 -0.08500000089406962 0.2700000000000001
			vertex 0.2942073839902878 -0.043999236077070174 0.27
		endloop
	endfacet
	facet normal 0.9867515538695474 -0.1299083082492332 0.09718643106862175
		outer loop
			vertex 0.2967335033416748 4.689726631702915e-17 0.3031653542816639
			vertex 0.2910521972179413 -0.043153803795576026 0.3031653542816639
			vertex 0.30000000178813935 3.913304716668285e-17 0.27
		endloop
	endfacet
	facet normal 0.9867515532276969 -0.12990849657644862 0.09718618584950582
		outer loop
			vertex 0.2910521972179413 -0.043153803795576026 0.3031653542816639
			vertex 0.2942073839902878 -0.043999236077070174 0.27
			vertex 0.30000000178813935 3.913304716668285e-17 0.27
		endloop
	endfacet
	facet normal 0.9867515778402804 0.12990831140504 0.09718618347074062
		outer loop
			vertex 0.2910521972179413 0.043153803795576165 0.3031653542816639
			vertex 0.2967335033416748 4.689726631702915e-17 0.3031653542816639
			vertex 0.2942073839902878 0.0439992360770703 0.27
		endloop
	endfacet
	facet normal 0.9867515297175556 0.12990849348127514 0.09718642868986091
		outer loop
			vertex 0.2967335033416748 4.689726631702915e-17 0.3031653542816639
			vertex 0.30000000178813935 3.913304716668285e-17 0.27
			vertex 0.2942073839902878 0.0439992360770703 0.27
		endloop
	endfacet
	facet normal 0.9195059753881556 0.3808720288020393 0.09718672183840363
		outer loop
			vertex 0.2743954408168793 0.08336675167083747 0.3031653542816639
			vertex 0.2910521972179413 0.043153803795576165 0.3031653542816639
			vertex 0.2772243219614029 0.08500000089406973 0.27
		endloop
	endfacet
	facet normal 0.9195061725674907 0.3808716845735918 0.09718620529868677
		outer loop
			vertex 0.2910521972179413 0.043153803795576165 0.3031653542816639
			vertex 0.2942073839902878 0.0439992360770703 0.27
			vertex 0.2772243219614029 0.08500000089406973 0.27
		endloop
	endfacet
	facet normal 0.7895978376904449 0.6058795778374013 0.09718637699876614
		outer loop
			vertex 0.2478983896970749 0.11789838969707496 0.3031653542816639
			vertex 0.2743954408168793 0.08336675167083747 0.3031653542816639
			vertex 0.25020815163850785 0.1202081516385079 0.27
		endloop
	endfacet
	facet normal 0.7895976750370943 0.6058797416031252 0.09718667753836159
		outer loop
			vertex 0.2743954408168793 0.08336675167083747 0.3031653542816639
			vertex 0.2772243219614029 0.08500000089406973 0.27
			vertex 0.25020815163850785 0.1202081516385079 0.27
		endloop
	endfacet
	facet normal 0.6058795597985766 0.7895978141817857 0.09718668045380369
		outer loop
			vertex 0.2133667516708374 0.14439544081687933 0.30316535428166386
			vertex 0.2478983896970749 0.11789838969707496 0.3031653542816639
			vertex 0.21500000089406968 0.14722432196140295 0.27
		endloop
	endfacet
	facet normal 0.6058797592953419 0.7895976980940349 0.09718637991416292
		outer loop
			vertex 0.2478983896970749 0.11789838969707496 0.3031653542816639
			vertex 0.25020815163850785 0.1202081516385079 0.27
			vertex 0.21500000089406968 0.14722432196140295 0.27
		endloop
	endfacet
	facet normal 0.3808720482916261 0.9195060224401578 0.09718620028801214
		outer loop
			vertex 0.1731538037955761 0.16105219721794134 0.30316535428166386
			vertex 0.2133667516708374 0.14439544081687933 0.30316535428166386
			vertex 0.17399923607707024 0.16420738399028784 0.27
		endloop
	endfacet
	facet normal 0.3808716654585064 0.9195061264195632 0.09718671682773407
		outer loop
			vertex 0.2133667516708374 0.14439544081687933 0.30316535428166386
			vertex 0.21500000089406968 0.14722432196140295 0.27
			vertex 0.17399923607707024 0.16420738399028784 0.27
		endloop
	endfacet
	facet normal 0.12990830824923322 0.9867515538695474 0.09718643106862186
		outer loop
			vertex 0.13000000000000003 0.16673350334167486 0.30316535428166386
			vertex 0.1731538037955761 0.16105219721794134 0.30316535428166386
			vertex 0.13000000000000003 0.1700000017881394 0.27
		endloop
	endfacet
	facet normal 0.12990849657644862 0.9867515532276968 0.09718618584950595
		outer loop
			vertex 0.1731538037955761 0.16105219721794134 0.30316535428166386
			vertex 0.17399923607707024 0.16420738399028784 0.27
			vertex 0.13000000000000003 0.1700000017881394 0.27
		endloop
	endfacet
	facet normal -0.12990831140503994 0.9867515778402803 0.09718618347074083
		outer loop
			vertex 0.08684619620442391 0.16105219721794134 0.30316535428166386
			vertex 0.13000000000000003 0.16673350334167486 0.30316535428166386
			vertex 0.08600076392292977 0.16420738399028784 0.27
		endloop
	endfacet
	facet normal -0.12990849348127512 0.9867515297175556 0.0971864286898611
		outer loop
			vertex 0.13000000000000003 0.16673350334167486 0.30316535428166386
			vertex 0.13000000000000003 0.1700000017881394 0.27
			vertex 0.08600076392292977 0.16420738399028784 0.27
		endloop
	endfacet
	facet normal -0.38087202880203924 0.9195059753881556 0.09718672183840393
		outer loop
			vertex 0.0466332483291626 0.14439544081687933 0.30316535428166386
			vertex 0.08684619620442391 0.16105219721794134 0.30316535428166386
			vertex 0.04499999910593033 0.14722432196140295 0.27
		endloop
	endfacet
	facet normal -0.38087168457359166 0.9195061725674907 0.097186205298687
		outer loop
			vertex 0.08684619620442391 0.16105219721794134 0.30316535428166386
			vertex 0.08600076392292977 0.16420738399028784 0.27
			vertex 0.04499999910593033 0.14722432196140295 0.27
		endloop
	endfacet
	facet normal -0.605879577837401 0.7895978376904451 0.09718637699876602
		outer loop
			vertex 0.012101610302925114 0.11789838969707496 0.3031653542816639
			vertex 0.0466332483291626 0.14439544081687933 0.30316535428166386
			vertex 0.009791848361492161 0.1202081516385079 0.27
		endloop
	endfacet
	facet normal -0.6058797416031252 0.7895976750370943 0.097186677538362
		outer loop
			vertex 0.0466332483291626 0.14439544081687933 0.30316535428166386
			vertex 0.04499999910593033 0.14722432196140295 0.27
			vertex 0.009791848361492161 0.1202081516385079 0.27
		endloop
	endfacet
	facet normal -0.7895978141817854 0.6058795597985769 0.0971866804538033
		outer loop
			vertex -0.014395440816879268 0.08336675167083747 0.3031653542816639
			vertex 0.012101610302925114 0.11789838969707496 0.3031653542816639
			vertex -0.01722432196140289 0.08500000089406973 0.27
		endloop
	endfacet
	facet normal -0.7895976980940349 0.6058797592953419 0.09718637991416298
		outer loop
			vertex 0.012101610302925114 0.11789838969707496 0.3031653542816639
			vertex 0.009791848361492161 0.1202081516385079 0.27
			vertex -0.01722432196140289 0.08500000089406973 0.27
		endloop
	endfacet
	facet normal -0.9195060224401578 0.38087204829162613 0.0971862002880119
		outer loop
			vertex -0.03105219721794128 0.043153803795576165 0.3031653542816639
			vertex -0.014395440816879268 0.08336675167083747 0.3031653542816639
			vertex -0.034207383990287776 0.0439992360770703 0.27
		endloop
	endfacet
	facet normal -0.9195061264195632 0.38087166545850654 0.09718671682773376
		outer loop
			vertex -0.014395440816879268 0.08336675167083747 0.3031653542816639
			vertex -0.01722432196140289 0.08500000089406973 0.27
			vertex -0.034207383990287776 0.0439992360770703 0.27
		endloop
	endfacet
	facet normal -0.9867515538695474 0.12990830824923325 0.09718643106862168
		outer loop
			vertex -0.0367335033416748 1.0815416132122934e-16 0.3031653542816639
			vertex -0.03105219721794128 0.043153803795576165 0.3031653542816639
			vertex -0.04000000178813934 1.0159003565590967e-16 0.27
		endloop
	endfacet
	facet normal -0.9867515532276969 0.12990849657644868 0.09718618584950577
		outer loop
			vertex -0.03105219721794128 0.043153803795576165 0.3031653542816639
			vertex -0.034207383990287776 0.0439992360770703 0.27
			vertex -0.04000000178813934 1.0159003565590967e-16 0.27
		endloop
	endfacet
	facet normal -0.9867515532276969 -0.12990849657644857 -0.09718618584950575
		outer loop
			vertex -0.034207383990287776 -0.043999236077070174 0.27
			vertex -0.04000000178813934 5.995204332975846e-17 0.27
			vertex -0.03105219721794128 -0.04315380379557604 0.23683464571833612
		endloop
	endfacet
	facet normal -0.9867515538695475 -0.12990830824923316 -0.09718643106862168
		outer loop
			vertex -0.04000000178813934 5.995204332975846e-17 0.27
			vertex -0.0367335033416748 5.25878553410877e-17 0.23683464571833612
			vertex -0.03105219721794128 -0.04315380379557604 0.23683464571833612
		endloop
	endfacet
	facet normal -0.9195061264195631 -0.3808716654585065 -0.09718671682773365
		outer loop
			vertex -0.01722432196140289 -0.08500000089406962 0.2700000000000001
			vertex -0.034207383990287776 -0.043999236077070174 0.27
			vertex -0.014395440816879268 -0.08336675167083736 0.23683464571833615
		endloop
	endfacet
	facet normal -0.9195060224401577 -0.380872048291626 -0.09718620028801189
		outer loop
			vertex -0.034207383990287776 -0.043999236077070174 0.27
			vertex -0.03105219721794128 -0.04315380379557604 0.23683464571833612
			vertex -0.014395440816879268 -0.08336675167083736 0.23683464571833615
		endloop
	endfacet
	facet normal -0.7895976980940349 -0.6058797592953418 -0.09718637991416293
		outer loop
			vertex 0.009791848361492161 -0.12020815163850779 0.2700000000000001
			vertex -0.01722432196140289 -0.08500000089406962 0.2700000000000001
			vertex 0.012101610302925114 -0.11789838969707485 0.23683464571833615
		endloop
	endfacet
	facet normal -0.7895978141817854 -0.605879559798577 -0.09718668045380319
		outer loop
			vertex -0.01722432196140289 -0.08500000089406962 0.2700000000000001
			vertex -0.014395440816879268 -0.08336675167083736 0.23683464571833615
			vertex 0.012101610302925114 -0.11789838969707485 0.23683464571833615
		endloop
	endfacet
	facet normal -0.6058797416031252 -0.7895976750370944 -0.09718667753836178
		outer loop
			vertex 0.04499999910593033 -0.14722432196140284 0.2700000000000001
			vertex 0.009791848361492161 -0.12020815163850779 0.2700000000000001
			vertex 0.0466332483291626 -0.14439544081687922 0.23683464571833615
		endloop
	endfacet
	facet normal -0.6058795778374011 -0.789597837690445 -0.09718637699876596
		outer loop
			vertex 0.009791848361492161 -0.12020815163850779 0.2700000000000001
			vertex 0.012101610302925114 -0.11789838969707485 0.23683464571833615
			vertex 0.0466332483291626 -0.14439544081687922 0.23683464571833615
		endloop
	endfacet
	facet normal -0.3808716845735917 -0.9195061725674908 -0.09718620529868677
		outer loop
			vertex 0.08600076392292977 -0.16420738399028773 0.2700000000000001
			vertex 0.04499999910593033 -0.14722432196140284 0.2700000000000001
			vertex 0.08684619620442391 -0.16105219721794123 0.23683464571833615
		endloop
	endfacet
	facet normal -0.38087202880203924 -0.9195059753881556 -0.0971867218384037
		outer loop
			vertex 0.04499999910593033 -0.14722432196140284 0.2700000000000001
			vertex 0.0466332483291626 -0.14439544081687922 0.23683464571833615
			vertex 0.08684619620442391 -0.16105219721794123 0.23683464571833615
		endloop
	endfacet
	facet normal -0.1299084934812752 -0.9867515297175558 -0.09718642868986087
		outer loop
			vertex 0.13 -0.1700000017881393 0.2700000000000001
			vertex 0.08600076392292977 -0.16420738399028773 0.2700000000000001
			vertex 0.13 -0.16673350334167475 0.23683464571833615
		endloop
	endfacet
	facet normal -0.12990831140504003 -0.9867515778402803 -0.09718618347074057
		outer loop
			vertex 0.08600076392292977 -0.16420738399028773 0.2700000000000001
			vertex 0.08684619620442391 -0.16105219721794123 0.23683464571833615
			vertex 0.13 -0.16673350334167475 0.23683464571833615
		endloop
	endfacet
	facet normal 0.12990849657644854 -0.9867515532276968 -0.0971861858495057
		outer loop
			vertex 0.17399923607707024 -0.16420738399028773 0.2700000000000001
			vertex 0.13 -0.1700000017881393 0.2700000000000001
			vertex 0.1731538037955761 -0.16105219721794123 0.23683464571833615
		endloop
	endfacet
	facet normal 0.12990830824923313 -0.9867515538695474 -0.09718643106862163
		outer loop
			vertex 0.13 -0.1700000017881393 0.2700000000000001
			vertex 0.13 -0.16673350334167475 0.23683464571833615
			vertex 0.1731538037955761 -0.16105219721794123 0.23683464571833615
		endloop
	endfacet
	facet normal 0.38087166545850637 -0.9195061264195631 -0.09718671682773382
		outer loop
			vertex 0.21500000089406968 -0.14722432196140284 0.2700000000000001
			vertex 0.17399923607707024 -0.16420738399028773 0.2700000000000001
			vertex 0.2133667516708374 -0.14439544081687922 0.23683464571833615
		endloop
	endfacet
	facet normal 0.3808720482916261 -0.9195060224401577 -0.09718620028801188
		outer loop
			vertex 0.17399923607707024 -0.16420738399028773 0.2700000000000001
			vertex 0.1731538037955761 -0.16105219721794123 0.23683464571833615
			vertex 0.2133667516708374 -0.14439544081687922 0.23683464571833615
		endloop
	endfacet
	facet normal 0.6058797592953418 -0.7895976980940349 -0.09718637991416285
		outer loop
			vertex 0.25020815163850785 -0.12020815163850779 0.2700000000000001
			vertex 0.21500000089406968 -0.14722432196140284 0.2700000000000001
			vertex 0.2478983896970749 -0.11789838969707485 0.23683464571833615
		endloop
	endfacet
	facet normal 0.6058795597985767 -0.7895978141817854 -0.09718668045380342
		outer loop
			vertex 0.21500000089406968 -0.14722432196140284 0.2700000000000001
			vertex 0.2133667516708374 -0.14439544081687922 0.23683464571833615
			vertex 0.2478983896970749 -0.11789838969707485 0.23683464571833615
		endloop
	endfacet
	facet normal 0.7895976750370944 -0.6058797416031252 -0.09718667753836148
		outer loop
			vertex 0.2772243219614029 -0.08500000089406962 0.2700000000000001
			vertex 0.25020815163850785 -0.12020815163850779 0.2700000000000001
			vertex 0.2743954408168793 -0.08336675167083736 0.23683464571833615
		endloop
	endfacet
	facet normal 0.789597837690445 -0.6058795778374014 -0.09718637699876605
		outer loop
			vertex 0.25020815163850785 -0.12020815163850779 0.2700000000000001
			vertex 0.2478983896970749 -0.11789838969707485 0.23683464571833615
			vertex 0.2743954408168793 -0.08336675167083736 0.23683464571833615
		endloop
	endfacet
	facet normal 0.9195061725674907 -0.3808716845735918 -0.09718620529868675
		outer loop
			vertex 0.2942073839902878 -0.043999236077070174 0.27
			vertex 0.2772243219614029 -0.08500000089406962 0.2700000000000001
			vertex 0.2910521972179413 -0.04315380379557604 0.23683464571833612
		endloop
	endfacet
	facet normal 0.9195059753881557 -0.3808720288020393 -0.09718672183840356
		outer loop
			vertex 0.2772243219614029 -0.08500000089406962 0.2700000000000001
			vertex 0.2743954408168793 -0.08336675167083736 0.23683464571833615
			vertex 0.2910521972179413 -0.04315380379557604 0.23683464571833612
		endloop
	endfacet
	facet normal 0.9867515297175558 -0.12990849348127528 -0.09718642868986094
		outer loop
			vertex 0.30000000178813935 3.913304716668285e-17 0.27
			vertex 0.2942073839902878 -0.043999236077070174 0.27
			vertex 0.2967335033416748 3.216889033968764e-17 0.23683464571833612
		endloop
	endfacet
	facet normal 0.9867515778402803 -0.12990831140504008 -0.09718618347074064
		outer loop
			vertex 0.2942073839902878 -0.043999236077070174 0.27
			vertex 0.2910521972179413 -0.04315380379557604 0.23683464571833612
			vertex 0.2967335033416748 3.216889033968764e-17 0.23683464571833612
		endloop
	endfacet
	facet normal 0.9867515532276969 0.1299084965764485 -0.09718618584950584
		outer loop
			vertex 0.2942073839902878 0.0439992360770703 0.27
			vertex 0.30000000178813935 3.913304716668285e-17 0.27
			vertex 0.2910521972179413 0.04315380379557615 0.23683464571833612
		endloop
	endfacet
	facet normal 0.9867515538695475 0.1299083082492331 -0.09718643106862176
		outer loop
			vertex 0.30000000178813935 3.913304716668285e-17 0.27
			vertex 0.2967335033416748 3.216889033968764e-17 0.23683464571833612
			vertex 0.2910521972179413 0.04315380379557615 0.23683464571833612
		endloop
	endfacet
	facet normal 0.9195061264195631 0.3808716654585065 -0.09718671682773398
		outer loop
			vertex 0.2772243219614029 0.08500000089406973 0.27
			vertex 0.2942073839902878 0.0439992360770703 0.27
			vertex 0.2743954408168793 0.08336675167083744 0.2368346457183361
		endloop
	endfacet
	facet normal 0.9195060224401578 0.3808720482916262 -0.09718620028801205
		outer loop
			vertex 0.2942073839902878 0.0439992360770703 0.27
			vertex 0.2910521972179413 0.04315380379557615 0.23683464571833612
			vertex 0.2743954408168793 0.08336675167083744 0.2368346457183361
		endloop
	endfacet
	facet normal 0.7895976980940349 0.6058797592953418 -0.09718637991416336
		outer loop
			vertex 0.25020815163850785 0.1202081516385079 0.27
			vertex 0.2772243219614029 0.08500000089406973 0.27
			vertex 0.2478983896970749 0.11789838969707493 0.2368346457183361
		endloop
	endfacet
	facet normal 0.7895978141817853 0.6058795597985769 -0.0971866804538037
		outer loop
			vertex 0.2772243219614029 0.08500000089406973 0.27
			vertex 0.2743954408168793 0.08336675167083744 0.2368346457183361
			vertex 0.2478983896970749 0.11789838969707493 0.2368346457183361
		endloop
	endfacet
	facet normal 0.6058797416031252 0.7895976750370944 -0.09718667753836178
		outer loop
			vertex 0.21500000089406968 0.14722432196140295 0.27
			vertex 0.25020815163850785 0.1202081516385079 0.27
			vertex 0.2133667516708374 0.14439544081687933 0.2368346457183361
		endloop
	endfacet
	facet normal 0.6058795778374015 0.7895978376904447 -0.0971863769987666
		outer loop
			vertex 0.25020815163850785 0.1202081516385079 0.27
			vertex 0.2478983896970749 0.11789838969707493 0.2368346457183361
			vertex 0.2133667516708374 0.14439544081687933 0.2368346457183361
		endloop
	endfacet
	facet normal 0.3808716845735917 0.9195061725674908 -0.09718620529868677
		outer loop
			vertex 0.17399923607707024 0.16420738399028784 0.27
			vertex 0.21500000089406968 0.14722432196140295 0.27
			vertex 0.1731538037955761 0.16105219721794134 0.2368346457183361
		endloop
	endfacet
	facet normal 0.38087202880203924 0.9195059753881556 -0.0971867218384037
		outer loop
			vertex 0.21500000089406968 0.14722432196140295 0.27
			vertex 0.2133667516708374 0.14439544081687933 0.2368346457183361
			vertex 0.1731538037955761 0.16105219721794134 0.2368346457183361
		endloop
	endfacet
	facet normal 0.1299084934812753 0.9867515297175556 -0.09718642868986087
		outer loop
			vertex 0.13000000000000003 0.1700000017881394 0.27
			vertex 0.17399923607707024 0.16420738399028784 0.27
			vertex 0.13000000000000003 0.16673350334167486 0.2368346457183361
		endloop
	endfacet
	facet normal 0.1299083114050401 0.9867515778402802 -0.09718618347074057
		outer loop
			vertex 0.17399923607707024 0.16420738399028784 0.27
			vertex 0.1731538037955761 0.16105219721794134 0.2368346457183361
			vertex 0.13000000000000003 0.16673350334167486 0.2368346457183361
		endloop
	endfacet
	facet normal -0.12990849657644848 0.9867515532276969 -0.09718618584950572
		outer loop
			vertex 0.08600076392292977 0.16420738399028784 0.27
			vertex 0.13000000000000003 0.1700000017881394 0.27
			vertex 0.08684619620442391 0.16105219721794134 0.2368346457183361
		endloop
	endfacet
	facet normal -0.12990830824923305 0.9867515538695474 -0.09718643106862163
		outer loop
			vertex 0.13000000000000003 0.1700000017881394 0.27
			vertex 0.13000000000000003 0.16673350334167486 0.2368346457183361
			vertex 0.08684619620442391 0.16105219721794134 0.2368346457183361
		endloop
	endfacet
	facet normal -0.38087166545850637 0.9195061264195631 -0.09718671682773382
		outer loop
			vertex 0.04499999910593033 0.14722432196140295 0.27
			vertex 0.08600076392292977 0.16420738399028784 0.27
			vertex 0.0466332483291626 0.14439544081687933 0.2368346457183361
		endloop
	endfacet
	facet normal -0.3808720482916261 0.9195060224401577 -0.09718620028801188
		outer loop
			vertex 0.08600076392292977 0.16420738399028784 0.27
			vertex 0.08684619620442391 0.16105219721794134 0.2368346457183361
			vertex 0.0466332483291626 0.14439544081687933 0.2368346457183361
		endloop
	endfacet
	facet normal -0.6058797592953418 0.7895976980940349 -0.09718637991416343
		outer loop
			vertex 0.009791848361492161 0.1202081516385079 0.27
			vertex 0.04499999910593033 0.14722432196140295 0.27
			vertex 0.012101610302925114 0.11789838969707493 0.2368346457183361
		endloop
	endfacet
	facet normal -0.6058795597985771 0.7895978141817851 -0.09718668045380342
		outer loop
			vertex 0.04499999910593033 0.14722432196140295 0.27
			vertex 0.0466332483291626 0.14439544081687933 0.2368346457183361
			vertex 0.012101610302925114 0.11789838969707493 0.2368346457183361
		endloop
	endfacet
	facet normal -0.7895976750370944 0.6058797416031252 -0.09718667753836208
		outer loop
			vertex -0.01722432196140289 0.08500000089406973 0.27
			vertex 0.009791848361492161 0.1202081516385079 0.27
			vertex -0.014395440816879268 0.08336675167083744 0.2368346457183361
		endloop
	endfacet
	facet normal -0.7895978376904448 0.6058795778374013 -0.09718637699876655
		outer loop
			vertex 0.009791848361492161 0.1202081516385079 0.27
			vertex 0.012101610302925114 0.11789838969707493 0.2368346457183361
			vertex -0.014395440816879268 0.08336675167083744 0.2368346457183361
		endloop
	endfacet
	facet normal -0.9195061725674907 0.3808716845735918 -0.09718620529868692
		outer loop
			vertex -0.034207383990287776 0.0439992360770703 0.27
			vertex -0.01722432196140289 0.08500000089406973 0.27
			vertex -0.03105219721794128 0.04315380379557615 0.23683464571833612
		endloop
	endfacet
	facet normal -0.9195059753881556 0.3808720288020393 -0.09718672183840386
		outer loop
			vertex -0.01722432196140289 0.08500000089406973 0.27
			vertex -0.014395440816879268 0.08336675167083744 0.2368346457183361
			vertex -0.03105219721794128 0.04315380379557615 0.23683464571833612
		endloop
	endfacet
	facet normal -0.9867515297175556 0.1299084934812753 -0.09718642868986099
		outer loop
			vertex -0.04000000178813934 1.0159003565590967e-16 0.27
			vertex -0.034207383990287776 0.0439992360770703 0.27
			vertex -0.0367335033416748 9.342578534388783e-17 0.23683464571833612
		endloop
	endfacet
	facet normal -0.9867515778402803 0.12990831140504014 -0.09718618347074066
		outer loop
			vertex -0.034207383990287776 0.0439992360770703 0.27
			vertex -0.03105219721794128 0.04315380379557615 0.23683464571833612
			vertex -0.0367335033416748 9.342578534388783e-17 0.23683464571833612
		endloop
	endfacet
	facet normal -0.9494352624863304 -0.12499552522424684 -0.2880083349860338
		outer loop
			vertex -0.03105219721794128 -0.04315380379557604 0.23683464571833612
			vertex -0.0367335033416748 5.25878553410877e-17 0.23683464571833612
			vertex -0.021707842946052547 -0.04064999520778651 0.2049438175559044
		endloop
	endfacet
	facet normal -0.9494352843467131 -0.12499562319914966 -0.28800822040096796
		outer loop
			vertex -0.0367335033416748 5.25878553410877e-17 0.23683464571833612
			vertex -0.027059520483016963 4.550666900102849e-17 0.2049438175559044
			vertex -0.021707842946052547 -0.04064999520778651 0.2049438175559044
		endloop
	endfacet
	facet normal -0.8847328226159581 -0.3664685103924941 -0.2880080961999267
		outer loop
			vertex -0.014395440816879268 -0.08336675167083736 0.23683464571833615
			vertex -0.03105219721794128 -0.04315380379557604 0.23683464571833612
			vertex -0.0060175311565399126 -0.07852976024150844 0.2049438175559044
		endloop
	endfacet
	facet normal -0.8847328305488131 -0.3664683228465358 -0.28800831046886927
		outer loop
			vertex -0.03105219721794128 -0.04315380379557604 0.23683464571833612
			vertex -0.021707842946052547 -0.04064999520778651 0.2049438175559044
			vertex -0.0060175311565399126 -0.07852976024150844 0.2049438175559044
		endloop
	endfacet
	facet normal -0.7597374336730593 -0.58296688973655 -0.288008050836721
		outer loop
			vertex 0.012101610302925114 -0.11789838969707485 0.23683464571833615
			vertex -0.014395440816879268 -0.08336675167083736 0.23683464571833615
			vertex 0.018942144811153416 -0.11105785518884655 0.20494381755590443
		endloop
	endfacet
	facet normal -0.7597374505875996 -0.5829668358349314 -0.2880081153218833
		outer loop
			vertex -0.014395440816879268 -0.08336675167083736 0.23683464571833615
			vertex -0.0060175311565399126 -0.07852976024150844 0.2049438175559044
			vertex 0.018942144811153416 -0.11105785518884655 0.20494381755590443
		endloop
	endfacet
	facet normal -0.5829668782829626 -0.7597374187464504 -0.28800811339526283
		outer loop
			vertex 0.0466332483291626 -0.14439544081687922 0.23683464571833615
			vertex 0.012101610302925114 -0.11789838969707485 0.23683464571833615
			vertex 0.05147023975849152 -0.1360175311565399 0.20494381755590443
		endloop
	endfacet
	facet normal -0.5829668479939932 -0.7597374664336031 -0.28800804891009274
		outer loop
			vertex 0.012101610302925114 -0.11789838969707485 0.23683464571833615
			vertex 0.018942144811153416 -0.11105785518884655 0.20494381755590443
			vertex 0.05147023975849152 -0.1360175311565399 0.20494381755590443
		endloop
	endfacet
	facet normal -0.3664684864684917 -0.884732764858335 -0.2880083040671207
		outer loop
			vertex 0.08684619620442391 -0.16105219721794123 0.23683464571833615
			vertex 0.0466332483291626 -0.14439544081687922 0.23683464571833615
			vertex 0.08935000479221344 -0.15170784294605252 0.20494381755590443
		endloop
	endfacet
	facet normal -0.3664683482441144 -0.8847328918639941 -0.28800808979819414
		outer loop
			vertex 0.0466332483291626 -0.14439544081687922 0.23683464571833615
			vertex 0.05147023975849152 -0.1360175311565399 0.20494381755590443
			vertex 0.08935000479221344 -0.15170784294605252 0.20494381755590443
		endloop
	endfacet
	facet normal -0.12499552958800465 -0.9494352956323613 -0.2880082238244335
		outer loop
			vertex 0.13 -0.16673350334167475 0.23683464571833615
			vertex 0.08684619620442391 -0.16105219721794123 0.23683464571833615
			vertex 0.13 -0.15705952048301694 0.20494381755590446
		endloop
	endfacet
	facet normal -0.12499561856660563 -0.9494352491590764 -0.28800833840948803
		outer loop
			vertex 0.08684619620442391 -0.16105219721794123 0.23683464571833615
			vertex 0.08935000479221344 -0.15170784294605252 0.20494381755590443
			vertex 0.13 -0.15705952048301694 0.20494381755590446
		endloop
	endfacet
	facet normal 0.1249955252242469 -0.9494352624863307 -0.28800833498603307
		outer loop
			vertex 0.1731538037955761 -0.16105219721794123 0.23683464571833615
			vertex 0.13 -0.16673350334167475 0.23683464571833615
			vertex 0.17064999520778656 -0.15170784294605252 0.20494381755590443
		endloop
	endfacet
	facet normal 0.12499562319914947 -0.9494352843467132 -0.28800822040096746
		outer loop
			vertex 0.13 -0.16673350334167475 0.23683464571833615
			vertex 0.13 -0.15705952048301694 0.20494381755590446
			vertex 0.17064999520778656 -0.15170784294605252 0.20494381755590443
		endloop
	endfacet
	facet normal 0.3664685103924941 -0.8847328226159582 -0.2880080961999261
		outer loop
			vertex 0.2133667516708374 -0.14439544081687922 0.23683464571833615
			vertex 0.1731538037955761 -0.16105219721794123 0.23683464571833615
			vertex 0.2085297602415085 -0.1360175311565399 0.20494381755590443
		endloop
	endfacet
	facet normal 0.3664683228465359 -0.8847328305488132 -0.28800831046886866
		outer loop
			vertex 0.1731538037955761 -0.16105219721794123 0.23683464571833615
			vertex 0.17064999520778656 -0.15170784294605252 0.20494381755590443
			vertex 0.2085297602415085 -0.1360175311565399 0.20494381755590443
		endloop
	endfacet
	facet normal 0.5829668897365498 -0.7597374336730596 -0.28800805083672104
		outer loop
			vertex 0.2478983896970749 -0.11789838969707485 0.23683464571833615
			vertex 0.2133667516708374 -0.14439544081687922 0.23683464571833615
			vertex 0.2410578551888466 -0.11105785518884655 0.20494381755590443
		endloop
	endfacet
	facet normal 0.5829668358349315 -0.7597374505875997 -0.2880081153218829
		outer loop
			vertex 0.2133667516708374 -0.14439544081687922 0.23683464571833615
			vertex 0.2085297602415085 -0.1360175311565399 0.20494381755590443
			vertex 0.2410578551888466 -0.11105785518884655 0.20494381755590443
		endloop
	endfacet
	facet normal 0.75973741874645 -0.5829668782829627 -0.28800811339526317
		outer loop
			vertex 0.2743954408168793 -0.08336675167083736 0.23683464571833615
			vertex 0.2478983896970749 -0.11789838969707485 0.23683464571833615
			vertex 0.2660175311565399 -0.07852976024150844 0.2049438175559044
		endloop
	endfacet
	facet normal 0.7597374664336032 -0.5829668479939932 -0.28800804891009274
		outer loop
			vertex 0.2478983896970749 -0.11789838969707485 0.23683464571833615
			vertex 0.2410578551888466 -0.11105785518884655 0.20494381755590443
			vertex 0.2660175311565399 -0.07852976024150844 0.2049438175559044
		endloop
	endfacet
	facet normal 0.8847327648583349 -0.3664684864684917 -0.28800830406712136
		outer loop
			vertex 0.2910521972179413 -0.04315380379557604 0.23683464571833612
			vertex 0.2743954408168793 -0.08336675167083736 0.23683464571833615
			vertex 0.28170784294605256 -0.04064999520778651 0.2049438175559044
		endloop
	endfacet
	facet normal 0.8847328918639941 -0.3664683482441143 -0.28800808979819464
		outer loop
			vertex 0.2743954408168793 -0.08336675167083736 0.23683464571833615
			vertex 0.2660175311565399 -0.07852976024150844 0.2049438175559044
			vertex 0.28170784294605256 -0.04064999520778651 0.2049438175559044
		endloop
	endfacet
	facet normal 0.9494352956323613 -0.12499552958800472 -0.28800822382443403
		outer loop
			vertex 0.2967335033416748 3.216889033968764e-17 0.23683464571833612
			vertex 0.2910521972179413 -0.04315380379557604 0.23683464571833612
			vertex 0.28705952048301697 2.6272425160151374e-17 0.2049438175559044
		endloop
	endfacet
	facet normal 0.9494352491590763 -0.12499561856660586 -0.28800833840948875
		outer loop
			vertex 0.2910521972179413 -0.04315380379557604 0.23683464571833612
			vertex 0.28170784294605256 -0.04064999520778651 0.2049438175559044
			vertex 0.28705952048301697 2.6272425160151374e-17 0.2049438175559044
		endloop
	endfacet
	facet normal 0.9494352624863306 0.12499552522424681 -0.28800833498603384
		outer loop
			vertex 0.2910521972179413 0.04315380379557615 0.23683464571833612
			vertex 0.2967335033416748 3.216889033968764e-17 0.23683464571833612
			vertex 0.28170784294605256 0.04064999520778661 0.2049438175559044
		endloop
	endfacet
	facet normal 0.949435284346713 0.12499562319914959 -0.288008220400968
		outer loop
			vertex 0.2967335033416748 3.216889033968764e-17 0.23683464571833612
			vertex 0.28705952048301697 2.6272425160151374e-17 0.2049438175559044
			vertex 0.28170784294605256 0.04064999520778661 0.2049438175559044
		endloop
	endfacet
	facet normal 0.884732822615958 0.36646851039249406 -0.288008096199927
		outer loop
			vertex 0.2743954408168793 0.08336675167083744 0.2368346457183361
			vertex 0.2910521972179413 0.04315380379557615 0.23683464571833612
			vertex 0.2660175311565399 0.07852976024150853 0.2049438175559044
		endloop
	endfacet
	facet normal 0.8847328305488129 0.36646832284653585 -0.2880083104688694
		outer loop
			vertex 0.2910521972179413 0.04315380379557615 0.23683464571833612
			vertex 0.28170784294605256 0.04064999520778661 0.2049438175559044
			vertex 0.2660175311565399 0.07852976024150853 0.2049438175559044
		endloop
	endfacet
	facet normal 0.7597374336730593 0.58296688973655 -0.288008050836721
		outer loop
			vertex 0.2478983896970749 0.11789838969707493 0.2368346457183361
			vertex 0.2743954408168793 0.08336675167083744 0.2368346457183361
			vertex 0.2410578551888466 0.11105785518884663 0.20494381755590438
		endloop
	endfacet
	facet normal 0.7597374505875997 0.5829668358349309 -0.2880081153218837
		outer loop
			vertex 0.2743954408168793 0.08336675167083744 0.2368346457183361
			vertex 0.2660175311565399 0.07852976024150853 0.2049438175559044
			vertex 0.2410578551888466 0.11105785518884663 0.20494381755590438
		endloop
	endfacet
	facet normal 0.5829668782829627 0.7597374187464496 -0.28800811339526405
		outer loop
			vertex 0.2133667516708374 0.14439544081687933 0.2368346457183361
			vertex 0.2478983896970749 0.11789838969707493 0.2368346457183361
			vertex 0.2085297602415085 0.13601753115653994 0.20494381755590438
		endloop
	endfacet
	facet normal 0.5829668479939928 0.7597374664336034 -0.28800804891009274
		outer loop
			vertex 0.2478983896970749 0.11789838969707493 0.2368346457183361
			vertex 0.2410578551888466 0.11105785518884663 0.20494381755590438
			vertex 0.2085297602415085 0.13601753115653994 0.20494381755590438
		endloop
	endfacet
	facet normal 0.36646848646849156 0.8847327648583346 -0.28800830406712213
		outer loop
			vertex 0.1731538037955761 0.16105219721794134 0.2368346457183361
			vertex 0.2133667516708374 0.14439544081687933 0.2368346457183361
			vertex 0.17064999520778656 0.15170784294605258 0.20494381755590438
		endloop
	endfacet
	facet normal 0.3664683482441143 0.8847328918639938 -0.2880080897981956
		outer loop
			vertex 0.2133667516708374 0.14439544081687933 0.2368346457183361
			vertex 0.2085297602415085 0.13601753115653994 0.20494381755590438
			vertex 0.17064999520778656 0.15170784294605258 0.20494381755590438
		endloop
	endfacet
	facet normal 0.12499552958800472 0.9494352956323611 -0.2880082238244346
		outer loop
			vertex 0.13000000000000003 0.16673350334167486 0.2368346457183361
			vertex 0.1731538037955761 0.16105219721794134 0.2368346457183361
			vertex 0.13000000000000003 0.157059520483017 0.20494381755590435
		endloop
	endfacet
	facet normal 0.12499561856660601 0.9494352491590758 -0.28800833840948953
		outer loop
			vertex 0.1731538037955761 0.16105219721794134 0.2368346457183361
			vertex 0.17064999520778656 0.15170784294605258 0.20494381755590438
			vertex 0.13000000000000003 0.157059520483017 0.20494381755590435
		endloop
	endfacet
	facet normal -0.12499552522424674 0.9494352624863303 -0.28800833498603456
		outer loop
			vertex 0.08684619620442391 0.16105219721794134 0.2368346457183361
			vertex 0.13000000000000003 0.16673350334167486 0.2368346457183361
			vertex 0.08935000479221344 0.15170784294605258 0.20494381755590438
		endloop
	endfacet
	facet normal -0.12499562319914974 0.9494352843467129 -0.2880082204009686
		outer loop
			vertex 0.13000000000000003 0.16673350334167486 0.2368346457183361
			vertex 0.13000000000000003 0.157059520483017 0.20494381755590435
			vertex 0.08935000479221344 0.15170784294605258 0.20494381755590438
		endloop
	endfacet
	facet normal -0.36646851039249395 0.8847328226159578 -0.2880080961999275
		outer loop
			vertex 0.0466332483291626 0.14439544081687933 0.2368346457183361
			vertex 0.08684619620442391 0.16105219721794134 0.2368346457183361
			vertex 0.05147023975849152 0.13601753115653994 0.20494381755590438
		endloop
	endfacet
	facet normal -0.36646832284653574 0.8847328305488128 -0.28800831046887004
		outer loop
			vertex 0.08684619620442391 0.16105219721794134 0.2368346457183361
			vertex 0.08935000479221344 0.15170784294605258 0.20494381755590438
			vertex 0.05147023975849152 0.13601753115653994 0.20494381755590438
		endloop
	endfacet
	facet normal -0.5829668897365501 0.7597374336730591 -0.2880080508367209
		outer loop
			vertex 0.012101610302925114 0.11789838969707493 0.2368346457183361
			vertex 0.0466332483291626 0.14439544081687933 0.2368346457183361
			vertex 0.018942144811153416 0.11105785518884663 0.20494381755590438
		endloop
	endfacet
	facet normal -0.5829668358349308 0.7597374505875994 -0.28800811532188414
		outer loop
			vertex 0.0466332483291626 0.14439544081687933 0.2368346457183361
			vertex 0.05147023975849152 0.13601753115653994 0.20494381755590438
			vertex 0.018942144811153416 0.11105785518884663 0.20494381755590438
		endloop
	endfacet
	facet normal -0.7597374187464501 0.5829668782829626 -0.28800811339526367
		outer loop
			vertex -0.014395440816879268 0.08336675167083744 0.2368346457183361
			vertex 0.012101610302925114 0.11789838969707493 0.2368346457183361
			vertex -0.0060175311565399126 0.07852976024150853 0.2049438175559044
		endloop
	endfacet
	facet normal -0.7597374664336034 0.5829668479939928 -0.2880080489100927
		outer loop
			vertex 0.012101610302925114 0.11789838969707493 0.2368346457183361
			vertex 0.018942144811153416 0.11105785518884663 0.20494381755590438
			vertex -0.0060175311565399126 0.07852976024150853 0.2049438175559044
		endloop
	endfacet
	facet normal -0.8847327648583349 0.36646848646849167 -0.2880083040671215
		outer loop
			vertex -0.03105219721794128 0.04315380379557615 0.23683464571833612
			vertex -0.014395440816879268 0.08336675167083744 0.2368346457183361
			vertex -0.021707842946052547 0.04064999520778661 0.2049438175559044
		endloop
	endfacet
	facet normal -0.8847328918639938 0.36646834824411434 -0.2880080897981951
		outer loop
			vertex -0.014395440816879268 0.08336675167083744 0.2368346457183361
			vertex -0.0060175311565399126 0.07852976024150853 0.2049438175559044
			vertex -0.021707842946052547 0.04064999520778661 0.2049438175559044
		endloop
	endfacet
	facet normal -0.9494352956323613 0.12499552958800476 -0.28800822382443403
		outer loop
			vertex -0.0367335033416748 9.342578534388783e-17 0.23683464571833612
			vertex -0.03105219721794128 0.04315380379557615 0.23683464571833612
			vertex -0.027059520483016963 8.397515668278272e-17 0.2049438175559044
		endloop
	endfacet
	facet normal -0.9494352491590763 0.1249956185666059 -0.28800833840948886
		outer loop
			vertex -0.03105219721794128 0.04315380379557615 0.23683464571833612
			vertex -0.021707842946052547 0.04064999520778661 0.2049438175559044
			vertex -0.027059520483016963 8.397515668278272e-17 0.2049438175559044
		endloop
	endfacet
	facet normal -0.8760362170883559 -0.11533244519696755 -0.4682509726999097
		outer loop
			vertex -0.021707842946052547 -0.04064999520778651 0.2049438175559044
			vertex -0.027059520483016963 4.550666900102849e-17 0.2049438175559044
			vertex -0.0065334540605545 -0.03658403083682056 0.17555305778980257
		endloop
	endfacet
	facet normal -0.876036220669675 -0.11533245441265119 -0.46825096372986397
		outer loop
			vertex -0.027059520483016963 4.550666900102849e-17 0.2049438175559044
			vertex -0.011349837183952327 3.89806093603179e-17 0.17555305778980257
			vertex -0.0065334540605545 -0.03658403083682056 0.17555305778980257
		endloop
	endfacet
	facet normal -0.8163358263348726 -0.3381373572074944 -0.4682509437287791
		outer loop
			vertex -0.0060175311565399126 -0.07852976024150844 0.2049438175559044
			vertex -0.021707842946052547 -0.04064999520778651 0.2049438175559044
			vertex 0.007587452530860905 -0.07067491859197614 0.17555305778980257
		endloop
	endfacet
	facet normal -0.8163358238519641 -0.3381373344874667 -0.4682509644641925
		outer loop
			vertex -0.021707842946052547 -0.04064999520778651 0.2049438175559044
			vertex -0.0065334540605545 -0.03658403083682056 0.17555305778980257
			vertex 0.007587452530860905 -0.07067491859197614 0.17555305778980257
		endloop
	endfacet
	facet normal -0.7010034859699901 -0.5378986961997371 -0.4682511134899147
		outer loop
			vertex 0.018942144811153416 -0.11105785518884655 0.20494381755590443
			vertex -0.0060175311565399126 -0.07852976024150844 0.2049438175559044
			vertex 0.030050573050975804 -0.09994942694902417 0.1755530577898026
		endloop
	endfacet
	facet normal -0.7010034581259645 -0.5378988768263888 -0.468250947681207
		outer loop
			vertex -0.0060175311565399126 -0.07852976024150844 0.2049438175559044
			vertex 0.007587452530860905 -0.07067491859197614 0.17555305778980257
			vertex 0.030050573050975804 -0.09994942694902417 0.1755530577898026
		endloop
	endfacet
	facet normal -0.5378987468745917 -0.7010035520107707 -0.4682509564101572
		outer loop
			vertex 0.05147023975849152 -0.1360175311565399 0.20494381755590443
			vertex 0.018942144811153416 -0.11105785518884655 0.20494381755590443
			vertex 0.05932508140802384 -0.12241254746913907 0.1755530577898026
		endloop
	endfacet
	facet normal -0.5378988205194944 -0.7010033847453923 -0.4682511222188799
		outer loop
			vertex 0.018942144811153416 -0.11105785518884655 0.20494381755590443
			vertex 0.030050573050975804 -0.09994942694902417 0.1755530577898026
			vertex 0.05932508140802384 -0.12241254746913907 0.1755530577898026
		endloop
	endfacet
	facet normal -0.33813735322376004 -0.8163358167172865 -0.4682509633725818
		outer loop
			vertex 0.08935000479221344 -0.15170784294605252 0.20494381755590443
			vertex 0.05147023975849152 -0.1360175311565399 0.20494381755590443
			vertex 0.0934159691631794 -0.13653345406055448 0.1755530577898026
		endloop
	endfacet
	facet normal -0.3381373389139551 -0.8163358345384532 -0.4682509426371684
		outer loop
			vertex 0.05147023975849152 -0.1360175311565399 0.20494381755590443
			vertex 0.05932508140802384 -0.12241254746913907 0.1755530577898026
			vertex 0.0934159691631794 -0.13653345406055448 0.1755530577898026
		endloop
	endfacet
	facet normal -0.11533244578476878 -0.8760362215531484 -0.4682509642020897
		outer loop
			vertex 0.13 -0.15705952048301694 0.20494381755590446
			vertex 0.08935000479221344 -0.15170784294605252 0.20494381755590443
			vertex 0.13 -0.1413498371839523 0.1755530577898026
		endloop
	endfacet
	facet normal -0.11533245375952111 -0.8760362157086639 -0.46825097317213477
		outer loop
			vertex 0.08935000479221344 -0.15170784294605252 0.20494381755590443
			vertex 0.0934159691631794 -0.13653345406055448 0.1755530577898026
			vertex 0.13 -0.1413498371839523 0.1755530577898026
		endloop
	endfacet
	facet normal 0.11533244519696723 -0.8760362170883559 -0.4682509726999097
		outer loop
			vertex 0.17064999520778656 -0.15170784294605252 0.20494381755590443
			vertex 0.13 -0.15705952048301694 0.20494381755590446
			vertex 0.1665840308368206 -0.13653345406055448 0.1755530577898026
		endloop
	endfacet
	facet normal 0.11533245441265123 -0.8760362206696753 -0.46825096372986363
		outer loop
			vertex 0.13 -0.15705952048301694 0.20494381755590446
			vertex 0.13 -0.1413498371839523 0.1755530577898026
			vertex 0.1665840308368206 -0.13653345406055448 0.1755530577898026
		endloop
	endfacet
	facet normal 0.33813735720749444 -0.8163358263348726 -0.4682509437287793
		outer loop
			vertex 0.2085297602415085 -0.1360175311565399 0.20494381755590443
			vertex 0.17064999520778656 -0.15170784294605252 0.20494381755590443
			vertex 0.20067491859197617 -0.12241254746913907 0.1755530577898026
		endloop
	endfacet
	facet normal 0.33813733448746675 -0.8163358238519639 -0.4682509644641925
		outer loop
			vertex 0.17064999520778656 -0.15170784294605252 0.20494381755590443
			vertex 0.1665840308368206 -0.13653345406055448 0.1755530577898026
			vertex 0.20067491859197617 -0.12241254746913907 0.1755530577898026
		endloop
	endfacet
	facet normal 0.5378986961997371 -0.7010034859699902 -0.46825111348991466
		outer loop
			vertex 0.2410578551888466 -0.11105785518884655 0.20494381755590443
			vertex 0.2085297602415085 -0.1360175311565399 0.20494381755590443
			vertex 0.2299494269490242 -0.09994942694902417 0.1755530577898026
		endloop
	endfacet
	facet normal 0.5378988768263885 -0.7010034581259647 -0.46825094768120723
		outer loop
			vertex 0.2085297602415085 -0.1360175311565399 0.20494381755590443
			vertex 0.20067491859197617 -0.12241254746913907 0.1755530577898026
			vertex 0.2299494269490242 -0.09994942694902417 0.1755530577898026
		endloop
	endfacet
	facet normal 0.7010035520107707 -0.5378987468745917 -0.46825095641015685
		outer loop
			vertex 0.2660175311565399 -0.07852976024150844 0.2049438175559044
			vertex 0.2410578551888466 -0.11105785518884655 0.20494381755590443
			vertex 0.2524125474691391 -0.07067491859197614 0.17555305778980257
		endloop
	endfacet
	facet normal 0.7010033847453919 -0.5378988205194947 -0.46825112221888
		outer loop
			vertex 0.2410578551888466 -0.11105785518884655 0.20494381755590443
			vertex 0.2299494269490242 -0.09994942694902417 0.1755530577898026
			vertex 0.2524125474691391 -0.07067491859197614 0.17555305778980257
		endloop
	endfacet
	facet normal 0.8163358167172866 -0.33813735322376004 -0.4682509633725818
		outer loop
			vertex 0.28170784294605256 -0.04064999520778651 0.2049438175559044
			vertex 0.2660175311565399 -0.07852976024150844 0.2049438175559044
			vertex 0.2665334540605545 -0.03658403083682056 0.17555305778980257
		endloop
	endfacet
	facet normal 0.8163358345384532 -0.338137338913955 -0.4682509426371682
		outer loop
			vertex 0.2660175311565399 -0.07852976024150844 0.2049438175559044
			vertex 0.2524125474691391 -0.07067491859197614 0.17555305778980257
			vertex 0.2665334540605545 -0.03658403083682056 0.17555305778980257
		endloop
	endfacet
	facet normal 0.8760362215531481 -0.11533244578476912 -0.46825096420209
		outer loop
			vertex 0.28705952048301697 2.6272425160151374e-17 0.2049438175559044
			vertex 0.28170784294605256 -0.04064999520778651 0.2049438175559044
			vertex 0.27134983718395234 2.1670247003534994e-17 0.17555305778980257
		endloop
	endfacet
	facet normal 0.8760362157086639 -0.1153324537595212 -0.4682509731721348
		outer loop
			vertex 0.28170784294605256 -0.04064999520778651 0.2049438175559044
			vertex 0.2665334540605545 -0.03658403083682056 0.17555305778980257
			vertex 0.27134983718395234 2.1670247003534994e-17 0.17555305778980257
		endloop
	endfacet
	facet normal 0.8760362170883559 0.1153324451969675 -0.4682509726999097
		outer loop
			vertex 0.28170784294605256 0.04064999520778661 0.2049438175559044
			vertex 0.28705952048301697 2.6272425160151374e-17 0.2049438175559044
			vertex 0.2665334540605545 0.036584030836820644 0.17555305778980257
		endloop
	endfacet
	facet normal 0.8760362206696751 0.11533245441265114 -0.46825096372986397
		outer loop
			vertex 0.28705952048301697 2.6272425160151374e-17 0.2049438175559044
			vertex 0.27134983718395234 2.1670247003534994e-17 0.17555305778980257
			vertex 0.2665334540605545 0.036584030836820644 0.17555305778980257
		endloop
	endfacet
	facet normal 0.8163358263348723 0.33813735720749444 -0.46825094372877935
		outer loop
			vertex 0.2660175311565399 0.07852976024150853 0.2049438175559044
			vertex 0.28170784294605256 0.04064999520778661 0.2049438175559044
			vertex 0.2524125474691391 0.0706749185919762 0.17555305778980257
		endloop
	endfacet
	facet normal 0.8163358238519639 0.3381373344874669 -0.4682509644641927
		outer loop
			vertex 0.28170784294605256 0.04064999520778661 0.2049438175559044
			vertex 0.2665334540605545 0.036584030836820644 0.17555305778980257
			vertex 0.2524125474691391 0.0706749185919762 0.17555305778980257
		endloop
	endfacet
	facet normal 0.7010034859699903 0.5378986961997365 -0.46825111348991505
		outer loop
			vertex 0.2410578551888466 0.11105785518884663 0.20494381755590438
			vertex 0.2660175311565399 0.07852976024150853 0.2049438175559044
			vertex 0.2299494269490242 0.09994942694902423 0.17555305778980254
		endloop
	endfacet
	facet normal 0.7010034581259648 0.5378988768263882 -0.46825094768120745
		outer loop
			vertex 0.2660175311565399 0.07852976024150853 0.2049438175559044
			vertex 0.2524125474691391 0.0706749185919762 0.17555305778980257
			vertex 0.2299494269490242 0.09994942694902423 0.17555305778980254
		endloop
	endfacet
	facet normal 0.5378987468745913 0.701003552010771 -0.46825095641015707
		outer loop
			vertex 0.2085297602415085 0.13601753115653994 0.20494381755590438
			vertex 0.2410578551888466 0.11105785518884663 0.20494381755590438
			vertex 0.20067491859197617 0.12241254746913913 0.17555305778980254
		endloop
	endfacet
	facet normal 0.5378988205194943 0.701003384745392 -0.4682511222188805
		outer loop
			vertex 0.2410578551888466 0.11105785518884663 0.20494381755590438
			vertex 0.2299494269490242 0.09994942694902423 0.17555305778980254
			vertex 0.20067491859197617 0.12241254746913913 0.17555305778980254
		endloop
	endfacet
	facet normal 0.33813735322376004 0.8163358167172865 -0.4682509633725818
		outer loop
			vertex 0.17064999520778656 0.15170784294605258 0.20494381755590438
			vertex 0.2085297602415085 0.13601753115653994 0.20494381755590438
			vertex 0.1665840308368206 0.13653345406055453 0.17555305778980254
		endloop
	endfacet
	facet normal 0.3381373389139551 0.8163358345384532 -0.4682509426371684
		outer loop
			vertex 0.2085297602415085 0.13601753115653994 0.20494381755590438
			vertex 0.20067491859197617 0.12241254746913913 0.17555305778980254
			vertex 0.1665840308368206 0.13653345406055453 0.17555305778980254
		endloop
	endfacet
	facet normal 0.11533244578476944 0.8760362215531479 -0.46825096420209034
		outer loop
			vertex 0.13000000000000003 0.157059520483017 0.20494381755590435
			vertex 0.17064999520778656 0.15170784294605258 0.20494381755590438
			vertex 0.13000000000000003 0.14134983718395236 0.17555305778980254
		endloop
	endfacet
	facet normal 0.11533245375952123 0.876036215708664 -0.4682509731721349
		outer loop
			vertex 0.17064999520778656 0.15170784294605258 0.20494381755590438
			vertex 0.1665840308368206 0.13653345406055453 0.17555305778980254
			vertex 0.13000000000000003 0.14134983718395236 0.17555305778980254
		endloop
	endfacet
	facet normal -0.1153324451969678 0.8760362170883559 -0.4682509726999097
		outer loop
			vertex 0.08935000479221344 0.15170784294605258 0.20494381755590438
			vertex 0.13000000000000003 0.157059520483017 0.20494381755590435
			vertex 0.0934159691631794 0.13653345406055453 0.17555305778980254
		endloop
	endfacet
	facet normal -0.11533245441265108 0.8760362206696748 -0.4682509637298643
		outer loop
			vertex 0.13000000000000003 0.157059520483017 0.20494381755590435
			vertex 0.13000000000000003 0.14134983718395236 0.17555305778980254
			vertex 0.0934159691631794 0.13653345406055453 0.17555305778980254
		endloop
	endfacet
	facet normal -0.33813735720749444 0.8163358263348726 -0.4682509437287793
		outer loop
			vertex 0.05147023975849152 0.13601753115653994 0.20494381755590438
			vertex 0.08935000479221344 0.15170784294605258 0.20494381755590438
			vertex 0.05932508140802384 0.12241254746913913 0.17555305778980254
		endloop
	endfacet
	facet normal -0.33813733448746675 0.8163358238519639 -0.4682509644641925
		outer loop
			vertex 0.08935000479221344 0.15170784294605258 0.20494381755590438
			vertex 0.0934159691631794 0.13653345406055453 0.17555305778980254
			vertex 0.05932508140802384 0.12241254746913913 0.17555305778980254
		endloop
	endfacet
	facet normal -0.5378986961997365 0.7010034859699902 -0.4682511134899151
		outer loop
			vertex 0.018942144811153416 0.11105785518884663 0.20494381755590438
			vertex 0.05147023975849152 0.13601753115653994 0.20494381755590438
			vertex 0.030050573050975804 0.09994942694902423 0.17555305778980254
		endloop
	endfacet
	facet normal -0.5378988768263885 0.7010034581259647 -0.46825094768120723
		outer loop
			vertex 0.05147023975849152 0.13601753115653994 0.20494381755590438
			vertex 0.05932508140802384 0.12241254746913913 0.17555305778980254
			vertex 0.030050573050975804 0.09994942694902423 0.17555305778980254
		endloop
	endfacet
	facet normal -0.7010035520107708 0.5378987468745912 -0.4682509564101573
		outer loop
			vertex -0.0060175311565399126 0.07852976024150853 0.2049438175559044
			vertex 0.018942144811153416 0.11105785518884663 0.20494381755590438
			vertex 0.007587452530860905 0.0706749185919762 0.17555305778980257
		endloop
	endfacet
	facet normal -0.7010033847453924 0.537898820519494 -0.46825112221888043
		outer loop
			vertex 0.018942144811153416 0.11105785518884663 0.20494381755590438
			vertex 0.030050573050975804 0.09994942694902423 0.17555305778980254
			vertex 0.007587452530860905 0.0706749185919762 0.17555305778980257
		endloop
	endfacet
	facet normal -0.8163358167172865 0.3381373532237601 -0.4682509633725819
		outer loop
			vertex -0.021707842946052547 0.04064999520778661 0.2049438175559044
			vertex -0.0060175311565399126 0.07852976024150853 0.2049438175559044
			vertex -0.0065334540605545 0.036584030836820644 0.17555305778980257
		endloop
	endfacet
	facet normal -0.8163358345384529 0.33813733891395514 -0.46825094263716843
		outer loop
			vertex -0.0060175311565399126 0.07852976024150853 0.2049438175559044
			vertex 0.007587452530860905 0.0706749185919762 0.17555305778980257
			vertex -0.0065334540605545 0.036584030836820644 0.17555305778980257
		endloop
	endfacet
	facet normal -0.8760362215531482 0.11533244578476917 -0.46825096420209006
		outer loop
			vertex -0.027059520483016963 8.397515668278272e-17 0.2049438175559044
			vertex -0.021707842946052547 0.04064999520778661 0.2049438175559044
			vertex -0.011349837183952327 7.360133407388372e-17 0.17555305778980257
		endloop
	endfacet
	facet normal -0.8760362157086639 0.11533245375952125 -0.4682509731721349
		outer loop
			vertex -0.021707842946052547 0.04064999520778661 0.2049438175559044
			vertex -0.0065334540605545 0.036584030836820644 0.17555305778980257
			vertex -0.011349837183952327 7.360133407388372e-17 0.17555305778980257
		endloop
	endfacet
	facet normal -0.7690382225594332 -0.101245888756883 -0.6311334900418902
		outer loop
			vertex -0.0065334540605545 -0.03658403083682056 0.17555305778980257
			vertex -0.011349837183952327 3.89806093603179e-17 0.17555305778980257
			vertex 0.01388784229755402 -0.03111215867102143 0.14979184836149217
		endloop
	endfacet
	facet normal -0.7690381856415048 -0.10124581126932775 -0.6311335474569847
		outer loop
			vertex -0.011349837183952327 3.89806093603179e-17 0.17555305778980257
			vertex 0.009791848361492161 3.326047179041773e-17 0.14979184836149217
			vertex 0.01388784229755402 -0.03111215867102143 0.14979184836149217
		endloop
	endfacet
	facet normal -0.7166295324182748 -0.2968376406213648 -0.631133526582376
		outer loop
			vertex 0.007587452530860905 -0.07067491859197614 0.17555305778980257
			vertex -0.0065334540605545 -0.03658403083682056 0.17555305778980257
			vertex 0.025896688103675847 -0.06010407581925389 0.14979184836149217
		endloop
	endfacet
	facet normal -0.7166295411996199 -0.296837688117591 -0.6311334942728252
		outer loop
			vertex -0.0065334540605545 -0.03658403083682056 0.17555305778980257
			vertex 0.01388784229755402 -0.03111215867102143 0.14979184836149217
			vertex 0.025896688103675847 -0.06010407581925389 0.14979184836149217
		endloop
	endfacet
	facet normal -0.615383756806835 -0.4722005687226151 -0.631133468258771
		outer loop
			vertex 0.030050573050975804 -0.09994942694902417 0.1755530577898026
			vertex 0.007587452530860905 -0.07067491859197614 0.17555305778980257
			vertex 0.04499999910593033 -0.08500000089406964 0.14979184836149217
		endloop
	endfacet
	facet normal -0.6153837648602369 -0.4722004669653896 -0.6311335365389078
		outer loop
			vertex 0.007587452530860905 -0.07067491859197614 0.17555305778980257
			vertex 0.025896688103675847 -0.06010407581925389 0.14979184836149217
			vertex 0.04499999910593033 -0.08500000089406964 0.14979184836149217
		endloop
	endfacet
	facet normal -0.4722005376355773 -0.6153837162934198 -0.6311335310198403
		outer loop
			vertex 0.05932508140802384 -0.12241254746913907 0.1755530577898026
			vertex 0.030050573050975804 -0.09994942694902417 0.1755530577898026
			vertex 0.06989592418074608 -0.10410331189632413 0.1497918483614922
		endloop
	endfacet
	facet normal -0.47220050351987264 -0.615383812498978 -0.6311334627396977
		outer loop
			vertex 0.030050573050975804 -0.09994942694902417 0.1755530577898026
			vertex 0.04499999910593033 -0.08500000089406964 0.14979184836149217
			vertex 0.06989592418074608 -0.10410331189632413 0.1497918483614922
		endloop
	endfacet
	facet normal -0.2968376498685252 -0.7166295547428968 -0.631133496884398
		outer loop
			vertex 0.0934159691631794 -0.13653345406055448 0.1755530577898026
			vertex 0.05932508140802384 -0.12241254746913907 0.1755530577898026
			vertex 0.09888784132897854 -0.11611215770244596 0.1497918483614922
		endloop
	endfacet
	facet normal -0.2968376772440797 -0.7166295149486427 -0.6311335291939518
		outer loop
			vertex 0.05932508140802384 -0.12241254746913907 0.1755530577898026
			vertex 0.06989592418074608 -0.10410331189632413 0.1497918483614922
			vertex 0.09888784132897854 -0.11611215770244596 0.1497918483614922
		endloop
	endfacet
	facet normal -0.1012458831520598 -0.7690381799866105 -0.6311335428161311
		outer loop
			vertex 0.13 -0.1413498371839523 0.1755530577898026
			vertex 0.0934159691631794 -0.13653345406055448 0.1755530577898026
			vertex 0.13 -0.12020815163850782 0.1497918483614922
		endloop
	endfacet
	facet normal -0.10124581785989852 -0.769038235701853 -0.6311334854010373
		outer loop
			vertex 0.0934159691631794 -0.13653345406055448 0.1755530577898026
			vertex 0.09888784132897854 -0.11611215770244596 0.1497918483614922
			vertex 0.13 -0.12020815163850782 0.1497918483614922
		endloop
	endfacet
	facet normal 0.101245888756883 -0.7690382225594332 -0.6311334900418902
		outer loop
			vertex 0.1665840308368206 -0.13653345406055448 0.1755530577898026
			vertex 0.13 -0.1413498371839523 0.1755530577898026
			vertex 0.16111215867102147 -0.11611215770244596 0.1497918483614922
		endloop
	endfacet
	facet normal 0.10124581126932777 -0.769038185641505 -0.6311335474569847
		outer loop
			vertex 0.13 -0.1413498371839523 0.1755530577898026
			vertex 0.13 -0.12020815163850782 0.1497918483614922
			vertex 0.16111215867102147 -0.11611215770244596 0.1497918483614922
		endloop
	endfacet
	facet normal 0.29683764062136486 -0.7166295324182747 -0.6311335265823759
		outer loop
			vertex 0.20067491859197617 -0.12241254746913907 0.1755530577898026
			vertex 0.1665840308368206 -0.13653345406055448 0.1755530577898026
			vertex 0.19010407581925393 -0.10410331189632413 0.1497918483614922
		endloop
	endfacet
	facet normal 0.2968376881175909 -0.7166295411996199 -0.6311334942728253
		outer loop
			vertex 0.1665840308368206 -0.13653345406055448 0.1755530577898026
			vertex 0.16111215867102147 -0.11611215770244596 0.1497918483614922
			vertex 0.19010407581925393 -0.10410331189632413 0.1497918483614922
		endloop
	endfacet
	facet normal 0.47220056872261473 -0.6153837568068353 -0.631133468258771
		outer loop
			vertex 0.2299494269490242 -0.09994942694902417 0.1755530577898026
			vertex 0.20067491859197617 -0.12241254746913907 0.1755530577898026
			vertex 0.21500000089406968 -0.08500000089406964 0.14979184836149217
		endloop
	endfacet
	facet normal 0.47220046696538914 -0.6153837648602373 -0.6311335365389078
		outer loop
			vertex 0.20067491859197617 -0.12241254746913907 0.1755530577898026
			vertex 0.19010407581925393 -0.10410331189632413 0.1497918483614922
			vertex 0.21500000089406968 -0.08500000089406964 0.14979184836149217
		endloop
	endfacet
	facet normal 0.6153837162934194 -0.4722005376355777 -0.6311335310198403
		outer loop
			vertex 0.2524125474691391 -0.07067491859197614 0.17555305778980257
			vertex 0.2299494269490242 -0.09994942694902417 0.1755530577898026
			vertex 0.23410331189632416 -0.06010407581925389 0.14979184836149217
		endloop
	endfacet
	facet normal 0.6153838124989778 -0.4722005035198731 -0.6311334627396978
		outer loop
			vertex 0.2299494269490242 -0.09994942694902417 0.1755530577898026
			vertex 0.21500000089406968 -0.08500000089406964 0.14979184836149217
			vertex 0.23410331189632416 -0.06010407581925389 0.14979184836149217
		endloop
	endfacet
	facet normal 0.7166295547428969 -0.29683764986852507 -0.6311334968843979
		outer loop
			vertex 0.2665334540605545 -0.03658403083682056 0.17555305778980257
			vertex 0.2524125474691391 -0.07067491859197614 0.17555305778980257
			vertex 0.246112157702446 -0.03111215867102143 0.14979184836149217
		endloop
	endfacet
	facet normal 0.7166295149486427 -0.2968376772440797 -0.6311335291939518
		outer loop
			vertex 0.2524125474691391 -0.07067491859197614 0.17555305778980257
			vertex 0.23410331189632416 -0.06010407581925389 0.14979184836149217
			vertex 0.246112157702446 -0.03111215867102143 0.14979184836149217
		endloop
	endfacet
	facet normal 0.7690381799866105 -0.10124588315205986 -0.6311335428161311
		outer loop
			vertex 0.27134983718395234 2.1670247003534994e-17 0.17555305778980257
			vertex 0.2665334540605545 -0.03658403083682056 0.17555305778980257
			vertex 0.25020815163850785 1.8539219492511525e-17 0.14979184836149217
		endloop
	endfacet
	facet normal 0.7690382357018531 -0.10124581785989856 -0.6311334854010373
		outer loop
			vertex 0.2665334540605545 -0.03658403083682056 0.17555305778980257
			vertex 0.246112157702446 -0.03111215867102143 0.14979184836149217
			vertex 0.25020815163850785 1.8539219492511525e-17 0.14979184836149217
		endloop
	endfacet
	facet normal 0.7690382225594332 0.10124588875688295 -0.6311334900418902
		outer loop
			vertex 0.2665334540605545 0.036584030836820644 0.17555305778980257
			vertex 0.27134983718395234 2.1670247003534994e-17 0.17555305778980257
			vertex 0.246112157702446 0.031112158671021493 0.14979184836149217
		endloop
	endfacet
	facet normal 0.7690381856415048 0.10124581126932772 -0.6311335474569847
		outer loop
			vertex 0.27134983718395234 2.1670247003534994e-17 0.17555305778980257
			vertex 0.25020815163850785 1.8539219492511525e-17 0.14979184836149217
			vertex 0.246112157702446 0.031112158671021493 0.14979184836149217
		endloop
	endfacet
	facet normal 0.7166295324182748 0.296837640621365 -0.6311335265823759
		outer loop
			vertex 0.2524125474691391 0.0706749185919762 0.17555305778980257
			vertex 0.2665334540605545 0.036584030836820644 0.17555305778980257
			vertex 0.23410331189632416 0.060104075819253956 0.14979184836149217
		endloop
	endfacet
	facet normal 0.7166295411996199 0.29683768811759087 -0.6311334942728253
		outer loop
			vertex 0.2665334540605545 0.036584030836820644 0.17555305778980257
			vertex 0.246112157702446 0.031112158671021493 0.14979184836149217
			vertex 0.23410331189632416 0.060104075819253956 0.14979184836149217
		endloop
	endfacet
	facet normal 0.6153837568068351 0.4722005687226139 -0.6311334682587718
		outer loop
			vertex 0.2299494269490242 0.09994942694902423 0.17555305778980254
			vertex 0.2524125474691391 0.0706749185919762 0.17555305778980257
			vertex 0.21500000089406968 0.0850000008940697 0.14979184836149217
		endloop
	endfacet
	facet normal 0.6153837648602368 0.47220046696538986 -0.6311335365389077
		outer loop
			vertex 0.2524125474691391 0.0706749185919762 0.17555305778980257
			vertex 0.23410331189632416 0.060104075819253956 0.14979184836149217
			vertex 0.21500000089406968 0.0850000008940697 0.14979184836149217
		endloop
	endfacet
	facet normal 0.4722005376355773 0.6153837162934198 -0.6311335310198403
		outer loop
			vertex 0.20067491859197617 0.12241254746913913 0.17555305778980254
			vertex 0.2299494269490242 0.09994942694902423 0.17555305778980254
			vertex 0.19010407581925393 0.10410331189632419 0.14979184836149215
		endloop
	endfacet
	facet normal 0.47220050351987314 0.6153838124989768 -0.6311334627396986
		outer loop
			vertex 0.2299494269490242 0.09994942694902423 0.17555305778980254
			vertex 0.21500000089406968 0.0850000008940697 0.14979184836149217
			vertex 0.19010407581925393 0.10410331189632419 0.14979184836149215
		endloop
	endfacet
	facet normal 0.2968376498685252 0.7166295547428968 -0.631133496884398
		outer loop
			vertex 0.1665840308368206 0.13653345406055453 0.17555305778980254
			vertex 0.20067491859197617 0.12241254746913913 0.17555305778980254
			vertex 0.16111215867102147 0.11611215770244601 0.14979184836149215
		endloop
	endfacet
	facet normal 0.2968376772440797 0.7166295149486427 -0.6311335291939518
		outer loop
			vertex 0.20067491859197617 0.12241254746913913 0.17555305778980254
			vertex 0.19010407581925393 0.10410331189632419 0.14979184836149215
			vertex 0.16111215867102147 0.11611215770244601 0.14979184836149215
		endloop
	endfacet
	facet normal 0.10124588315205987 0.7690381799866104 -0.6311335428161311
		outer loop
			vertex 0.13000000000000003 0.14134983718395236 0.17555305778980254
			vertex 0.1665840308368206 0.13653345406055453 0.17555305778980254
			vertex 0.13000000000000003 0.12020815163850787 0.14979184836149215
		endloop
	endfacet
	facet normal 0.1012458178598986 0.769038235701853 -0.6311334854010373
		outer loop
			vertex 0.1665840308368206 0.13653345406055453 0.17555305778980254
			vertex 0.16111215867102147 0.11611215770244601 0.14979184836149215
			vertex 0.13000000000000003 0.12020815163850787 0.14979184836149215
		endloop
	endfacet
	facet normal -0.10124588875688294 0.7690382225594332 -0.6311334900418902
		outer loop
			vertex 0.0934159691631794 0.13653345406055453 0.17555305778980254
			vertex 0.13000000000000003 0.14134983718395236 0.17555305778980254
			vertex 0.09888784132897854 0.11611215770244601 0.14979184836149215
		endloop
	endfacet
	facet normal -0.10124581126932769 0.7690381856415051 -0.6311335474569847
		outer loop
			vertex 0.13000000000000003 0.14134983718395236 0.17555305778980254
			vertex 0.13000000000000003 0.12020815163850787 0.14979184836149215
			vertex 0.09888784132897854 0.11611215770244601 0.14979184836149215
		endloop
	endfacet
	facet normal -0.29683764062136486 0.7166295324182747 -0.6311335265823759
		outer loop
			vertex 0.05932508140802384 0.12241254746913913 0.17555305778980254
			vertex 0.0934159691631794 0.13653345406055453 0.17555305778980254
			vertex 0.06989592418074608 0.10410331189632419 0.14979184836149215
		endloop
	endfacet
	facet normal -0.2968376881175909 0.7166295411996199 -0.6311334942728253
		outer loop
			vertex 0.0934159691631794 0.13653345406055453 0.17555305778980254
			vertex 0.09888784132897854 0.11611215770244601 0.14979184836149215
			vertex 0.06989592418074608 0.10410331189632419 0.14979184836149215
		endloop
	endfacet
	facet normal -0.4722005687226143 0.6153837568068349 -0.6311334682587718
		outer loop
			vertex 0.030050573050975804 0.09994942694902423 0.17555305778980254
			vertex 0.05932508140802384 0.12241254746913913 0.17555305778980254
			vertex 0.04499999910593033 0.0850000008940697 0.14979184836149217
		endloop
	endfacet
	facet normal -0.4722004669653901 0.6153837648602365 -0.6311335365389076
		outer loop
			vertex 0.05932508140802384 0.12241254746913913 0.17555305778980254
			vertex 0.06989592418074608 0.10410331189632419 0.14979184836149215
			vertex 0.04499999910593033 0.0850000008940697 0.14979184836149217
		endloop
	endfacet
	facet normal -0.61538371629342 0.47220053763557684 -0.6311335310198403
		outer loop
			vertex 0.007587452530860905 0.0706749185919762 0.17555305778980257
			vertex 0.030050573050975804 0.09994942694902423 0.17555305778980254
			vertex 0.025896688103675847 0.060104075819253956 0.14979184836149217
		endloop
	endfacet
	facet normal -0.6153838124989771 0.4722005035198728 -0.6311334627396986
		outer loop
			vertex 0.030050573050975804 0.09994942694902423 0.17555305778980254
			vertex 0.04499999910593033 0.0850000008940697 0.14979184836149217
			vertex 0.025896688103675847 0.060104075819253956 0.14979184836149217
		endloop
	endfacet
	facet normal -0.7166295547428967 0.2968376498685252 -0.631133496884398
		outer loop
			vertex -0.0065334540605545 0.036584030836820644 0.17555305778980257
			vertex 0.007587452530860905 0.0706749185919762 0.17555305778980257
			vertex 0.01388784229755402 0.031112158671021493 0.14979184836149217
		endloop
	endfacet
	facet normal -0.7166295149486428 0.2968376772440797 -0.6311335291939517
		outer loop
			vertex 0.007587452530860905 0.0706749185919762 0.17555305778980257
			vertex 0.025896688103675847 0.060104075819253956 0.14979184836149217
			vertex 0.01388784229755402 0.031112158671021493 0.14979184836149217
		endloop
	endfacet
	facet normal -0.7690381799866104 0.10124588315205989 -0.6311335428161311
		outer loop
			vertex -0.011349837183952327 7.360133407388372e-17 0.17555305778980257
			vertex -0.0065334540605545 0.036584030836820644 0.17555305778980257
			vertex 0.009791848361492161 6.270297638623013e-17 0.14979184836149217
		endloop
	endfacet
	facet normal -0.7690382357018533 0.10124581785989863 -0.6311334854010373
		outer loop
			vertex -0.0065334540605545 0.036584030836820644 0.17555305778980257
			vertex 0.01388784229755402 0.031112158671021493 0.14979184836149217
			vertex 0.009791848361492161 6.270297638623013e-17 0.14979184836149217
		endloop
	endfacet
	facet normal -0.6321922908504316 -0.08322970505290904 -0.7703283219420726
		outer loop
			vertex 0.01388784229755402 -0.03111215867102143 0.14979184836149217
			vertex 0.009791848361492161 3.326047179041773e-17 0.14979184836149217
			vertex 0.038771261572837834 -0.024444667622446986 0.1286501628160477
		endloop
	endfacet
	facet normal -0.6321923147750902 -0.08322975507127638 -0.7703282969033973
		outer loop
			vertex 0.009791848361492161 3.326047179041773e-17 0.14979184836149217
			vertex 0.035553057789802556 2.856607457603026e-17 0.1286501628160477
			vertex 0.038771261572837834 -0.024444667622446986 0.1286501628160477
		endloop
	endfacet
	facet normal -0.5891094480904707 -0.24401713377134512 -0.7703283044238728
		outer loop
			vertex 0.025896688103675847 -0.06010407581925389 0.14979184836149217
			vertex 0.01388784229755402 -0.03111215867102143 0.14979184836149217
			vertex 0.04820655018091202 -0.0472234711050987 0.1286501628160477
		endloop
	endfacet
	facet normal -0.5891094421280654 -0.24401710179611297 -0.7703283191124323
		outer loop
			vertex 0.01388784229755402 -0.03111215867102143 0.14979184836149217
			vertex 0.038771261572837834 -0.024444667622446986 0.1286501628160477
			vertex 0.04820655018091202 -0.0472234711050987 0.1286501628160477
		endloop
	endfacet
	facet normal -0.5058797038156999 -0.38817506409896757 -0.7703284006701961
		outer loop
			vertex 0.04499999910593033 -0.08500000089406964 0.14979184836149217
			vertex 0.025896688103675847 -0.06010407581925389 0.14979184836149217
			vertex 0.06321593105793 -0.06678406894206998 0.12865016281604771
		endloop
	endfacet
	facet normal -0.5058796857181105 -0.388175297308038 -0.7703282950389155
		outer loop
			vertex 0.025896688103675847 -0.06010407581925389 0.14979184836149217
			vertex 0.04820655018091202 -0.0472234711050987 0.1286501628160477
			vertex 0.06321593105793 -0.06678406894206998 0.12865016281604771
		endloop
	endfacet
	facet normal -0.3881751324604619 -0.5058797929061545 -0.7703283077159564
		outer loop
			vertex 0.06989592418074608 -0.10410331189632413 0.1497918483614922
			vertex 0.04499999910593033 -0.08500000089406964 0.14979184836149217
			vertex 0.08277652889490128 -0.08179344981908795 0.12865016281604771
		endloop
	endfacet
	facet normal -0.38817521030032154 -0.5058795723274956 -0.7703284133472238
		outer loop
			vertex 0.04499999910593033 -0.08500000089406964 0.14979184836149217
			vertex 0.06321593105793 -0.06678406894206998 0.12865016281604771
			vertex 0.08277652889490128 -0.08179344981908795 0.12865016281604771
		endloop
	endfacet
	facet normal -0.24401712779561746 -0.5891094336637888 -0.7703283173496268
		outer loop
			vertex 0.09888784132897854 -0.11611215770244596 0.1497918483614922
			vertex 0.06989592418074608 -0.10410331189632413 0.1497918483614922
			vertex 0.10555533237755299 -0.09122873842716214 0.12865016281604771
		endloop
	endfacet
	facet normal -0.24401710940177074 -0.5891094604897489 -0.7703283026610678
		outer loop
			vertex 0.06989592418074608 -0.10410331189632413 0.1497918483614922
			vertex 0.08277652889490128 -0.08179344981908795 0.12865016281604771
			vertex 0.10555533237755299 -0.09122873842716214 0.12865016281604771
		endloop
	endfacet
	facet normal -0.08322970852731823 -0.632192317241186 -0.7703282999083427
		outer loop
			vertex 0.13 -0.12020815163850782 0.1497918483614922
			vertex 0.09888784132897854 -0.11611215770244596 0.1497918483614922
			vertex 0.13 -0.09444694221019742 0.12865016281604771
		endloop
	endfacet
	facet normal -0.08322975064919012 -0.6321922811860337 -0.7703283249470142
		outer loop
			vertex 0.09888784132897854 -0.11611215770244596 0.1497918483614922
			vertex 0.10555533237755299 -0.09122873842716214 0.12865016281604771
			vertex 0.13 -0.09444694221019742 0.12865016281604771
		endloop
	endfacet
	facet normal 0.08322970505290904 -0.6321922908504316 -0.7703283219420725
		outer loop
			vertex 0.16111215867102147 -0.11611215770244596 0.1497918483614922
			vertex 0.13 -0.12020815163850782 0.1497918483614922
			vertex 0.15444466762244702 -0.09122873842716214 0.12865016281604771
		endloop
	endfacet
	facet normal 0.08322975507127638 -0.6321923147750902 -0.7703282969033973
		outer loop
			vertex 0.13 -0.12020815163850782 0.1497918483614922
			vertex 0.13 -0.09444694221019742 0.12865016281604771
			vertex 0.15444466762244702 -0.09122873842716214 0.12865016281604771
		endloop
	endfacet
	facet normal 0.244017133771345 -0.5891094480904706 -0.7703283044238727
		outer loop
			vertex 0.19010407581925393 -0.10410331189632413 0.1497918483614922
			vertex 0.16111215867102147 -0.11611215770244596 0.1497918483614922
			vertex 0.17722347110509873 -0.08179344981908795 0.12865016281604771
		endloop
	endfacet
	facet normal 0.24401710179611297 -0.5891094421280654 -0.7703283191124323
		outer loop
			vertex 0.16111215867102147 -0.11611215770244596 0.1497918483614922
			vertex 0.15444466762244702 -0.09122873842716214 0.12865016281604771
			vertex 0.17722347110509873 -0.08179344981908795 0.12865016281604771
		endloop
	endfacet
	facet normal 0.3881750640989672 -0.5058797038157004 -0.7703284006701963
		outer loop
			vertex 0.21500000089406968 -0.08500000089406964 0.14979184836149217
			vertex 0.19010407581925393 -0.10410331189632413 0.1497918483614922
			vertex 0.19678406894207 -0.06678406894206998 0.12865016281604771
		endloop
	endfacet
	facet normal 0.3881752973080372 -0.5058796857181109 -0.7703282950389154
		outer loop
			vertex 0.19010407581925393 -0.10410331189632413 0.1497918483614922
			vertex 0.17722347110509873 -0.08179344981908795 0.12865016281604771
			vertex 0.19678406894207 -0.06678406894206998 0.12865016281604771
		endloop
	endfacet
	facet normal 0.5058797929061541 -0.38817513246046254 -0.7703283077159564
		outer loop
			vertex 0.23410331189632416 -0.06010407581925389 0.14979184836149217
			vertex 0.21500000089406968 -0.08500000089406964 0.14979184836149217
			vertex 0.211793449819088 -0.0472234711050987 0.1286501628160477
		endloop
	endfacet
	facet normal 0.505879572327495 -0.3881752103003222 -0.770328413347224
		outer loop
			vertex 0.21500000089406968 -0.08500000089406964 0.14979184836149217
			vertex 0.19678406894207 -0.06678406894206998 0.12865016281604771
			vertex 0.211793449819088 -0.0472234711050987 0.1286501628160477
		endloop
	endfacet
	facet normal 0.5891094336637889 -0.24401712779561757 -0.7703283173496268
		outer loop
			vertex 0.246112157702446 -0.03111215867102143 0.14979184836149217
			vertex 0.23410331189632416 -0.06010407581925389 0.14979184836149217
			vertex 0.22122873842716217 -0.024444667622446986 0.1286501628160477
		endloop
	endfacet
	facet normal 0.5891094604897489 -0.2440171094017707 -0.7703283026610677
		outer loop
			vertex 0.23410331189632416 -0.06010407581925389 0.14979184836149217
			vertex 0.211793449819088 -0.0472234711050987 0.1286501628160477
			vertex 0.22122873842716217 -0.024444667622446986 0.1286501628160477
		endloop
	endfacet
	facet normal 0.6321923172411859 -0.08322970852731827 -0.7703282999083426
		outer loop
			vertex 0.25020815163850785 1.8539219492511525e-17 0.14979184836149217
			vertex 0.246112157702446 -0.03111215867102143 0.14979184836149217
			vertex 0.22444694221019745 1.6999660183079867e-17 0.1286501628160477
		endloop
	endfacet
	facet normal 0.6321922811860337 -0.08322975064919015 -0.7703283249470142
		outer loop
			vertex 0.246112157702446 -0.03111215867102143 0.14979184836149217
			vertex 0.22122873842716217 -0.024444667622446986 0.1286501628160477
			vertex 0.22444694221019745 1.6999660183079867e-17 0.1286501628160477
		endloop
	endfacet
	facet normal 0.6321922908504315 0.08322970505290898 -0.7703283219420723
		outer loop
			vertex 0.246112157702446 0.031112158671021493 0.14979184836149217
			vertex 0.25020815163850785 1.8539219492511525e-17 0.14979184836149217
			vertex 0.22122873842716217 0.02444466762244704 0.1286501628160477
		endloop
	endfacet
	facet normal 0.6321923147750902 0.08322975507127635 -0.7703282969033973
		outer loop
			vertex 0.25020815163850785 1.8539219492511525e-17 0.14979184836149217
			vertex 0.22444694221019745 1.6999660183079867e-17 0.1286501628160477
			vertex 0.22122873842716217 0.02444466762244704 0.1286501628160477
		endloop
	endfacet
	facet normal 0.5891094480904706 0.24401713377134499 -0.7703283044238728
		outer loop
			vertex 0.23410331189632416 0.060104075819253956 0.14979184836149217
			vertex 0.246112157702446 0.031112158671021493 0.14979184836149217
			vertex 0.211793449819088 0.04722347110509875 0.1286501628160477
		endloop
	endfacet
	facet normal 0.5891094421280654 0.24401710179611297 -0.7703283191124323
		outer loop
			vertex 0.246112157702446 0.031112158671021493 0.14979184836149217
			vertex 0.22122873842716217 0.02444466762244704 0.1286501628160477
			vertex 0.211793449819088 0.04722347110509875 0.1286501628160477
		endloop
	endfacet
	facet normal 0.5058797038157006 0.3881750640989683 -0.7703284006701953
		outer loop
			vertex 0.21500000089406968 0.0850000008940697 0.14979184836149217
			vertex 0.23410331189632416 0.060104075819253956 0.14979184836149217
			vertex 0.19678406894207 0.06678406894207004 0.12865016281604766
		endloop
	endfacet
	facet normal 0.5058796857181114 0.38817529730803646 -0.7703282950389155
		outer loop
			vertex 0.23410331189632416 0.060104075819253956 0.14979184836149217
			vertex 0.211793449819088 0.04722347110509875 0.1286501628160477
			vertex 0.19678406894207 0.06678406894207004 0.12865016281604766
		endloop
	endfacet
	facet normal 0.38817513246046315 0.5058797929061537 -0.7703283077159564
		outer loop
			vertex 0.19010407581925393 0.10410331189632419 0.14979184836149215
			vertex 0.21500000089406968 0.0850000008940697 0.14979184836149217
			vertex 0.17722347110509873 0.08179344981908801 0.12865016281604766
		endloop
	endfacet
	facet normal 0.38817521030032226 0.5058795723274964 -0.7703284133472232
		outer loop
			vertex 0.21500000089406968 0.0850000008940697 0.14979184836149217
			vertex 0.19678406894207 0.06678406894207004 0.12865016281604766
			vertex 0.17722347110509873 0.08179344981908801 0.12865016281604766
		endloop
	endfacet
	facet normal 0.24401712779561746 0.5891094336637888 -0.7703283173496268
		outer loop
			vertex 0.16111215867102147 0.11611215770244601 0.14979184836149215
			vertex 0.19010407581925393 0.10410331189632419 0.14979184836149215
			vertex 0.15444466762244702 0.0912287384271622 0.12865016281604766
		endloop
	endfacet
	facet normal 0.24401710940177074 0.5891094604897489 -0.7703283026610678
		outer loop
			vertex 0.19010407581925393 0.10410331189632419 0.14979184836149215
			vertex 0.17722347110509873 0.08179344981908801 0.12865016281604766
			vertex 0.15444466762244702 0.0912287384271622 0.12865016281604766
		endloop
	endfacet
	facet normal 0.0832297085273183 0.632192317241186 -0.7703282999083426
		outer loop
			vertex 0.13000000000000003 0.12020815163850787 0.14979184836149215
			vertex 0.16111215867102147 0.11611215770244601 0.14979184836149215
			vertex 0.13000000000000003 0.09444694221019748 0.12865016281604766
		endloop
	endfacet
	facet normal 0.0832297506491902 0.6321922811860338 -0.7703283249470143
		outer loop
			vertex 0.16111215867102147 0.11611215770244601 0.14979184836149215
			vertex 0.15444466762244702 0.0912287384271622 0.12865016281604766
			vertex 0.13000000000000003 0.09444694221019748 0.12865016281604766
		endloop
	endfacet
	facet normal -0.08322970505290897 0.6321922908504316 -0.7703283219420725
		outer loop
			vertex 0.09888784132897854 0.11611215770244601 0.14979184836149215
			vertex 0.13000000000000003 0.12020815163850787 0.14979184836149215
			vertex 0.10555533237755299 0.0912287384271622 0.12865016281604766
		endloop
	endfacet
	facet normal -0.08322975507127628 0.6321923147750902 -0.7703282969033974
		outer loop
			vertex 0.13000000000000003 0.12020815163850787 0.14979184836149215
			vertex 0.13000000000000003 0.09444694221019748 0.12865016281604766
			vertex 0.10555533237755299 0.0912287384271622 0.12865016281604766
		endloop
	endfacet
	facet normal -0.244017133771345 0.5891094480904706 -0.7703283044238727
		outer loop
			vertex 0.06989592418074608 0.10410331189632419 0.14979184836149215
			vertex 0.09888784132897854 0.11611215770244601 0.14979184836149215
			vertex 0.08277652889490128 0.08179344981908801 0.12865016281604766
		endloop
	endfacet
	facet normal -0.24401710179611297 0.5891094421280654 -0.7703283191124323
		outer loop
			vertex 0.09888784132897854 0.11611215770244601 0.14979184836149215
			vertex 0.10555533237755299 0.0912287384271622 0.12865016281604766
			vertex 0.08277652889490128 0.08179344981908801 0.12865016281604766
		endloop
	endfacet
	facet normal -0.3881750640989687 0.5058797038157001 -0.7703284006701954
		outer loop
			vertex 0.04499999910593033 0.0850000008940697 0.14979184836149217
			vertex 0.06989592418074608 0.10410331189632419 0.14979184836149215
			vertex 0.06321593105793 0.06678406894207004 0.12865016281604766
		endloop
	endfacet
	facet normal -0.3881752973080372 0.5058796857181109 -0.7703282950389154
		outer loop
			vertex 0.06989592418074608 0.10410331189632419 0.14979184836149215
			vertex 0.08277652889490128 0.08179344981908801 0.12865016281604766
			vertex 0.06321593105793 0.06678406894207004 0.12865016281604766
		endloop
	endfacet
	facet normal -0.505879792906154 0.38817513246046254 -0.7703283077159564
		outer loop
			vertex 0.025896688103675847 0.060104075819253956 0.14979184836149217
			vertex 0.04499999910593033 0.0850000008940697 0.14979184836149217
			vertex 0.04820655018091202 0.04722347110509875 0.1286501628160477
		endloop
	endfacet
	facet normal -0.5058795723274969 0.3881752103003216 -0.770328413347223
		outer loop
			vertex 0.04499999910593033 0.0850000008940697 0.14979184836149217
			vertex 0.06321593105793 0.06678406894207004 0.12865016281604766
			vertex 0.04820655018091202 0.04722347110509875 0.1286501628160477
		endloop
	endfacet
	facet normal -0.5891094336637888 0.2440171277956174 -0.7703283173496268
		outer loop
			vertex 0.01388784229755402 0.031112158671021493 0.14979184836149217
			vertex 0.025896688103675847 0.060104075819253956 0.14979184836149217
			vertex 0.038771261572837834 0.02444466762244704 0.1286501628160477
		endloop
	endfacet
	facet normal -0.5891094604897488 0.24401710940177068 -0.7703283026610678
		outer loop
			vertex 0.025896688103675847 0.060104075819253956 0.14979184836149217
			vertex 0.04820655018091202 0.04722347110509875 0.1286501628160477
			vertex 0.038771261572837834 0.02444466762244704 0.1286501628160477
		endloop
	endfacet
	facet normal -0.6321923172411859 0.0832297085273183 -0.7703282999083426
		outer loop
			vertex 0.009791848361492161 6.270297638623013e-17 0.14979184836149217
			vertex 0.01388784229755402 0.031112158671021493 0.14979184836149217
			vertex 0.035553057789802556 5.169890336193105e-17 0.1286501628160477
		endloop
	endfacet
	facet normal -0.6321922811860338 0.0832297506491902 -0.7703283249470143
		outer loop
			vertex 0.01388784229755402 0.031112158671021493 0.14979184836149217
			vertex 0.038771261572837834 0.02444466762244704 0.1286501628160477
			vertex 0.035553057789802556 5.169890336193105e-17 0.1286501628160477
		endloop
	endfacet
	facet normal -0.47049147657291324 -0.061941421056689004 -0.8802278289339176
		outer loop
			vertex 0.038771261572837834 -0.024444667622446986 0.1286501628160477
			vertex 0.035553057789802556 2.856607457603026e-17 0.1286501628160477
			vertex 0.06716055154800415 -0.016837779432535147 0.11294047951698305
		endloop
	endfacet
	facet normal -0.4704914387299891 -0.06194132482870145 -0.8802278559329114
		outer loop
			vertex 0.035553057789802556 2.856607457603026e-17 0.1286501628160477
			vertex 0.06494381755590439 2.5077824154392092e-17 0.11294047951698305
			vertex 0.06716055154800415 -0.016837779432535147 0.11294047951698305
		endloop
	endfacet
	facet normal -0.43842824866598323 -0.1816029126923444 -0.8802278414554585
		outer loop
			vertex 0.04820655018091202 -0.0472234711050987 0.1286501628160477
			vertex 0.038771261572837834 -0.024444667622446986 0.1286501628160477
			vertex 0.07365969300270081 -0.03252809122204778 0.11294047951698305
		endloop
	endfacet
	facet normal -0.43842825536629454 -0.18160297179473217 -0.8802278259245099
		outer loop
			vertex 0.038771261572837834 -0.024444667622446986 0.1286501628160477
			vertex 0.06716055154800415 -0.016837779432535147 0.11294047951698305
			vertex 0.07365969300270081 -0.03252809122204778 0.11294047951698305
		endloop
	endfacet
	facet normal -0.3764868634706737 -0.2888886513654837 -0.8802278050290427
		outer loop
			vertex 0.06321593105793 -0.06678406894206998 0.12865016281604771
			vertex 0.04820655018091202 -0.0472234711050987 0.1286501628160477
			vertex 0.08399833098053933 -0.04600166901946065 0.11294047951698305
		endloop
	endfacet
	facet normal -0.3764868867774341 -0.2888884960120066 -0.8802278460470088
		outer loop
			vertex 0.04820655018091202 -0.0472234711050987 0.1286501628160477
			vertex 0.07365969300270081 -0.03252809122204778 0.11294047951698305
			vertex 0.08399833098053933 -0.04600166901946065 0.11294047951698305
		endloop
	endfacet
	facet normal -0.28888861358368473 -0.3764868142324968 -0.8802278384888551
		outer loop
			vertex 0.08277652889490128 -0.08179344981908795 0.12865016281604771
			vertex 0.06321593105793 -0.06678406894206998 0.12865016281604771
			vertex 0.0974719087779522 -0.05634030699729917 0.11294047951698305
		endloop
	endfacet
	facet normal -0.288888550862653 -0.3764869582602013 -0.8802277974708923
		outer loop
			vertex 0.06321593105793 -0.06678406894206998 0.12865016281604771
			vertex 0.08399833098053933 -0.04600166901946065 0.11294047951698305
			vertex 0.0974719087779522 -0.05634030699729917 0.11294047951698305
		endloop
	endfacet
	facet normal -0.18160292168522665 -0.4384282703767233 -0.8802278287863118
		outer loop
			vertex 0.10555533237755299 -0.09122873842716214 0.12865016281604771
			vertex 0.08277652889490128 -0.08179344981908795 0.12865016281604771
			vertex 0.11316222056746483 -0.06283944845199584 0.11294047951698308
		endloop
	endfacet
	facet normal -0.18160295873908636 -0.4384282238471877 -0.8802278443172599
		outer loop
			vertex 0.08277652889490128 -0.08179344981908795 0.12865016281604771
			vertex 0.0974719087779522 -0.05634030699729917 0.11294047951698305
			vertex 0.11316222056746483 -0.06283944845199584 0.11294047951698308
		endloop
	endfacet
	facet normal -0.06194141572448376 -0.47049143607082144 -0.8802278509579566
		outer loop
			vertex 0.13 -0.09444694221019742 0.12865016281604771
			vertex 0.10555533237755299 -0.09122873842716214 0.12865016281604771
			vertex 0.13 -0.0650561824440956 0.11294047951698308
		endloop
	endfacet
	facet normal -0.061941332569852854 -0.47049149752991754 -0.8802278239589604
		outer loop
			vertex 0.10555533237755299 -0.09122873842716214 0.12865016281604771
			vertex 0.11316222056746483 -0.06283944845199584 0.11294047951698308
			vertex 0.13 -0.0650561824440956 0.11294047951698308
		endloop
	endfacet
	facet normal 0.06194142105668901 -0.4704914765729133 -0.8802278289339174
		outer loop
			vertex 0.15444466762244702 -0.09122873842716214 0.12865016281604771
			vertex 0.13 -0.09444694221019742 0.12865016281604771
			vertex 0.14683777943253518 -0.06283944845199584 0.11294047951698308
		endloop
	endfacet
	facet normal 0.06194132482870147 -0.4704914387299893 -0.8802278559329114
		outer loop
			vertex 0.13 -0.09444694221019742 0.12865016281604771
			vertex 0.13 -0.0650561824440956 0.11294047951698308
			vertex 0.14683777943253518 -0.06283944845199584 0.11294047951698308
		endloop
	endfacet
	facet normal 0.18160291269234463 -0.4384282486659838 -0.8802278414554581
		outer loop
			vertex 0.17722347110509873 -0.08179344981908795 0.12865016281604771
			vertex 0.15444466762244702 -0.09122873842716214 0.12865016281604771
			vertex 0.1625280912220478 -0.05634030699729917 0.11294047951698305
		endloop
	endfacet
	facet normal 0.18160297179473117 -0.43842825536629504 -0.8802278259245099
		outer loop
			vertex 0.15444466762244702 -0.09122873842716214 0.12865016281604771
			vertex 0.14683777943253518 -0.06283944845199584 0.11294047951698308
			vertex 0.1625280912220478 -0.05634030699729917 0.11294047951698305
		endloop
	endfacet
	facet normal 0.288888651365483 -0.37648686347067445 -0.8802278050290427
		outer loop
			vertex 0.19678406894207 -0.06678406894206998 0.12865016281604771
			vertex 0.17722347110509873 -0.08179344981908795 0.12865016281604771
			vertex 0.17600166901946068 -0.04600166901946065 0.11294047951698305
		endloop
	endfacet
	facet normal 0.288888496012007 -0.37648688677743464 -0.8802278460470084
		outer loop
			vertex 0.17722347110509873 -0.08179344981908795 0.12865016281604771
			vertex 0.1625280912220478 -0.05634030699729917 0.11294047951698305
			vertex 0.17600166901946068 -0.04600166901946065 0.11294047951698305
		endloop
	endfacet
	facet normal 0.37648681423249575 -0.28888861358368517 -0.8802278384888554
		outer loop
			vertex 0.211793449819088 -0.0472234711050987 0.1286501628160477
			vertex 0.19678406894207 -0.06678406894206998 0.12865016281604771
			vertex 0.1863403069972992 -0.03252809122204778 0.11294047951698305
		endloop
	endfacet
	facet normal 0.3764869582602013 -0.288888550862653 -0.8802277974708923
		outer loop
			vertex 0.19678406894207 -0.06678406894206998 0.12865016281604771
			vertex 0.17600166901946068 -0.04600166901946065 0.11294047951698305
			vertex 0.1863403069972992 -0.03252809122204778 0.11294047951698305
		endloop
	endfacet
	facet normal 0.43842827037672305 -0.1816029216852266 -0.8802278287863118
		outer loop
			vertex 0.22122873842716217 -0.024444667622446986 0.1286501628160477
			vertex 0.211793449819088 -0.0472234711050987 0.1286501628160477
			vertex 0.19283944845199585 -0.016837779432535147 0.11294047951698305
		endloop
	endfacet
	facet normal 0.43842822384718655 -0.18160295873908713 -0.8802278443172603
		outer loop
			vertex 0.211793449819088 -0.0472234711050987 0.1286501628160477
			vertex 0.1863403069972992 -0.03252809122204778 0.11294047951698305
			vertex 0.19283944845199585 -0.016837779432535147 0.11294047951698305
		endloop
	endfacet
	facet normal 0.47049143607082133 -0.061941415724483764 -0.8802278509579569
		outer loop
			vertex 0.22444694221019745 1.6999660183079867e-17 0.1286501628160477
			vertex 0.22122873842716217 -0.024444667622446986 0.1286501628160477
			vertex 0.19505618244409562 1.7110739785997775e-17 0.11294047951698305
		endloop
	endfacet
	facet normal 0.47049149752991737 -0.06194133256985286 -0.8802278239589605
		outer loop
			vertex 0.22122873842716217 -0.024444667622446986 0.1286501628160477
			vertex 0.19283944845199585 -0.016837779432535147 0.11294047951698305
			vertex 0.19505618244409562 1.7110739785997775e-17 0.11294047951698305
		endloop
	endfacet
	facet normal 0.4704914765729131 0.06194142105668896 -0.8802278289339175
		outer loop
			vertex 0.22122873842716217 0.02444466762244704 0.1286501628160477
			vertex 0.22444694221019745 1.6999660183079867e-17 0.1286501628160477
			vertex 0.19283944845199585 0.016837779432535196 0.11294047951698305
		endloop
	endfacet
	facet normal 0.47049143872998905 0.061941324828701405 -0.8802278559329113
		outer loop
			vertex 0.22444694221019745 1.6999660183079867e-17 0.1286501628160477
			vertex 0.19505618244409562 1.7110739785997775e-17 0.11294047951698305
			vertex 0.19283944845199585 0.016837779432535196 0.11294047951698305
		endloop
	endfacet
	facet normal 0.43842824866598323 0.1816029126923444 -0.8802278414554585
		outer loop
			vertex 0.211793449819088 0.04722347110509875 0.1286501628160477
			vertex 0.22122873842716217 0.02444466762244704 0.1286501628160477
			vertex 0.1863403069972992 0.032528091222047834 0.11294047951698305
		endloop
	endfacet
	facet normal 0.4384282553662945 0.1816029717947321 -0.8802278259245098
		outer loop
			vertex 0.22122873842716217 0.02444466762244704 0.1286501628160477
			vertex 0.19283944845199585 0.016837779432535196 0.11294047951698305
			vertex 0.1863403069972992 0.032528091222047834 0.11294047951698305
		endloop
	endfacet
	facet normal 0.37648686347067395 0.2888886513654814 -0.8802278050290432
		outer loop
			vertex 0.19678406894207 0.06678406894207004 0.12865016281604766
			vertex 0.211793449819088 0.04722347110509875 0.1286501628160477
			vertex 0.17600166901946068 0.046001669019460706 0.11294047951698305
		endloop
	endfacet
	facet normal 0.3764868867774341 0.2888884960120066 -0.8802278460470088
		outer loop
			vertex 0.211793449819088 0.04722347110509875 0.1286501628160477
			vertex 0.1863403069972992 0.032528091222047834 0.11294047951698305
			vertex 0.17600166901946068 0.046001669019460706 0.11294047951698305
		endloop
	endfacet
	facet normal 0.2888886135836839 0.37648681423249575 -0.8802278384888558
		outer loop
			vertex 0.17722347110509873 0.08179344981908801 0.12865016281604766
			vertex 0.19678406894207 0.06678406894207004 0.12865016281604766
			vertex 0.1625280912220478 0.05634030699729922 0.11294047951698305
		endloop
	endfacet
	facet normal 0.2888885508626522 0.3764869582602002 -0.8802277974708929
		outer loop
			vertex 0.19678406894207 0.06678406894207004 0.12865016281604766
			vertex 0.17600166901946068 0.046001669019460706 0.11294047951698305
			vertex 0.1625280912220478 0.05634030699729922 0.11294047951698305
		endloop
	endfacet
	facet normal 0.18160292168522651 0.43842827037672294 -0.8802278287863119
		outer loop
			vertex 0.15444466762244702 0.0912287384271622 0.12865016281604766
			vertex 0.17722347110509873 0.08179344981908801 0.12865016281604766
			vertex 0.14683777943253518 0.06283944845199586 0.11294047951698302
		endloop
	endfacet
	facet normal 0.18160295873908783 0.43842822384718544 -0.8802278443172608
		outer loop
			vertex 0.17722347110509873 0.08179344981908801 0.12865016281604766
			vertex 0.1625280912220478 0.05634030699729922 0.11294047951698305
			vertex 0.14683777943253518 0.06283944845199586 0.11294047951698302
		endloop
	endfacet
	facet normal 0.06194141572448378 0.4704914360708211 -0.8802278509579569
		outer loop
			vertex 0.13000000000000003 0.09444694221019748 0.12865016281604766
			vertex 0.15444466762244702 0.0912287384271622 0.12865016281604766
			vertex 0.13 0.06505618244409563 0.11294047951698302
		endloop
	endfacet
	facet normal 0.06194133256985282 0.4704914975299172 -0.8802278239589606
		outer loop
			vertex 0.15444466762244702 0.0912287384271622 0.12865016281604766
			vertex 0.14683777943253518 0.06283944845199586 0.11294047951698302
			vertex 0.13 0.06505618244409563 0.11294047951698302
		endloop
	endfacet
	facet normal -0.06194142105668891 0.470491476572913 -0.8802278289339176
		outer loop
			vertex 0.10555533237755299 0.0912287384271622 0.12865016281604766
			vertex 0.13000000000000003 0.09444694221019748 0.12865016281604766
			vertex 0.11316222056746483 0.06283944845199586 0.11294047951698302
		endloop
	endfacet
	facet normal -0.06194132482870143 0.470491438729989 -0.8802278559329114
		outer loop
			vertex 0.13000000000000003 0.09444694221019748 0.12865016281604766
			vertex 0.13 0.06505618244409563 0.11294047951698302
			vertex 0.11316222056746483 0.06283944845199586 0.11294047951698302
		endloop
	endfacet
	facet normal -0.18160291269234413 0.4384282486659826 -0.8802278414554588
		outer loop
			vertex 0.08277652889490128 0.08179344981908801 0.12865016281604766
			vertex 0.10555533237755299 0.0912287384271622 0.12865016281604766
			vertex 0.0974719087779522 0.05634030699729922 0.11294047951698305
		endloop
	endfacet
	facet normal -0.1816029717947331 0.438428255366294 -0.8802278259245098
		outer loop
			vertex 0.10555533237755299 0.0912287384271622 0.12865016281604766
			vertex 0.11316222056746483 0.06283944845199586 0.11294047951698302
			vertex 0.0974719087779522 0.05634030699729922 0.11294047951698305
		endloop
	endfacet
	facet normal -0.2888886513654822 0.37648686347067334 -0.8802278050290434
		outer loop
			vertex 0.06321593105793 0.06678406894207004 0.12865016281604766
			vertex 0.08277652889490128 0.08179344981908801 0.12865016281604766
			vertex 0.08399833098053933 0.046001669019460706 0.11294047951698305
		endloop
	endfacet
	facet normal -0.2888884960120062 0.3764868867774335 -0.8802278460470091
		outer loop
			vertex 0.08277652889490128 0.08179344981908801 0.12865016281604766
			vertex 0.0974719087779522 0.05634030699729922 0.11294047951698305
			vertex 0.08399833098053933 0.046001669019460706 0.11294047951698305
		endloop
	endfacet
	facet normal -0.3764868142324968 0.28888861358368345 -0.8802278384888554
		outer loop
			vertex 0.04820655018091202 0.04722347110509875 0.1286501628160477
			vertex 0.06321593105793 0.06678406894207004 0.12865016281604766
			vertex 0.07365969300270081 0.032528091222047834 0.11294047951698305
		endloop
	endfacet
	facet normal -0.3764869582602002 0.2888885508626522 -0.8802277974708929
		outer loop
			vertex 0.06321593105793 0.06678406894207004 0.12865016281604766
			vertex 0.08399833098053933 0.046001669019460706 0.11294047951698305
			vertex 0.07365969300270081 0.032528091222047834 0.11294047951698305
		endloop
	endfacet
	facet normal -0.43842827037672305 0.1816029216852266 -0.8802278287863118
		outer loop
			vertex 0.038771261572837834 0.02444466762244704 0.1286501628160477
			vertex 0.04820655018091202 0.04722347110509875 0.1286501628160477
			vertex 0.06716055154800415 0.016837779432535196 0.11294047951698305
		endloop
	endfacet
	facet normal -0.4384282238471865 0.18160295873908702 -0.8802278443172602
		outer loop
			vertex 0.04820655018091202 0.04722347110509875 0.1286501628160477
			vertex 0.07365969300270081 0.032528091222047834 0.11294047951698305
			vertex 0.06716055154800415 0.016837779432535196 0.11294047951698305
		endloop
	endfacet
	facet normal -0.47049143607082133 0.0619414157244838 -0.8802278509579569
		outer loop
			vertex 0.035553057789802556 5.169890336193105e-17 0.1286501628160477
			vertex 0.038771261572837834 0.02444466762244704 0.1286501628160477
			vertex 0.06494381755590439 4.1011992891180726e-17 0.11294047951698305
		endloop
	endfacet
	facet normal -0.47049149752991726 0.06194133256985289 -0.8802278239589605
		outer loop
			vertex 0.038771261572837834 0.02444466762244704 0.1286501628160477
			vertex 0.06716055154800415 0.016837779432535196 0.11294047951698305
			vertex 0.06494381755590439 4.1011992891180726e-17 0.11294047951698305
		endloop
	endfacet
	facet normal -0.29007308362311784 -0.03818881624129619 -0.9562422394307126
		outer loop
			vertex 0.06716055154800415 -0.016837779432535147 0.11294047951698305
			vertex 0.06494381755590439 2.5077824154392092e-17 0.11294047951698305
			vertex 0.09796472743153573 -0.008583825081586813 0.10326649665832521
		endloop
	endfacet
	facet normal -0.2900730882399283 -0.03818883649137477 -0.9562422372215034
		outer loop
			vertex 0.06494381755590439 2.5077824154392092e-17 0.11294047951698305
			vertex 0.09683464571833611 2.2929768452489888e-17 0.10326649665832521
			vertex 0.09796472743153573 -0.008583825081586813 0.10326649665832521
		endloop
	endfacet
	facet normal -0.27030507965676115 -0.11196405604804782 -0.9562422360809114
		outer loop
			vertex 0.07365969300270081 -0.03252809122204778 0.11294047951698305
			vertex 0.06716055154800415 -0.016837779432535147 0.11294047951698305
			vertex 0.10127795964479447 -0.016582677140831927 0.10326649665832521
		endloop
	endfacet
	facet normal -0.27030508161746436 -0.11196400398322119 -0.9562422416228126
		outer loop
			vertex 0.06716055154800415 -0.016837779432535147 0.11294047951698305
			vertex 0.09796472743153573 -0.008583825081586813 0.10326649665832521
			vertex 0.10127795964479447 -0.016582677140831927 0.10326649665832521
		endloop
	endfacet
	facet normal -0.23211625179329232 -0.17810903177658202 -0.9562422383753196
		outer loop
			vertex 0.08399833098053933 -0.04600166901946065 0.11294047951698305
			vertex 0.07365969300270081 -0.03252809122204778 0.11294047951698305
			vertex 0.10654855251312256 -0.02345144748687742 0.10326649665832521
		endloop
	endfacet
	facet normal -0.23211624359930202 -0.17810905831811966 -0.9562422354207026
		outer loop
			vertex 0.07365969300270081 -0.03252809122204778 0.11294047951698305
			vertex 0.10127795964479447 -0.016582677140831927 0.10326649665832521
			vertex 0.10654855251312256 -0.02345144748687742 0.10326649665832521
		endloop
	endfacet
	facet normal -0.17810903574653453 -0.23211625696703608 -0.956242236380015
		outer loop
			vertex 0.0974719087779522 -0.05634030699729917 0.11294047951698305
			vertex 0.08399833098053933 -0.04600166901946065 0.11294047951698305
			vertex 0.11341732285916806 -0.028722040355205515 0.10326649665832521
		endloop
	endfacet
	facet normal -0.17810905053077727 -0.2321162334506398 -0.9562422393346328
		outer loop
			vertex 0.08399833098053933 -0.04600166901946065 0.11294047951698305
			vertex 0.10654855251312256 -0.02345144748687742 0.10326649665832521
			vertex 0.11341732285916806 -0.028722040355205515 0.10326649665832521
		endloop
	endfacet
	facet normal -0.11196405136708071 -0.27030506835591306 -0.9562422398234534
		outer loop
			vertex 0.11316222056746483 -0.06283944845199584 0.11294047951698308
			vertex 0.0974719087779522 -0.05634030699729917 0.11294047951698305
			vertex 0.12141617491841317 -0.03203527256846425 0.10326649665832521
		endloop
	endfacet
	facet normal -0.11196401316526262 -0.2703051037848791 -0.9562422342815521
		outer loop
			vertex 0.0974719087779522 -0.05634030699729917 0.11294047951698305
			vertex 0.11341732285916806 -0.028722040355205515 0.10326649665832521
			vertex 0.12141617491841317 -0.03203527256846425 0.10326649665832521
		endloop
	endfacet
	facet normal -0.03818881687775643 -0.2900730884575171 -0.9562422379387949
		outer loop
			vertex 0.13 -0.0650561824440956 0.11294047951698308
			vertex 0.11316222056746483 -0.06283944845199584 0.11294047951698308
			vertex 0.13 -0.03316535428166387 0.10326649665832521
		endloop
	endfacet
	facet normal -0.038188835242912667 -0.2900730787569147 -0.9562422401480049
		outer loop
			vertex 0.11316222056746483 -0.06283944845199584 0.11294047951698308
			vertex 0.12141617491841317 -0.03203527256846425 0.10326649665832521
			vertex 0.13 -0.03316535428166387 0.10326649665832521
		endloop
	endfacet
	facet normal 0.038188816241296275 -0.2900730836231185 -0.9562422394307124
		outer loop
			vertex 0.14683777943253518 -0.06283944845199584 0.11294047951698308
			vertex 0.13 -0.0650561824440956 0.11294047951698308
			vertex 0.13858382508158684 -0.03203527256846425 0.10326649665832521
		endloop
	endfacet
	facet normal 0.038188836491374854 -0.29007308823992894 -0.9562422372215033
		outer loop
			vertex 0.13 -0.0650561824440956 0.11294047951698308
			vertex 0.13 -0.03316535428166387 0.10326649665832521
			vertex 0.13858382508158684 -0.03203527256846425 0.10326649665832521
		endloop
	endfacet
	facet normal 0.11196405604804664 -0.27030507965676187 -0.9562422360809115
		outer loop
			vertex 0.1625280912220478 -0.05634030699729917 0.11294047951698305
			vertex 0.14683777943253518 -0.06283944845199584 0.11294047951698308
			vertex 0.14658267714083195 -0.028722040355205515 0.10326649665832521
		endloop
	endfacet
	facet normal 0.11196400398322126 -0.27030508161746497 -0.9562422416228122
		outer loop
			vertex 0.14683777943253518 -0.06283944845199584 0.11294047951698308
			vertex 0.13858382508158684 -0.03203527256846425 0.10326649665832521
			vertex 0.14658267714083195 -0.028722040355205515 0.10326649665832521
		endloop
	endfacet
	facet normal 0.17810903177658202 -0.23211625179329232 -0.9562422383753196
		outer loop
			vertex 0.17600166901946068 -0.04600166901946065 0.11294047951698305
			vertex 0.1625280912220478 -0.05634030699729917 0.11294047951698305
			vertex 0.15345144748687745 -0.02345144748687742 0.10326649665832521
		endloop
	endfacet
	facet normal 0.17810905831811966 -0.23211624359930202 -0.9562422354207026
		outer loop
			vertex 0.1625280912220478 -0.05634030699729917 0.11294047951698305
			vertex 0.14658267714083195 -0.028722040355205515 0.10326649665832521
			vertex 0.15345144748687745 -0.02345144748687742 0.10326649665832521
		endloop
	endfacet
	facet normal 0.23211625696703606 -0.1781090357465345 -0.9562422363800152
		outer loop
			vertex 0.1863403069972992 -0.03252809122204778 0.11294047951698305
			vertex 0.17600166901946068 -0.04600166901946065 0.11294047951698305
			vertex 0.15872204035520554 -0.016582677140831927 0.10326649665832521
		endloop
	endfacet
	facet normal 0.2321162334506398 -0.17810905053077727 -0.9562422393346328
		outer loop
			vertex 0.17600166901946068 -0.04600166901946065 0.11294047951698305
			vertex 0.15345144748687745 -0.02345144748687742 0.10326649665832521
			vertex 0.15872204035520554 -0.016582677140831927 0.10326649665832521
		endloop
	endfacet
	facet normal 0.2703050683559121 -0.1119640513670818 -0.9562422398234537
		outer loop
			vertex 0.19283944845199585 -0.016837779432535147 0.11294047951698305
			vertex 0.1863403069972992 -0.03252809122204778 0.11294047951698305
			vertex 0.16203527256846428 -0.008583825081586813 0.10326649665832521
		endloop
	endfacet
	facet normal 0.270305103784879 -0.11196401316526275 -0.9562422342815521
		outer loop
			vertex 0.1863403069972992 -0.03252809122204778 0.11294047951698305
			vertex 0.15872204035520554 -0.016582677140831927 0.10326649665832521
			vertex 0.16203527256846428 -0.008583825081586813 0.10326649665832521
		endloop
	endfacet
	facet normal 0.2900730884575165 -0.03818881687775636 -0.9562422379387951
		outer loop
			vertex 0.19505618244409562 1.7110739785997775e-17 0.11294047951698305
			vertex 0.19283944845199585 -0.016837779432535147 0.11294047951698305
			vertex 0.1631653542816639 1.8868183845449882e-17 0.10326649665832521
		endloop
	endfacet
	facet normal 0.290073078756914 -0.038188835242912604 -0.9562422401480051
		outer loop
			vertex 0.19283944845199585 -0.016837779432535147 0.11294047951698305
			vertex 0.16203527256846428 -0.008583825081586813 0.10326649665832521
			vertex 0.1631653542816639 1.8868183845449882e-17 0.10326649665832521
		endloop
	endfacet
	facet normal 0.29007308362311784 0.03818881624129618 -0.9562422394307126
		outer loop
			vertex 0.19283944845199585 0.016837779432535196 0.11294047951698305
			vertex 0.19505618244409562 1.7110739785997775e-17 0.11294047951698305
			vertex 0.16203527256846428 0.008583825081586862 0.10326649665832521
		endloop
	endfacet
	facet normal 0.29007308823992833 0.03818883649137474 -0.9562422372215035
		outer loop
			vertex 0.19505618244409562 1.7110739785997775e-17 0.11294047951698305
			vertex 0.1631653542816639 1.8868183845449882e-17 0.10326649665832521
			vertex 0.16203527256846428 0.008583825081586862 0.10326649665832521
		endloop
	endfacet
	facet normal 0.27030507965676115 0.11196405604804778 -0.9562422360809115
		outer loop
			vertex 0.1863403069972992 0.032528091222047834 0.11294047951698305
			vertex 0.19283944845199585 0.016837779432535196 0.11294047951698305
			vertex 0.15872204035520554 0.016582677140831968 0.10326649665832521
		endloop
	endfacet
	facet normal 0.2703050816174644 0.11196400398322127 -0.9562422416228126
		outer loop
			vertex 0.19283944845199585 0.016837779432535196 0.11294047951698305
			vertex 0.16203527256846428 0.008583825081586862 0.10326649665832521
			vertex 0.15872204035520554 0.016582677140831968 0.10326649665832521
		endloop
	endfacet
	facet normal 0.23211625179329223 0.17810903177658197 -0.9562422383753196
		outer loop
			vertex 0.17600166901946068 0.046001669019460706 0.11294047951698305
			vertex 0.1863403069972992 0.032528091222047834 0.11294047951698305
			vertex 0.15345144748687745 0.023451447486877462 0.10326649665832521
		endloop
	endfacet
	facet normal 0.23211624359930194 0.1781090583181196 -0.9562422354207026
		outer loop
			vertex 0.1863403069972992 0.032528091222047834 0.11294047951698305
			vertex 0.15872204035520554 0.016582677140831968 0.10326649665832521
			vertex 0.15345144748687745 0.023451447486877462 0.10326649665832521
		endloop
	endfacet
	facet normal 0.1781090357465345 0.23211625696703606 -0.9562422363800153
		outer loop
			vertex 0.1625280912220478 0.05634030699729922 0.11294047951698305
			vertex 0.17600166901946068 0.046001669019460706 0.11294047951698305
			vertex 0.14658267714083195 0.028722040355205557 0.10326649665832521
		endloop
	endfacet
	facet normal 0.1781090505307772 0.23211623345063973 -0.9562422393346328
		outer loop
			vertex 0.17600166901946068 0.046001669019460706 0.11294047951698305
			vertex 0.15345144748687745 0.023451447486877462 0.10326649665832521
			vertex 0.14658267714083195 0.028722040355205557 0.10326649665832521
		endloop
	endfacet
	facet normal 0.1119640513670828 0.27030506835591106 -0.9562422398234537
		outer loop
			vertex 0.14683777943253518 0.06283944845199586 0.11294047951698302
			vertex 0.1625280912220478 0.05634030699729922 0.11294047951698305
			vertex 0.13858382508158684 0.03203527256846431 0.10326649665832521
		endloop
	endfacet
	facet normal 0.11196401316526297 0.2703051037848788 -0.9562422342815522
		outer loop
			vertex 0.1625280912220478 0.05634030699729922 0.11294047951698305
			vertex 0.14658267714083195 0.028722040355205557 0.10326649665832521
			vertex 0.13858382508158684 0.03203527256846431 0.10326649665832521
		endloop
	endfacet
	facet normal 0.03818881687775626 0.2900730884575158 -0.9562422379387953
		outer loop
			vertex 0.13 0.06505618244409563 0.11294047951698302
			vertex 0.14683777943253518 0.06283944845199586 0.11294047951698302
			vertex 0.13 0.03316535428166392 0.10326649665832521
		endloop
	endfacet
	facet normal 0.03818883524291249 0.29007307875691335 -0.9562422401480053
		outer loop
			vertex 0.14683777943253518 0.06283944845199586 0.11294047951698302
			vertex 0.13858382508158684 0.03203527256846431 0.10326649665832521
			vertex 0.13 0.03316535428166392 0.10326649665832521
		endloop
	endfacet
	facet normal -0.03818881624129611 0.29007308362311723 -0.956242239430713
		outer loop
			vertex 0.11316222056746483 0.06283944845199586 0.11294047951698302
			vertex 0.13 0.06505618244409563 0.11294047951698302
			vertex 0.12141617491841317 0.03203527256846431 0.10326649665832521
		endloop
	endfacet
	facet normal -0.03818883649137467 0.29007308823992756 -0.9562422372215036
		outer loop
			vertex 0.13 0.06505618244409563 0.11294047951698302
			vertex 0.13 0.03316535428166392 0.10326649665832521
			vertex 0.12141617491841317 0.03203527256846431 0.10326649665832521
		endloop
	endfacet
	facet normal -0.11196405604804899 0.2703050796567605 -0.9562422360809116
		outer loop
			vertex 0.0974719087779522 0.05634030699729922 0.11294047951698305
			vertex 0.11316222056746483 0.06283944845199586 0.11294047951698302
			vertex 0.11341732285916806 0.028722040355205557 0.10326649665832521
		endloop
	endfacet
	facet normal -0.11196400398322115 0.2703050816174637 -0.9562422416228126
		outer loop
			vertex 0.11316222056746483 0.06283944845199586 0.11294047951698302
			vertex 0.12141617491841317 0.03203527256846431 0.10326649665832521
			vertex 0.11341732285916806 0.028722040355205557 0.10326649665832521
		endloop
	endfacet
	facet normal -0.17810903177658197 0.23211625179329223 -0.9562422383753196
		outer loop
			vertex 0.08399833098053933 0.046001669019460706 0.11294047951698305
			vertex 0.0974719087779522 0.05634030699729922 0.11294047951698305
			vertex 0.10654855251312256 0.023451447486877462 0.10326649665832521
		endloop
	endfacet
	facet normal -0.1781090583181196 0.23211624359930194 -0.9562422354207026
		outer loop
			vertex 0.0974719087779522 0.05634030699729922 0.11294047951698305
			vertex 0.11341732285916806 0.028722040355205557 0.10326649665832521
			vertex 0.10654855251312256 0.023451447486877462 0.10326649665832521
		endloop
	endfacet
	facet normal -0.23211625696703606 0.1781090357465345 -0.9562422363800152
		outer loop
			vertex 0.07365969300270081 0.032528091222047834 0.11294047951698305
			vertex 0.08399833098053933 0.046001669019460706 0.11294047951698305
			vertex 0.10127795964479447 0.016582677140831968 0.10326649665832521
		endloop
	endfacet
	facet normal -0.23211623345063973 0.1781090505307772 -0.9562422393346328
		outer loop
			vertex 0.08399833098053933 0.046001669019460706 0.11294047951698305
			vertex 0.10654855251312256 0.023451447486877462 0.10326649665832521
			vertex 0.10127795964479447 0.016582677140831968 0.10326649665832521
		endloop
	endfacet
	facet normal -0.27030506835591206 0.11196405136708176 -0.9562422398234537
		outer loop
			vertex 0.06716055154800415 0.016837779432535196 0.11294047951698305
			vertex 0.07365969300270081 0.032528091222047834 0.11294047951698305
			vertex 0.09796472743153573 0.008583825081586862 0.10326649665832521
		endloop
	endfacet
	facet normal -0.270305103784879 0.11196401316526285 -0.9562422342815521
		outer loop
			vertex 0.07365969300270081 0.032528091222047834 0.11294047951698305
			vertex 0.10127795964479447 0.016582677140831968 0.10326649665832521
			vertex 0.09796472743153573 0.008583825081586862 0.10326649665832521
		endloop
	endfacet
	facet normal -0.29007308845751645 0.03818881687775638 -0.956242237938795
		outer loop
			vertex 0.06494381755590439 4.1011992891180726e-17 0.11294047951698305
			vertex 0.06716055154800415 0.016837779432535196 0.11294047951698305
			vertex 0.09683464571833611 3.10529376665699e-17 0.10326649665832521
		endloop
	endfacet
	facet normal -0.29007307875691396 0.038188835242912604 -0.956242240148005
		outer loop
			vertex 0.06716055154800415 0.016837779432535196 0.11294047951698305
			vertex 0.09796472743153573 0.008583825081586862 0.10326649665832521
			vertex 0.09683464571833611 3.10529376665699e-17 0.10326649665832521
		endloop
	endfacet
	facet normal -0.0980088664458572 -0.012903108654843592 -0.9951018902027267
		outer loop
			vertex 0.09796472743153573 -0.008583825081586813 0.10326649665832521
			vertex 0.09683464571833611 2.2929768452489888e-17 0.10326649665832521
			vertex 0.12999999999999998 1.681610756438343e-17 0.09999999821186067
		endloop
	endfacet
	facet normal -0.09132972577375095 -0.03783000200784265 -0.995101890329919
		outer loop
			vertex 0.10127795964479447 -0.016582677140831927 0.10326649665832521
			vertex 0.09796472743153573 -0.008583825081586813 0.10326649665832521
			vertex 0.12999999999999998 1.1794962013918636e-17 0.09999999821186067
		endloop
	endfacet
	facet normal -0.07842661015889885 -0.06017885463715024 -0.9951018903979355
		outer loop
			vertex 0.10654855251312256 -0.02345144748687742 0.10326649665832521
			vertex 0.10127795964479447 -0.016582677140831927 0.10326649665832521
			vertex 0.12999999999999998 7.483207797550237e-18 0.09999999821186067
		endloop
	endfacet
	facet normal -0.06017885463715021 -0.0784266101588988 -0.9951018903979356
		outer loop
			vertex 0.11341732285916806 -0.028722040355205515 0.10326649665832521
			vertex 0.10654855251312256 -0.02345144748687742 0.10326649665832521
			vertex 0.13 4.174680561962689e-18 0.09999999821186067
		endloop
	endfacet
	facet normal -0.03783000200784259 -0.09132972577375095 -0.995101890329919
		outer loop
			vertex 0.12141617491841317 -0.03203527256846425 0.10326649665832521
			vertex 0.11341732285916806 -0.028722040355205515 0.10326649665832521
			vertex 0.13 2.0948540257063088e-18 0.09999999821186067
		endloop
	endfacet
	facet normal -0.012903108654843592 -0.09800886644585723 -0.9951018902027268
		outer loop
			vertex 0.13 -0.03316535428166387 0.10326649665832521
			vertex 0.12141617491841317 -0.03203527256846425 0.10326649665832521
			vertex 0.13 1.3854639323808322e-18 0.09999999821186067
		endloop
	endfacet
	facet normal 0.012903108654843592 -0.09800886644585723 -0.9951018902027268
		outer loop
			vertex 0.13858382508158684 -0.03203527256846425 0.10326649665832521
			vertex 0.13 -0.03316535428166387 0.10326649665832521
			vertex 0.13 2.0948540257063088e-18 0.09999999821186067
		endloop
	endfacet
	facet normal 0.03783000200784259 -0.09132972577375094 -0.9951018903299191
		outer loop
			vertex 0.14658267714083195 -0.028722040355205515 0.10326649665832521
			vertex 0.13858382508158684 -0.03203527256846425 0.10326649665832521
			vertex 0.13 4.174680561962689e-18 0.09999999821186067
		endloop
	endfacet
	facet normal 0.06017885463715024 -0.07842661015889885 -0.9951018903979355
		outer loop
			vertex 0.15345144748687745 -0.02345144748687742 0.10326649665832521
			vertex 0.14658267714083195 -0.028722040355205515 0.10326649665832521
			vertex 0.13000000000000003 7.483207797550237e-18 0.09999999821186067
		endloop
	endfacet
	facet normal 0.07842661015889883 -0.06017885463715024 -0.9951018903979356
		outer loop
			vertex 0.15872204035520554 -0.016582677140831927 0.10326649665832521
			vertex 0.15345144748687745 -0.02345144748687742 0.10326649665832521
			vertex 0.13000000000000003 1.1794962013918636e-17 0.09999999821186067
		endloop
	endfacet
	facet normal 0.09132972577375095 -0.03783000200784265 -0.995101890329919
		outer loop
			vertex 0.16203527256846428 -0.008583825081586813 0.10326649665832521
			vertex 0.15872204035520554 -0.016582677140831927 0.10326649665832521
			vertex 0.13000000000000003 1.681610756438343e-17 0.09999999821186067
		endloop
	endfacet
	facet normal 0.0980088664458572 -0.012903108654843598 -0.9951018902027267
		outer loop
			vertex 0.1631653542816639 1.8868183845449882e-17 0.10326649665832521
			vertex 0.16203527256846428 -0.008583825081586813 0.10326649665832521
			vertex 0.13000000000000003 2.220446009545644e-17 0.09999999821186067
		endloop
	endfacet
	facet normal 0.0980088664458572 0.012903108654843582 -0.9951018902027267
		outer loop
			vertex 0.16203527256846428 0.008583825081586862 0.10326649665832521
			vertex 0.1631653542816639 1.8868183845449882e-17 0.10326649665832521
			vertex 0.13000000000000003 2.759281262652945e-17 0.09999999821186067
		endloop
	endfacet
	facet normal 0.09132972577375094 0.03783000200784268 -0.9951018903299191
		outer loop
			vertex 0.15872204035520554 0.016582677140831968 0.10326649665832521
			vertex 0.16203527256846428 0.008583825081586862 0.10326649665832521
			vertex 0.13000000000000003 3.2613958176994245e-17 0.09999999821186067
		endloop
	endfacet
	facet normal 0.07842661015889885 0.06017885463715024 -0.9951018903979355
		outer loop
			vertex 0.15345144748687745 0.023451447486877462 0.10326649665832521
			vertex 0.15872204035520554 0.016582677140831968 0.10326649665832521
			vertex 0.13000000000000003 3.6925712393362644e-17 0.09999999821186067
		endloop
	endfacet
	facet normal 0.06017885463715021 0.0784266101588988 -0.9951018903979356
		outer loop
			vertex 0.14658267714083195 0.028722040355205557 0.10326649665832521
			vertex 0.15345144748687745 0.023451447486877462 0.10326649665832521
			vertex 0.13 4.023423962895019e-17 0.09999999821186067
		endloop
	endfacet
	facet normal 0.037830002007842714 0.09132972577375088 -0.995101890329919
		outer loop
			vertex 0.13858382508158684 0.03203527256846431 0.10326649665832521
			vertex 0.14658267714083195 0.028722040355205557 0.10326649665832521
			vertex 0.13 4.231406616520657e-17 0.09999999821186067
		endloop
	endfacet
	facet normal 0.012903108654843587 0.09800886644585718 -0.9951018902027268
		outer loop
			vertex 0.13 0.03316535428166392 0.10326649665832521
			vertex 0.13858382508158684 0.03203527256846431 0.10326649665832521
			vertex 0.13 4.302345625853205e-17 0.09999999821186067
		endloop
	endfacet
	facet normal -0.012903108654843587 0.09800886644585718 -0.9951018902027268
		outer loop
			vertex 0.12141617491841317 0.03203527256846431 0.10326649665832521
			vertex 0.13 0.03316535428166392 0.10326649665832521
			vertex 0.13 4.231406616520657e-17 0.09999999821186067
		endloop
	endfacet
	facet normal -0.037830002007842714 0.09132972577375088 -0.995101890329919
		outer loop
			vertex 0.11341732285916806 0.028722040355205557 0.10326649665832521
			vertex 0.12141617491841317 0.03203527256846431 0.10326649665832521
			vertex 0.13 4.023423962895019e-17 0.09999999821186067
		endloop
	endfacet
	facet normal -0.06017885463715024 0.07842661015889885 -0.9951018903979355
		outer loop
			vertex 0.10654855251312256 0.023451447486877462 0.10326649665832521
			vertex 0.11341732285916806 0.028722040355205557 0.10326649665832521
			vertex 0.12999999999999998 3.6925712393362644e-17 0.09999999821186067
		endloop
	endfacet
	facet normal -0.07842661015889883 0.06017885463715024 -0.9951018903979356
		outer loop
			vertex 0.10127795964479447 0.016582677140831968 0.10326649665832521
			vertex 0.10654855251312256 0.023451447486877462 0.10326649665832521
			vertex 0.12999999999999998 3.2613958176994245e-17 0.09999999821186067
		endloop
	endfacet
	facet normal -0.09132972577375094 0.03783000200784268 -0.9951018903299191
		outer loop
			vertex 0.09796472743153573 0.008583825081586862 0.10326649665832521
			vertex 0.10127795964479447 0.016582677140831968 0.10326649665832521
			vertex 0.12999999999999998 2.759281262652945e-17 0.09999999821186067
		endloop
	endfacet
	facet normal -0.09800886644585721 0.012903108654843603 -0.9951018902027268
		outer loop
			vertex 0.09683464571833611 3.10529376665699e-17 0.10326649665832521
			vertex 0.09796472743153573 0.008583825081586862 0.10326649665832521
			vertex 0.12999999999999998 2.2204460095456447e-17 0.09999999821186067
		endloop
	endfacet
	facet normal 0.25075692424981016 -0.9561203112759346 -0.1515087961353572
		outer loop
			vertex -0.27047329880299126 0.015000000298023251 0.06794935495372871
			vertex -0.25679009506011263 0.02236860215663912 0.044095216379149385
			vertex 0.05047329880299127 0.07000000000000006 0.2520506450462713
		endloop
	endfacet
	facet normal 0.47154761179393617 -0.6999286402651306 -0.5364165809779194
		outer loop
			vertex -0.25679009506011263 0.02236860215663912 0.044095216379149385
			vertex -0.24677329426552247 0.04250000014901163 0.026632774196888698
			vertex 0.05047329880299127 0.07000000000000006 0.2520506450462713
		endloop
	endfacet
	facet normal 0.5990211695446471 -0.2561916342146839 -0.7586431868775813
		outer loop
			vertex -0.24677329426552247 0.04250000014901163 0.026632774196888698
			vertex -0.243106891317234 0.07000000000000002 0.020241077804570018
			vertex 0.05047329880299127 0.07000000000000006 0.2520506450462713
		endloop
	endfacet
	facet normal 0.5990211695446471 0.2561916342146839 -0.7586431868775813
		outer loop
			vertex -0.243106891317234 0.07000000000000002 0.020241077804570018
			vertex -0.24677329426552247 0.09749999985098841 0.026632774196888698
			vertex 0.05047329880299127 0.07000000000000006 0.2520506450462713
		endloop
	endfacet
	facet normal 0.4715476117939363 0.6999286402651301 -0.5364165809779199
		outer loop
			vertex -0.24677329426552247 0.09749999985098841 0.026632774196888698
			vertex -0.25679009506011263 0.11763139784336092 0.04409521637914936
			vertex 0.05047329880299127 0.07000000000000006 0.2520506450462713
		endloop
	endfacet
	facet normal 0.2507569242498104 0.9561203112759344 -0.1515087961353579
		outer loop
			vertex -0.25679009506011263 0.11763139784336092 0.04409521637914936
			vertex -0.27047329880299126 0.12499999970197681 0.06794935495372868
			vertex 0.05047329880299127 0.07000000000000006 0.2520506450462713
		endloop
	endfacet
	facet normal -0.00419015554477703 0.9561203112759346 0.29294435130604746
		outer loop
			vertex -0.27047329880299126 0.12499999970197681 0.06794935495372868
			vertex -0.2841565025458699 0.11763139784336094 0.09180349352830801
			vertex 0.05047329880299127 0.07000000000000006 0.2520506450462713
		endloop
	endfacet
	facet normal -0.22498084217836933 0.699928640265131 0.6778521366709089
		outer loop
			vertex -0.2841565025458699 0.11763139784336094 0.09180349352830801
			vertex -0.2941733033404601 0.09749999985098842 0.1092659357105687
			vertex 0.05047329880299127 0.07000000000000006 0.2520506450462713
		endloop
	endfacet
	facet normal -0.35245440083961405 0.2561916342146828 0.9000787420482714
		outer loop
			vertex -0.2941733033404601 0.09749999985098842 0.1092659357105687
			vertex -0.2978397062887485 0.07000000000000005 0.11565763210288736
			vertex 0.05047329880299127 0.07000000000000006 0.2520506450462713
		endloop
	endfacet
	facet normal -0.35245440083961416 -0.25619163421468166 0.9000787420482718
		outer loop
			vertex -0.2978397062887485 0.07000000000000005 0.11565763210288736
			vertex -0.2941733033404601 0.042500000149011646 0.10926593571056872
			vertex 0.05047329880299127 0.07000000000000006 0.2520506450462713
		endloop
	endfacet
	facet normal -0.22498084217836917 -0.699928640265131 0.6778521366709089
		outer loop
			vertex -0.2941733033404601 0.042500000149011646 0.10926593571056872
			vertex -0.2841565025458699 0.022368602156639134 0.09180349352830804
			vertex 0.05047329880299127 0.07000000000000006 0.2520506450462713
		endloop
	endfacet
	facet normal -0.004190155544777071 -0.9561203112759343 0.2929443513060478
		outer loop
			vertex -0.2841565025458699 0.022368602156639134 0.09180349352830804
			vertex -0.27047329880299126 0.015000000298023251 0.06794935495372872
			vertex 0.05047329880299127 0.07000000000000006 0.2520506450462713
		endloop
	endfacet
	facet normal -0.8674232255940171 -1.2554882653399523e-16 -0.49757104789172707
		outer loop
			vertex -0.25679009506011263 0.02236860215663912 0.044095216379149385
			vertex -0.27047329880299126 0.015000000298023251 0.06794935495372871
			vertex -0.27047329880299126 0.07000000000000003 0.0679493549537287
		endloop
	endfacet
	facet normal -0.8674232255940174 -7.16827850071788e-16 -0.4975710478917261
		outer loop
			vertex -0.24677329426552247 0.04250000014901163 0.026632774196888698
			vertex -0.25679009506011263 0.02236860215663912 0.044095216379149385
			vertex -0.27047329880299126 0.07000000000000003 0.0679493549537287
		endloop
	endfacet
	facet normal -0.8674232255940172 5.734623123227658e-16 -0.4975710478917268
		outer loop
			vertex -0.243106891317234 0.07000000000000002 0.020241077804570018
			vertex -0.24677329426552247 0.04250000014901163 0.026632774196888698
			vertex -0.27047329880299126 0.07000000000000003 0.0679493549537287
		endloop
	endfacet
	facet normal -0.8674232255940171 -5.734623123227658e-16 -0.4975710478917268
		outer loop
			vertex -0.24677329426552247 0.09749999985098841 0.026632774196888698
			vertex -0.243106891317234 0.07000000000000002 0.020241077804570018
			vertex -0.27047329880299126 0.07000000000000003 0.0679493549537287
		endloop
	endfacet
	facet normal -0.8674232255940174 2.8673114002871544e-16 -0.49757104789172635
		outer loop
			vertex -0.25679009506011263 0.11763139784336092 0.04409521637914936
			vertex -0.24677329426552247 0.09749999985098841 0.026632774196888698
			vertex -0.27047329880299126 0.07000000000000003 0.0679493549537287
		endloop
	endfacet
	facet normal -0.8674232255940171 -1.433655780806915e-16 -0.497571047891727
		outer loop
			vertex -0.27047329880299126 0.12499999970197681 0.06794935495372868
			vertex -0.25679009506011263 0.11763139784336092 0.04409521637914936
			vertex -0.27047329880299126 0.07000000000000003 0.0679493549537287
		endloop
	endfacet
	facet normal -0.8674232255940171 -1.2554882653399525e-16 -0.49757104789172707
		outer loop
			vertex -0.2841565025458699 0.11763139784336094 0.09180349352830801
			vertex -0.27047329880299126 0.12499999970197681 0.06794935495372868
			vertex -0.27047329880299126 0.07000000000000003 0.0679493549537287
		endloop
	endfacet
	facet normal -0.8674232255940167 1.612862662661522e-16 -0.4975710478917275
		outer loop
			vertex -0.2941733033404601 0.09749999985098842 0.1092659357105687
			vertex -0.2841565025458699 0.11763139784336094 0.09180349352830801
			vertex -0.27047329880299126 0.07000000000000003 0.0679493549537287
		endloop
	endfacet
	facet normal -0.8674232255940171 -9.497969547845815e-16 -0.4975710478917269
		outer loop
			vertex -0.2978397062887485 0.07000000000000005 0.11565763210288736
			vertex -0.2941733033404601 0.09749999985098842 0.1092659357105687
			vertex -0.27047329880299126 0.07000000000000003 0.0679493549537287
		endloop
	endfacet
	facet normal -0.867423225594017 4.65938128762247e-16 -0.4975710478917269
		outer loop
			vertex -0.2941733033404601 0.042500000149011646 0.10926593571056872
			vertex -0.2978397062887485 0.07000000000000005 0.11565763210288736
			vertex -0.27047329880299126 0.07000000000000003 0.0679493549537287
		endloop
	endfacet
	facet normal -0.8674232255940169 -3.225725325323043e-16 -0.49757104789172735
		outer loop
			vertex -0.2841565025458699 0.022368602156639134 0.09180349352830804
			vertex -0.2941733033404601 0.042500000149011646 0.10926593571056872
			vertex -0.27047329880299126 0.07000000000000003 0.0679493549537287
		endloop
	endfacet
	facet normal -0.867423225594017 -2.508897616412102e-16 -0.49757104789172724
		outer loop
			vertex -0.27047329880299126 0.015000000298023251 0.06794935495372872
			vertex -0.2841565025458699 0.022368602156639134 0.09180349352830804
			vertex -0.27047329880299126 0.07000000000000003 0.0679493549537287
		endloop
	endfacet
	facet normal 0.26910579791331984 -0.9528833390626834 -0.13998361213437346
		outer loop
			vertex -0.24878771299289554 -0.05499999970197674 0.16038863411677645
			vertex -0.2351045092500169 -0.047631397843360866 0.1365344955421971
			vertex 0.028787712992895523 7.096797946709e-17 0.31961136588322353
		endloop
	endfacet
	facet normal 0.4891489924317385 -0.6975590121443543 -0.5235882807886436
		outer loop
			vertex -0.2351045092500169 -0.047631397843360866 0.1365344955421971
			vertex -0.2250877084554267 -0.027499999850988364 0.11907205335993643
			vertex 0.028787712992895523 7.096797946709e-17 0.31961136588322353
		endloop
	endfacet
	facet normal 0.6161909848076679 -0.25532429022936953 -0.7450625323156608
		outer loop
			vertex -0.2250877084554267 -0.027499999850988364 0.11907205335993643
			vertex -0.2214213055071383 2.165228674923116e-17 0.11268035696761777
			vertex 0.028787712992895523 7.096797946709e-17 0.31961136588322353
		endloop
	endfacet
	facet normal 0.6161909848076678 0.25532429022936953 -0.7450625323156609
		outer loop
			vertex -0.2214213055071383 2.165228674923116e-17 0.11268035696761777
			vertex -0.2250877084554267 0.027499999850988412 0.11907205335993643
			vertex 0.028787712992895523 7.096797946709e-17 0.31961136588322353
		endloop
	endfacet
	facet normal 0.4891489924317387 0.697559012144354 -0.5235882807886442
		outer loop
			vertex -0.2250877084554267 0.027499999850988412 0.11907205335993643
			vertex -0.2351045092500169 0.047631397843360936 0.1365344955421971
			vertex 0.028787712992895523 7.096797946709e-17 0.31961136588322353
		endloop
	endfacet
	facet normal 0.26910579791331984 0.9528833390626834 -0.13998361213437369
		outer loop
			vertex -0.2351045092500169 0.047631397843360936 0.1365344955421971
			vertex -0.24878771299289554 0.05499999970197681 0.16038863411677642
			vertex 0.028787712992895523 7.096797946709e-17 0.31961136588322353
		endloop
	endfacet
	facet normal 0.015021848630041844 0.9528833390626834 0.30296482667215235
		outer loop
			vertex -0.24878771299289554 0.05499999970197681 0.16038863411677642
			vertex -0.26247091673577416 0.04763139784336094 0.18424277269135575
			vertex 0.028787712992895523 7.096797946709e-17 0.31961136588322353
		endloop
	endfacet
	facet normal -0.20502134484622933 0.6975590121443542 0.686569495924219
		outer loop
			vertex -0.26247091673577416 0.04763139784336094 0.18424277269135575
			vertex -0.2724877175303643 0.027499999850988433 0.20170521487361645
			vertex 0.028787712992895523 7.096797946709e-17 0.31961136588322353
		endloop
	endfacet
	facet normal -0.332063338264306 0.2553242902293704 0.9080437468534396
		outer loop
			vertex -0.2724877175303643 0.027499999850988433 0.20170521487361645
			vertex -0.2761541204786528 5.631013265111925e-17 0.2080969112659351
			vertex 0.028787712992895523 7.096797946709e-17 0.31961136588322353
		endloop
	endfacet
	facet normal -0.3320633382643061 -0.2553242902293703 0.9080437468534397
		outer loop
			vertex -0.2761541204786528 5.631013265111925e-17 0.2080969112659351
			vertex -0.2724877175303643 -0.027499999850988343 0.20170521487361645
			vertex 0.028787712992895523 7.096797946709e-17 0.31961136588322353
		endloop
	endfacet
	facet normal -0.20502134484622944 -0.6975590121443537 0.6865694959242197
		outer loop
			vertex -0.2724877175303643 -0.027499999850988343 0.20170521487361645
			vertex -0.26247091673577416 -0.04763139784336086 0.18424277269135578
			vertex 0.028787712992895523 7.096797946709e-17 0.31961136588322353
		endloop
	endfacet
	facet normal 0.015021848630041818 -0.9528833390626832 0.3029648266721528
		outer loop
			vertex -0.26247091673577416 -0.04763139784336086 0.18424277269135578
			vertex -0.24878771299289554 -0.05499999970197674 0.16038863411677645
			vertex 0.028787712992895523 7.096797946709e-17 0.31961136588322353
		endloop
	endfacet
	facet normal -0.8674232255940172 0 -0.4975710478917265
		outer loop
			vertex -0.2351045092500169 -0.047631397843360866 0.1365344955421971
			vertex -0.24878771299289554 -0.05499999970197674 0.16038863411677645
			vertex -0.24878771299289554 3.5613430896925025e-17 0.16038863411677645
		endloop
	endfacet
	facet normal -0.8674232255940167 5.555415838056354e-16 -0.49757104789172735
		outer loop
			vertex -0.2250877084554267 -0.027499999850988364 0.11907205335993643
			vertex -0.2351045092500169 -0.047631397843360866 0.1365344955421971
			vertex -0.24878771299289554 3.5613430896925025e-17 0.16038863411677645
		endloop
	endfacet
	facet normal -0.8674232255940171 -6.809864958832844e-16 -0.4975710478917268
		outer loop
			vertex -0.2214213055071383 2.165228674923116e-17 0.11268035696761777
			vertex -0.2250877084554267 -0.027499999850988364 0.11907205335993643
			vertex -0.24878771299289554 3.5613430896925025e-17 0.16038863411677645
		endloop
	endfacet
	facet normal -0.8674232255940171 6.809864958832842e-16 -0.4975710478917268
		outer loop
			vertex -0.2250877084554267 0.027499999850988412 0.11907205335993643
			vertex -0.2214213055071383 2.165228674923116e-17 0.11268035696761777
			vertex -0.24878771299289554 3.5613430896925025e-17 0.16038863411677645
		endloop
	endfacet
	facet normal -0.8674232255940166 -5.376208875538405e-16 -0.49757104789172746
		outer loop
			vertex -0.2351045092500169 0.047631397843360936 0.1365344955421971
			vertex -0.2250877084554267 0.027499999850988412 0.11907205335993643
			vertex -0.24878771299289554 3.5613430896925025e-17 0.16038863411677645
		endloop
	endfacet
	facet normal -0.8674232255940171 -2.5088976164121014e-16 -0.497571047891727
		outer loop
			vertex -0.24878771299289554 0.05499999970197681 0.16038863411677642
			vertex -0.2351045092500169 0.047631397843360936 0.1365344955421971
			vertex -0.24878771299289554 3.5613430896925025e-17 0.16038863411677645
		endloop
	endfacet
	facet normal -0.867423225594017 -2.510976530679905e-16 -0.49757104789172707
		outer loop
			vertex -0.26247091673577416 0.04763139784336094 0.18424277269135575
			vertex -0.24878771299289554 0.05499999970197681 0.16038863411677642
			vertex -0.24878771299289554 3.5613430896925025e-17 0.16038863411677645
		endloop
	endfacet
	facet normal -0.8674232255940174 -9.318762050933244e-16 -0.497571047891726
		outer loop
			vertex -0.2724877175303643 0.027499999850988433 0.20170521487361645
			vertex -0.26247091673577416 0.04763139784336094 0.18424277269135575
			vertex -0.24878771299289554 3.5613430896925025e-17 0.16038863411677645
		endloop
	endfacet
	facet normal -0.867423225594017 1.0035590465648408e-15 -0.497571047891727
		outer loop
			vertex -0.2761541204786528 5.631013265111925e-17 0.2080969112659351
			vertex -0.2724877175303643 0.027499999850988433 0.20170521487361645
			vertex -0.24878771299289554 3.5613430896925025e-17 0.16038863411677645
		endloop
	endfacet
	facet normal -0.8674232255940169 -1.0035590465648404e-15 -0.497571047891727
		outer loop
			vertex -0.2724877175303643 -0.027499999850988343 0.20170521487361645
			vertex -0.2761541204786528 5.631013265111925e-17 0.2080969112659351
			vertex -0.24878771299289554 3.5613430896925025e-17 0.16038863411677645
		endloop
	endfacet
	facet normal -0.8674232255940173 5.017794950502519e-16 -0.4975710478917263
		outer loop
			vertex -0.26247091673577416 -0.04763139784336086 0.18424277269135578
			vertex -0.2724877175303643 -0.027499999850988343 0.20170521487361645
			vertex -0.24878771299289554 3.5613430896925025e-17 0.16038863411677645
		endloop
	endfacet
	facet normal -0.867423225594017 0 -0.49757104789172707
		outer loop
			vertex -0.24878771299289554 -0.05499999970197674 0.16038863411677645
			vertex -0.26247091673577416 -0.04763139784336086 0.18424277269135578
			vertex -0.24878771299289554 3.5613430896925025e-17 0.16038863411677645
		endloop
	endfacet
	facet normal 0.2938235915378675 -0.9477536509635182 -0.12422042561958346
		outer loop
			vertex -0.22710214010841306 -0.12499999970197673 0.2528279058654378
			vertex -0.21341893636553444 -0.11763139784336085 0.22897376729085844
			vertex 0.007102140108413077 -0.06999999999999992 0.3871720941345622
		endloop
	endfacet
	facet normal 0.5126822203935889 -0.6938038198323337 -0.5057600226178045
		outer loop
			vertex -0.21341893636553444 -0.11763139784336085 0.22897376729085844
			vertex -0.20340213557094428 -0.09749999985098835 0.21151132510859777
			vertex 0.007102140108413077 -0.06999999999999992 0.3871720941345622
		endloop
	endfacet
	facet normal 0.6390403033738101 -0.2539497946124091 -0.726042004625231
		outer loop
			vertex -0.20340213557094428 -0.09749999985098835 0.21151132510859777
			vertex -0.19973573262265581 -0.06999999999999997 0.20511962871627912
			vertex 0.007102140108413077 -0.06999999999999992 0.3871720941345622
		endloop
	endfacet
	facet normal 0.63904030337381 0.2539497946124091 -0.726042004625231
		outer loop
			vertex -0.19973573262265581 -0.06999999999999997 0.20511962871627912
			vertex -0.20340213557094428 -0.04250000014901158 0.21151132510859777
			vertex 0.007102140108413077 -0.06999999999999992 0.3871720941345622
		endloop
	endfacet
	facet normal 0.512682220393589 0.6938038198323334 -0.5057600226178051
		outer loop
			vertex -0.20340213557094428 -0.04250000014901158 0.21151132510859777
			vertex -0.21341893636553444 -0.022368602156639057 0.22897376729085844
			vertex 0.007102140108413077 -0.06999999999999992 0.3871720941345622
		endloop
	endfacet
	facet normal 0.2938235915378675 0.9477536509635182 -0.12422042561958375
		outer loop
			vertex -0.21341893636553444 -0.022368602156639057 0.22897376729085844
			vertex -0.22710214010841306 -0.015000000298023175 0.2528279058654378
			vertex 0.007102140108413077 -0.06999999999999992 0.3871720941345622
		endloop
	endfacet
	facet normal 0.04110746070349776 0.9477536509635179 0.3163434743436832
		outer loop
			vertex -0.22710214010841306 -0.015000000298023175 0.2528279058654378
			vertex -0.2407853438512917 -0.022368602156639043 0.2766820444400171
			vertex 0.007102140108413077 -0.06999999999999992 0.3871720941345622
		endloop
	endfacet
	facet normal -0.17775116693692591 0.693803819832334 0.6978830720390224
		outer loop
			vertex -0.2407853438512917 -0.022368602156639043 0.2766820444400171
			vertex -0.2508021446458819 -0.042500000149011556 0.29414448662227777
			vertex 0.007102140108413077 -0.06999999999999992 0.3871720941345622
		endloop
	endfacet
	facet normal -0.3041092511324448 0.253949794612409 0.9181650533493305
		outer loop
			vertex -0.2508021446458819 -0.042500000149011556 0.29414448662227777
			vertex -0.2544685475941703 -0.06999999999999994 0.30053618301459645
			vertex 0.007102140108413077 -0.06999999999999992 0.3871720941345622
		endloop
	endfacet
	facet normal -0.3041092511324449 -0.25394979461240713 0.918165053349331
		outer loop
			vertex -0.2544685475941703 -0.06999999999999994 0.30053618301459645
			vertex -0.2508021446458819 -0.09749999985098834 0.2941444866222778
			vertex 0.007102140108413077 -0.06999999999999992 0.3871720941345622
		endloop
	endfacet
	facet normal -0.17775116693692566 -0.6938038198323339 0.6978830720390226
		outer loop
			vertex -0.2508021446458819 -0.09749999985098834 0.2941444866222778
			vertex -0.2407853438512917 -0.11763139784336085 0.27668204444001715
			vertex 0.007102140108413077 -0.06999999999999992 0.3871720941345622
		endloop
	endfacet
	facet normal 0.04110746070349813 -0.9477536509635182 0.31634347434368304
		outer loop
			vertex -0.2407853438512917 -0.11763139784336085 0.27668204444001715
			vertex -0.22710214010841306 -0.12499999970197673 0.2528279058654378
			vertex 0.007102140108413077 -0.06999999999999992 0.3871720941345622
		endloop
	endfacet
	facet normal -0.8674232255940172 0 -0.4975710478917265
		outer loop
			vertex -0.21341893636553444 -0.11763139784336085 0.22897376729085844
			vertex -0.22710214010841306 -0.12499999970197673 0.2528279058654378
			vertex -0.22710214010841306 -0.06999999999999995 0.2528279058654378
		endloop
	endfacet
	facet normal -0.8674232255940174 -3.225725325323047e-16 -0.49757104789172607
		outer loop
			vertex -0.20340213557094428 -0.09749999985098835 0.21151132510859777
			vertex -0.21341893636553444 -0.11763139784336085 0.22897376729085844
			vertex -0.22710214010841306 -0.06999999999999995 0.2528279058654378
		endloop
	endfacet
	facet normal -0.8674232255940171 1.0752418356051858e-15 -0.4975710478917268
		outer loop
			vertex -0.19973573262265581 -0.06999999999999997 0.20511962871627912
			vertex -0.20340213557094428 -0.09749999985098835 0.21151132510859777
			vertex -0.22710214010841306 -0.06999999999999995 0.2528279058654378
		endloop
	endfacet
	facet normal -0.8674232255940171 -1.0752418356051858e-15 -0.4975710478917268
		outer loop
			vertex -0.20340213557094428 -0.04250000014901158 0.21151132510859777
			vertex -0.19973573262265581 -0.06999999999999997 0.20511962871627912
			vertex -0.22710214010841306 -0.06999999999999995 0.2528279058654378
		endloop
	endfacet
	facet normal -0.8674232255940174 3.2257253253230466e-16 -0.4975710478917261
		outer loop
			vertex -0.21341893636553444 -0.022368602156639057 0.22897376729085844
			vertex -0.20340213557094428 -0.04250000014901158 0.21151132510859777
			vertex -0.22710214010841306 -0.06999999999999995 0.2528279058654378
		endloop
	endfacet
	facet normal -0.8674232255940172 0 -0.4975710478917265
		outer loop
			vertex -0.22710214010841306 -0.015000000298023175 0.2528279058654378
			vertex -0.21341893636553444 -0.022368602156639057 0.22897376729085844
			vertex -0.22710214010841306 -0.06999999999999995 0.2528279058654378
		endloop
	endfacet
	facet normal -0.8674232255940169 0 -0.4975710478917275
		outer loop
			vertex -0.2407853438512917 -0.022368602156639043 0.2766820444400171
			vertex -0.22710214010841306 -0.015000000298023175 0.2528279058654378
			vertex -0.22710214010841306 -0.06999999999999995 0.2528279058654378
		endloop
	endfacet
	facet normal -0.8674232255940166 1.9712765876974168e-16 -0.4975710478917278
		outer loop
			vertex -0.2508021446458819 -0.042500000149011556 0.29414448662227777
			vertex -0.2407853438512917 -0.022368602156639043 0.2766820444400171
			vertex -0.22710214010841306 -0.06999999999999995 0.2528279058654378
		endloop
	endfacet
	facet normal -0.8674232255940171 -1.254448808206051e-15 -0.49757104789172707
		outer loop
			vertex -0.2544685475941703 -0.06999999999999994 0.30053618301459645
			vertex -0.2508021446458819 -0.042500000149011556 0.29414448662227777
			vertex -0.22710214010841306 -0.06999999999999995 0.2528279058654378
		endloop
	endfacet
	facet normal -0.8674232255940169 2.5088976164121e-16 -0.49757104789172696
		outer loop
			vertex -0.2508021446458819 -0.09749999985098834 0.2941444866222778
			vertex -0.2544685475941703 -0.06999999999999994 0.30053618301459645
			vertex -0.22710214010841306 -0.06999999999999995 0.2528279058654378
		endloop
	endfacet
	facet normal -0.8674232255940169 -5.376208875538406e-16 -0.49757104789172746
		outer loop
			vertex -0.2407853438512917 -0.11763139784336085 0.27668204444001715
			vertex -0.2508021446458819 -0.09749999985098834 0.2941444866222778
			vertex -0.22710214010841306 -0.06999999999999995 0.2528279058654378
		endloop
	endfacet
	facet normal -0.8674232255940172 0 -0.4975710478917265
		outer loop
			vertex -0.22710214010841306 -0.12499999970197673 0.2528279058654378
			vertex -0.2407853438512917 -0.11763139784336085 0.27668204444001715
			vertex -0.22710214010841306 -0.06999999999999995 0.2528279058654378
		endloop
	endfacet
endsolid exported
