o 
v 0 0.3899999964237213 0
v 0 0.3899999964237213 0
v 0 0.3899999964237213 0
v 0 0.3899999964237213 0
v 0 0.3899999964237213 0
v 0 0.3899999964237213 0
v 0 0.3899999964237213 0
v 0 0.3899999964237213 0
v 0 0.3899999964237213 0
v 0 0.3899999964237213 0
v 0 0.3899999964237213 0
v 0 0.3899999964237213 0
v 0 0.3899999964237213 0
v 0 0.3899999964237213 0
v 0 0.3899999964237213 0
v 0 0.3899999964237213 0
v 0 0.3899999964237213 0
v 0 0.3899999964237213 0
v 0 0.3899999964237213 0
v 0 0.3899999964237213 0
v 0 0.3899999964237213 0
v 0 0.3899999964237213 0
v 0 0.3899999964237213 0
v 0 0.3899999964237213 0
v 0 0.3899999964237213 0
v -0.031214451417326927 0.3869256484508514 0
v -0.030150845646858215 0.3869256484508514 0.008078894577920437
v -0.027032507583498955 0.3869256484508514 0.015607225708663464
v -0.022071950137615204 0.3869256484508514 0.022071950137615204
v -0.015607225708663464 0.3869256484508514 0.027032507583498955
v -0.008078894577920437 0.3869256484508514 0.030150845646858215
v -1.9113339813823915e-18 0.3869256484508514 0.031214451417326927
v 0.008078894577920437 0.3869256484508514 0.030150845646858215
v 0.015607225708663464 0.3869256484508514 0.027032507583498955
v 0.022071950137615204 0.3869256484508514 0.022071950137615204
v 0.027032507583498955 0.3869256484508514 0.015607225708663464
v 0.030150845646858215 0.3869256484508514 0.008078894577920437
v 0.031214451417326927 0.3869256484508514 3.822667962764783e-18
v 0.030150845646858215 0.3869256484508514 -0.008078894577920437
v 0.027032507583498955 0.3869256484508514 -0.015607225708663464
v 0.022071950137615204 0.3869256484508514 -0.022071950137615204
v 0.015607225708663464 0.3869256484508514 -0.027032507583498955
v 0.008078894577920437 0.3869256484508514 -0.030150845646858215
v 5.734001530556868e-18 0.3869256484508514 -0.031214451417326927
v -0.008078894577920437 0.3869256484508514 -0.030150845646858215
v -0.015607225708663464 0.3869256484508514 -0.027032507583498955
v -0.022071950137615204 0.3869256484508514 -0.022071950137615204
v -0.027032507583498955 0.3869256484508514 -0.015607225708663464
v -0.030150845646858215 0.3869256484508514 -0.008078894577920437
v -0.031214451417326927 0.3869256484508514 -7.645335925529566e-18
v -0.06122934818267822 0.37782072603702543 0
v -0.05914301052689552 0.37782072603702543 0.01584732159972191
v -0.05302617326378822 0.37782072603702543 0.03061467409133911
v -0.043295688927173615 0.37782072603702543 0.043295688927173615
v -0.03061467409133911 0.37782072603702543 0.05302617326378822
v -0.01584732159972191 0.37782072603702543 0.05914301052689552
v -3.7492163923216055e-18 0.37782072603702543 0.06122934818267822
v 0.01584732159972191 0.37782072603702543 0.05914301052689552
v 0.03061467409133911 0.37782072603702543 0.05302617326378822
v 0.043295688927173615 0.37782072603702543 0.043295688927173615
v 0.05302617326378822 0.37782072603702543 0.03061467409133911
v 0.05914301052689552 0.37782072603702543 0.01584732159972191
v 0.06122934818267822 0.37782072603702543 7.498432784643211e-18
v 0.05914301052689552 0.37782072603702543 -0.01584732159972191
v 0.05302617326378822 0.37782072603702543 -0.03061467409133911
v 0.043295688927173615 0.37782072603702543 -0.043295688927173615
v 0.03061467409133911 0.37782072603702543 -0.05302617326378822
v 0.01584732159972191 0.37782072603702543 -0.05914301052689552
v 1.124764876337451e-17 0.37782072603702543 -0.06122934818267822
v -0.01584732159972191 0.37782072603702543 -0.05914301052689552
v -0.03061467409133911 0.37782072603702543 -0.05302617326378822
v -0.043295688927173615 0.37782072603702543 -0.043295688927173615
v -0.05302617326378822 0.37782072603702543 -0.03061467409133911
v -0.05914301052689552 0.37782072603702543 -0.01584732159972191
v -0.06122934818267822 0.37782072603702543 -1.4996865569286422e-17
v -0.08889123797416687 0.36303513824939726 0
v -0.08586233854293823 0.36303513824939726 0.02300674468278885
v -0.07698206603527069 0.36303513824939726 0.044445618987083435
v -0.06285559386014938 0.36303513824939726 0.06285559386014938
v -0.044445618987083435 0.36303513824939726 0.07698206603527069
v -0.02300674468278885 0.36303513824939726 0.08586233854293823
v -5.443018416214802e-18 0.36303513824939726 0.08889123797416687
v 0.02300674468278885 0.36303513824939726 0.08586233854293823
v 0.044445618987083435 0.36303513824939726 0.07698206603527069
v 0.06285559386014938 0.36303513824939726 0.06285559386014938
v 0.07698206603527069 0.36303513824939726 0.044445618987083435
v 0.08586233854293823 0.36303513824939726 0.02300674468278885
v 0.08889123797416687 0.36303513824939726 1.0886036832429603e-17
v 0.08586233854293823 0.36303513824939726 -0.02300674468278885
v 0.07698206603527069 0.36303513824939726 -0.044445618987083435
v 0.06285559386014938 0.36303513824939726 -0.06285559386014938
v 0.044445618987083435 0.36303513824939726 -0.07698206603527069
v 0.02300674468278885 0.36303513824939726 -0.08586233854293823
v 1.63290548350541e-17 0.36303513824939726 -0.08889123797416687
v -0.02300674468278885 0.36303513824939726 -0.08586233854293823
v -0.044445618987083435 0.36303513824939726 -0.07698206603527069
v -0.06285559386014938 0.36303513824939726 -0.06285559386014938
v -0.07698206603527069 0.36303513824939726 -0.044445618987083435
v -0.08586233854293823 0.36303513824939726 -0.02300674468278885
v -0.08889123797416687 0.36303513824939726 -2.1772073664859207e-17
v -0.11313708126544952 0.3431370812654495 0
v -0.10928203165531158 0.3431370812654495 0.02928203158080578
v -0.0979795902967453 0.3431370812654495 0.05656854063272476
v -0.07999999821186066 0.3431370812654495 0.07999999821186066
v -0.05656854063272476 0.3431370812654495 0.0979795902967453
v -0.02928203158080578 0.3431370812654495 0.10928203165531158
v -6.92764838347957e-18 0.3431370812654495 0.11313708126544952
v 0.02928203158080578 0.3431370812654495 0.10928203165531158
v 0.05656854063272476 0.3431370812654495 0.0979795902967453
v 0.07999999821186066 0.3431370812654495 0.07999999821186066
v 0.0979795902967453 0.3431370812654495 0.05656854063272476
v 0.10928203165531158 0.3431370812654495 0.02928203158080578
v 0.11313708126544952 0.3431370812654495 1.385529676695914e-17
v 0.10928203165531158 0.3431370812654495 -0.02928203158080578
v 0.0979795902967453 0.3431370812654495 -0.05656854063272476
v 0.07999999821186066 0.3431370812654495 -0.07999999821186066
v 0.05656854063272476 0.3431370812654495 -0.0979795902967453
v 0.02928203158080578 0.3431370812654495 -0.10928203165531158
v 2.0782945977619322e-17 0.3431370812654495 -0.11313708126544952
v -0.02928203158080578 0.3431370812654495 -0.10928203165531158
v -0.05656854063272476 0.3431370812654495 -0.0979795902967453
v -0.07999999821186066 0.3431370812654495 -0.07999999821186066
v -0.0979795902967453 0.3431370812654495 -0.05656854063272476
v -0.10928203165531158 0.3431370812654495 -0.02928203158080578
v -0.11313708126544952 0.3431370812654495 -2.771059353391828e-17
v -0.13303513824939728 0.31889123797416685 0
v -0.12850207090377808 0.31889123797416685 0.034432027488946915
v -0.11521180719137192 0.31889123797416685 0.06651756912469864
v -0.09407004714012146 0.31889123797416685 0.09407004714012146
v -0.06651756912469864 0.31889123797416685 0.11521180719137192
v -0.034432027488946915 0.31889123797416685 0.12850207090377808
v -8.14605316572629e-18 0.31889123797416685 0.13303513824939728
v 0.034432027488946915 0.31889123797416685 0.12850207090377808
v 0.06651756912469864 0.31889123797416685 0.11521180719137192
v 0.09407004714012146 0.31889123797416685 0.09407004714012146
v 0.11521180719137192 0.31889123797416685 0.06651756912469864
v 0.12850207090377808 0.31889123797416685 0.034432027488946915
v 0.13303513824939728 0.31889123797416685 1.629210633145258e-17
v 0.12850207090377808 0.31889123797416685 -0.034432027488946915
v 0.11521180719137192 0.31889123797416685 -0.06651756912469864
v 0.09407004714012146 0.31889123797416685 -0.09407004714012146
v 0.06651756912469864 0.31889123797416685 -0.11521180719137192
v 0.034432027488946915 0.31889123797416685 -0.12850207090377808
v 2.4438157842817645e-17 0.31889123797416685 -0.13303513824939728
v -0.034432027488946915 0.31889123797416685 -0.12850207090377808
v -0.06651756912469864 0.31889123797416685 -0.11521180719137192
v -0.09407004714012146 0.31889123797416685 -0.09407004714012146
v -0.11521180719137192 0.31889123797416685 -0.06651756912469864
v -0.12850207090377808 0.31889123797416685 -0.034432027488946915
v -0.13303513824939728 0.31889123797416685 -3.258421266290516e-17
v -0.14782072603702545 0.2912293481826782 0
v -0.14278385043144226 0.2912293481826782 0.03825882077217102
v -0.12801650166511536 0.2912293481826782 0.07391036301851273
v -0.10452503710985184 0.2912293481826782 0.10452503710985184
v -0.07391036301851273 0.2912293481826782 0.12801650166511536
v -0.03825882077217102 0.2912293481826782 0.14278385043144226
v -9.05140896361048e-18 0.2912293481826782 0.14782072603702545
v 0.03825882077217102 0.2912293481826782 0.14278385043144226
v 0.07391036301851273 0.2912293481826782 0.12801650166511536
v 0.10452503710985184 0.2912293481826782 0.10452503710985184
v 0.12801650166511536 0.2912293481826782 0.07391036301851273
v 0.14278385043144226 0.2912293481826782 0.03825882077217102
v 0.14782072603702545 0.2912293481826782 1.810281792722096e-17
v 0.14278385043144226 0.2912293481826782 -0.03825882077217102
v 0.12801650166511536 0.2912293481826782 -0.07391036301851273
v 0.10452503710985184 0.2912293481826782 -0.10452503710985184
v 0.07391036301851273 0.2912293481826782 -0.12801650166511536
v 0.03825882077217102 0.2912293481826782 -0.14278385043144226
v 2.7154226890831438e-17 0.2912293481826782 -0.14782072603702545
v -0.03825882077217102 0.2912293481826782 -0.14278385043144226
v -0.07391036301851273 0.2912293481826782 -0.12801650166511536
v -0.10452503710985184 0.2912293481826782 -0.10452503710985184
v -0.12801650166511536 0.2912293481826782 -0.07391036301851273
v -0.14278385043144226 0.2912293481826782 -0.03825882077217102
v -0.14782072603702545 0.2912293481826782 -3.620563585444192e-17
v -0.15692564845085144 0.2612144514173269 0
v -0.15157853066921234 0.2612144514173269 0.040615346282720566
v -0.13590160012245178 0.2612144514173269 0.07846282422542572
v -0.11096318811178207 0.2612144514173269 0.11096318811178207
v -0.07846282422542572 0.2612144514173269 0.13590160012245178
v -0.040615346282720566 0.2612144514173269 0.15157853066921234
v -9.608924560568157e-18 0.2612144514173269 0.15692564845085144
v 0.040615346282720566 0.2612144514173269 0.15157853066921234
v 0.07846282422542572 0.2612144514173269 0.13590160012245178
v 0.11096318811178207 0.2612144514173269 0.11096318811178207
v 0.13590160012245178 0.2612144514173269 0.07846282422542572
v 0.15157853066921234 0.2612144514173269 0.040615346282720566
v 0.15692564845085144 0.2612144514173269 1.9217849121136315e-17
v 0.15157853066921234 0.2612144514173269 -0.040615346282720566
v 0.13590160012245178 0.2612144514173269 -0.07846282422542572
v 0.11096318811178207 0.2612144514173269 -0.11096318811178207
v 0.07846282422542572 0.2612144514173269 -0.13590160012245178
v 0.040615346282720566 0.2612144514173269 -0.15157853066921234
v 2.8826774508885084e-17 0.2612144514173269 -0.15692564845085144
v -0.040615346282720566 0.2612144514173269 -0.15157853066921234
v -0.07846282422542572 0.2612144514173269 -0.13590160012245178
v -0.11096318811178207 0.2612144514173269 -0.11096318811178207
v -0.13590160012245178 0.2612144514173269 -0.07846282422542572
v -0.15157853066921234 0.2612144514173269 -0.040615346282720566
v -0.15692564845085144 0.2612144514173269 -3.843569824227263e-17
v -0.1599999964237213 0.23 0
v -0.15454813838005066 0.23 0.04141104593873024
v -0.1385640650987625 0.23 0.07999999821186066
v -0.11313708126544952 0.23 0.11313708126544952
v -0.07999999821186066 0.23 0.1385640650987625
v -0.04141104593873024 0.23 0.15454813838005066
v -9.797174324372975e-18 0.23 0.1599999964237213
v 0.04141104593873024 0.23 0.15454813838005066
v 0.07999999821186066 0.23 0.1385640650987625
v 0.11313708126544952 0.23 0.11313708126544952
v 0.1385640650987625 0.23 0.07999999821186066
v 0.15454813838005066 0.23 0.04141104593873024
v 0.1599999964237213 0.23 1.959434864874595e-17
v 0.15454813838005066 0.23 -0.04141104593873024
v 0.1385640650987625 0.23 -0.07999999821186066
v 0.11313708126544952 0.23 -0.11313708126544952
v 0.07999999821186066 0.23 -0.1385640650987625
v 0.04141104593873024 0.23 -0.15454813838005066
v 2.939152380029954e-17 0.23 -0.1599999964237213
v -0.04141104593873024 0.23 -0.15454813838005066
v -0.07999999821186066 0.23 -0.1385640650987625
v -0.11313708126544952 0.23 -0.11313708126544952
v -0.1385640650987625 0.23 -0.07999999821186066
v -0.15454813838005066 0.23 -0.04141104593873024
v -0.1599999964237213 0.23 -3.91886972974919e-17
v -0.15692564845085144 0.19878554858267308 0
v -0.15157853066921234 0.19878554858267308 0.040615346282720566
v -0.13590160012245178 0.19878554858267308 0.07846282422542572
v -0.11096318811178207 0.19878554858267308 0.11096318811178207
v -0.07846282422542572 0.19878554858267308 0.13590160012245178
v -0.040615346282720566 0.19878554858267308 0.15157853066921234
v -9.608924560568157e-18 0.19878554858267308 0.15692564845085144
v 0.040615346282720566 0.19878554858267308 0.15157853066921234
v 0.07846282422542572 0.19878554858267308 0.13590160012245178
v 0.11096318811178207 0.19878554858267308 0.11096318811178207
v 0.13590160012245178 0.19878554858267308 0.07846282422542572
v 0.15157853066921234 0.19878554858267308 0.040615346282720566
v 0.15692564845085144 0.19878554858267308 1.9217849121136315e-17
v 0.15157853066921234 0.19878554858267308 -0.040615346282720566
v 0.13590160012245178 0.19878554858267308 -0.07846282422542572
v 0.11096318811178207 0.19878554858267308 -0.11096318811178207
v 0.07846282422542572 0.19878554858267308 -0.13590160012245178
v 0.040615346282720566 0.19878554858267308 -0.15157853066921234
v 2.8826774508885084e-17 0.19878554858267308 -0.15692564845085144
v -0.040615346282720566 0.19878554858267308 -0.15157853066921234
v -0.07846282422542572 0.19878554858267308 -0.13590160012245178
v -0.11096318811178207 0.19878554858267308 -0.11096318811178207
v -0.13590160012245178 0.19878554858267308 -0.07846282422542572
v -0.15157853066921234 0.19878554858267308 -0.040615346282720566
v -0.15692564845085144 0.19878554858267308 -3.843569824227263e-17
v -0.14782072603702545 0.1687706518173218 0
v -0.14278385043144226 0.1687706518173218 0.03825882077217102
v -0.12801650166511536 0.1687706518173218 0.07391036301851273
v -0.10452503710985184 0.1687706518173218 0.10452503710985184
v -0.07391036301851273 0.1687706518173218 0.12801650166511536
v -0.03825882077217102 0.1687706518173218 0.14278385043144226
v -9.05140896361048e-18 0.1687706518173218 0.14782072603702545
v 0.03825882077217102 0.1687706518173218 0.14278385043144226
v 0.07391036301851273 0.1687706518173218 0.12801650166511536
v 0.10452503710985184 0.1687706518173218 0.10452503710985184
v 0.12801650166511536 0.1687706518173218 0.07391036301851273
v 0.14278385043144226 0.1687706518173218 0.03825882077217102
v 0.14782072603702545 0.1687706518173218 1.810281792722096e-17
v 0.14278385043144226 0.1687706518173218 -0.03825882077217102
v 0.12801650166511536 0.1687706518173218 -0.07391036301851273
v 0.10452503710985184 0.1687706518173218 -0.10452503710985184
v 0.07391036301851273 0.1687706518173218 -0.12801650166511536
v 0.03825882077217102 0.1687706518173218 -0.14278385043144226
v 2.7154226890831438e-17 0.1687706518173218 -0.14782072603702545
v -0.03825882077217102 0.1687706518173218 -0.14278385043144226
v -0.07391036301851273 0.1687706518173218 -0.12801650166511536
v -0.10452503710985184 0.1687706518173218 -0.10452503710985184
v -0.12801650166511536 0.1687706518173218 -0.07391036301851273
v -0.14278385043144226 0.1687706518173218 -0.03825882077217102
v -0.14782072603702545 0.1687706518173218 -3.620563585444192e-17
v -0.13303513824939728 0.14110876202583314 0
v -0.12850207090377808 0.14110876202583314 0.034432027488946915
v -0.11521180719137192 0.14110876202583314 0.06651756912469864
v -0.09407004714012146 0.14110876202583314 0.09407004714012146
v -0.06651756912469864 0.14110876202583314 0.11521180719137192
v -0.034432027488946915 0.14110876202583314 0.12850207090377808
v -8.14605316572629e-18 0.14110876202583314 0.13303513824939728
v 0.034432027488946915 0.14110876202583314 0.12850207090377808
v 0.06651756912469864 0.14110876202583314 0.11521180719137192
v 0.09407004714012146 0.14110876202583314 0.09407004714012146
v 0.11521180719137192 0.14110876202583314 0.06651756912469864
v 0.12850207090377808 0.14110876202583314 0.034432027488946915
v 0.13303513824939728 0.14110876202583314 1.629210633145258e-17
v 0.12850207090377808 0.14110876202583314 -0.034432027488946915
v 0.11521180719137192 0.14110876202583314 -0.06651756912469864
v 0.09407004714012146 0.14110876202583314 -0.09407004714012146
v 0.06651756912469864 0.14110876202583314 -0.11521180719137192
v 0.034432027488946915 0.14110876202583314 -0.12850207090377808
v 2.4438157842817645e-17 0.14110876202583314 -0.13303513824939728
v -0.034432027488946915 0.14110876202583314 -0.12850207090377808
v -0.06651756912469864 0.14110876202583314 -0.11521180719137192
v -0.09407004714012146 0.14110876202583314 -0.09407004714012146
v -0.11521180719137192 0.14110876202583314 -0.06651756912469864
v -0.12850207090377808 0.14110876202583314 -0.034432027488946915
v -0.13303513824939728 0.14110876202583314 -3.258421266290516e-17
v -0.11313708126544952 0.11686291873455049 0
v -0.10928203165531158 0.11686291873455049 0.02928203158080578
v -0.0979795902967453 0.11686291873455049 0.05656854063272476
v -0.07999999821186066 0.11686291873455049 0.07999999821186066
v -0.05656854063272476 0.11686291873455049 0.0979795902967453
v -0.02928203158080578 0.11686291873455049 0.10928203165531158
v -6.92764838347957e-18 0.11686291873455049 0.11313708126544952
v 0.02928203158080578 0.11686291873455049 0.10928203165531158
v 0.05656854063272476 0.11686291873455049 0.0979795902967453
v 0.07999999821186066 0.11686291873455049 0.07999999821186066
v 0.0979795902967453 0.11686291873455049 0.05656854063272476
v 0.10928203165531158 0.11686291873455049 0.02928203158080578
v 0.11313708126544952 0.11686291873455049 1.385529676695914e-17
v 0.10928203165531158 0.11686291873455049 -0.02928203158080578
v 0.0979795902967453 0.11686291873455049 -0.05656854063272476
v 0.07999999821186066 0.11686291873455049 -0.07999999821186066
v 0.05656854063272476 0.11686291873455049 -0.0979795902967453
v 0.02928203158080578 0.11686291873455049 -0.10928203165531158
v 2.0782945977619322e-17 0.11686291873455049 -0.11313708126544952
v -0.02928203158080578 0.11686291873455049 -0.10928203165531158
v -0.05656854063272476 0.11686291873455049 -0.0979795902967453
v -0.07999999821186066 0.11686291873455049 -0.07999999821186066
v -0.0979795902967453 0.11686291873455049 -0.05656854063272476
v -0.10928203165531158 0.11686291873455049 -0.02928203158080578
v -0.11313708126544952 0.11686291873455049 -2.771059353391828e-17
v -0.08889123797416687 0.09696486175060273 0
v -0.08586233854293823 0.09696486175060273 0.02300674468278885
v -0.07698206603527069 0.09696486175060273 0.044445618987083435
v -0.06285559386014938 0.09696486175060273 0.06285559386014938
v -0.044445618987083435 0.09696486175060273 0.07698206603527069
v -0.02300674468278885 0.09696486175060273 0.08586233854293823
v -5.443018416214802e-18 0.09696486175060273 0.08889123797416687
v 0.02300674468278885 0.09696486175060273 0.08586233854293823
v 0.044445618987083435 0.09696486175060273 0.07698206603527069
v 0.06285559386014938 0.09696486175060273 0.06285559386014938
v 0.07698206603527069 0.09696486175060273 0.044445618987083435
v 0.08586233854293823 0.09696486175060273 0.02300674468278885
v 0.08889123797416687 0.09696486175060273 1.0886036832429603e-17
v 0.08586233854293823 0.09696486175060273 -0.02300674468278885
v 0.07698206603527069 0.09696486175060273 -0.044445618987083435
v 0.06285559386014938 0.09696486175060273 -0.06285559386014938
v 0.044445618987083435 0.09696486175060273 -0.07698206603527069
v 0.02300674468278885 0.09696486175060273 -0.08586233854293823
v 1.63290548350541e-17 0.09696486175060273 -0.08889123797416687
v -0.02300674468278885 0.09696486175060273 -0.08586233854293823
v -0.044445618987083435 0.09696486175060273 -0.07698206603527069
v -0.06285559386014938 0.09696486175060273 -0.06285559386014938
v -0.07698206603527069 0.09696486175060273 -0.044445618987083435
v -0.08586233854293823 0.09696486175060273 -0.02300674468278885
v -0.08889123797416687 0.09696486175060273 -2.1772073664859207e-17
v -0.06122934818267822 0.08217927396297456 0
v -0.05914301052689552 0.08217927396297456 0.01584732159972191
v -0.05302617326378822 0.08217927396297456 0.03061467409133911
v -0.043295688927173615 0.08217927396297456 0.043295688927173615
v -0.03061467409133911 0.08217927396297456 0.05302617326378822
v -0.01584732159972191 0.08217927396297456 0.05914301052689552
v -3.7492163923216055e-18 0.08217927396297456 0.06122934818267822
v 0.01584732159972191 0.08217927396297456 0.05914301052689552
v 0.03061467409133911 0.08217927396297456 0.05302617326378822
v 0.043295688927173615 0.08217927396297456 0.043295688927173615
v 0.05302617326378822 0.08217927396297456 0.03061467409133911
v 0.05914301052689552 0.08217927396297456 0.01584732159972191
v 0.06122934818267822 0.08217927396297456 7.498432784643211e-18
v 0.05914301052689552 0.08217927396297456 -0.01584732159972191
v 0.05302617326378822 0.08217927396297456 -0.03061467409133911
v 0.043295688927173615 0.08217927396297456 -0.043295688927173615
v 0.03061467409133911 0.08217927396297456 -0.05302617326378822
v 0.01584732159972191 0.08217927396297456 -0.05914301052689552
v 1.124764876337451e-17 0.08217927396297456 -0.06122934818267822
v -0.01584732159972191 0.08217927396297456 -0.05914301052689552
v -0.03061467409133911 0.08217927396297456 -0.05302617326378822
v -0.043295688927173615 0.08217927396297456 -0.043295688927173615
v -0.05302617326378822 0.08217927396297456 -0.03061467409133911
v -0.05914301052689552 0.08217927396297456 -0.01584732159972191
v -0.06122934818267822 0.08217927396297456 -1.4996865569286422e-17
v -0.031214451417326927 0.07307435154914857 0
v -0.030150845646858215 0.07307435154914857 0.008078894577920437
v -0.027032507583498955 0.07307435154914857 0.015607225708663464
v -0.022071950137615204 0.07307435154914857 0.022071950137615204
v -0.015607225708663464 0.07307435154914857 0.027032507583498955
v -0.008078894577920437 0.07307435154914857 0.030150845646858215
v -1.9113339813823915e-18 0.07307435154914857 0.031214451417326927
v 0.008078894577920437 0.07307435154914857 0.030150845646858215
v 0.015607225708663464 0.07307435154914857 0.027032507583498955
v 0.022071950137615204 0.07307435154914857 0.022071950137615204
v 0.027032507583498955 0.07307435154914857 0.015607225708663464
v 0.030150845646858215 0.07307435154914857 0.008078894577920437
v 0.031214451417326927 0.07307435154914857 3.822667962764783e-18
v 0.030150845646858215 0.07307435154914857 -0.008078894577920437
v 0.027032507583498955 0.07307435154914857 -0.015607225708663464
v 0.022071950137615204 0.07307435154914857 -0.022071950137615204
v 0.015607225708663464 0.07307435154914857 -0.027032507583498955
v 0.008078894577920437 0.07307435154914857 -0.030150845646858215
v 5.734001530556868e-18 0.07307435154914857 -0.031214451417326927
v -0.008078894577920437 0.07307435154914857 -0.030150845646858215
v -0.015607225708663464 0.07307435154914857 -0.027032507583498955
v -0.022071950137615204 0.07307435154914857 -0.022071950137615204
v -0.027032507583498955 0.07307435154914857 -0.015607225708663464
v -0.030150845646858215 0.07307435154914857 -0.008078894577920437
v -0.031214451417326927 0.07307435154914857 -7.645335925529566e-18
v -1.959434864874595e-17 0.0700000035762787 0
v -1.892668816296255e-17 0.0700000035762787 5.071390568822797e-18
v -1.6969203293663987e-17 0.0700000035762787 9.797174324372975e-18
v -1.385529676695914e-17 0.0700000035762787 1.385529676695914e-17
v -9.797174324372975e-18 0.0700000035762787 1.6969203293663987e-17
v -5.071390568822797e-18 0.0700000035762787 1.892668816296255e-17
v -1.1998077984301157e-33 0.0700000035762787 1.959434864874595e-17
v 5.071390568822797e-18 0.0700000035762787 1.892668816296255e-17
v 9.797174324372975e-18 0.0700000035762787 1.6969203293663987e-17
v 1.385529676695914e-17 0.0700000035762787 1.385529676695914e-17
v 1.6969203293663987e-17 0.0700000035762787 9.797174324372975e-18
v 1.892668816296255e-17 0.0700000035762787 5.071390568822797e-18
v 1.959434864874595e-17 0.0700000035762787 2.3996155968602314e-33
v 1.892668816296255e-17 0.0700000035762787 -5.071390568822797e-18
v 1.6969203293663987e-17 0.0700000035762787 -9.797174324372975e-18
v 1.385529676695914e-17 0.0700000035762787 -1.385529676695914e-17
v 9.797174324372975e-18 0.0700000035762787 -1.6969203293663987e-17
v 5.071390568822797e-18 0.0700000035762787 -1.892668816296255e-17
v 3.5994235789613394e-33 0.0700000035762787 -1.959434864874595e-17
v -5.071390568822797e-18 0.0700000035762787 -1.892668816296255e-17
v -9.797174324372975e-18 0.0700000035762787 -1.6969203293663987e-17
v -1.385529676695914e-17 0.0700000035762787 -1.385529676695914e-17
v -1.6969203293663987e-17 0.0700000035762787 -9.797174324372975e-18
v -1.892668816296255e-17 0.0700000035762787 -5.071390568822797e-18
v -1.959434864874595e-17 0.0700000035762787 -4.799231193720463e-33
vt 0.02083333395421505 1
vt 0.0625 1
vt 0.1041666641831398 1
vt 0.1458333283662796 1
vt 0.1875 1
vt 0.2291666716337204 1
vt 0.2708333432674408 1
vt 0.3125 1
vt 0.3541666567325592 1
vt 0.3958333432674408 1
vt 0.4375 1
vt 0.4791666567325592 1
vt 0.5208333134651184 1
vt 0.5625 1
vt 0.6041666865348816 1
vt 0.6458333134651184 1
vt 0.6875 1
vt 0.7291666865348816 1
vt 0.7708333134651184 1
vt 0.8125 1
vt 0.8541666865348816 1
vt 0.8958333134651184 1
vt 0.9375 1
vt 0.9791666865348816 1
vt 1.0208333730697632 1
vt 0 0.9375
vt 0.0416666679084301 0.9375
vt 0.0833333358168602 0.9375
vt 0.125 0.9375
vt 0.1666666716337204 0.9375
vt 0.2083333283662796 0.9375
vt 0.25 0.9375
vt 0.2916666567325592 0.9375
vt 0.3333333432674408 0.9375
vt 0.375 0.9375
vt 0.4166666567325592 0.9375
vt 0.4583333432674408 0.9375
vt 0.5 0.9375
vt 0.5416666865348816 0.9375
vt 0.5833333134651184 0.9375
vt 0.625 0.9375
vt 0.6666666865348816 0.9375
vt 0.7083333134651184 0.9375
vt 0.75 0.9375
vt 0.7916666865348816 0.9375
vt 0.8333333134651184 0.9375
vt 0.875 0.9375
vt 0.9166666865348816 0.9375
vt 0.9583333134651184 0.9375
vt 1 0.9375
vt 0 0.875
vt 0.0416666679084301 0.875
vt 0.0833333358168602 0.875
vt 0.125 0.875
vt 0.1666666716337204 0.875
vt 0.2083333283662796 0.875
vt 0.25 0.875
vt 0.2916666567325592 0.875
vt 0.3333333432674408 0.875
vt 0.375 0.875
vt 0.4166666567325592 0.875
vt 0.4583333432674408 0.875
vt 0.5 0.875
vt 0.5416666865348816 0.875
vt 0.5833333134651184 0.875
vt 0.625 0.875
vt 0.6666666865348816 0.875
vt 0.7083333134651184 0.875
vt 0.75 0.875
vt 0.7916666865348816 0.875
vt 0.8333333134651184 0.875
vt 0.875 0.875
vt 0.9166666865348816 0.875
vt 0.9583333134651184 0.875
vt 1 0.875
vt 0 0.8125
vt 0.0416666679084301 0.8125
vt 0.0833333358168602 0.8125
vt 0.125 0.8125
vt 0.1666666716337204 0.8125
vt 0.2083333283662796 0.8125
vt 0.25 0.8125
vt 0.2916666567325592 0.8125
vt 0.3333333432674408 0.8125
vt 0.375 0.8125
vt 0.4166666567325592 0.8125
vt 0.4583333432674408 0.8125
vt 0.5 0.8125
vt 0.5416666865348816 0.8125
vt 0.5833333134651184 0.8125
vt 0.625 0.8125
vt 0.6666666865348816 0.8125
vt 0.7083333134651184 0.8125
vt 0.75 0.8125
vt 0.7916666865348816 0.8125
vt 0.8333333134651184 0.8125
vt 0.875 0.8125
vt 0.9166666865348816 0.8125
vt 0.9583333134651184 0.8125
vt 1 0.8125
vt 0 0.75
vt 0.0416666679084301 0.75
vt 0.0833333358168602 0.75
vt 0.125 0.75
vt 0.1666666716337204 0.75
vt 0.2083333283662796 0.75
vt 0.25 0.75
vt 0.2916666567325592 0.75
vt 0.3333333432674408 0.75
vt 0.375 0.75
vt 0.4166666567325592 0.75
vt 0.4583333432674408 0.75
vt 0.5 0.75
vt 0.5416666865348816 0.75
vt 0.5833333134651184 0.75
vt 0.625 0.75
vt 0.6666666865348816 0.75
vt 0.7083333134651184 0.75
vt 0.75 0.75
vt 0.7916666865348816 0.75
vt 0.8333333134651184 0.75
vt 0.875 0.75
vt 0.9166666865348816 0.75
vt 0.9583333134651184 0.75
vt 1 0.75
vt 0 0.6875
vt 0.0416666679084301 0.6875
vt 0.0833333358168602 0.6875
vt 0.125 0.6875
vt 0.1666666716337204 0.6875
vt 0.2083333283662796 0.6875
vt 0.25 0.6875
vt 0.2916666567325592 0.6875
vt 0.3333333432674408 0.6875
vt 0.375 0.6875
vt 0.4166666567325592 0.6875
vt 0.4583333432674408 0.6875
vt 0.5 0.6875
vt 0.5416666865348816 0.6875
vt 0.5833333134651184 0.6875
vt 0.625 0.6875
vt 0.6666666865348816 0.6875
vt 0.7083333134651184 0.6875
vt 0.75 0.6875
vt 0.7916666865348816 0.6875
vt 0.8333333134651184 0.6875
vt 0.875 0.6875
vt 0.9166666865348816 0.6875
vt 0.9583333134651184 0.6875
vt 1 0.6875
vt 0 0.625
vt 0.0416666679084301 0.625
vt 0.0833333358168602 0.625
vt 0.125 0.625
vt 0.1666666716337204 0.625
vt 0.2083333283662796 0.625
vt 0.25 0.625
vt 0.2916666567325592 0.625
vt 0.3333333432674408 0.625
vt 0.375 0.625
vt 0.4166666567325592 0.625
vt 0.4583333432674408 0.625
vt 0.5 0.625
vt 0.5416666865348816 0.625
vt 0.5833333134651184 0.625
vt 0.625 0.625
vt 0.6666666865348816 0.625
vt 0.7083333134651184 0.625
vt 0.75 0.625
vt 0.7916666865348816 0.625
vt 0.8333333134651184 0.625
vt 0.875 0.625
vt 0.9166666865348816 0.625
vt 0.9583333134651184 0.625
vt 1 0.625
vt 0 0.5625
vt 0.0416666679084301 0.5625
vt 0.0833333358168602 0.5625
vt 0.125 0.5625
vt 0.1666666716337204 0.5625
vt 0.2083333283662796 0.5625
vt 0.25 0.5625
vt 0.2916666567325592 0.5625
vt 0.3333333432674408 0.5625
vt 0.375 0.5625
vt 0.4166666567325592 0.5625
vt 0.4583333432674408 0.5625
vt 0.5 0.5625
vt 0.5416666865348816 0.5625
vt 0.5833333134651184 0.5625
vt 0.625 0.5625
vt 0.6666666865348816 0.5625
vt 0.7083333134651184 0.5625
vt 0.75 0.5625
vt 0.7916666865348816 0.5625
vt 0.8333333134651184 0.5625
vt 0.875 0.5625
vt 0.9166666865348816 0.5625
vt 0.9583333134651184 0.5625
vt 1 0.5625
vt 0 0.5
vt 0.0416666679084301 0.5
vt 0.0833333358168602 0.5
vt 0.125 0.5
vt 0.1666666716337204 0.5
vt 0.2083333283662796 0.5
vt 0.25 0.5
vt 0.2916666567325592 0.5
vt 0.3333333432674408 0.5
vt 0.375 0.5
vt 0.4166666567325592 0.5
vt 0.4583333432674408 0.5
vt 0.5 0.5
vt 0.5416666865348816 0.5
vt 0.5833333134651184 0.5
vt 0.625 0.5
vt 0.6666666865348816 0.5
vt 0.7083333134651184 0.5
vt 0.75 0.5
vt 0.7916666865348816 0.5
vt 0.8333333134651184 0.5
vt 0.875 0.5
vt 0.9166666865348816 0.5
vt 0.9583333134651184 0.5
vt 1 0.5
vt 0 0.4375
vt 0.0416666679084301 0.4375
vt 0.0833333358168602 0.4375
vt 0.125 0.4375
vt 0.1666666716337204 0.4375
vt 0.2083333283662796 0.4375
vt 0.25 0.4375
vt 0.2916666567325592 0.4375
vt 0.3333333432674408 0.4375
vt 0.375 0.4375
vt 0.4166666567325592 0.4375
vt 0.4583333432674408 0.4375
vt 0.5 0.4375
vt 0.5416666865348816 0.4375
vt 0.5833333134651184 0.4375
vt 0.625 0.4375
vt 0.6666666865348816 0.4375
vt 0.7083333134651184 0.4375
vt 0.75 0.4375
vt 0.7916666865348816 0.4375
vt 0.8333333134651184 0.4375
vt 0.875 0.4375
vt 0.9166666865348816 0.4375
vt 0.9583333134651184 0.4375
vt 1 0.4375
vt 0 0.375
vt 0.0416666679084301 0.375
vt 0.0833333358168602 0.375
vt 0.125 0.375
vt 0.1666666716337204 0.375
vt 0.2083333283662796 0.375
vt 0.25 0.375
vt 0.2916666567325592 0.375
vt 0.3333333432674408 0.375
vt 0.375 0.375
vt 0.4166666567325592 0.375
vt 0.4583333432674408 0.375
vt 0.5 0.375
vt 0.5416666865348816 0.375
vt 0.5833333134651184 0.375
vt 0.625 0.375
vt 0.6666666865348816 0.375
vt 0.7083333134651184 0.375
vt 0.75 0.375
vt 0.7916666865348816 0.375
vt 0.8333333134651184 0.375
vt 0.875 0.375
vt 0.9166666865348816 0.375
vt 0.9583333134651184 0.375
vt 1 0.375
vt 0 0.3125
vt 0.0416666679084301 0.3125
vt 0.0833333358168602 0.3125
vt 0.125 0.3125
vt 0.1666666716337204 0.3125
vt 0.2083333283662796 0.3125
vt 0.25 0.3125
vt 0.2916666567325592 0.3125
vt 0.3333333432674408 0.3125
vt 0.375 0.3125
vt 0.4166666567325592 0.3125
vt 0.4583333432674408 0.3125
vt 0.5 0.3125
vt 0.5416666865348816 0.3125
vt 0.5833333134651184 0.3125
vt 0.625 0.3125
vt 0.6666666865348816 0.3125
vt 0.7083333134651184 0.3125
vt 0.75 0.3125
vt 0.7916666865348816 0.3125
vt 0.8333333134651184 0.3125
vt 0.875 0.3125
vt 0.9166666865348816 0.3125
vt 0.9583333134651184 0.3125
vt 1 0.3125
vt 0 0.25
vt 0.0416666679084301 0.25
vt 0.0833333358168602 0.25
vt 0.125 0.25
vt 0.1666666716337204 0.25
vt 0.2083333283662796 0.25
vt 0.25 0.25
vt 0.2916666567325592 0.25
vt 0.3333333432674408 0.25
vt 0.375 0.25
vt 0.4166666567325592 0.25
vt 0.4583333432674408 0.25
vt 0.5 0.25
vt 0.5416666865348816 0.25
vt 0.5833333134651184 0.25
vt 0.625 0.25
vt 0.6666666865348816 0.25
vt 0.7083333134651184 0.25
vt 0.75 0.25
vt 0.7916666865348816 0.25
vt 0.8333333134651184 0.25
vt 0.875 0.25
vt 0.9166666865348816 0.25
vt 0.9583333134651184 0.25
vt 1 0.25
vt 0 0.1875
vt 0.0416666679084301 0.1875
vt 0.0833333358168602 0.1875
vt 0.125 0.1875
vt 0.1666666716337204 0.1875
vt 0.2083333283662796 0.1875
vt 0.25 0.1875
vt 0.2916666567325592 0.1875
vt 0.3333333432674408 0.1875
vt 0.375 0.1875
vt 0.4166666567325592 0.1875
vt 0.4583333432674408 0.1875
vt 0.5 0.1875
vt 0.5416666865348816 0.1875
vt 0.5833333134651184 0.1875
vt 0.625 0.1875
vt 0.6666666865348816 0.1875
vt 0.7083333134651184 0.1875
vt 0.75 0.1875
vt 0.7916666865348816 0.1875
vt 0.8333333134651184 0.1875
vt 0.875 0.1875
vt 0.9166666865348816 0.1875
vt 0.9583333134651184 0.1875
vt 1 0.1875
vt 0 0.125
vt 0.0416666679084301 0.125
vt 0.0833333358168602 0.125
vt 0.125 0.125
vt 0.1666666716337204 0.125
vt 0.2083333283662796 0.125
vt 0.25 0.125
vt 0.2916666567325592 0.125
vt 0.3333333432674408 0.125
vt 0.375 0.125
vt 0.4166666567325592 0.125
vt 0.4583333432674408 0.125
vt 0.5 0.125
vt 0.5416666865348816 0.125
vt 0.5833333134651184 0.125
vt 0.625 0.125
vt 0.6666666865348816 0.125
vt 0.7083333134651184 0.125
vt 0.75 0.125
vt 0.7916666865348816 0.125
vt 0.8333333134651184 0.125
vt 0.875 0.125
vt 0.9166666865348816 0.125
vt 0.9583333134651184 0.125
vt 1 0.125
vt 0 0.0625
vt 0.0416666679084301 0.0625
vt 0.0833333358168602 0.0625
vt 0.125 0.0625
vt 0.1666666716337204 0.0625
vt 0.2083333283662796 0.0625
vt 0.25 0.0625
vt 0.2916666567325592 0.0625
vt 0.3333333432674408 0.0625
vt 0.375 0.0625
vt 0.4166666567325592 0.0625
vt 0.4583333432674408 0.0625
vt 0.5 0.0625
vt 0.5416666865348816 0.0625
vt 0.5833333134651184 0.0625
vt 0.625 0.0625
vt 0.6666666865348816 0.0625
vt 0.7083333134651184 0.0625
vt 0.75 0.0625
vt 0.7916666865348816 0.0625
vt 0.8333333134651184 0.0625
vt 0.875 0.0625
vt 0.9166666865348816 0.0625
vt 0.9583333134651184 0.0625
vt 1 0.0625
vt -0.02083333395421505 0
vt 0.02083333395421505 0
vt 0.0625 0
vt 0.1041666641831398 0
vt 0.1458333283662796 0
vt 0.1875 0
vt 0.2291666716337204 0
vt 0.2708333432674408 0
vt 0.3125 0
vt 0.3541666567325592 0
vt 0.3958333432674408 0
vt 0.4375 0
vt 0.4791666567325592 0
vt 0.5208333134651184 0
vt 0.5625 0
vt 0.6041666865348816 0
vt 0.6458333134651184 0
vt 0.6875 0
vt 0.7291666865348816 0
vt 0.7708333134651184 0
vt 0.8125 0
vt 0.8541666865348816 0
vt 0.8958333134651184 0
vt 0.9375 0
vt 0.9791666865348816 0
vn 0 1 0
vn 0 1 0
vn 0 1 0
vn 0 1 0
vn 0 1 0
vn 0 1 0
vn 0 1 0
vn 0 1 0
vn 0 1 0
vn 0 1 0
vn 0 1 0
vn 0 1 0
vn 0 1 0
vn 0 1 0
vn 0 1 0
vn 0 1 0
vn 0 1 0
vn 0 1 0
vn 0 1 0
vn 0 1 0
vn 0 1 0
vn 0 1 0
vn 0 1 0
vn 0 1 0
vn 0 1 0
vn -0.19509032931342324 0.9807852789517083 0
vn -0.1884427870212915 0.9807852790486393 0.050493092806152697
vn -0.1689531850728157 0.9807852782941859 0.09754516459131696
vn -0.1379496942243388 0.980785279114049 0.1379496942243388
vn -0.09754516459131696 0.9807852782941859 0.1689531850728157
vn -0.050493092806152697 0.9807852790486393 0.1884427870212915
vn -1.1945837521388368e-17 0.9807852789517083 0.19509032931342324
vn 0.050493092806152697 0.9807852790486393 0.1884427870212915
vn 0.09754516459131696 0.9807852782941859 0.1689531850728157
vn 0.1379496942243388 0.980785279114049 0.1379496942243388
vn 0.1689531850728157 0.9807852782941859 0.09754516459131696
vn 0.1884427870212915 0.9807852790486393 0.050493092806152697
vn 0.19509032931342324 0.9807852789517083 2.3891675042776736e-17
vn 0.1884427870212915 0.9807852790486393 -0.050493092806152697
vn 0.1689531850728157 0.9807852782941859 -0.09754516459131696
vn 0.1379496942243388 0.980785279114049 -0.1379496942243388
vn 0.09754516459131696 0.9807852782941859 -0.1689531850728157
vn 0.050493092806152697 0.9807852790486393 -0.1884427870212915
vn 3.583751173698447e-17 0.9807852789517083 -0.19509032931342324
vn -0.050493092806152697 0.9807852790486393 -0.1884427870212915
vn -0.09754516459131696 0.9807852782941859 -0.1689531850728157
vn -0.1379496942243388 0.980785279114049 -0.1379496942243388
vn -0.1689531850728157 0.9807852782941859 -0.09754516459131696
vn -0.1884427870212915 0.9807852790486393 -0.050493092806152697
vn -0.19509032931342324 0.9807852789517083 -4.778335008555347e-17
vn -0.3826834370613369 0.9238795305660377 0
vn -0.3696438175018387 0.9238795294241295 0.09904576363336468
vn -0.3314135766963612 0.9238795310497564 0.1913417186308499
vn -0.2705980604439119 0.9238795264362049 0.2705980604439119
vn -0.1913417186308499 0.9238795310497564 0.3314135766963612
vn -0.09904576363336468 0.9238795294241295 0.3696438175018387
vn -2.3432603017245014e-17 0.9238795305660377 0.3826834370613369
vn 0.09904576363336468 0.9238795294241295 0.3696438175018387
vn 0.1913417186308499 0.9238795310497564 0.3314135766963612
vn 0.2705980604439119 0.9238795264362049 0.2705980604439119
vn 0.3314135766963612 0.9238795310497564 0.1913417186308499
vn 0.3696438175018387 0.9238795294241295 0.09904576363336468
vn 0.3826834370613369 0.9238795305660377 4.686520603449003e-17
vn 0.3696438175018387 0.9238795294241295 -0.09904576363336468
vn 0.3314135766963612 0.9238795310497564 -0.1913417186308499
vn 0.2705980604439119 0.9238795264362049 -0.2705980604439119
vn 0.1913417186308499 0.9238795310497564 -0.3314135766963612
vn 0.09904576363336468 0.9238795294241295 -0.3696438175018387
vn 7.029780739737377e-17 0.9238795305660377 -0.3826834370613369
vn -0.09904576363336468 0.9238795294241295 -0.3696438175018387
vn -0.1913417186308499 0.9238795310497564 -0.3314135766963612
vn -0.2705980604439119 0.9238795264362049 -0.2705980604439119
vn -0.3314135766963612 0.9238795310497564 -0.1913417186308499
vn -0.3696438175018387 0.9238795294241295 -0.09904576363336468
vn -0.3826834370613369 0.9238795305660377 -9.373041206898005e-17
vn -0.555570248949409 0.8314696016585884 0
vn -0.536639640303563 0.8314696101655875 0.14379215495272413
vn -0.48113793824331974 0.8314696073502129 0.27778512637621555
vn -0.3928474841483584 0.8314696076205134 0.3928474841483584
vn -0.27778512637621555 0.8314696073502129 0.48113793824331974
vn -0.14379215495272413 0.8314696101655875 0.536639640303563
vn -3.401886504589378e-17 0.8314696016585884 0.555570248949409
vn 0.14379215495272413 0.8314696101655875 0.536639640303563
vn 0.27778512637621555 0.8314696073502129 0.48113793824331974
vn 0.3928474841483584 0.8314696076205134 0.3928474841483584
vn 0.48113793824331974 0.8314696073502129 0.27778512637621555
vn 0.536639640303563 0.8314696101655875 0.14379215495272413
vn 0.555570248949409 0.8314696016585884 6.803773009178756e-17
vn 0.536639640303563 0.8314696101655875 -0.14379215495272413
vn 0.48113793824331974 0.8314696073502129 -0.27778512637621555
vn 0.3928474841483584 0.8314696076205134 -0.3928474841483584
vn 0.27778512637621555 0.8314696073502129 -0.48113793824331974
vn 0.14379215495272413 0.8314696101655875 -0.536639640303563
vn 1.0205659844640382e-16 0.8314696016585884 -0.555570248949409
vn -0.14379215495272413 0.8314696101655875 -0.536639640303563
vn -0.27778512637621555 0.8314696073502129 -0.48113793824331974
vn -0.3928474841483584 0.8314696076205134 -0.3928474841483584
vn -0.48113793824331974 0.8314696073502129 -0.27778512637621555
vn -0.536639640303563 0.8314696101655875 -0.14379215495272413
vn -0.555570248949409 0.8314696016585884 -1.3607546018357512e-16
vn -0.7071067811865476 0.7071067811865476 0
vn -0.68301271859882 0.707106763573214 0.18301270759503102
vn -0.6123724561743086 0.7071067669986164 0.3535533834993082
vn -0.5000000042785677 0.7071067751357388 0.5000000042785677
vn -0.3535533834993082 0.7071067669986164 0.6123724561743086
vn -0.18301270759503102 0.707106763573214 0.68301271859882
vn -4.329780375814312e-17 0.7071067811865476 0.7071067811865476
vn 0.18301270759503102 0.707106763573214 0.68301271859882
vn 0.3535533834993082 0.7071067669986164 0.6123724561743086
vn 0.5000000042785677 0.7071067751357388 0.5000000042785677
vn 0.6123724561743086 0.7071067669986164 0.3535533834993082
vn 0.68301271859882 0.707106763573214 0.18301270759503102
vn 0.7071067811865476 0.7071067811865476 8.659560751628624e-17
vn 0.68301271859882 0.707106763573214 -0.18301270759503102
vn 0.6123724561743086 0.7071067669986164 -0.3535533834993082
vn 0.5000000042785677 0.7071067751357388 -0.5000000042785677
vn 0.3535533834993082 0.7071067669986164 -0.6123724561743086
vn 0.18301270759503102 0.707106763573214 -0.68301271859882
vn 1.2989340465698435e-16 0.7071067811865476 -0.7071067811865476
vn -0.18301270759503102 0.707106763573214 -0.68301271859882
vn -0.3535533834993082 0.7071067669986164 -0.6123724561743086
vn -0.5000000042785677 0.7071067751357388 -0.5000000042785677
vn -0.6123724561743086 0.7071067669986164 -0.3535533834993082
vn -0.68301271859882 0.707106763573214 -0.18301270759503102
vn -0.7071067811865476 0.7071067811865476 -1.7319121503257247e-16
vn -0.8314696016585884 0.555570248949409 0
vn -0.8031379620253624 0.5555702475392345 0.2152001719398513
vn -0.7200738105312913 0.5555702381313198 0.4157347927340872
vn -0.5879377884340418 0.555570260059496 0.5879377884340418
vn -0.4157347927340872 0.5555702381313198 0.7200738105312913
vn -0.2152001719398513 0.5555702475392345 0.8031379620253624
vn -5.091283142626975e-17 0.555570248949409 0.8314696016585884
vn 0.2152001719398513 0.5555702475392345 0.8031379620253624
vn 0.4157347927340872 0.5555702381313198 0.7200738105312913
vn 0.5879377884340418 0.555570260059496 0.5879377884340418
vn 0.7200738105312913 0.5555702381313198 0.4157347927340872
vn 0.8031379620253624 0.5555702475392345 0.2152001719398513
vn 0.8314696016585884 0.555570248949409 1.018256628525395e-16
vn 0.8031379620253624 0.5555702475392345 -0.2152001719398513
vn 0.7200738105312913 0.5555702381313198 -0.4157347927340872
vn 0.5879377884340418 0.555570260059496 -0.5879377884340418
vn 0.4157347927340872 0.5555702381313198 -0.7200738105312913
vn 0.2152001719398513 0.5555702475392345 -0.8031379620253624
vn 1.5273849097008678e-16 0.555570248949409 -0.8314696016585884
vn -0.2152001719398513 0.5555702475392345 -0.8031379620253624
vn -0.4157347927340872 0.5555702381313198 -0.7200738105312913
vn -0.5879377884340418 0.555570260059496 -0.5879377884340418
vn -0.7200738105312913 0.5555702381313198 -0.4157347927340872
vn -0.8031379620253624 0.5555702475392345 -0.2152001719398513
vn -0.8314696016585884 0.555570248949409 -2.03651325705079e-16
vn -0.9238795305660377 0.3826834370613369 0
vn -0.8923990963690794 0.38268343631432944 0.23911762873177525
vn -0.8001031461262758 0.3826834348322611 0.4619397625922863
vn -0.653281488012237 0.38268341333409667 0.653281488012237
vn -0.4619397625922863 0.3826834348322611 0.8001031461262758
vn -0.23911762873177525 0.38268343631432944 0.8923990963690794
vn -5.657130722319695e-17 0.3826834370613369 0.9238795305660377
vn 0.23911762873177525 0.38268343631432944 0.8923990963690794
vn 0.4619397625922863 0.3826834348322611 0.8001031461262758
vn 0.653281488012237 0.38268341333409667 0.653281488012237
vn 0.8001031461262758 0.3826834348322611 0.4619397625922863
vn 0.8923990963690794 0.38268343631432944 0.23911762873177525
vn 0.9238795305660377 0.3826834370613369 1.131426144463939e-16
vn 0.8923990963690794 0.38268343631432944 -0.23911762873177525
vn 0.8001031461262758 0.3826834348322611 -0.4619397625922863
vn 0.653281488012237 0.38268341333409667 -0.653281488012237
vn 0.4619397625922863 0.3826834348322611 -0.8001031461262758
vn 0.23911762873177525 0.38268343631432944 -0.8923990963690794
vn 1.6971392166959086e-16 0.3826834370613369 -0.9238795305660377
vn -0.23911762873177525 0.38268343631432944 -0.8923990963690794
vn -0.4619397625922863 0.3826834348322611 -0.8001031461262758
vn -0.653281488012237 0.38268341333409667 -0.653281488012237
vn -0.8001031461262758 0.3826834348322611 -0.4619397625922863
vn -0.8923990963690794 0.38268343631432944 -0.23911762873177525
vn -0.9238795305660377 0.3826834370613369 -2.262852288927878e-16
vn -0.9807852789517083 0.19509032931342324 0
vn -0.9473658331163575 0.19509032630364945 0.2538459037023945
vn -0.8493849730182996 0.19509032586995012 0.4903926308201003
vn -0.6935199234722761 0.19509031624869655 0.6935199234722761
vn -0.4903926308201003 0.19509032586995012 0.8493849730182996
vn -0.2538459037023945 0.19509032630364945 0.9473658331163575
vn -6.005578251043524e-17 0.19509032931342324 0.9807852789517083
vn 0.2538459037023945 0.19509032630364945 0.9473658331163575
vn 0.4903926308201003 0.19509032586995012 0.8493849730182996
vn 0.6935199234722761 0.19509031624869655 0.6935199234722761
vn 0.8493849730182996 0.19509032586995012 0.4903926308201003
vn 0.9473658331163575 0.19509032630364945 0.2538459037023945
vn 0.9807852789517083 0.19509032931342324 1.2011156502087048e-16
vn 0.9473658331163575 0.19509032630364945 -0.2538459037023945
vn 0.8493849730182996 0.19509032586995012 -0.4903926308201003
vn 0.6935199234722761 0.19509031624869655 -0.6935199234722761
vn 0.4903926308201003 0.19509032586995012 -0.8493849730182996
vn 0.2538459037023945 0.19509032630364945 -0.9473658331163575
vn 1.801673409138606e-16 0.19509032931342324 -0.9807852789517083
vn -0.2538459037023945 0.19509032630364945 -0.9473658331163575
vn -0.4903926308201003 0.19509032586995012 -0.8493849730182996
vn -0.6935199234722761 0.19509031624869655 -0.6935199234722761
vn -0.8493849730182996 0.19509032586995012 -0.4903926308201003
vn -0.9473658331163575 0.19509032630364945 -0.2538459037023945
vn -0.9807852789517083 0.19509032931342324 -2.4022313004174096e-16
vn -1 6.123234262925839e-17 0
vn -0.9659258257467466 6.123234345497556e-17 0.2588190471264927
vn -0.8660253998985324 6.12323434535176e-17 0.5000000067305869
vn -0.7071067811865476 6.123234367720532e-17 0.7071067811865476
vn -0.5000000067305869 6.12323434535176e-17 0.8660253998985324
vn -0.2588190471264927 6.123234345497556e-17 0.9659258257467466
vn -6.123234262925839e-17 6.123234262925839e-17 1
vn 0.2588190471264927 6.123234345497556e-17 0.9659258257467466
vn 0.5000000067305869 6.12323434535176e-17 0.8660253998985324
vn 0.7071067811865476 6.123234367720532e-17 0.7071067811865476
vn 0.8660253998985324 6.12323434535176e-17 0.5000000067305869
vn 0.9659258257467466 6.123234345497556e-17 0.2588190471264927
vn 1 6.123234262925839e-17 1.2246468525851679e-16
vn 0.9659258257467466 6.123234345497556e-17 -0.2588190471264927
vn 0.8660253998985324 6.12323434535176e-17 -0.5000000067305869
vn 0.7071067811865476 6.123234367720532e-17 -0.7071067811865476
vn 0.5000000067305869 6.12323434535176e-17 -0.8660253998985324
vn 0.2588190471264927 6.123234345497556e-17 -0.9659258257467466
vn 1.8369701465288538e-16 6.123234262925839e-17 -1
vn -0.2588190471264927 6.123234345497556e-17 -0.9659258257467466
vn -0.5000000067305869 6.12323434535176e-17 -0.8660253998985324
vn -0.7071067811865476 6.123234367720532e-17 -0.7071067811865476
vn -0.8660253998985324 6.12323434535176e-17 -0.5000000067305869
vn -0.9659258257467466 6.123234345497556e-17 -0.2588190471264927
vn -1 6.123234262925839e-17 -2.4492937051703357e-16
vn -0.9807852789517083 -0.19509032931342324 0
vn -0.9473658331163575 -0.19509032630364945 0.2538459037023945
vn -0.8493849730182996 -0.19509032586995012 0.4903926308201003
vn -0.6935199234722761 -0.19509031624869655 0.6935199234722761
vn -0.4903926308201003 -0.19509032586995012 0.8493849730182996
vn -0.2538459037023945 -0.19509032630364945 0.9473658331163575
vn -6.005578251043524e-17 -0.19509032931342324 0.9807852789517083
vn 0.2538459037023945 -0.19509032630364945 0.9473658331163575
vn 0.4903926308201003 -0.19509032586995012 0.8493849730182996
vn 0.6935199234722761 -0.19509031624869655 0.6935199234722761
vn 0.8493849730182996 -0.19509032586995012 0.4903926308201003
vn 0.9473658331163575 -0.19509032630364945 0.2538459037023945
vn 0.9807852789517083 -0.19509032931342324 1.2011156502087048e-16
vn 0.9473658331163575 -0.19509032630364945 -0.2538459037023945
vn 0.8493849730182996 -0.19509032586995012 -0.4903926308201003
vn 0.6935199234722761 -0.19509031624869655 -0.6935199234722761
vn 0.4903926308201003 -0.19509032586995012 -0.8493849730182996
vn 0.2538459037023945 -0.19509032630364945 -0.9473658331163575
vn 1.801673409138606e-16 -0.19509032931342324 -0.9807852789517083
vn -0.2538459037023945 -0.19509032630364945 -0.9473658331163575
vn -0.4903926308201003 -0.19509032586995012 -0.8493849730182996
vn -0.6935199234722761 -0.19509031624869655 -0.6935199234722761
vn -0.8493849730182996 -0.19509032586995012 -0.4903926308201003
vn -0.9473658331163575 -0.19509032630364945 -0.2538459037023945
vn -0.9807852789517083 -0.19509032931342324 -2.4022313004174096e-16
vn -0.9238795305660377 -0.3826834370613369 0
vn -0.8923990963690794 -0.38268343631432944 0.23911762873177525
vn -0.8001031461262758 -0.3826834348322611 0.4619397625922863
vn -0.653281488012237 -0.38268341333409667 0.653281488012237
vn -0.4619397625922863 -0.3826834348322611 0.8001031461262758
vn -0.23911762873177525 -0.38268343631432944 0.8923990963690794
vn -5.657130722319695e-17 -0.3826834370613369 0.9238795305660377
vn 0.23911762873177525 -0.38268343631432944 0.8923990963690794
vn 0.4619397625922863 -0.3826834348322611 0.8001031461262758
vn 0.653281488012237 -0.38268341333409667 0.653281488012237
vn 0.8001031461262758 -0.3826834348322611 0.4619397625922863
vn 0.8923990963690794 -0.38268343631432944 0.23911762873177525
vn 0.9238795305660377 -0.3826834370613369 1.131426144463939e-16
vn 0.8923990963690794 -0.38268343631432944 -0.23911762873177525
vn 0.8001031461262758 -0.3826834348322611 -0.4619397625922863
vn 0.653281488012237 -0.38268341333409667 -0.653281488012237
vn 0.4619397625922863 -0.3826834348322611 -0.8001031461262758
vn 0.23911762873177525 -0.38268343631432944 -0.8923990963690794
vn 1.6971392166959086e-16 -0.3826834370613369 -0.9238795305660377
vn -0.23911762873177525 -0.38268343631432944 -0.8923990963690794
vn -0.4619397625922863 -0.3826834348322611 -0.8001031461262758
vn -0.653281488012237 -0.38268341333409667 -0.653281488012237
vn -0.8001031461262758 -0.3826834348322611 -0.4619397625922863
vn -0.8923990963690794 -0.38268343631432944 -0.23911762873177525
vn -0.9238795305660377 -0.3826834370613369 -2.262852288927878e-16
vn -0.8314696016585884 -0.555570248949409 0
vn -0.8031379620253624 -0.5555702475392345 0.2152001719398513
vn -0.7200738105312913 -0.5555702381313198 0.4157347927340872
vn -0.5879377884340418 -0.555570260059496 0.5879377884340418
vn -0.4157347927340872 -0.5555702381313198 0.7200738105312913
vn -0.2152001719398513 -0.5555702475392345 0.8031379620253624
vn -5.091283142626975e-17 -0.555570248949409 0.8314696016585884
vn 0.2152001719398513 -0.5555702475392345 0.8031379620253624
vn 0.4157347927340872 -0.5555702381313198 0.7200738105312913
vn 0.5879377884340418 -0.555570260059496 0.5879377884340418
vn 0.7200738105312913 -0.5555702381313198 0.4157347927340872
vn 0.8031379620253624 -0.5555702475392345 0.2152001719398513
vn 0.8314696016585884 -0.555570248949409 1.018256628525395e-16
vn 0.8031379620253624 -0.5555702475392345 -0.2152001719398513
vn 0.7200738105312913 -0.5555702381313198 -0.4157347927340872
vn 0.5879377884340418 -0.555570260059496 -0.5879377884340418
vn 0.4157347927340872 -0.5555702381313198 -0.7200738105312913
vn 0.2152001719398513 -0.5555702475392345 -0.8031379620253624
vn 1.5273849097008678e-16 -0.555570248949409 -0.8314696016585884
vn -0.2152001719398513 -0.5555702475392345 -0.8031379620253624
vn -0.4157347927340872 -0.5555702381313198 -0.7200738105312913
vn -0.5879377884340418 -0.555570260059496 -0.5879377884340418
vn -0.7200738105312913 -0.5555702381313198 -0.4157347927340872
vn -0.8031379620253624 -0.5555702475392345 -0.2152001719398513
vn -0.8314696016585884 -0.555570248949409 -2.03651325705079e-16
vn -0.7071067811865476 -0.7071067811865476 0
vn -0.68301271859882 -0.707106763573214 0.18301270759503102
vn -0.6123724561743086 -0.7071067669986164 0.3535533834993082
vn -0.5000000042785677 -0.7071067751357388 0.5000000042785677
vn -0.3535533834993082 -0.7071067669986164 0.6123724561743086
vn -0.18301270759503102 -0.707106763573214 0.68301271859882
vn -4.329780375814312e-17 -0.7071067811865476 0.7071067811865476
vn 0.18301270759503102 -0.707106763573214 0.68301271859882
vn 0.3535533834993082 -0.7071067669986164 0.6123724561743086
vn 0.5000000042785677 -0.7071067751357388 0.5000000042785677
vn 0.6123724561743086 -0.7071067669986164 0.3535533834993082
vn 0.68301271859882 -0.707106763573214 0.18301270759503102
vn 0.7071067811865476 -0.7071067811865476 8.659560751628624e-17
vn 0.68301271859882 -0.707106763573214 -0.18301270759503102
vn 0.6123724561743086 -0.7071067669986164 -0.3535533834993082
vn 0.5000000042785677 -0.7071067751357388 -0.5000000042785677
vn 0.3535533834993082 -0.7071067669986164 -0.6123724561743086
vn 0.18301270759503102 -0.707106763573214 -0.68301271859882
vn 1.2989340465698435e-16 -0.7071067811865476 -0.7071067811865476
vn -0.18301270759503102 -0.707106763573214 -0.68301271859882
vn -0.3535533834993082 -0.7071067669986164 -0.6123724561743086
vn -0.5000000042785677 -0.7071067751357388 -0.5000000042785677
vn -0.6123724561743086 -0.7071067669986164 -0.3535533834993082
vn -0.68301271859882 -0.707106763573214 -0.18301270759503102
vn -0.7071067811865476 -0.7071067811865476 -1.7319121503257247e-16
vn -0.555570248949409 -0.8314696016585884 0
vn -0.536639640303563 -0.8314696101655875 0.14379215495272413
vn -0.48113793824331974 -0.8314696073502129 0.27778512637621555
vn -0.3928474841483584 -0.8314696076205134 0.3928474841483584
vn -0.27778512637621555 -0.8314696073502129 0.48113793824331974
vn -0.14379215495272413 -0.8314696101655875 0.536639640303563
vn -3.401886504589378e-17 -0.8314696016585884 0.555570248949409
vn 0.14379215495272413 -0.8314696101655875 0.536639640303563
vn 0.27778512637621555 -0.8314696073502129 0.48113793824331974
vn 0.3928474841483584 -0.8314696076205134 0.3928474841483584
vn 0.48113793824331974 -0.8314696073502129 0.27778512637621555
vn 0.536639640303563 -0.8314696101655875 0.14379215495272413
vn 0.555570248949409 -0.8314696016585884 6.803773009178756e-17
vn 0.536639640303563 -0.8314696101655875 -0.14379215495272413
vn 0.48113793824331974 -0.8314696073502129 -0.27778512637621555
vn 0.3928474841483584 -0.8314696076205134 -0.3928474841483584
vn 0.27778512637621555 -0.8314696073502129 -0.48113793824331974
vn 0.14379215495272413 -0.8314696101655875 -0.536639640303563
vn 1.0205659844640382e-16 -0.8314696016585884 -0.555570248949409
vn -0.14379215495272413 -0.8314696101655875 -0.536639640303563
vn -0.27778512637621555 -0.8314696073502129 -0.48113793824331974
vn -0.3928474841483584 -0.8314696076205134 -0.3928474841483584
vn -0.48113793824331974 -0.8314696073502129 -0.27778512637621555
vn -0.536639640303563 -0.8314696101655875 -0.14379215495272413
vn -0.555570248949409 -0.8314696016585884 -1.3607546018357512e-16
vn -0.3826834370613369 -0.9238795305660377 0
vn -0.3696438175018387 -0.9238795294241295 0.09904576363336468
vn -0.3314135766963612 -0.9238795310497564 0.1913417186308499
vn -0.2705980604439119 -0.9238795264362049 0.2705980604439119
vn -0.1913417186308499 -0.9238795310497564 0.3314135766963612
vn -0.09904576363336468 -0.9238795294241295 0.3696438175018387
vn -2.3432603017245014e-17 -0.9238795305660377 0.3826834370613369
vn 0.09904576363336468 -0.9238795294241295 0.3696438175018387
vn 0.1913417186308499 -0.9238795310497564 0.3314135766963612
vn 0.2705980604439119 -0.9238795264362049 0.2705980604439119
vn 0.3314135766963612 -0.9238795310497564 0.1913417186308499
vn 0.3696438175018387 -0.9238795294241295 0.09904576363336468
vn 0.3826834370613369 -0.9238795305660377 4.686520603449003e-17
vn 0.3696438175018387 -0.9238795294241295 -0.09904576363336468
vn 0.3314135766963612 -0.9238795310497564 -0.1913417186308499
vn 0.2705980604439119 -0.9238795264362049 -0.2705980604439119
vn 0.1913417186308499 -0.9238795310497564 -0.3314135766963612
vn 0.09904576363336468 -0.9238795294241295 -0.3696438175018387
vn 7.029780739737377e-17 -0.9238795305660377 -0.3826834370613369
vn -0.09904576363336468 -0.9238795294241295 -0.3696438175018387
vn -0.1913417186308499 -0.9238795310497564 -0.3314135766963612
vn -0.2705980604439119 -0.9238795264362049 -0.2705980604439119
vn -0.3314135766963612 -0.9238795310497564 -0.1913417186308499
vn -0.3696438175018387 -0.9238795294241295 -0.09904576363336468
vn -0.3826834370613369 -0.9238795305660377 -9.373041206898005e-17
vn -0.19509032931342324 -0.9807852789517083 0
vn -0.1884427870212915 -0.9807852790486393 0.050493092806152697
vn -0.1689531850728157 -0.9807852782941859 0.09754516459131696
vn -0.1379496942243388 -0.980785279114049 0.1379496942243388
vn -0.09754516459131696 -0.9807852782941859 0.1689531850728157
vn -0.050493092806152697 -0.9807852790486393 0.1884427870212915
vn -1.1945837521388368e-17 -0.9807852789517083 0.19509032931342324
vn 0.050493092806152697 -0.9807852790486393 0.1884427870212915
vn 0.09754516459131696 -0.9807852782941859 0.1689531850728157
vn 0.1379496942243388 -0.980785279114049 0.1379496942243388
vn 0.1689531850728157 -0.9807852782941859 0.09754516459131696
vn 0.1884427870212915 -0.9807852790486393 0.050493092806152697
vn 0.19509032931342324 -0.9807852789517083 2.3891675042776736e-17
vn 0.1884427870212915 -0.9807852790486393 -0.050493092806152697
vn 0.1689531850728157 -0.9807852782941859 -0.09754516459131696
vn 0.1379496942243388 -0.980785279114049 -0.1379496942243388
vn 0.09754516459131696 -0.9807852782941859 -0.1689531850728157
vn 0.050493092806152697 -0.9807852790486393 -0.1884427870212915
vn 3.583751173698447e-17 -0.9807852789517083 -0.19509032931342324
vn -0.050493092806152697 -0.9807852790486393 -0.1884427870212915
vn -0.09754516459131696 -0.9807852782941859 -0.1689531850728157
vn -0.1379496942243388 -0.980785279114049 -0.1379496942243388
vn -0.1689531850728157 -0.9807852782941859 -0.09754516459131696
vn -0.1884427870212915 -0.9807852790486393 -0.050493092806152697
vn -0.19509032931342324 -0.9807852789517083 -4.778335008555347e-17
vn -1.2246468525851679e-16 -1 0
vn -1.1829179067875828e-16 -1 3.169619126193763e-17
vn -1.0605752472130298e-16 -1 6.123234262925839e-17
vn -8.659560603426554e-17 -1 8.659560603426554e-17
vn -6.123234262925839e-17 -1 1.0605752472130298e-16
vn -3.169619126193763e-17 -1 1.1829179067875828e-16
vn -7.498798786105971e-33 -1 1.2246468525851679e-16
vn 3.169619126193763e-17 -1 1.1829179067875828e-16
vn 6.123234262925839e-17 -1 1.0605752472130298e-16
vn 8.659560603426554e-17 -1 8.659560603426554e-17
vn 1.0605752472130298e-16 -1 6.123234262925839e-17
vn 1.1829179067875828e-16 -1 3.169619126193763e-17
vn 1.2246468525851679e-16 -1 1.4997597572211942e-32
vn 1.1829179067875828e-16 -1 -3.169619126193763e-17
vn 1.0605752472130298e-16 -1 -6.123234262925839e-17
vn 8.659560603426554e-17 -1 -8.659560603426554e-17
vn 6.123234262925839e-17 -1 -1.0605752472130298e-16
vn 3.169619126193763e-17 -1 -1.1829179067875828e-16
vn 2.2496396358317913e-32 -1 -1.2246468525851679e-16
vn -3.169619126193763e-17 -1 -1.1829179067875828e-16
vn -6.123234262925839e-17 -1 -1.0605752472130298e-16
vn -8.659560603426554e-17 -1 -8.659560603426554e-17
vn -1.0605752472130298e-16 -1 -6.123234262925839e-17
vn -1.1829179067875828e-16 -1 -3.169619126193763e-17
vn -1.2246468525851679e-16 -1 -2.9995195144423884e-32
f 1/1/1 26/26/26 27/27/27
f 2/2/2 27/27/27 28/28/28
f 3/3/3 28/28/28 29/29/29
f 4/4/4 29/29/29 30/30/30
f 5/5/5 30/30/30 31/31/31
f 6/6/6 31/31/31 32/32/32
f 7/7/7 32/32/32 33/33/33
f 8/8/8 33/33/33 34/34/34
f 9/9/9 34/34/34 35/35/35
f 10/10/10 35/35/35 36/36/36
f 11/11/11 36/36/36 37/37/37
f 12/12/12 37/37/37 38/38/38
f 13/13/13 38/38/38 39/39/39
f 14/14/14 39/39/39 40/40/40
f 15/15/15 40/40/40 41/41/41
f 16/16/16 41/41/41 42/42/42
f 17/17/17 42/42/42 43/43/43
f 18/18/18 43/43/43 44/44/44
f 19/19/19 44/44/44 45/45/45
f 20/20/20 45/45/45 46/46/46
f 21/21/21 46/46/46 47/47/47
f 22/22/22 47/47/47 48/48/48
f 23/23/23 48/48/48 49/49/49
f 24/24/24 49/49/49 50/50/50
f 27/27/27 26/26/26 52/52/52
f 26/26/26 51/51/51 52/52/52
f 28/28/28 27/27/27 53/53/53
f 27/27/27 52/52/52 53/53/53
f 29/29/29 28/28/28 54/54/54
f 28/28/28 53/53/53 54/54/54
f 30/30/30 29/29/29 55/55/55
f 29/29/29 54/54/54 55/55/55
f 31/31/31 30/30/30 56/56/56
f 30/30/30 55/55/55 56/56/56
f 32/32/32 31/31/31 57/57/57
f 31/31/31 56/56/56 57/57/57
f 33/33/33 32/32/32 58/58/58
f 32/32/32 57/57/57 58/58/58
f 34/34/34 33/33/33 59/59/59
f 33/33/33 58/58/58 59/59/59
f 35/35/35 34/34/34 60/60/60
f 34/34/34 59/59/59 60/60/60
f 36/36/36 35/35/35 61/61/61
f 35/35/35 60/60/60 61/61/61
f 37/37/37 36/36/36 62/62/62
f 36/36/36 61/61/61 62/62/62
f 38/38/38 37/37/37 63/63/63
f 37/37/37 62/62/62 63/63/63
f 39/39/39 38/38/38 64/64/64
f 38/38/38 63/63/63 64/64/64
f 40/40/40 39/39/39 65/65/65
f 39/39/39 64/64/64 65/65/65
f 41/41/41 40/40/40 66/66/66
f 40/40/40 65/65/65 66/66/66
f 42/42/42 41/41/41 67/67/67
f 41/41/41 66/66/66 67/67/67
f 43/43/43 42/42/42 68/68/68
f 42/42/42 67/67/67 68/68/68
f 44/44/44 43/43/43 69/69/69
f 43/43/43 68/68/68 69/69/69
f 45/45/45 44/44/44 70/70/70
f 44/44/44 69/69/69 70/70/70
f 46/46/46 45/45/45 71/71/71
f 45/45/45 70/70/70 71/71/71
f 47/47/47 46/46/46 72/72/72
f 46/46/46 71/71/71 72/72/72
f 48/48/48 47/47/47 73/73/73
f 47/47/47 72/72/72 73/73/73
f 49/49/49 48/48/48 74/74/74
f 48/48/48 73/73/73 74/74/74
f 50/50/50 49/49/49 75/75/75
f 49/49/49 74/74/74 75/75/75
f 52/52/52 51/51/51 77/77/77
f 51/51/51 76/76/76 77/77/77
f 53/53/53 52/52/52 78/78/78
f 52/52/52 77/77/77 78/78/78
f 54/54/54 53/53/53 79/79/79
f 53/53/53 78/78/78 79/79/79
f 55/55/55 54/54/54 80/80/80
f 54/54/54 79/79/79 80/80/80
f 56/56/56 55/55/55 81/81/81
f 55/55/55 80/80/80 81/81/81
f 57/57/57 56/56/56 82/82/82
f 56/56/56 81/81/81 82/82/82
f 58/58/58 57/57/57 83/83/83
f 57/57/57 82/82/82 83/83/83
f 59/59/59 58/58/58 84/84/84
f 58/58/58 83/83/83 84/84/84
f 60/60/60 59/59/59 85/85/85
f 59/59/59 84/84/84 85/85/85
f 61/61/61 60/60/60 86/86/86
f 60/60/60 85/85/85 86/86/86
f 62/62/62 61/61/61 87/87/87
f 61/61/61 86/86/86 87/87/87
f 63/63/63 62/62/62 88/88/88
f 62/62/62 87/87/87 88/88/88
f 64/64/64 63/63/63 89/89/89
f 63/63/63 88/88/88 89/89/89
f 65/65/65 64/64/64 90/90/90
f 64/64/64 89/89/89 90/90/90
f 66/66/66 65/65/65 91/91/91
f 65/65/65 90/90/90 91/91/91
f 67/67/67 66/66/66 92/92/92
f 66/66/66 91/91/91 92/92/92
f 68/68/68 67/67/67 93/93/93
f 67/67/67 92/92/92 93/93/93
f 69/69/69 68/68/68 94/94/94
f 68/68/68 93/93/93 94/94/94
f 70/70/70 69/69/69 95/95/95
f 69/69/69 94/94/94 95/95/95
f 71/71/71 70/70/70 96/96/96
f 70/70/70 95/95/95 96/96/96
f 72/72/72 71/71/71 97/97/97
f 71/71/71 96/96/96 97/97/97
f 73/73/73 72/72/72 98/98/98
f 72/72/72 97/97/97 98/98/98
f 74/74/74 73/73/73 99/99/99
f 73/73/73 98/98/98 99/99/99
f 75/75/75 74/74/74 100/100/100
f 74/74/74 99/99/99 100/100/100
f 77/77/77 76/76/76 102/102/102
f 76/76/76 101/101/101 102/102/102
f 78/78/78 77/77/77 103/103/103
f 77/77/77 102/102/102 103/103/103
f 79/79/79 78/78/78 104/104/104
f 78/78/78 103/103/103 104/104/104
f 80/80/80 79/79/79 105/105/105
f 79/79/79 104/104/104 105/105/105
f 81/81/81 80/80/80 106/106/106
f 80/80/80 105/105/105 106/106/106
f 82/82/82 81/81/81 107/107/107
f 81/81/81 106/106/106 107/107/107
f 83/83/83 82/82/82 108/108/108
f 82/82/82 107/107/107 108/108/108
f 84/84/84 83/83/83 109/109/109
f 83/83/83 108/108/108 109/109/109
f 85/85/85 84/84/84 110/110/110
f 84/84/84 109/109/109 110/110/110
f 86/86/86 85/85/85 111/111/111
f 85/85/85 110/110/110 111/111/111
f 87/87/87 86/86/86 112/112/112
f 86/86/86 111/111/111 112/112/112
f 88/88/88 87/87/87 113/113/113
f 87/87/87 112/112/112 113/113/113
f 89/89/89 88/88/88 114/114/114
f 88/88/88 113/113/113 114/114/114
f 90/90/90 89/89/89 115/115/115
f 89/89/89 114/114/114 115/115/115
f 91/91/91 90/90/90 116/116/116
f 90/90/90 115/115/115 116/116/116
f 92/92/92 91/91/91 117/117/117
f 91/91/91 116/116/116 117/117/117
f 93/93/93 92/92/92 118/118/118
f 92/92/92 117/117/117 118/118/118
f 94/94/94 93/93/93 119/119/119
f 93/93/93 118/118/118 119/119/119
f 95/95/95 94/94/94 120/120/120
f 94/94/94 119/119/119 120/120/120
f 96/96/96 95/95/95 121/121/121
f 95/95/95 120/120/120 121/121/121
f 97/97/97 96/96/96 122/122/122
f 96/96/96 121/121/121 122/122/122
f 98/98/98 97/97/97 123/123/123
f 97/97/97 122/122/122 123/123/123
f 99/99/99 98/98/98 124/124/124
f 98/98/98 123/123/123 124/124/124
f 100/100/100 99/99/99 125/125/125
f 99/99/99 124/124/124 125/125/125
f 102/102/102 101/101/101 127/127/127
f 101/101/101 126/126/126 127/127/127
f 103/103/103 102/102/102 128/128/128
f 102/102/102 127/127/127 128/128/128
f 104/104/104 103/103/103 129/129/129
f 103/103/103 128/128/128 129/129/129
f 105/105/105 104/104/104 130/130/130
f 104/104/104 129/129/129 130/130/130
f 106/106/106 105/105/105 131/131/131
f 105/105/105 130/130/130 131/131/131
f 107/107/107 106/106/106 132/132/132
f 106/106/106 131/131/131 132/132/132
f 108/108/108 107/107/107 133/133/133
f 107/107/107 132/132/132 133/133/133
f 109/109/109 108/108/108 134/134/134
f 108/108/108 133/133/133 134/134/134
f 110/110/110 109/109/109 135/135/135
f 109/109/109 134/134/134 135/135/135
f 111/111/111 110/110/110 136/136/136
f 110/110/110 135/135/135 136/136/136
f 112/112/112 111/111/111 137/137/137
f 111/111/111 136/136/136 137/137/137
f 113/113/113 112/112/112 138/138/138
f 112/112/112 137/137/137 138/138/138
f 114/114/114 113/113/113 139/139/139
f 113/113/113 138/138/138 139/139/139
f 115/115/115 114/114/114 140/140/140
f 114/114/114 139/139/139 140/140/140
f 116/116/116 115/115/115 141/141/141
f 115/115/115 140/140/140 141/141/141
f 117/117/117 116/116/116 142/142/142
f 116/116/116 141/141/141 142/142/142
f 118/118/118 117/117/117 143/143/143
f 117/117/117 142/142/142 143/143/143
f 119/119/119 118/118/118 144/144/144
f 118/118/118 143/143/143 144/144/144
f 120/120/120 119/119/119 145/145/145
f 119/119/119 144/144/144 145/145/145
f 121/121/121 120/120/120 146/146/146
f 120/120/120 145/145/145 146/146/146
f 122/122/122 121/121/121 147/147/147
f 121/121/121 146/146/146 147/147/147
f 123/123/123 122/122/122 148/148/148
f 122/122/122 147/147/147 148/148/148
f 124/124/124 123/123/123 149/149/149
f 123/123/123 148/148/148 149/149/149
f 125/125/125 124/124/124 150/150/150
f 124/124/124 149/149/149 150/150/150
f 127/127/127 126/126/126 152/152/152
f 126/126/126 151/151/151 152/152/152
f 128/128/128 127/127/127 153/153/153
f 127/127/127 152/152/152 153/153/153
f 129/129/129 128/128/128 154/154/154
f 128/128/128 153/153/153 154/154/154
f 130/130/130 129/129/129 155/155/155
f 129/129/129 154/154/154 155/155/155
f 131/131/131 130/130/130 156/156/156
f 130/130/130 155/155/155 156/156/156
f 132/132/132 131/131/131 157/157/157
f 131/131/131 156/156/156 157/157/157
f 133/133/133 132/132/132 158/158/158
f 132/132/132 157/157/157 158/158/158
f 134/134/134 133/133/133 159/159/159
f 133/133/133 158/158/158 159/159/159
f 135/135/135 134/134/134 160/160/160
f 134/134/134 159/159/159 160/160/160
f 136/136/136 135/135/135 161/161/161
f 135/135/135 160/160/160 161/161/161
f 137/137/137 136/136/136 162/162/162
f 136/136/136 161/161/161 162/162/162
f 138/138/138 137/137/137 163/163/163
f 137/137/137 162/162/162 163/163/163
f 139/139/139 138/138/138 164/164/164
f 138/138/138 163/163/163 164/164/164
f 140/140/140 139/139/139 165/165/165
f 139/139/139 164/164/164 165/165/165
f 141/141/141 140/140/140 166/166/166
f 140/140/140 165/165/165 166/166/166
f 142/142/142 141/141/141 167/167/167
f 141/141/141 166/166/166 167/167/167
f 143/143/143 142/142/142 168/168/168
f 142/142/142 167/167/167 168/168/168
f 144/144/144 143/143/143 169/169/169
f 143/143/143 168/168/168 169/169/169
f 145/145/145 144/144/144 170/170/170
f 144/144/144 169/169/169 170/170/170
f 146/146/146 145/145/145 171/171/171
f 145/145/145 170/170/170 171/171/171
f 147/147/147 146/146/146 172/172/172
f 146/146/146 171/171/171 172/172/172
f 148/148/148 147/147/147 173/173/173
f 147/147/147 172/172/172 173/173/173
f 149/149/149 148/148/148 174/174/174
f 148/148/148 173/173/173 174/174/174
f 150/150/150 149/149/149 175/175/175
f 149/149/149 174/174/174 175/175/175
f 152/152/152 151/151/151 177/177/177
f 151/151/151 176/176/176 177/177/177
f 153/153/153 152/152/152 178/178/178
f 152/152/152 177/177/177 178/178/178
f 154/154/154 153/153/153 179/179/179
f 153/153/153 178/178/178 179/179/179
f 155/155/155 154/154/154 180/180/180
f 154/154/154 179/179/179 180/180/180
f 156/156/156 155/155/155 181/181/181
f 155/155/155 180/180/180 181/181/181
f 157/157/157 156/156/156 182/182/182
f 156/156/156 181/181/181 182/182/182
f 158/158/158 157/157/157 183/183/183
f 157/157/157 182/182/182 183/183/183
f 159/159/159 158/158/158 184/184/184
f 158/158/158 183/183/183 184/184/184
f 160/160/160 159/159/159 185/185/185
f 159/159/159 184/184/184 185/185/185
f 161/161/161 160/160/160 186/186/186
f 160/160/160 185/185/185 186/186/186
f 162/162/162 161/161/161 187/187/187
f 161/161/161 186/186/186 187/187/187
f 163/163/163 162/162/162 188/188/188
f 162/162/162 187/187/187 188/188/188
f 164/164/164 163/163/163 189/189/189
f 163/163/163 188/188/188 189/189/189
f 165/165/165 164/164/164 190/190/190
f 164/164/164 189/189/189 190/190/190
f 166/166/166 165/165/165 191/191/191
f 165/165/165 190/190/190 191/191/191
f 167/167/167 166/166/166 192/192/192
f 166/166/166 191/191/191 192/192/192
f 168/168/168 167/167/167 193/193/193
f 167/167/167 192/192/192 193/193/193
f 169/169/169 168/168/168 194/194/194
f 168/168/168 193/193/193 194/194/194
f 170/170/170 169/169/169 195/195/195
f 169/169/169 194/194/194 195/195/195
f 171/171/171 170/170/170 196/196/196
f 170/170/170 195/195/195 196/196/196
f 172/172/172 171/171/171 197/197/197
f 171/171/171 196/196/196 197/197/197
f 173/173/173 172/172/172 198/198/198
f 172/172/172 197/197/197 198/198/198
f 174/174/174 173/173/173 199/199/199
f 173/173/173 198/198/198 199/199/199
f 175/175/175 174/174/174 200/200/200
f 174/174/174 199/199/199 200/200/200
f 177/177/177 176/176/176 202/202/202
f 176/176/176 201/201/201 202/202/202
f 178/178/178 177/177/177 203/203/203
f 177/177/177 202/202/202 203/203/203
f 179/179/179 178/178/178 204/204/204
f 178/178/178 203/203/203 204/204/204
f 180/180/180 179/179/179 205/205/205
f 179/179/179 204/204/204 205/205/205
f 181/181/181 180/180/180 206/206/206
f 180/180/180 205/205/205 206/206/206
f 182/182/182 181/181/181 207/207/207
f 181/181/181 206/206/206 207/207/207
f 183/183/183 182/182/182 208/208/208
f 182/182/182 207/207/207 208/208/208
f 184/184/184 183/183/183 209/209/209
f 183/183/183 208/208/208 209/209/209
f 185/185/185 184/184/184 210/210/210
f 184/184/184 209/209/209 210/210/210
f 186/186/186 185/185/185 211/211/211
f 185/185/185 210/210/210 211/211/211
f 187/187/187 186/186/186 212/212/212
f 186/186/186 211/211/211 212/212/212
f 188/188/188 187/187/187 213/213/213
f 187/187/187 212/212/212 213/213/213
f 189/189/189 188/188/188 214/214/214
f 188/188/188 213/213/213 214/214/214
f 190/190/190 189/189/189 215/215/215
f 189/189/189 214/214/214 215/215/215
f 191/191/191 190/190/190 216/216/216
f 190/190/190 215/215/215 216/216/216
f 192/192/192 191/191/191 217/217/217
f 191/191/191 216/216/216 217/217/217
f 193/193/193 192/192/192 218/218/218
f 192/192/192 217/217/217 218/218/218
f 194/194/194 193/193/193 219/219/219
f 193/193/193 218/218/218 219/219/219
f 195/195/195 194/194/194 220/220/220
f 194/194/194 219/219/219 220/220/220
f 196/196/196 195/195/195 221/221/221
f 195/195/195 220/220/220 221/221/221
f 197/197/197 196/196/196 222/222/222
f 196/196/196 221/221/221 222/222/222
f 198/198/198 197/197/197 223/223/223
f 197/197/197 222/222/222 223/223/223
f 199/199/199 198/198/198 224/224/224
f 198/198/198 223/223/223 224/224/224
f 200/200/200 199/199/199 225/225/225
f 199/199/199 224/224/224 225/225/225
f 202/202/202 201/201/201 227/227/227
f 201/201/201 226/226/226 227/227/227
f 203/203/203 202/202/202 228/228/228
f 202/202/202 227/227/227 228/228/228
f 204/204/204 203/203/203 229/229/229
f 203/203/203 228/228/228 229/229/229
f 205/205/205 204/204/204 230/230/230
f 204/204/204 229/229/229 230/230/230
f 206/206/206 205/205/205 231/231/231
f 205/205/205 230/230/230 231/231/231
f 207/207/207 206/206/206 232/232/232
f 206/206/206 231/231/231 232/232/232
f 208/208/208 207/207/207 233/233/233
f 207/207/207 232/232/232 233/233/233
f 209/209/209 208/208/208 234/234/234
f 208/208/208 233/233/233 234/234/234
f 210/210/210 209/209/209 235/235/235
f 209/209/209 234/234/234 235/235/235
f 211/211/211 210/210/210 236/236/236
f 210/210/210 235/235/235 236/236/236
f 212/212/212 211/211/211 237/237/237
f 211/211/211 236/236/236 237/237/237
f 213/213/213 212/212/212 238/238/238
f 212/212/212 237/237/237 238/238/238
f 214/214/214 213/213/213 239/239/239
f 213/213/213 238/238/238 239/239/239
f 215/215/215 214/214/214 240/240/240
f 214/214/214 239/239/239 240/240/240
f 216/216/216 215/215/215 241/241/241
f 215/215/215 240/240/240 241/241/241
f 217/217/217 216/216/216 242/242/242
f 216/216/216 241/241/241 242/242/242
f 218/218/218 217/217/217 243/243/243
f 217/217/217 242/242/242 243/243/243
f 219/219/219 218/218/218 244/244/244
f 218/218/218 243/243/243 244/244/244
f 220/220/220 219/219/219 245/245/245
f 219/219/219 244/244/244 245/245/245
f 221/221/221 220/220/220 246/246/246
f 220/220/220 245/245/245 246/246/246
f 222/222/222 221/221/221 247/247/247
f 221/221/221 246/246/246 247/247/247
f 223/223/223 222/222/222 248/248/248
f 222/222/222 247/247/247 248/248/248
f 224/224/224 223/223/223 249/249/249
f 223/223/223 248/248/248 249/249/249
f 225/225/225 224/224/224 250/250/250
f 224/224/224 249/249/249 250/250/250
f 227/227/227 226/226/226 252/252/252
f 226/226/226 251/251/251 252/252/252
f 228/228/228 227/227/227 253/253/253
f 227/227/227 252/252/252 253/253/253
f 229/229/229 228/228/228 254/254/254
f 228/228/228 253/253/253 254/254/254
f 230/230/230 229/229/229 255/255/255
f 229/229/229 254/254/254 255/255/255
f 231/231/231 230/230/230 256/256/256
f 230/230/230 255/255/255 256/256/256
f 232/232/232 231/231/231 257/257/257
f 231/231/231 256/256/256 257/257/257
f 233/233/233 232/232/232 258/258/258
f 232/232/232 257/257/257 258/258/258
f 234/234/234 233/233/233 259/259/259
f 233/233/233 258/258/258 259/259/259
f 235/235/235 234/234/234 260/260/260
f 234/234/234 259/259/259 260/260/260
f 236/236/236 235/235/235 261/261/261
f 235/235/235 260/260/260 261/261/261
f 237/237/237 236/236/236 262/262/262
f 236/236/236 261/261/261 262/262/262
f 238/238/238 237/237/237 263/263/263
f 237/237/237 262/262/262 263/263/263
f 239/239/239 238/238/238 264/264/264
f 238/238/238 263/263/263 264/264/264
f 240/240/240 239/239/239 265/265/265
f 239/239/239 264/264/264 265/265/265
f 241/241/241 240/240/240 266/266/266
f 240/240/240 265/265/265 266/266/266
f 242/242/242 241/241/241 267/267/267
f 241/241/241 266/266/266 267/267/267
f 243/243/243 242/242/242 268/268/268
f 242/242/242 267/267/267 268/268/268
f 244/244/244 243/243/243 269/269/269
f 243/243/243 268/268/268 269/269/269
f 245/245/245 244/244/244 270/270/270
f 244/244/244 269/269/269 270/270/270
f 246/246/246 245/245/245 271/271/271
f 245/245/245 270/270/270 271/271/271
f 247/247/247 246/246/246 272/272/272
f 246/246/246 271/271/271 272/272/272
f 248/248/248 247/247/247 273/273/273
f 247/247/247 272/272/272 273/273/273
f 249/249/249 248/248/248 274/274/274
f 248/248/248 273/273/273 274/274/274
f 250/250/250 249/249/249 275/275/275
f 249/249/249 274/274/274 275/275/275
f 252/252/252 251/251/251 277/277/277
f 251/251/251 276/276/276 277/277/277
f 253/253/253 252/252/252 278/278/278
f 252/252/252 277/277/277 278/278/278
f 254/254/254 253/253/253 279/279/279
f 253/253/253 278/278/278 279/279/279
f 255/255/255 254/254/254 280/280/280
f 254/254/254 279/279/279 280/280/280
f 256/256/256 255/255/255 281/281/281
f 255/255/255 280/280/280 281/281/281
f 257/257/257 256/256/256 282/282/282
f 256/256/256 281/281/281 282/282/282
f 258/258/258 257/257/257 283/283/283
f 257/257/257 282/282/282 283/283/283
f 259/259/259 258/258/258 284/284/284
f 258/258/258 283/283/283 284/284/284
f 260/260/260 259/259/259 285/285/285
f 259/259/259 284/284/284 285/285/285
f 261/261/261 260/260/260 286/286/286
f 260/260/260 285/285/285 286/286/286
f 262/262/262 261/261/261 287/287/287
f 261/261/261 286/286/286 287/287/287
f 263/263/263 262/262/262 288/288/288
f 262/262/262 287/287/287 288/288/288
f 264/264/264 263/263/263 289/289/289
f 263/263/263 288/288/288 289/289/289
f 265/265/265 264/264/264 290/290/290
f 264/264/264 289/289/289 290/290/290
f 266/266/266 265/265/265 291/291/291
f 265/265/265 290/290/290 291/291/291
f 267/267/267 266/266/266 292/292/292
f 266/266/266 291/291/291 292/292/292
f 268/268/268 267/267/267 293/293/293
f 267/267/267 292/292/292 293/293/293
f 269/269/269 268/268/268 294/294/294
f 268/268/268 293/293/293 294/294/294
f 270/270/270 269/269/269 295/295/295
f 269/269/269 294/294/294 295/295/295
f 271/271/271 270/270/270 296/296/296
f 270/270/270 295/295/295 296/296/296
f 272/272/272 271/271/271 297/297/297
f 271/271/271 296/296/296 297/297/297
f 273/273/273 272/272/272 298/298/298
f 272/272/272 297/297/297 298/298/298
f 274/274/274 273/273/273 299/299/299
f 273/273/273 298/298/298 299/299/299
f 275/275/275 274/274/274 300/300/300
f 274/274/274 299/299/299 300/300/300
f 277/277/277 276/276/276 302/302/302
f 276/276/276 301/301/301 302/302/302
f 278/278/278 277/277/277 303/303/303
f 277/277/277 302/302/302 303/303/303
f 279/279/279 278/278/278 304/304/304
f 278/278/278 303/303/303 304/304/304
f 280/280/280 279/279/279 305/305/305
f 279/279/279 304/304/304 305/305/305
f 281/281/281 280/280/280 306/306/306
f 280/280/280 305/305/305 306/306/306
f 282/282/282 281/281/281 307/307/307
f 281/281/281 306/306/306 307/307/307
f 283/283/283 282/282/282 308/308/308
f 282/282/282 307/307/307 308/308/308
f 284/284/284 283/283/283 309/309/309
f 283/283/283 308/308/308 309/309/309
f 285/285/285 284/284/284 310/310/310
f 284/284/284 309/309/309 310/310/310
f 286/286/286 285/285/285 311/311/311
f 285/285/285 310/310/310 311/311/311
f 287/287/287 286/286/286 312/312/312
f 286/286/286 311/311/311 312/312/312
f 288/288/288 287/287/287 313/313/313
f 287/287/287 312/312/312 313/313/313
f 289/289/289 288/288/288 314/314/314
f 288/288/288 313/313/313 314/314/314
f 290/290/290 289/289/289 315/315/315
f 289/289/289 314/314/314 315/315/315
f 291/291/291 290/290/290 316/316/316
f 290/290/290 315/315/315 316/316/316
f 292/292/292 291/291/291 317/317/317
f 291/291/291 316/316/316 317/317/317
f 293/293/293 292/292/292 318/318/318
f 292/292/292 317/317/317 318/318/318
f 294/294/294 293/293/293 319/319/319
f 293/293/293 318/318/318 319/319/319
f 295/295/295 294/294/294 320/320/320
f 294/294/294 319/319/319 320/320/320
f 296/296/296 295/295/295 321/321/321
f 295/295/295 320/320/320 321/321/321
f 297/297/297 296/296/296 322/322/322
f 296/296/296 321/321/321 322/322/322
f 298/298/298 297/297/297 323/323/323
f 297/297/297 322/322/322 323/323/323
f 299/299/299 298/298/298 324/324/324
f 298/298/298 323/323/323 324/324/324
f 300/300/300 299/299/299 325/325/325
f 299/299/299 324/324/324 325/325/325
f 302/302/302 301/301/301 327/327/327
f 301/301/301 326/326/326 327/327/327
f 303/303/303 302/302/302 328/328/328
f 302/302/302 327/327/327 328/328/328
f 304/304/304 303/303/303 329/329/329
f 303/303/303 328/328/328 329/329/329
f 305/305/305 304/304/304 330/330/330
f 304/304/304 329/329/329 330/330/330
f 306/306/306 305/305/305 331/331/331
f 305/305/305 330/330/330 331/331/331
f 307/307/307 306/306/306 332/332/332
f 306/306/306 331/331/331 332/332/332
f 308/308/308 307/307/307 333/333/333
f 307/307/307 332/332/332 333/333/333
f 309/309/309 308/308/308 334/334/334
f 308/308/308 333/333/333 334/334/334
f 310/310/310 309/309/309 335/335/335
f 309/309/309 334/334/334 335/335/335
f 311/311/311 310/310/310 336/336/336
f 310/310/310 335/335/335 336/336/336
f 312/312/312 311/311/311 337/337/337
f 311/311/311 336/336/336 337/337/337
f 313/313/313 312/312/312 338/338/338
f 312/312/312 337/337/337 338/338/338
f 314/314/314 313/313/313 339/339/339
f 313/313/313 338/338/338 339/339/339
f 315/315/315 314/314/314 340/340/340
f 314/314/314 339/339/339 340/340/340
f 316/316/316 315/315/315 341/341/341
f 315/315/315 340/340/340 341/341/341
f 317/317/317 316/316/316 342/342/342
f 316/316/316 341/341/341 342/342/342
f 318/318/318 317/317/317 343/343/343
f 317/317/317 342/342/342 343/343/343
f 319/319/319 318/318/318 344/344/344
f 318/318/318 343/343/343 344/344/344
f 320/320/320 319/319/319 345/345/345
f 319/319/319 344/344/344 345/345/345
f 321/321/321 320/320/320 346/346/346
f 320/320/320 345/345/345 346/346/346
f 322/322/322 321/321/321 347/347/347
f 321/321/321 346/346/346 347/347/347
f 323/323/323 322/322/322 348/348/348
f 322/322/322 347/347/347 348/348/348
f 324/324/324 323/323/323 349/349/349
f 323/323/323 348/348/348 349/349/349
f 325/325/325 324/324/324 350/350/350
f 324/324/324 349/349/349 350/350/350
f 327/327/327 326/326/326 352/352/352
f 326/326/326 351/351/351 352/352/352
f 328/328/328 327/327/327 353/353/353
f 327/327/327 352/352/352 353/353/353
f 329/329/329 328/328/328 354/354/354
f 328/328/328 353/353/353 354/354/354
f 330/330/330 329/329/329 355/355/355
f 329/329/329 354/354/354 355/355/355
f 331/331/331 330/330/330 356/356/356
f 330/330/330 355/355/355 356/356/356
f 332/332/332 331/331/331 357/357/357
f 331/331/331 356/356/356 357/357/357
f 333/333/333 332/332/332 358/358/358
f 332/332/332 357/357/357 358/358/358
f 334/334/334 333/333/333 359/359/359
f 333/333/333 358/358/358 359/359/359
f 335/335/335 334/334/334 360/360/360
f 334/334/334 359/359/359 360/360/360
f 336/336/336 335/335/335 361/361/361
f 335/335/335 360/360/360 361/361/361
f 337/337/337 336/336/336 362/362/362
f 336/336/336 361/361/361 362/362/362
f 338/338/338 337/337/337 363/363/363
f 337/337/337 362/362/362 363/363/363
f 339/339/339 338/338/338 364/364/364
f 338/338/338 363/363/363 364/364/364
f 340/340/340 339/339/339 365/365/365
f 339/339/339 364/364/364 365/365/365
f 341/341/341 340/340/340 366/366/366
f 340/340/340 365/365/365 366/366/366
f 342/342/342 341/341/341 367/367/367
f 341/341/341 366/366/366 367/367/367
f 343/343/343 342/342/342 368/368/368
f 342/342/342 367/367/367 368/368/368
f 344/344/344 343/343/343 369/369/369
f 343/343/343 368/368/368 369/369/369
f 345/345/345 344/344/344 370/370/370
f 344/344/344 369/369/369 370/370/370
f 346/346/346 345/345/345 371/371/371
f 345/345/345 370/370/370 371/371/371
f 347/347/347 346/346/346 372/372/372
f 346/346/346 371/371/371 372/372/372
f 348/348/348 347/347/347 373/373/373
f 347/347/347 372/372/372 373/373/373
f 349/349/349 348/348/348 374/374/374
f 348/348/348 373/373/373 374/374/374
f 350/350/350 349/349/349 375/375/375
f 349/349/349 374/374/374 375/375/375
f 352/352/352 351/351/351 377/377/377
f 351/351/351 376/376/376 377/377/377
f 353/353/353 352/352/352 378/378/378
f 352/352/352 377/377/377 378/378/378
f 354/354/354 353/353/353 379/379/379
f 353/353/353 378/378/378 379/379/379
f 355/355/355 354/354/354 380/380/380
f 354/354/354 379/379/379 380/380/380
f 356/356/356 355/355/355 381/381/381
f 355/355/355 380/380/380 381/381/381
f 357/357/357 356/356/356 382/382/382
f 356/356/356 381/381/381 382/382/382
f 358/358/358 357/357/357 383/383/383
f 357/357/357 382/382/382 383/383/383
f 359/359/359 358/358/358 384/384/384
f 358/358/358 383/383/383 384/384/384
f 360/360/360 359/359/359 385/385/385
f 359/359/359 384/384/384 385/385/385
f 361/361/361 360/360/360 386/386/386
f 360/360/360 385/385/385 386/386/386
f 362/362/362 361/361/361 387/387/387
f 361/361/361 386/386/386 387/387/387
f 363/363/363 362/362/362 388/388/388
f 362/362/362 387/387/387 388/388/388
f 364/364/364 363/363/363 389/389/389
f 363/363/363 388/388/388 389/389/389
f 365/365/365 364/364/364 390/390/390
f 364/364/364 389/389/389 390/390/390
f 366/366/366 365/365/365 391/391/391
f 365/365/365 390/390/390 391/391/391
f 367/367/367 366/366/366 392/392/392
f 366/366/366 391/391/391 392/392/392
f 368/368/368 367/367/367 393/393/393
f 367/367/367 392/392/392 393/393/393
f 369/369/369 368/368/368 394/394/394
f 368/368/368 393/393/393 394/394/394
f 370/370/370 369/369/369 395/395/395
f 369/369/369 394/394/394 395/395/395
f 371/371/371 370/370/370 396/396/396
f 370/370/370 395/395/395 396/396/396
f 372/372/372 371/371/371 397/397/397
f 371/371/371 396/396/396 397/397/397
f 373/373/373 372/372/372 398/398/398
f 372/372/372 397/397/397 398/398/398
f 374/374/374 373/373/373 399/399/399
f 373/373/373 398/398/398 399/399/399
f 375/375/375 374/374/374 400/400/400
f 374/374/374 399/399/399 400/400/400
f 377/377/377 376/376/376 402/402/402
f 378/378/378 377/377/377 403/403/403
f 379/379/379 378/378/378 404/404/404
f 380/380/380 379/379/379 405/405/405
f 381/381/381 380/380/380 406/406/406
f 382/382/382 381/381/381 407/407/407
f 383/383/383 382/382/382 408/408/408
f 384/384/384 383/383/383 409/409/409
f 385/385/385 384/384/384 410/410/410
f 386/386/386 385/385/385 411/411/411
f 387/387/387 386/386/386 412/412/412
f 388/388/388 387/387/387 413/413/413
f 389/389/389 388/388/388 414/414/414
f 390/390/390 389/389/389 415/415/415
f 391/391/391 390/390/390 416/416/416
f 392/392/392 391/391/391 417/417/417
f 393/393/393 392/392/392 418/418/418
f 394/394/394 393/393/393 419/419/419
f 395/395/395 394/394/394 420/420/420
f 396/396/396 395/395/395 421/421/421
f 397/397/397 396/396/396 422/422/422
f 398/398/398 397/397/397 423/423/423
f 399/399/399 398/398/398 424/424/424
f 400/400/400 399/399/399 425/425/425
o 
v -0.007772820747863368 0.24750000007450582 0.024046985669936752
v 0.024046985669936724 0.24750000007450582 -0.007772820747863354
v -0.007772820747863368 0.2124999999254942 0.024046985669936752
v 0.024046985669936724 0.2124999999254942 -0.007772820747863354
v -0.20222717925213662 0.24750000007450582 -0.23404698566993676
v -0.2340469856699367 0.24750000007450582 -0.20222717925213662
v -0.20222717925213662 0.2124999999254942 -0.23404698566993676
v -0.2340469856699367 0.2124999999254942 -0.20222717925213662
v -0.20222717925213662 0.24750000007450582 -0.23404698566993676
v 0.024046985669936724 0.24750000007450582 -0.007772820747863354
v -0.2340469856699367 0.24750000007450582 -0.20222717925213662
v -0.007772820747863368 0.24750000007450582 0.024046985669936752
v -0.2340469856699367 0.2124999999254942 -0.20222717925213662
v -0.007772820747863368 0.2124999999254942 0.024046985669936752
v -0.20222717925213662 0.2124999999254942 -0.23404698566993676
v 0.024046985669936724 0.2124999999254942 -0.007772820747863354
v -0.2340469856699367 0.24750000007450582 -0.20222717925213662
v -0.007772820747863368 0.24750000007450582 0.024046985669936752
v -0.2340469856699367 0.2124999999254942 -0.20222717925213662
v -0.007772820747863368 0.2124999999254942 0.024046985669936752
v 0.024046985669936724 0.24750000007450582 -0.007772820747863354
v -0.20222717925213662 0.24750000007450582 -0.23404698566993676
v 0.024046985669936724 0.2124999999254942 -0.007772820747863354
v -0.20222717925213662 0.2124999999254942 -0.23404698566993676
vt 0 1
vt 1 1
vt 0 0
vt 1 0
vt 0 1
vt 1 1
vt 0 0
vt 1 0
vt 0 1
vt 1 1
vt 0 0
vt 1 0
vt 0 1
vt 1 1
vt 0 0
vt 1 0
vt 0 1
vt 1 1
vt 0 0
vt 1 0
vt 0 1
vt 1 1
vt 0 0
vt 1 0
vn 0.7071067811865475 0 0.7071067811865476
vn 0.7071067811865475 0 0.7071067811865476
vn 0.7071067811865475 0 0.7071067811865476
vn 0.7071067811865475 0 0.7071067811865476
vn -0.7071067811865475 0 -0.7071067811865476
vn -0.7071067811865475 0 -0.7071067811865476
vn -0.7071067811865475 0 -0.7071067811865476
vn -0.7071067811865475 0 -0.7071067811865476
vn 0 1 0
vn 0 1 0
vn 0 1 0
vn 0 1 0
vn 0 -1 0
vn 0 -1 0
vn 0 -1 0
vn 0 -1 0
vn -0.7071067811865476 0 0.7071067811865475
vn -0.7071067811865476 0 0.7071067811865475
vn -0.7071067811865476 0 0.7071067811865475
vn -0.7071067811865476 0 0.7071067811865475
vn 0.7071067811865476 0 -0.7071067811865475
vn 0.7071067811865476 0 -0.7071067811865475
vn 0.7071067811865476 0 -0.7071067811865475
vn 0.7071067811865476 0 -0.7071067811865475
f 426/426/426 428/428/428 427/427/427
f 428/428/428 429/429/429 427/427/427
f 430/430/430 432/432/432 431/431/431
f 432/432/432 433/433/433 431/431/431
f 434/434/434 436/436/436 435/435/435
f 436/436/436 437/437/437 435/435/435
f 438/438/438 440/440/440 439/439/439
f 440/440/440 441/441/441 439/439/439
f 442/442/442 444/444/444 443/443/443
f 444/444/444 445/445/445 443/443/443
f 446/446/446 448/448/448 447/447/447
f 448/448/448 449/449/449 447/447/447
o 
v -0.09700000196695327 0.25 -0.21
v -0.10085038006305694 0.25 -0.18075344808399676
v -0.11213912725448608 0.25 -0.15350000098347663
v -0.13009693384170531 0.25 -0.13009693384170531
v -0.15350000098347663 0.25 -0.11213912725448608
v -0.18075344808399676 0.25 -0.10085038006305694
v -0.21 0.25 -0.09700000196695327
v -0.23924655191600322 0.25 -0.10085038006305694
v -0.2664999990165233 0.25 -0.11213912725448608
v -0.28990306615829464 0.25 -0.13009693384170531
v -0.3078608727455139 0.25 -0.15350000098347663
v -0.319149619936943 0.25 -0.18075344808399676
v -0.3229999980330467 0.25 -0.21
v -0.319149619936943 0.25 -0.23924655191600322
v -0.3078608727455139 0.25 -0.2664999990165233
v -0.28990306615829464 0.24999999999999997 -0.28990306615829464
v -0.2664999990165233 0.24999999999999997 -0.3078608727455139
v -0.23924655191600322 0.24999999999999997 -0.319149619936943
v -0.21000000000000002 0.24999999999999997 -0.3229999980330467
v -0.18075344808399676 0.24999999999999997 -0.319149619936943
v -0.15350000098347663 0.24999999999999997 -0.3078608727455139
v -0.13009693384170531 0.24999999999999997 -0.28990306615829464
v -0.11213912725448608 0.25 -0.2664999990165233
v -0.10085038006305694 0.25 -0.23924655191600322
v -0.09700000196695327 0.25 -0.21000000000000002
v -0.10227207750082015 0.2372720781713724 -0.21
v -0.10594281464815139 0.2372720781713724 -0.1821179623156786
v -0.11670488029718398 0.2372720781713724 -0.15613603875041007
v -0.13382485419511794 0.23727207817137244 -0.13382485419511794
v -0.15613603875041007 0.23727207817137244 -0.11670488029718398
v -0.1821179623156786 0.23727207817137244 -0.10594281464815139
v -0.21 0.23727207817137244 -0.10227207750082015
v -0.2378820376843214 0.23727207817137244 -0.10594281464815139
v -0.2638639612495899 0.23727207817137244 -0.11670488029718398
v -0.286175145804882 0.23727207817137244 -0.13382485419511794
v -0.303295119702816 0.2372720781713724 -0.15613603875041007
v -0.31405718535184857 0.2372720781713724 -0.1821179623156786
v -0.3177279224991798 0.2372720781713724 -0.20999999999999996
v -0.31405718535184857 0.2372720781713724 -0.2378820376843214
v -0.303295119702816 0.2372720781713724 -0.2638639612495899
v -0.286175145804882 0.23727207817137239 -0.286175145804882
v -0.2638639612495899 0.23727207817137239 -0.303295119702816
v -0.2378820376843214 0.23727207817137239 -0.31405718535184857
v -0.21000000000000002 0.23727207817137239 -0.3177279224991798
v -0.1821179623156786 0.23727207817137239 -0.31405718535184857
v -0.15613603875041007 0.23727207817137239 -0.303295119702816
v -0.13382485419511794 0.23727207817137239 -0.286175145804882
v -0.11670488029718398 0.2372720781713724 -0.2638639612495899
v -0.10594281464815139 0.2372720781713724 -0.2378820376843214
v -0.10227207750082015 0.2372720781713724 -0.21000000000000002
v -0.11500000119209289 0.23200000077486038 -0.21
v -0.11823704749345779 0.23200000077486038 -0.18541218996047973
v -0.12772758960723876 0.23200000077486038 -0.16250000059604644
v -0.14282485753297805 0.23200000077486038 -0.14282485753297805
v -0.16250000059604644 0.2320000007748604 -0.12772758960723876
v -0.18541218996047973 0.2320000007748604 -0.11823704749345779
v -0.21 0.2320000007748604 -0.11500000119209289
v -0.23458781003952026 0.2320000007748604 -0.11823704749345779
v -0.2574999994039535 0.2320000007748604 -0.12772758960723876
v -0.2771751424670219 0.23200000077486038 -0.14282485753297805
v -0.2922724103927612 0.23200000077486038 -0.16250000059604644
v -0.30176295250654217 0.23200000077486038 -0.18541218996047973
v -0.30499999880790707 0.23200000077486038 -0.20999999999999996
v -0.30176295250654217 0.23200000077486038 -0.23458781003952026
v -0.2922724103927612 0.23200000077486038 -0.2574999994039535
v -0.2771751424670219 0.23200000077486038 -0.2771751424670219
v -0.2574999994039535 0.23200000077486035 -0.2922724103927612
v -0.23458781003952026 0.23200000077486035 -0.30176295250654217
v -0.21000000000000002 0.23200000077486035 -0.30499999880790707
v -0.18541218996047973 0.23200000077486035 -0.30176295250654217
v -0.16250000059604644 0.23200000077486035 -0.2922724103927612
v -0.14282485753297805 0.23200000077486038 -0.2771751424670219
v -0.12772758960723876 0.23200000077486038 -0.2574999994039535
v -0.11823704749345779 0.23200000077486038 -0.23458781003952026
v -0.11500000119209289 0.23200000077486038 -0.21000000000000002
v -0.12772792488336562 0.2372720781713724 -0.21
v -0.13053127288818359 0.2372720781713724 -0.18870641946792602
v -0.13875029146671294 0.2372720781713724 -0.1688639624416828
v -0.15182485714554786 0.2372720781713724 -0.15182485714554786
v -0.1688639624416828 0.23727207817137244 -0.13875029146671294
v -0.18870641946792602 0.23727207817137244 -0.13053127288818359
v -0.21 0.23727207817137244 -0.12772792488336562
v -0.23129358053207397 0.23727207817137244 -0.13053127288818359
v -0.25113603755831715 0.23727207817137244 -0.13875029146671294
v -0.2681751428544521 0.2372720781713724 -0.15182485714554786
v -0.281249708533287 0.2372720781713724 -0.1688639624416828
v -0.28946872711181637 0.2372720781713724 -0.18870641946792602
v -0.29227207511663433 0.2372720781713724 -0.21
v -0.28946872711181637 0.2372720781713724 -0.23129358053207397
v -0.281249708533287 0.2372720781713724 -0.25113603755831715
v -0.2681751428544521 0.2372720781713724 -0.2681751428544521
v -0.25113603755831715 0.23727207817137239 -0.281249708533287
v -0.23129358053207397 0.23727207817137239 -0.28946872711181637
v -0.21000000000000002 0.23727207817137239 -0.29227207511663433
v -0.18870641946792602 0.23727207817137239 -0.28946872711181637
v -0.1688639624416828 0.23727207817137239 -0.281249708533287
v -0.15182485714554786 0.2372720781713724 -0.2681751428544521
v -0.13875029146671294 0.2372720781713724 -0.25113603755831715
v -0.13053127288818359 0.2372720781713724 -0.23129358053207397
v -0.12772792488336562 0.2372720781713724 -0.21000000000000002
v -0.1330000004172325 0.25 -0.21
v -0.13562371492385863 0.25 -0.19007093369960784
v -0.14331604450941085 0.25 -0.17150000020861625
v -0.1555527774989605 0.25 -0.1555527774989605
v -0.17150000020861625 0.25 -0.14331604450941085
v -0.19007093369960784 0.25 -0.13562371492385863
v -0.21 0.25 -0.1330000004172325
v -0.22992906630039214 0.25 -0.13562371492385863
v -0.24849999979138374 0.25 -0.14331604450941085
v -0.26444722250103947 0.25 -0.1555527774989605
v -0.2766839554905891 0.25 -0.17150000020861625
v -0.2843762850761413 0.25 -0.19007093369960784
v -0.28699999958276745 0.25 -0.21
v -0.2843762850761413 0.25 -0.22992906630039214
v -0.2766839554905891 0.25 -0.24849999979138374
v -0.26444722250103947 0.24999999999999997 -0.26444722250103947
v -0.24849999979138374 0.24999999999999997 -0.2766839554905891
v -0.22992906630039214 0.24999999999999997 -0.2843762850761413
v -0.21000000000000002 0.24999999999999997 -0.28699999958276745
v -0.19007093369960784 0.24999999999999997 -0.2843762850761413
v -0.17150000020861625 0.24999999999999997 -0.2766839554905891
v -0.1555527774989605 0.24999999999999997 -0.26444722250103947
v -0.14331604450941085 0.25 -0.24849999979138374
v -0.13562371492385863 0.25 -0.22992906630039214
v -0.1330000004172325 0.25 -0.21000000000000002
v -0.12772792488336562 0.2627279218286276 -0.21
v -0.13053127288818359 0.2627279218286276 -0.18870641946792602
v -0.13875029146671294 0.2627279218286276 -0.1688639624416828
v -0.15182485714554786 0.2627279218286276 -0.15182485714554786
v -0.1688639624416828 0.2627279218286276 -0.13875029146671294
v -0.18870641946792602 0.2627279218286276 -0.13053127288818359
v -0.21 0.2627279218286276 -0.12772792488336562
v -0.23129358053207397 0.2627279218286276 -0.13053127288818359
v -0.25113603755831715 0.2627279218286276 -0.13875029146671294
v -0.2681751428544521 0.2627279218286276 -0.15182485714554786
v -0.281249708533287 0.2627279218286276 -0.1688639624416828
v -0.28946872711181637 0.2627279218286276 -0.18870641946792602
v -0.29227207511663433 0.2627279218286276 -0.21
v -0.28946872711181637 0.2627279218286276 -0.23129358053207397
v -0.281249708533287 0.2627279218286276 -0.25113603755831715
v -0.2681751428544521 0.2627279218286276 -0.2681751428544521
v -0.25113603755831715 0.2627279218286276 -0.281249708533287
v -0.23129358053207397 0.2627279218286276 -0.28946872711181637
v -0.21000000000000002 0.2627279218286276 -0.29227207511663433
v -0.18870641946792602 0.2627279218286276 -0.28946872711181637
v -0.1688639624416828 0.2627279218286276 -0.281249708533287
v -0.15182485714554786 0.2627279218286276 -0.2681751428544521
v -0.13875029146671294 0.2627279218286276 -0.25113603755831715
v -0.13053127288818359 0.2627279218286276 -0.23129358053207397
v -0.12772792488336562 0.2627279218286276 -0.21000000000000002
v -0.11500000119209289 0.2679999992251396 -0.21
v -0.11823704749345779 0.2679999992251396 -0.18541218996047973
v -0.12772758960723876 0.2679999992251396 -0.16250000059604644
v -0.14282485753297805 0.2679999992251396 -0.14282485753297805
v -0.16250000059604644 0.2679999992251396 -0.12772758960723876
v -0.18541218996047973 0.2679999992251396 -0.11823704749345779
v -0.21 0.2679999992251396 -0.11500000119209289
v -0.23458781003952026 0.2679999992251396 -0.11823704749345779
v -0.2574999994039535 0.2679999992251396 -0.12772758960723876
v -0.2771751424670219 0.2679999992251396 -0.14282485753297805
v -0.2922724103927612 0.2679999992251396 -0.16250000059604644
v -0.30176295250654217 0.2679999992251396 -0.18541218996047973
v -0.30499999880790707 0.2679999992251396 -0.21
v -0.30176295250654217 0.2679999992251396 -0.23458781003952026
v -0.2922724103927612 0.2679999992251396 -0.25749999940395357
v -0.2771751424670219 0.2679999992251396 -0.2771751424670219
v -0.2574999994039535 0.2679999992251396 -0.2922724103927612
v -0.23458781003952026 0.2679999992251396 -0.30176295250654217
v -0.21000000000000002 0.2679999992251396 -0.30499999880790707
v -0.18541218996047973 0.2679999992251396 -0.30176295250654217
v -0.16250000059604644 0.2679999992251396 -0.2922724103927612
v -0.14282485753297805 0.2679999992251396 -0.2771751424670219
v -0.12772758960723876 0.2679999992251396 -0.25749999940395357
v -0.11823704749345779 0.2679999992251396 -0.23458781003952026
v -0.11500000119209289 0.2679999992251396 -0.21000000000000002
v -0.10227207750082015 0.2627279218286276 -0.21
v -0.10594281464815139 0.2627279218286276 -0.1821179623156786
v -0.11670488029718398 0.2627279218286276 -0.15613603875041007
v -0.13382485419511794 0.2627279218286276 -0.13382485419511794
v -0.15613603875041007 0.2627279218286276 -0.11670488029718398
v -0.1821179623156786 0.2627279218286276 -0.10594281464815139
v -0.21 0.2627279218286276 -0.10227207750082015
v -0.2378820376843214 0.2627279218286276 -0.10594281464815139
v -0.2638639612495899 0.2627279218286276 -0.11670488029718398
v -0.286175145804882 0.2627279218286276 -0.13382485419511794
v -0.303295119702816 0.2627279218286276 -0.15613603875041007
v -0.31405718535184857 0.2627279218286276 -0.1821179623156786
v -0.3177279224991798 0.2627279218286276 -0.21
v -0.31405718535184857 0.2627279218286276 -0.2378820376843214
v -0.303295119702816 0.2627279218286276 -0.2638639612495899
v -0.286175145804882 0.2627279218286276 -0.286175145804882
v -0.2638639612495899 0.2627279218286276 -0.303295119702816
v -0.2378820376843214 0.2627279218286276 -0.31405718535184857
v -0.21000000000000002 0.2627279218286276 -0.3177279224991798
v -0.1821179623156786 0.2627279218286276 -0.31405718535184857
v -0.15613603875041007 0.2627279218286276 -0.303295119702816
v -0.13382485419511794 0.2627279218286276 -0.286175145804882
v -0.11670488029718398 0.2627279218286276 -0.2638639612495899
v -0.10594281464815139 0.2627279218286276 -0.2378820376843214
v -0.10227207750082015 0.2627279218286276 -0.21000000000000002
v -0.09700000196695327 0.25 -0.21
v -0.10085038006305694 0.25 -0.18075344808399676
v -0.11213912725448608 0.25 -0.15350000098347663
v -0.13009693384170531 0.25 -0.13009693384170531
v -0.15350000098347663 0.25 -0.11213912725448608
v -0.18075344808399676 0.25000000000000006 -0.10085038006305694
v -0.21 0.25000000000000006 -0.09700000196695327
v -0.23924655191600322 0.25000000000000006 -0.10085038006305694
v -0.2664999990165233 0.25 -0.11213912725448608
v -0.28990306615829464 0.25 -0.13009693384170531
v -0.3078608727455139 0.25 -0.15350000098347663
v -0.319149619936943 0.25 -0.18075344808399676
v -0.3229999980330467 0.25 -0.21
v -0.319149619936943 0.25 -0.23924655191600322
v -0.3078608727455139 0.25 -0.2664999990165233
v -0.28990306615829464 0.25 -0.28990306615829464
v -0.2664999990165233 0.24999999999999997 -0.3078608727455139
v -0.23924655191600322 0.24999999999999997 -0.319149619936943
v -0.21000000000000002 0.24999999999999997 -0.3229999980330467
v -0.18075344808399676 0.24999999999999997 -0.319149619936943
v -0.15350000098347663 0.24999999999999997 -0.3078608727455139
v -0.13009693384170531 0.25 -0.28990306615829464
v -0.11213912725448608 0.25 -0.2664999990165233
v -0.10085038006305694 0.25 -0.23924655191600322
v -0.09700000196695327 0.25 -0.21000000000000002
vt 0 0
vt 0.0416666679084301 0
vt 0.0833333358168602 0
vt 0.125 0
vt 0.1666666716337204 0
vt 0.2083333283662796 0
vt 0.25 0
vt 0.2916666567325592 0
vt 0.3333333432674408 0
vt 0.375 0
vt 0.4166666567325592 0
vt 0.4583333432674408 0
vt 0.5 0
vt 0.5416666865348816 0
vt 0.5833333134651184 0
vt 0.625 0
vt 0.6666666865348816 0
vt 0.7083333134651184 0
vt 0.75 0
vt 0.7916666865348816 0
vt 0.8333333134651184 0
vt 0.875 0
vt 0.9166666865348816 0
vt 0.9583333134651184 0
vt 1 0
vt 0 0.125
vt 0.0416666679084301 0.125
vt 0.0833333358168602 0.125
vt 0.125 0.125
vt 0.1666666716337204 0.125
vt 0.2083333283662796 0.125
vt 0.25 0.125
vt 0.2916666567325592 0.125
vt 0.3333333432674408 0.125
vt 0.375 0.125
vt 0.4166666567325592 0.125
vt 0.4583333432674408 0.125
vt 0.5 0.125
vt 0.5416666865348816 0.125
vt 0.5833333134651184 0.125
vt 0.625 0.125
vt 0.6666666865348816 0.125
vt 0.7083333134651184 0.125
vt 0.75 0.125
vt 0.7916666865348816 0.125
vt 0.8333333134651184 0.125
vt 0.875 0.125
vt 0.9166666865348816 0.125
vt 0.9583333134651184 0.125
vt 1 0.125
vt 0 0.25
vt 0.0416666679084301 0.25
vt 0.0833333358168602 0.25
vt 0.125 0.25
vt 0.1666666716337204 0.25
vt 0.2083333283662796 0.25
vt 0.25 0.25
vt 0.2916666567325592 0.25
vt 0.3333333432674408 0.25
vt 0.375 0.25
vt 0.4166666567325592 0.25
vt 0.4583333432674408 0.25
vt 0.5 0.25
vt 0.5416666865348816 0.25
vt 0.5833333134651184 0.25
vt 0.625 0.25
vt 0.6666666865348816 0.25
vt 0.7083333134651184 0.25
vt 0.75 0.25
vt 0.7916666865348816 0.25
vt 0.8333333134651184 0.25
vt 0.875 0.25
vt 0.9166666865348816 0.25
vt 0.9583333134651184 0.25
vt 1 0.25
vt 0 0.375
vt 0.0416666679084301 0.375
vt 0.0833333358168602 0.375
vt 0.125 0.375
vt 0.1666666716337204 0.375
vt 0.2083333283662796 0.375
vt 0.25 0.375
vt 0.2916666567325592 0.375
vt 0.3333333432674408 0.375
vt 0.375 0.375
vt 0.4166666567325592 0.375
vt 0.4583333432674408 0.375
vt 0.5 0.375
vt 0.5416666865348816 0.375
vt 0.5833333134651184 0.375
vt 0.625 0.375
vt 0.6666666865348816 0.375
vt 0.7083333134651184 0.375
vt 0.75 0.375
vt 0.7916666865348816 0.375
vt 0.8333333134651184 0.375
vt 0.875 0.375
vt 0.9166666865348816 0.375
vt 0.9583333134651184 0.375
vt 1 0.375
vt 0 0.5
vt 0.0416666679084301 0.5
vt 0.0833333358168602 0.5
vt 0.125 0.5
vt 0.1666666716337204 0.5
vt 0.2083333283662796 0.5
vt 0.25 0.5
vt 0.2916666567325592 0.5
vt 0.3333333432674408 0.5
vt 0.375 0.5
vt 0.4166666567325592 0.5
vt 0.4583333432674408 0.5
vt 0.5 0.5
vt 0.5416666865348816 0.5
vt 0.5833333134651184 0.5
vt 0.625 0.5
vt 0.6666666865348816 0.5
vt 0.7083333134651184 0.5
vt 0.75 0.5
vt 0.7916666865348816 0.5
vt 0.8333333134651184 0.5
vt 0.875 0.5
vt 0.9166666865348816 0.5
vt 0.9583333134651184 0.5
vt 1 0.5
vt 0 0.625
vt 0.0416666679084301 0.625
vt 0.0833333358168602 0.625
vt 0.125 0.625
vt 0.1666666716337204 0.625
vt 0.2083333283662796 0.625
vt 0.25 0.625
vt 0.2916666567325592 0.625
vt 0.3333333432674408 0.625
vt 0.375 0.625
vt 0.4166666567325592 0.625
vt 0.4583333432674408 0.625
vt 0.5 0.625
vt 0.5416666865348816 0.625
vt 0.5833333134651184 0.625
vt 0.625 0.625
vt 0.6666666865348816 0.625
vt 0.7083333134651184 0.625
vt 0.75 0.625
vt 0.7916666865348816 0.625
vt 0.8333333134651184 0.625
vt 0.875 0.625
vt 0.9166666865348816 0.625
vt 0.9583333134651184 0.625
vt 1 0.625
vt 0 0.75
vt 0.0416666679084301 0.75
vt 0.0833333358168602 0.75
vt 0.125 0.75
vt 0.1666666716337204 0.75
vt 0.2083333283662796 0.75
vt 0.25 0.75
vt 0.2916666567325592 0.75
vt 0.3333333432674408 0.75
vt 0.375 0.75
vt 0.4166666567325592 0.75
vt 0.4583333432674408 0.75
vt 0.5 0.75
vt 0.5416666865348816 0.75
vt 0.5833333134651184 0.75
vt 0.625 0.75
vt 0.6666666865348816 0.75
vt 0.7083333134651184 0.75
vt 0.75 0.75
vt 0.7916666865348816 0.75
vt 0.8333333134651184 0.75
vt 0.875 0.75
vt 0.9166666865348816 0.75
vt 0.9583333134651184 0.75
vt 1 0.75
vt 0 0.875
vt 0.0416666679084301 0.875
vt 0.0833333358168602 0.875
vt 0.125 0.875
vt 0.1666666716337204 0.875
vt 0.2083333283662796 0.875
vt 0.25 0.875
vt 0.2916666567325592 0.875
vt 0.3333333432674408 0.875
vt 0.375 0.875
vt 0.4166666567325592 0.875
vt 0.4583333432674408 0.875
vt 0.5 0.875
vt 0.5416666865348816 0.875
vt 0.5833333134651184 0.875
vt 0.625 0.875
vt 0.6666666865348816 0.875
vt 0.7083333134651184 0.875
vt 0.75 0.875
vt 0.7916666865348816 0.875
vt 0.8333333134651184 0.875
vt 0.875 0.875
vt 0.9166666865348816 0.875
vt 0.9583333134651184 0.875
vt 1 0.875
vt 0 1
vt 0.0416666679084301 1
vt 0.0833333358168602 1
vt 0.125 1
vt 0.1666666716337204 1
vt 0.2083333283662796 1
vt 0.25 1
vt 0.2916666567325592 1
vt 0.3333333432674408 1
vt 0.375 1
vt 0.4166666567325592 1
vt 0.4583333432674408 1
vt 0.5 1
vt 0.5416666865348816 1
vt 0.5833333134651184 1
vt 0.625 1
vt 0.6666666865348816 1
vt 0.7083333134651184 1
vt 0.75 1
vt 0.7916666865348816 1
vt 0.8333333134651184 1
vt 0.875 1
vt 0.9166666865348816 1
vt 0.9583333134651184 1
vt 1 1
vn 1 0 0
vn 0.9659258257467466 5.746937306627513e-17 0.2588190471264927
vn 0.8660253998985324 1.1102230395700616e-16 0.5000000067305869
vn 0.7071067811865476 1.5700924586837752e-16 0.7071067811865476
vn 0.5000000067305869 1.9229626777551189e-16 0.8660253998985324
vn 0.2588190471264927 2.1447861836482098e-16 0.9659258257467466
vn 6.123234262925839e-17 2.220446049250313e-16 1
vn -0.2588190471264927 2.1447861836482098e-16 0.9659258257467466
vn -0.5000000067305869 1.9229626777551189e-16 0.8660253998985324
vn -0.7071067811865476 1.5700924586837752e-16 0.7071067811865476
vn -0.8660253998985324 1.1102230395700616e-16 0.5000000067305869
vn -0.9659258257467466 5.746937306627513e-17 0.2588190471264927
vn -1 2.7192622655495665e-32 1.2246468525851679e-16
vn -0.9659258257467466 -5.746937306627513e-17 -0.2588190471264927
vn -0.8660253998985324 -1.1102230395700616e-16 -0.5000000067305869
vn -0.7071067811865476 -1.5700924586837752e-16 -0.7071067811865476
vn -0.5000000067305869 -1.9229626777551189e-16 -0.8660253998985324
vn -0.2588190471264927 -2.1447861836482098e-16 -0.9659258257467466
vn -1.8369701465288538e-16 -2.220446049250313e-16 -1
vn 0.2588190471264927 -2.1447861836482098e-16 -0.9659258257467466
vn 0.5000000067305869 -1.9229626777551189e-16 -0.8660253998985324
vn 0.7071067811865476 -1.5700924586837752e-16 -0.7071067811865476
vn 0.8660253998985324 -1.1102230395700616e-16 -0.5000000067305869
vn 0.9659258257467466 -5.746937306627513e-17 -0.2588190471264927
vn 1 -5.438524531099133e-32 -2.4492937051703357e-16
vn 0.7071067811865476 -0.7071067811865476 1.5700924586837752e-16
vn 0.68301271859882 -0.707106763573214 0.1830127075950312
vn 0.6123724561743086 -0.7071067669986163 0.35355338349930837
vn 0.5000000042785678 -0.7071067751357388 0.5000000042785679
vn 0.3535533834993082 -0.7071067669986163 0.6123724561743087
vn 0.18301270759503102 -0.7071067635732139 0.6830127185988201
vn 4.329780375814312e-17 -0.7071067811865475 0.7071067811865477
vn -0.18301270759503102 -0.7071067635732139 0.6830127185988201
vn -0.3535533834993082 -0.7071067669986163 0.6123724561743087
vn -0.5000000042785678 -0.7071067751357388 0.5000000042785679
vn -0.6123724561743086 -0.7071067669986163 0.35355338349930837
vn -0.68301271859882 -0.707106763573214 0.1830127075950312
vn -0.7071067811865476 -0.7071067811865476 2.4360485338466374e-16
vn -0.68301271859882 -0.707106763573214 -0.18301270759503085
vn -0.6123724561743086 -0.7071067669986165 -0.35355338349930804
vn -0.5000000042785677 -0.7071067751357389 -0.5000000042785675
vn -0.3535533834993082 -0.7071067669986165 -0.6123724561743085
vn -0.18301270759503102 -0.7071067635732141 -0.6830127185988198
vn -1.2989340465698435e-16 -0.7071067811865477 -0.7071067811865475
vn 0.18301270759503102 -0.7071067635732141 -0.6830127185988198
vn 0.3535533834993082 -0.7071067669986165 -0.6123724561743085
vn 0.5000000042785677 -0.7071067751357389 -0.5000000042785675
vn 0.6123724561743086 -0.7071067669986165 -0.35355338349930804
vn 0.68301271859882 -0.707106763573214 -0.18301270759503085
vn 0.7071067811865476 -0.7071067811865476 -1.6181969164194976e-17
vn 0 -1 2.220446049250313e-16
vn 0 -1 2.220446049250313e-16
vn 0 -1 2.220446049250313e-16
vn 0 -1 2.220446049250313e-16
vn 0 -1 2.220446049250313e-16
vn 0 -1 2.220446049250313e-16
vn 0 -1 2.220446049250313e-16
vn 0 -1 2.220446049250313e-16
vn 0 -1 2.220446049250313e-16
vn 0 -1 2.220446049250313e-16
vn 0 -1 2.220446049250313e-16
vn 0 -1 2.220446049250313e-16
vn 0 -1 2.220446049250313e-16
vn 0 -1 2.220446049250313e-16
vn 0 -1 2.220446049250313e-16
vn 0 -1 2.220446049250313e-16
vn 0 -1 2.220446049250313e-16
vn 0 -1 2.220446049250313e-16
vn 0 -1 2.220446049250313e-16
vn 0 -1 2.220446049250313e-16
vn 0 -1 2.220446049250313e-16
vn 0 -1 2.220446049250313e-16
vn 0 -1 2.220446049250313e-16
vn 0 -1 2.220446049250313e-16
vn 0 -1 2.220446049250313e-16
vn -0.7071067811865476 -0.7071067811865476 1.5700924586837752e-16
vn -0.68301271859882 -0.707106763573214 -0.18301270759503085
vn -0.6123724561743086 -0.7071067669986165 -0.35355338349930804
vn -0.5000000042785677 -0.7071067751357389 -0.5000000042785675
vn -0.3535533834993082 -0.7071067669986165 -0.6123724561743085
vn -0.18301270759503102 -0.7071067635732141 -0.6830127185988198
vn -4.329780375814312e-17 -0.7071067811865477 -0.7071067811865475
vn 0.18301270759503102 -0.7071067635732141 -0.6830127185988198
vn 0.3535533834993082 -0.7071067669986165 -0.6123724561743085
vn 0.5000000042785677 -0.7071067751357389 -0.5000000042785675
vn 0.6123724561743086 -0.7071067669986165 -0.35355338349930804
vn 0.68301271859882 -0.707106763573214 -0.18301270759503085
vn 0.7071067811865476 -0.7071067811865476 7.041363835209127e-17
vn 0.68301271859882 -0.707106763573214 0.1830127075950312
vn 0.6123724561743086 -0.7071067669986163 0.35355338349930837
vn 0.5000000042785678 -0.7071067751357388 0.5000000042785679
vn 0.3535533834993082 -0.7071067669986163 0.6123724561743087
vn 0.18301270759503102 -0.7071067635732139 0.6830127185988201
vn 1.2989340465698435e-16 -0.7071067811865475 0.7071067811865477
vn -0.18301270759503102 -0.7071067635732139 0.6830127185988201
vn -0.3535533834993082 -0.7071067669986163 0.6123724561743087
vn -0.5000000042785678 -0.7071067751357388 0.5000000042785679
vn -0.6123724561743086 -0.7071067669986163 0.35355338349930837
vn -0.68301271859882 -0.707106763573214 0.1830127075950312
vn -0.7071067811865476 -0.7071067811865476 3.3020046090095e-16
vn -1 -1.2246468525851679e-16 2.7192622655495665e-32
vn -0.9659258257467466 -1.7993405997622623e-16 -0.2588190471264927
vn -0.8660253998985324 -2.3348699086404134e-16 -0.5000000067305869
vn -0.7071067811865476 -2.7947393322278815e-16 -0.7071067811865476
vn -0.5000000067305869 -3.1476095468254707e-16 -0.8660253998985324
vn -0.2588190471264927 -3.369433052747721e-16 -0.9659258257467466
vn -6.123234262925839e-17 -3.445092901835481e-16 -1
vn 0.2588190471264927 -3.369433052747721e-16 -0.9659258257467466
vn 0.5000000067305869 -3.1476095468254707e-16 -0.8660253998985324
vn 0.7071067811865476 -2.7947393322278815e-16 -0.7071067811865476
vn 0.8660253998985324 -2.3348699086404134e-16 -0.5000000067305869
vn 0.9659258257467466 -1.7993405997622623e-16 -0.2588190471264927
vn 1 -1.224646852585168e-16 -1.2246468525851676e-16
vn 0.9659258257467466 -6.499531384367598e-17 0.2588190471264927
vn 0.8660253998985324 -1.1442382950029033e-17 0.5000000067305869
vn 0.7071067811865476 3.454455851396687e-17 0.7071067811865476
vn 0.5000000067305869 6.983158086847668e-17 0.8660253998985324
vn 0.2588190471264927 9.201393145486987e-17 0.9659258257467466
vn 1.8369701465288538e-16 9.957991966651452e-17 1
vn -0.2588190471264927 9.201393145486987e-17 0.9659258257467466
vn -0.5000000067305869 6.983158086847668e-17 0.8660253998985324
vn -0.7071067811865476 3.454455851396687e-17 0.7071067811865476
vn -0.8660253998985324 -1.1442382950029033e-17 0.5000000067305869
vn -0.9659258257467466 -6.499531384367598e-17 0.2588190471264927
vn -1 -1.2246468525851674e-16 2.449293705170336e-16
vn -0.7071067811865476 0.7071067811865476 -1.5700924586837752e-16
vn -0.68301271859882 0.707106763573214 -0.1830127075950312
vn -0.6123724561743086 0.7071067669986163 -0.35355338349930837
vn -0.5000000042785678 0.7071067751357388 -0.5000000042785679
vn -0.3535533834993082 0.7071067669986163 -0.6123724561743087
vn -0.18301270759503102 0.7071067635732139 -0.6830127185988201
vn -4.329780375814312e-17 0.7071067811865475 -0.7071067811865477
vn 0.18301270759503102 0.7071067635732139 -0.6830127185988201
vn 0.3535533834993082 0.7071067669986163 -0.6123724561743087
vn 0.5000000042785678 0.7071067751357388 -0.5000000042785679
vn 0.6123724561743086 0.7071067669986163 -0.35355338349930837
vn 0.68301271859882 0.707106763573214 -0.1830127075950312
vn 0.7071067811865476 0.7071067811865476 -2.4360485338466374e-16
vn 0.68301271859882 0.707106763573214 0.18301270759503085
vn 0.6123724561743086 0.7071067669986165 0.35355338349930804
vn 0.5000000042785677 0.7071067751357389 0.5000000042785675
vn 0.3535533834993082 0.7071067669986165 0.6123724561743085
vn 0.18301270759503102 0.7071067635732141 0.6830127185988198
vn 1.2989340465698435e-16 0.7071067811865477 0.7071067811865475
vn -0.18301270759503102 0.7071067635732141 0.6830127185988198
vn -0.3535533834993082 0.7071067669986165 0.6123724561743085
vn -0.5000000042785677 0.7071067751357389 0.5000000042785675
vn -0.6123724561743086 0.7071067669986165 0.35355338349930804
vn -0.68301271859882 0.707106763573214 0.18301270759503085
vn -0.7071067811865476 0.7071067811865476 1.6181969164194976e-17
vn 0 1 -2.220446049250313e-16
vn 0 1 -2.220446049250313e-16
vn 0 1 -2.220446049250313e-16
vn 0 1 -2.220446049250313e-16
vn 0 1 -2.220446049250313e-16
vn 0 1 -2.220446049250313e-16
vn 0 1 -2.220446049250313e-16
vn 0 1 -2.220446049250313e-16
vn 0 1 -2.220446049250313e-16
vn 0 1 -2.220446049250313e-16
vn 0 1 -2.220446049250313e-16
vn 0 1 -2.220446049250313e-16
vn 0 1 -2.220446049250313e-16
vn 0 1 -2.220446049250313e-16
vn 0 1 -2.220446049250313e-16
vn 0 1 -2.220446049250313e-16
vn 0 1 -2.220446049250313e-16
vn 0 1 -2.220446049250313e-16
vn 0 1 -2.220446049250313e-16
vn 0 1 -2.220446049250313e-16
vn 0 1 -2.220446049250313e-16
vn 0 1 -2.220446049250313e-16
vn 0 1 -2.220446049250313e-16
vn 0 1 -2.220446049250313e-16
vn 0 1 -2.220446049250313e-16
vn 0.7071067811865476 0.7071067811865476 -1.5700924586837752e-16
vn 0.68301271859882 0.707106763573214 0.18301270759503085
vn 0.6123724561743086 0.7071067669986165 0.35355338349930804
vn 0.5000000042785677 0.7071067751357389 0.5000000042785675
vn 0.3535533834993082 0.7071067669986165 0.6123724561743085
vn 0.18301270759503102 0.7071067635732141 0.6830127185988198
vn 4.329780375814312e-17 0.7071067811865477 0.7071067811865475
vn -0.18301270759503102 0.7071067635732141 0.6830127185988198
vn -0.3535533834993082 0.7071067669986165 0.6123724561743085
vn -0.5000000042785677 0.7071067751357389 0.5000000042785675
vn -0.6123724561743086 0.7071067669986165 0.35355338349930804
vn -0.68301271859882 0.707106763573214 0.18301270759503085
vn -0.7071067811865476 0.7071067811865476 -7.041363835209127e-17
vn -0.68301271859882 0.707106763573214 -0.1830127075950312
vn -0.6123724561743086 0.7071067669986163 -0.35355338349930837
vn -0.5000000042785678 0.7071067751357388 -0.5000000042785679
vn -0.3535533834993082 0.7071067669986163 -0.6123724561743087
vn -0.18301270759503102 0.7071067635732139 -0.6830127185988201
vn -1.2989340465698435e-16 0.7071067811865475 -0.7071067811865477
vn 0.18301270759503102 0.7071067635732139 -0.6830127185988201
vn 0.3535533834993082 0.7071067669986163 -0.6123724561743087
vn 0.5000000042785678 0.7071067751357388 -0.5000000042785679
vn 0.6123724561743086 0.7071067669986163 -0.35355338349930837
vn 0.68301271859882 0.707106763573214 -0.1830127075950312
vn 0.7071067811865476 0.7071067811865476 -3.3020046090095e-16
vn 1 2.4492937051703357e-16 -5.438524531099133e-32
vn 0.9659258257467466 3.0239874688617734e-16 0.2588190471264927
vn 0.8660253998985324 3.5595167777107656e-16 0.5000000067305869
vn 0.7071067811865476 4.0193862057719876e-16 0.7071067811865476
vn 0.5000000067305869 4.3722564158958224e-16 0.8660253998985324
vn 0.2588190471264927 4.594079921847232e-16 0.9659258257467466
vn 6.123234262925839e-17 4.669739754420649e-16 1
vn -0.2588190471264927 4.594079921847232e-16 0.9659258257467466
vn -0.5000000067305869 4.3722564158958224e-16 0.8660253998985324
vn -0.7071067811865476 4.0193862057719876e-16 0.7071067811865476
vn -0.8660253998985324 3.5595167777107656e-16 0.5000000067305869
vn -0.9659258257467466 3.0239874688617734e-16 0.2588190471264927
vn -1 2.449293705170336e-16 1.2246468525851674e-16
vn -0.9659258257467466 1.874600007536271e-16 -0.2588190471264927
vn -0.8660253998985324 1.3390706985706422e-16 -0.5000000067305869
vn -0.7071067811865476 8.792012884044377e-17 -0.7071067811865476
vn -0.5000000067305869 5.26331060385585e-17 -0.8660253998985324
vn -0.2588190471264927 3.0450755455081235e-17 -0.9659258257467466
vn -1.8369701465288538e-16 2.2884765592002263e-17 -1
vn 0.2588190471264927 3.0450755455081235e-17 -0.9659258257467466
vn 0.5000000067305869 5.26331060385585e-17 -0.8660253998985324
vn 0.7071067811865476 8.792012884044377e-17 -0.7071067811865476
vn 0.8660253998985324 1.3390706985706422e-16 -0.5000000067305869
vn 0.9659258257467466 1.874600007536271e-16 -0.2588190471264927
vn 1 2.449293705170335e-16 -2.449293705170336e-16
f 475/475/475 450/450/450 476/476/476
f 450/450/450 451/451/451 476/476/476
f 476/476/476 451/451/451 477/477/477
f 451/451/451 452/452/452 477/477/477
f 477/477/477 452/452/452 478/478/478
f 452/452/452 453/453/453 478/478/478
f 478/478/478 453/453/453 479/479/479
f 453/453/453 454/454/454 479/479/479
f 479/479/479 454/454/454 480/480/480
f 454/454/454 455/455/455 480/480/480
f 480/480/480 455/455/455 481/481/481
f 455/455/455 456/456/456 481/481/481
f 481/481/481 456/456/456 482/482/482
f 456/456/456 457/457/457 482/482/482
f 482/482/482 457/457/457 483/483/483
f 457/457/457 458/458/458 483/483/483
f 483/483/483 458/458/458 484/484/484
f 458/458/458 459/459/459 484/484/484
f 484/484/484 459/459/459 485/485/485
f 459/459/459 460/460/460 485/485/485
f 485/485/485 460/460/460 486/486/486
f 460/460/460 461/461/461 486/486/486
f 486/486/486 461/461/461 487/487/487
f 461/461/461 462/462/462 487/487/487
f 487/487/487 462/462/462 488/488/488
f 462/462/462 463/463/463 488/488/488
f 488/488/488 463/463/463 489/489/489
f 463/463/463 464/464/464 489/489/489
f 489/489/489 464/464/464 490/490/490
f 464/464/464 465/465/465 490/490/490
f 490/490/490 465/465/465 491/491/491
f 465/465/465 466/466/466 491/491/491
f 491/491/491 466/466/466 492/492/492
f 466/466/466 467/467/467 492/492/492
f 492/492/492 467/467/467 493/493/493
f 467/467/467 468/468/468 493/493/493
f 493/493/493 468/468/468 494/494/494
f 468/468/468 469/469/469 494/494/494
f 494/494/494 469/469/469 495/495/495
f 469/469/469 470/470/470 495/495/495
f 495/495/495 470/470/470 496/496/496
f 470/470/470 471/471/471 496/496/496
f 496/496/496 471/471/471 497/497/497
f 471/471/471 472/472/472 497/497/497
f 497/497/497 472/472/472 498/498/498
f 472/472/472 473/473/473 498/498/498
f 498/498/498 473/473/473 499/499/499
f 473/473/473 474/474/474 499/499/499
f 500/500/500 475/475/475 501/501/501
f 475/475/475 476/476/476 501/501/501
f 501/501/501 476/476/476 502/502/502
f 476/476/476 477/477/477 502/502/502
f 502/502/502 477/477/477 503/503/503
f 477/477/477 478/478/478 503/503/503
f 503/503/503 478/478/478 504/504/504
f 478/478/478 479/479/479 504/504/504
f 504/504/504 479/479/479 505/505/505
f 479/479/479 480/480/480 505/505/505
f 505/505/505 480/480/480 506/506/506
f 480/480/480 481/481/481 506/506/506
f 506/506/506 481/481/481 507/507/507
f 481/481/481 482/482/482 507/507/507
f 507/507/507 482/482/482 508/508/508
f 482/482/482 483/483/483 508/508/508
f 508/508/508 483/483/483 509/509/509
f 483/483/483 484/484/484 509/509/509
f 509/509/509 484/484/484 510/510/510
f 484/484/484 485/485/485 510/510/510
f 510/510/510 485/485/485 511/511/511
f 485/485/485 486/486/486 511/511/511
f 511/511/511 486/486/486 512/512/512
f 486/486/486 487/487/487 512/512/512
f 512/512/512 487/487/487 513/513/513
f 487/487/487 488/488/488 513/513/513
f 513/513/513 488/488/488 514/514/514
f 488/488/488 489/489/489 514/514/514
f 514/514/514 489/489/489 515/515/515
f 489/489/489 490/490/490 515/515/515
f 515/515/515 490/490/490 516/516/516
f 490/490/490 491/491/491 516/516/516
f 516/516/516 491/491/491 517/517/517
f 491/491/491 492/492/492 517/517/517
f 517/517/517 492/492/492 518/518/518
f 492/492/492 493/493/493 518/518/518
f 518/518/518 493/493/493 519/519/519
f 493/493/493 494/494/494 519/519/519
f 519/519/519 494/494/494 520/520/520
f 494/494/494 495/495/495 520/520/520
f 520/520/520 495/495/495 521/521/521
f 495/495/495 496/496/496 521/521/521
f 521/521/521 496/496/496 522/522/522
f 496/496/496 497/497/497 522/522/522
f 522/522/522 497/497/497 523/523/523
f 497/497/497 498/498/498 523/523/523
f 523/523/523 498/498/498 524/524/524
f 498/498/498 499/499/499 524/524/524
f 525/525/525 500/500/500 526/526/526
f 500/500/500 501/501/501 526/526/526
f 526/526/526 501/501/501 527/527/527
f 501/501/501 502/502/502 527/527/527
f 527/527/527 502/502/502 528/528/528
f 502/502/502 503/503/503 528/528/528
f 528/528/528 503/503/503 529/529/529
f 503/503/503 504/504/504 529/529/529
f 529/529/529 504/504/504 530/530/530
f 504/504/504 505/505/505 530/530/530
f 530/530/530 505/505/505 531/531/531
f 505/505/505 506/506/506 531/531/531
f 531/531/531 506/506/506 532/532/532
f 506/506/506 507/507/507 532/532/532
f 532/532/532 507/507/507 533/533/533
f 507/507/507 508/508/508 533/533/533
f 533/533/533 508/508/508 534/534/534
f 508/508/508 509/509/509 534/534/534
f 534/534/534 509/509/509 535/535/535
f 509/509/509 510/510/510 535/535/535
f 535/535/535 510/510/510 536/536/536
f 510/510/510 511/511/511 536/536/536
f 536/536/536 511/511/511 537/537/537
f 511/511/511 512/512/512 537/537/537
f 537/537/537 512/512/512 538/538/538
f 512/512/512 513/513/513 538/538/538
f 538/538/538 513/513/513 539/539/539
f 513/513/513 514/514/514 539/539/539
f 539/539/539 514/514/514 540/540/540
f 514/514/514 515/515/515 540/540/540
f 540/540/540 515/515/515 541/541/541
f 515/515/515 516/516/516 541/541/541
f 541/541/541 516/516/516 542/542/542
f 516/516/516 517/517/517 542/542/542
f 542/542/542 517/517/517 543/543/543
f 517/517/517 518/518/518 543/543/543
f 543/543/543 518/518/518 544/544/544
f 518/518/518 519/519/519 544/544/544
f 544/544/544 519/519/519 545/545/545
f 519/519/519 520/520/520 545/545/545
f 545/545/545 520/520/520 546/546/546
f 520/520/520 521/521/521 546/546/546
f 546/546/546 521/521/521 547/547/547
f 521/521/521 522/522/522 547/547/547
f 547/547/547 522/522/522 548/548/548
f 522/522/522 523/523/523 548/548/548
f 548/548/548 523/523/523 549/549/549
f 523/523/523 524/524/524 549/549/549
f 550/550/550 525/525/525 551/551/551
f 525/525/525 526/526/526 551/551/551
f 551/551/551 526/526/526 552/552/552
f 526/526/526 527/527/527 552/552/552
f 552/552/552 527/527/527 553/553/553
f 527/527/527 528/528/528 553/553/553
f 553/553/553 528/528/528 554/554/554
f 528/528/528 529/529/529 554/554/554
f 554/554/554 529/529/529 555/555/555
f 529/529/529 530/530/530 555/555/555
f 555/555/555 530/530/530 556/556/556
f 530/530/530 531/531/531 556/556/556
f 556/556/556 531/531/531 557/557/557
f 531/531/531 532/532/532 557/557/557
f 557/557/557 532/532/532 558/558/558
f 532/532/532 533/533/533 558/558/558
f 558/558/558 533/533/533 559/559/559
f 533/533/533 534/534/534 559/559/559
f 559/559/559 534/534/534 560/560/560
f 534/534/534 535/535/535 560/560/560
f 560/560/560 535/535/535 561/561/561
f 535/535/535 536/536/536 561/561/561
f 561/561/561 536/536/536 562/562/562
f 536/536/536 537/537/537 562/562/562
f 562/562/562 537/537/537 563/563/563
f 537/537/537 538/538/538 563/563/563
f 563/563/563 538/538/538 564/564/564
f 538/538/538 539/539/539 564/564/564
f 564/564/564 539/539/539 565/565/565
f 539/539/539 540/540/540 565/565/565
f 565/565/565 540/540/540 566/566/566
f 540/540/540 541/541/541 566/566/566
f 566/566/566 541/541/541 567/567/567
f 541/541/541 542/542/542 567/567/567
f 567/567/567 542/542/542 568/568/568
f 542/542/542 543/543/543 568/568/568
f 568/568/568 543/543/543 569/569/569
f 543/543/543 544/544/544 569/569/569
f 569/569/569 544/544/544 570/570/570
f 544/544/544 545/545/545 570/570/570
f 570/570/570 545/545/545 571/571/571
f 545/545/545 546/546/546 571/571/571
f 571/571/571 546/546/546 572/572/572
f 546/546/546 547/547/547 572/572/572
f 572/572/572 547/547/547 573/573/573
f 547/547/547 548/548/548 573/573/573
f 573/573/573 548/548/548 574/574/574
f 548/548/548 549/549/549 574/574/574
f 575/575/575 550/550/550 576/576/576
f 550/550/550 551/551/551 576/576/576
f 576/576/576 551/551/551 577/577/577
f 551/551/551 552/552/552 577/577/577
f 577/577/577 552/552/552 578/578/578
f 552/552/552 553/553/553 578/578/578
f 578/578/578 553/553/553 579/579/579
f 553/553/553 554/554/554 579/579/579
f 579/579/579 554/554/554 580/580/580
f 554/554/554 555/555/555 580/580/580
f 580/580/580 555/555/555 581/581/581
f 555/555/555 556/556/556 581/581/581
f 581/581/581 556/556/556 582/582/582
f 556/556/556 557/557/557 582/582/582
f 582/582/582 557/557/557 583/583/583
f 557/557/557 558/558/558 583/583/583
f 583/583/583 558/558/558 584/584/584
f 558/558/558 559/559/559 584/584/584
f 584/584/584 559/559/559 585/585/585
f 559/559/559 560/560/560 585/585/585
f 585/585/585 560/560/560 586/586/586
f 560/560/560 561/561/561 586/586/586
f 586/586/586 561/561/561 587/587/587
f 561/561/561 562/562/562 587/587/587
f 587/587/587 562/562/562 588/588/588
f 562/562/562 563/563/563 588/588/588
f 588/588/588 563/563/563 589/589/589
f 563/563/563 564/564/564 589/589/589
f 589/589/589 564/564/564 590/590/590
f 564/564/564 565/565/565 590/590/590
f 590/590/590 565/565/565 591/591/591
f 565/565/565 566/566/566 591/591/591
f 591/591/591 566/566/566 592/592/592
f 566/566/566 567/567/567 592/592/592
f 592/592/592 567/567/567 593/593/593
f 567/567/567 568/568/568 593/593/593
f 593/593/593 568/568/568 594/594/594
f 568/568/568 569/569/569 594/594/594
f 594/594/594 569/569/569 595/595/595
f 569/569/569 570/570/570 595/595/595
f 595/595/595 570/570/570 596/596/596
f 570/570/570 571/571/571 596/596/596
f 596/596/596 571/571/571 597/597/597
f 571/571/571 572/572/572 597/597/597
f 597/597/597 572/572/572 598/598/598
f 572/572/572 573/573/573 598/598/598
f 598/598/598 573/573/573 599/599/599
f 573/573/573 574/574/574 599/599/599
f 600/600/600 575/575/575 601/601/601
f 575/575/575 576/576/576 601/601/601
f 601/601/601 576/576/576 602/602/602
f 576/576/576 577/577/577 602/602/602
f 602/602/602 577/577/577 603/603/603
f 577/577/577 578/578/578 603/603/603
f 603/603/603 578/578/578 604/604/604
f 578/578/578 579/579/579 604/604/604
f 604/604/604 579/579/579 605/605/605
f 579/579/579 580/580/580 605/605/605
f 605/605/605 580/580/580 606/606/606
f 580/580/580 581/581/581 606/606/606
f 606/606/606 581/581/581 607/607/607
f 581/581/581 582/582/582 607/607/607
f 607/607/607 582/582/582 608/608/608
f 582/582/582 583/583/583 608/608/608
f 608/608/608 583/583/583 609/609/609
f 583/583/583 584/584/584 609/609/609
f 609/609/609 584/584/584 610/610/610
f 584/584/584 585/585/585 610/610/610
f 610/610/610 585/585/585 611/611/611
f 585/585/585 586/586/586 611/611/611
f 611/611/611 586/586/586 612/612/612
f 586/586/586 587/587/587 612/612/612
f 612/612/612 587/587/587 613/613/613
f 587/587/587 588/588/588 613/613/613
f 613/613/613 588/588/588 614/614/614
f 588/588/588 589/589/589 614/614/614
f 614/614/614 589/589/589 615/615/615
f 589/589/589 590/590/590 615/615/615
f 615/615/615 590/590/590 616/616/616
f 590/590/590 591/591/591 616/616/616
f 616/616/616 591/591/591 617/617/617
f 591/591/591 592/592/592 617/617/617
f 617/617/617 592/592/592 618/618/618
f 592/592/592 593/593/593 618/618/618
f 618/618/618 593/593/593 619/619/619
f 593/593/593 594/594/594 619/619/619
f 619/619/619 594/594/594 620/620/620
f 594/594/594 595/595/595 620/620/620
f 620/620/620 595/595/595 621/621/621
f 595/595/595 596/596/596 621/621/621
f 621/621/621 596/596/596 622/622/622
f 596/596/596 597/597/597 622/622/622
f 622/622/622 597/597/597 623/623/623
f 597/597/597 598/598/598 623/623/623
f 623/623/623 598/598/598 624/624/624
f 598/598/598 599/599/599 624/624/624
f 625/625/625 600/600/600 626/626/626
f 600/600/600 601/601/601 626/626/626
f 626/626/626 601/601/601 627/627/627
f 601/601/601 602/602/602 627/627/627
f 627/627/627 602/602/602 628/628/628
f 602/602/602 603/603/603 628/628/628
f 628/628/628 603/603/603 629/629/629
f 603/603/603 604/604/604 629/629/629
f 629/629/629 604/604/604 630/630/630
f 604/604/604 605/605/605 630/630/630
f 630/630/630 605/605/605 631/631/631
f 605/605/605 606/606/606 631/631/631
f 631/631/631 606/606/606 632/632/632
f 606/606/606 607/607/607 632/632/632
f 632/632/632 607/607/607 633/633/633
f 607/607/607 608/608/608 633/633/633
f 633/633/633 608/608/608 634/634/634
f 608/608/608 609/609/609 634/634/634
f 634/634/634 609/609/609 635/635/635
f 609/609/609 610/610/610 635/635/635
f 635/635/635 610/610/610 636/636/636
f 610/610/610 611/611/611 636/636/636
f 636/636/636 611/611/611 637/637/637
f 611/611/611 612/612/612 637/637/637
f 637/637/637 612/612/612 638/638/638
f 612/612/612 613/613/613 638/638/638
f 638/638/638 613/613/613 639/639/639
f 613/613/613 614/614/614 639/639/639
f 639/639/639 614/614/614 640/640/640
f 614/614/614 615/615/615 640/640/640
f 640/640/640 615/615/615 641/641/641
f 615/615/615 616/616/616 641/641/641
f 641/641/641 616/616/616 642/642/642
f 616/616/616 617/617/617 642/642/642
f 642/642/642 617/617/617 643/643/643
f 617/617/617 618/618/618 643/643/643
f 643/643/643 618/618/618 644/644/644
f 618/618/618 619/619/619 644/644/644
f 644/644/644 619/619/619 645/645/645
f 619/619/619 620/620/620 645/645/645
f 645/645/645 620/620/620 646/646/646
f 620/620/620 621/621/621 646/646/646
f 646/646/646 621/621/621 647/647/647
f 621/621/621 622/622/622 647/647/647
f 647/647/647 622/622/622 648/648/648
f 622/622/622 623/623/623 648/648/648
f 648/648/648 623/623/623 649/649/649
f 623/623/623 624/624/624 649/649/649
f 650/650/650 625/625/625 651/651/651
f 625/625/625 626/626/626 651/651/651
f 651/651/651 626/626/626 652/652/652
f 626/626/626 627/627/627 652/652/652
f 652/652/652 627/627/627 653/653/653
f 627/627/627 628/628/628 653/653/653
f 653/653/653 628/628/628 654/654/654
f 628/628/628 629/629/629 654/654/654
f 654/654/654 629/629/629 655/655/655
f 629/629/629 630/630/630 655/655/655
f 655/655/655 630/630/630 656/656/656
f 630/630/630 631/631/631 656/656/656
f 656/656/656 631/631/631 657/657/657
f 631/631/631 632/632/632 657/657/657
f 657/657/657 632/632/632 658/658/658
f 632/632/632 633/633/633 658/658/658
f 658/658/658 633/633/633 659/659/659
f 633/633/633 634/634/634 659/659/659
f 659/659/659 634/634/634 660/660/660
f 634/634/634 635/635/635 660/660/660
f 660/660/660 635/635/635 661/661/661
f 635/635/635 636/636/636 661/661/661
f 661/661/661 636/636/636 662/662/662
f 636/636/636 637/637/637 662/662/662
f 662/662/662 637/637/637 663/663/663
f 637/637/637 638/638/638 663/663/663
f 663/663/663 638/638/638 664/664/664
f 638/638/638 639/639/639 664/664/664
f 664/664/664 639/639/639 665/665/665
f 639/639/639 640/640/640 665/665/665
f 665/665/665 640/640/640 666/666/666
f 640/640/640 641/641/641 666/666/666
f 666/666/666 641/641/641 667/667/667
f 641/641/641 642/642/642 667/667/667
f 667/667/667 642/642/642 668/668/668
f 642/642/642 643/643/643 668/668/668
f 668/668/668 643/643/643 669/669/669
f 643/643/643 644/644/644 669/669/669
f 669/669/669 644/644/644 670/670/670
f 644/644/644 645/645/645 670/670/670
f 670/670/670 645/645/645 671/671/671
f 645/645/645 646/646/646 671/671/671
f 671/671/671 646/646/646 672/672/672
f 646/646/646 647/647/647 672/672/672
f 672/672/672 647/647/647 673/673/673
f 647/647/647 648/648/648 673/673/673
f 673/673/673 648/648/648 674/674/674
f 648/648/648 649/649/649 674/674/674
o 
v -0.105 0.1900000035762787 -0.08700000077486038
v -0.09441986542195081 0.1900000035762787 -0.09043769400566816
v -0.08788098350167274 0.1900000035762787 -0.09943769408389926
v -0.08788098350167274 0.1900000035762787 -0.11056230591610074
v -0.09441986542195081 0.1900000035762787 -0.11956230599433183
v -0.105 0.1900000035762787 -0.12299999922513961
v -0.11558013457804918 0.1900000035762787 -0.11956230599433183
v -0.12211901649832725 0.1900000035762787 -0.11056230591610074
v -0.12211901649832725 0.1900000035762787 -0.09943769408389926
v -0.11558013457804918 0.1900000035762787 -0.09043769400566816
v -0.105 0.1900000035762787 -0.08700000077486038
v -0.105 0.009999996423721319 -0.07999999962747097
v -0.09030536890029907 0.009999996423721319 -0.0847745756804943
v -0.08122358798980713 0.009999996423721319 -0.09727457493543624
v -0.08122358798980713 0.009999996423721319 -0.11272542506456375
v -0.09030536890029907 0.009999996423721319 -0.12522542431950567
v -0.105 0.009999996423721319 -0.130000000372529
v -0.11969463109970092 0.009999996423721319 -0.12522542431950567
v -0.12877641201019285 0.009999996423721319 -0.11272542506456375
v -0.12877641201019285 0.009999996423721319 -0.09727457493543624
v -0.11969463109970092 0.009999996423721319 -0.0847745756804943
v -0.105 0.009999996423721319 -0.07999999962747097
v -0.105 0.1900000035762787 -0.105
v -0.105 0.1900000035762787 -0.105
v -0.105 0.1900000035762787 -0.105
v -0.105 0.1900000035762787 -0.105
v -0.105 0.1900000035762787 -0.105
v -0.105 0.1900000035762787 -0.105
v -0.105 0.1900000035762787 -0.105
v -0.105 0.1900000035762787 -0.105
v -0.105 0.1900000035762787 -0.105
v -0.105 0.1900000035762787 -0.105
v -0.105 0.1900000035762787 -0.08700000077486038
v -0.09441986542195081 0.1900000035762787 -0.09043769400566816
v -0.08788098350167274 0.1900000035762787 -0.09943769408389926
v -0.08788098350167274 0.1900000035762787 -0.11056230591610074
v -0.09441986542195081 0.1900000035762787 -0.11956230599433183
v -0.105 0.1900000035762787 -0.12299999922513961
v -0.11558013457804918 0.1900000035762787 -0.11956230599433183
v -0.12211901649832725 0.1900000035762787 -0.11056230591610074
v -0.12211901649832725 0.1900000035762787 -0.09943769408389926
v -0.11558013457804918 0.1900000035762787 -0.09043769400566816
v -0.105 0.1900000035762787 -0.08700000077486038
v -0.105 0.009999996423721319 -0.105
v -0.105 0.009999996423721319 -0.105
v -0.105 0.009999996423721319 -0.105
v -0.105 0.009999996423721319 -0.105
v -0.105 0.009999996423721319 -0.105
v -0.105 0.009999996423721319 -0.105
v -0.105 0.009999996423721319 -0.105
v -0.105 0.009999996423721319 -0.105
v -0.105 0.009999996423721319 -0.105
v -0.105 0.009999996423721319 -0.105
v -0.105 0.009999996423721319 -0.07999999962747097
v -0.09030536890029907 0.009999996423721319 -0.0847745756804943
v -0.08122358798980713 0.009999996423721319 -0.09727457493543624
v -0.08122358798980713 0.009999996423721319 -0.11272542506456375
v -0.09030536890029907 0.009999996423721319 -0.12522542431950567
v -0.105 0.009999996423721319 -0.130000000372529
v -0.11969463109970092 0.009999996423721319 -0.12522542431950567
v -0.12877641201019285 0.009999996423721319 -0.11272542506456375
v -0.12877641201019285 0.009999996423721319 -0.09727457493543624
v -0.11969463109970092 0.009999996423721319 -0.0847745756804943
v -0.105 0.009999996423721319 -0.07999999962747097
vt 0 1
vt 0.10000000149011612 1
vt 0.20000000298023224 1
vt 0.30000001192092896 1
vt 0.4000000059604645 1
vt 0.5 1
vt 0.6000000238418579 1
vt 0.699999988079071 1
vt 0.800000011920929 1
vt 0.8999999761581421 1
vt 1 1
vt 0 0
vt 0.10000000149011612 0
vt 0.20000000298023224 0
vt 0.30000001192092896 0
vt 0.4000000059604645 0
vt 0.5 0
vt 0.6000000238418579 0
vt 0.699999988079071 0
vt 0.800000011920929 0
vt 0.8999999761581421 0
vt 1 0
vt 0.5 0.5
vt 0.5 0.5
vt 0.5 0.5
vt 0.5 0.5
vt 0.5 0.5
vt 0.5 0.5
vt 0.5 0.5
vt 0.5 0.5
vt 0.5 0.5
vt 0.5 0.5
vt 1 0.5
vt 0.9045084714889526 0.7938926219940186
vt 0.6545084714889526 0.9755282402038574
vt 0.345491498708725 0.9755282402038574
vt 0.09549150615930557 0.7938926219940186
vt 0 0.5
vt 0.09549150615930557 0.20610737800598145
vt 0.345491498708725 0.024471741169691086
vt 0.6545084714889526 0.024471741169691086
vt 0.9045084714889526 0.20610737800598145
vt 1 0.5
vt 0.5 0.5
vt 0.5 0.5
vt 0.5 0.5
vt 0.5 0.5
vt 0.5 0.5
vt 0.5 0.5
vt 0.5 0.5
vt 0.5 0.5
vt 0.5 0.5
vt 0.5 0.5
vt 1 0.5
vt 0.9045084714889526 0.20610737800598145
vt 0.6545084714889526 0.024471741169691086
vt 0.345491498708725 0.024471741169691086
vt 0.09549150615930557 0.20610737800598145
vt 0 0.5
vt 0.09549150615930557 0.7938926219940186
vt 0.345491498708725 0.9755282402038574
vt 0.6545084714889526 0.9755282402038574
vt 0.9045084714889526 0.7938926219940186
vt 1 0.5
vn 0 0.03885951614149131 0.9992446837513067
vn 0.5873412992629371 0.038859515764874696 0.8084059229215509
vn 0.9503381689108307 0.03885951573113522 0.3087835856200122
vn 0.9503381689108307 0.03885951573113522 -0.3087835856200122
vn 0.5873412992629371 0.038859515764874696 -0.8084059229215509
vn 1.2237218585563007e-16 0.03885951614149131 -0.9992446837513067
vn -0.5873412992629371 0.038859515764874696 -0.8084059229215509
vn -0.9503381689108307 0.03885951573113522 -0.3087835856200122
vn -0.9503381689108307 0.03885951573113522 0.3087835856200122
vn -0.5873412992629371 0.038859515764874696 0.8084059229215509
vn -2.4474437171126015e-16 0.03885951614149131 0.9992446837513067
vn 0 0.03885951614149131 0.9992446837513067
vn 0.5873412992629371 0.038859515764874696 0.8084059229215509
vn 0.9503381689108307 0.03885951573113522 0.3087835856200122
vn 0.9503381689108307 0.03885951573113522 -0.3087835856200122
vn 0.5873412992629371 0.038859515764874696 -0.8084059229215509
vn 1.2237218585563007e-16 0.03885951614149131 -0.9992446837513067
vn -0.5873412992629371 0.038859515764874696 -0.8084059229215509
vn -0.9503381689108307 0.03885951573113522 -0.3087835856200122
vn -0.9503381689108307 0.03885951573113522 0.3087835856200122
vn -0.5873412992629371 0.038859515764874696 0.8084059229215509
vn -2.4474437171126015e-16 0.03885951614149131 0.9992446837513067
vn 0 1 0
vn 0 1 0
vn 0 1 0
vn 0 1 0
vn 0 1 0
vn 0 1 0
vn 0 1 0
vn 0 1 0
vn 0 1 0
vn 0 1 0
vn 0 1 0
vn 0 1 0
vn 0 1 0
vn 0 1 0
vn 0 1 0
vn 0 1 0
vn 0 1 0
vn 0 1 0
vn 0 1 0
vn 0 1 0
vn 0 1 0
vn 0 -1 0
vn 0 -1 0
vn 0 -1 0
vn 0 -1 0
vn 0 -1 0
vn 0 -1 0
vn 0 -1 0
vn 0 -1 0
vn 0 -1 0
vn 0 -1 0
vn 0 -1 0
vn 0 -1 0
vn 0 -1 0
vn 0 -1 0
vn 0 -1 0
vn 0 -1 0
vn 0 -1 0
vn 0 -1 0
vn 0 -1 0
vn 0 -1 0
vn 0 -1 0
f 675/675/675 686/686/686 676/676/676
f 686/686/686 687/687/687 676/676/676
f 676/676/676 687/687/687 677/677/677
f 687/687/687 688/688/688 677/677/677
f 677/677/677 688/688/688 678/678/678
f 688/688/688 689/689/689 678/678/678
f 678/678/678 689/689/689 679/679/679
f 689/689/689 690/690/690 679/679/679
f 679/679/679 690/690/690 680/680/680
f 690/690/690 691/691/691 680/680/680
f 680/680/680 691/691/691 681/681/681
f 691/691/691 692/692/692 681/681/681
f 681/681/681 692/692/692 682/682/682
f 692/692/692 693/693/693 682/682/682
f 682/682/682 693/693/693 683/683/683
f 693/693/693 694/694/694 683/683/683
f 683/683/683 694/694/694 684/684/684
f 694/694/694 695/695/695 684/684/684
f 684/684/684 695/695/695 685/685/685
f 695/695/695 696/696/696 685/685/685
f 707/707/707 708/708/708 697/697/697
f 708/708/708 709/709/709 698/698/698
f 709/709/709 710/710/710 699/699/699
f 710/710/710 711/711/711 700/700/700
f 711/711/711 712/712/712 701/701/701
f 712/712/712 713/713/713 702/702/702
f 713/713/713 714/714/714 703/703/703
f 714/714/714 715/715/715 704/704/704
f 715/715/715 716/716/716 705/705/705
f 716/716/716 717/717/717 706/706/706
f 729/729/729 728/728/728 718/718/718
f 730/730/730 729/729/729 719/719/719
f 731/731/731 730/730/730 720/720/720
f 732/732/732 731/731/731 721/721/721
f 733/733/733 732/732/732 722/722/722
f 734/734/734 733/733/733 723/723/723
f 735/735/735 734/734/734 724/724/724
f 736/736/736 735/735/735 725/725/725
f 737/737/737 736/736/736 726/726/726
f 738/738/738 737/737/737 727/727/727
o 
v 0.024046985669936724 0.24750000007450582 0.007772820747863354
v -0.007772820747863368 0.24750000007450582 -0.024046985669936752
v 0.024046985669936724 0.2124999999254942 0.007772820747863354
v -0.007772820747863368 0.2124999999254942 -0.024046985669936752
v -0.2340469856699367 0.24750000007450582 0.20222717925213662
v -0.20222717925213662 0.24750000007450582 0.23404698566993676
v -0.2340469856699367 0.2124999999254942 0.20222717925213662
v -0.20222717925213662 0.2124999999254942 0.23404698566993676
v -0.2340469856699367 0.24750000007450582 0.20222717925213662
v -0.007772820747863368 0.24750000007450582 -0.024046985669936752
v -0.20222717925213662 0.24750000007450582 0.23404698566993676
v 0.024046985669936724 0.24750000007450582 0.007772820747863354
v -0.20222717925213662 0.2124999999254942 0.23404698566993676
v 0.024046985669936724 0.2124999999254942 0.007772820747863354
v -0.2340469856699367 0.2124999999254942 0.20222717925213662
v -0.007772820747863368 0.2124999999254942 -0.024046985669936752
v -0.20222717925213662 0.24750000007450582 0.23404698566993676
v 0.024046985669936724 0.24750000007450582 0.007772820747863354
v -0.20222717925213662 0.2124999999254942 0.23404698566993676
v 0.024046985669936724 0.2124999999254942 0.007772820747863354
v -0.007772820747863368 0.24750000007450582 -0.024046985669936752
v -0.2340469856699367 0.24750000007450582 0.20222717925213662
v -0.007772820747863368 0.2124999999254942 -0.024046985669936752
v -0.2340469856699367 0.2124999999254942 0.20222717925213662
vt 0 1
vt 1 1
vt 0 0
vt 1 0
vt 0 1
vt 1 1
vt 0 0
vt 1 0
vt 0 1
vt 1 1
vt 0 0
vt 1 0
vt 0 1
vt 1 1
vt 0 0
vt 1 0
vt 0 1
vt 1 1
vt 0 0
vt 1 0
vt 0 1
vt 1 1
vt 0 0
vt 1 0
vn 0.7071067811865475 0 -0.7071067811865476
vn 0.7071067811865475 0 -0.7071067811865476
vn 0.7071067811865475 0 -0.7071067811865476
vn 0.7071067811865475 0 -0.7071067811865476
vn -0.7071067811865475 0 0.7071067811865476
vn -0.7071067811865475 0 0.7071067811865476
vn -0.7071067811865475 0 0.7071067811865476
vn -0.7071067811865475 0 0.7071067811865476
vn 0 1 0
vn 0 1 0
vn 0 1 0
vn 0 1 0
vn 0 -1 0
vn 0 -1 0
vn 0 -1 0
vn 0 -1 0
vn 0.7071067811865476 0 0.7071067811865475
vn 0.7071067811865476 0 0.7071067811865475
vn 0.7071067811865476 0 0.7071067811865475
vn 0.7071067811865476 0 0.7071067811865475
vn -0.7071067811865476 0 -0.7071067811865475
vn -0.7071067811865476 0 -0.7071067811865475
vn -0.7071067811865476 0 -0.7071067811865475
vn -0.7071067811865476 0 -0.7071067811865475
f 739/739/739 741/741/741 740/740/740
f 741/741/741 742/742/742 740/740/740
f 743/743/743 745/745/745 744/744/744
f 745/745/745 746/746/746 744/744/744
f 747/747/747 749/749/749 748/748/748
f 749/749/749 750/750/750 748/748/748
f 751/751/751 753/753/753 752/752/752
f 753/753/753 754/754/754 752/752/752
f 755/755/755 757/757/757 756/756/756
f 757/757/757 758/758/758 756/756/756
f 759/759/759 761/761/761 760/760/760
f 761/761/761 762/762/762 760/760/760
o 
v -0.09700000196695327 0.25 0.21
v -0.10085038006305694 0.25 0.23924655191600322
v -0.11213912725448608 0.25 0.2664999990165233
v -0.13009693384170531 0.25 0.28990306615829464
v -0.15350000098347663 0.25 0.3078608727455139
v -0.18075344808399676 0.25 0.319149619936943
v -0.21 0.25 0.3229999980330467
v -0.23924655191600322 0.25 0.319149619936943
v -0.2664999990165233 0.25 0.3078608727455139
v -0.28990306615829464 0.25 0.28990306615829464
v -0.3078608727455139 0.25 0.2664999990165233
v -0.319149619936943 0.25 0.23924655191600322
v -0.3229999980330467 0.25 0.21
v -0.319149619936943 0.25 0.18075344808399676
v -0.3078608727455139 0.25 0.15350000098347663
v -0.28990306615829464 0.24999999999999997 0.13009693384170531
v -0.2664999990165233 0.24999999999999997 0.11213912725448608
v -0.23924655191600322 0.24999999999999997 0.10085038006305694
v -0.21000000000000002 0.24999999999999997 0.09700000196695327
v -0.18075344808399676 0.24999999999999997 0.10085038006305694
v -0.15350000098347663 0.24999999999999997 0.11213912725448608
v -0.13009693384170531 0.24999999999999997 0.13009693384170531
v -0.11213912725448608 0.25 0.15350000098347663
v -0.10085038006305694 0.25 0.18075344808399676
v -0.09700000196695327 0.25 0.20999999999999996
v -0.10227207750082015 0.2372720781713724 0.21
v -0.10594281464815139 0.2372720781713724 0.2378820376843214
v -0.11670488029718398 0.2372720781713724 0.2638639612495899
v -0.13382485419511794 0.23727207817137244 0.286175145804882
v -0.15613603875041007 0.23727207817137244 0.303295119702816
v -0.1821179623156786 0.23727207817137244 0.31405718535184857
v -0.21 0.23727207817137244 0.3177279224991798
v -0.2378820376843214 0.23727207817137244 0.31405718535184857
v -0.2638639612495899 0.23727207817137244 0.303295119702816
v -0.286175145804882 0.23727207817137244 0.286175145804882
v -0.303295119702816 0.2372720781713724 0.2638639612495899
v -0.31405718535184857 0.2372720781713724 0.2378820376843214
v -0.3177279224991798 0.2372720781713724 0.21000000000000002
v -0.31405718535184857 0.2372720781713724 0.1821179623156786
v -0.303295119702816 0.2372720781713724 0.15613603875041007
v -0.286175145804882 0.23727207817137239 0.13382485419511794
v -0.2638639612495899 0.23727207817137239 0.11670488029718398
v -0.2378820376843214 0.23727207817137239 0.10594281464815139
v -0.21000000000000002 0.23727207817137239 0.10227207750082015
v -0.1821179623156786 0.23727207817137239 0.10594281464815139
v -0.15613603875041007 0.23727207817137239 0.11670488029718398
v -0.13382485419511794 0.23727207817137239 0.13382485419511794
v -0.11670488029718398 0.2372720781713724 0.15613603875041007
v -0.10594281464815139 0.2372720781713724 0.1821179623156786
v -0.10227207750082015 0.2372720781713724 0.20999999999999996
v -0.11500000119209289 0.23200000077486038 0.21
v -0.11823704749345779 0.23200000077486038 0.23458781003952026
v -0.12772758960723876 0.23200000077486038 0.25749999940395357
v -0.14282485753297805 0.23200000077486038 0.2771751424670219
v -0.16250000059604644 0.2320000007748604 0.2922724103927612
v -0.18541218996047973 0.2320000007748604 0.30176295250654217
v -0.21 0.2320000007748604 0.30499999880790707
v -0.23458781003952026 0.2320000007748604 0.30176295250654217
v -0.2574999994039535 0.2320000007748604 0.2922724103927612
v -0.2771751424670219 0.23200000077486038 0.2771751424670219
v -0.2922724103927612 0.23200000077486038 0.25749999940395357
v -0.30176295250654217 0.23200000077486038 0.23458781003952026
v -0.30499999880790707 0.23200000077486038 0.21000000000000002
v -0.30176295250654217 0.23200000077486038 0.18541218996047973
v -0.2922724103927612 0.23200000077486038 0.16250000059604644
v -0.2771751424670219 0.23200000077486038 0.14282485753297805
v -0.2574999994039535 0.23200000077486035 0.12772758960723876
v -0.23458781003952026 0.23200000077486035 0.11823704749345779
v -0.21000000000000002 0.23200000077486035 0.11500000119209289
v -0.18541218996047973 0.23200000077486035 0.11823704749345779
v -0.16250000059604644 0.23200000077486035 0.12772758960723876
v -0.14282485753297805 0.23200000077486038 0.14282485753297805
v -0.12772758960723876 0.23200000077486038 0.16250000059604644
v -0.11823704749345779 0.23200000077486038 0.18541218996047973
v -0.11500000119209289 0.23200000077486038 0.20999999999999996
v -0.12772792488336562 0.2372720781713724 0.21
v -0.13053127288818359 0.2372720781713724 0.23129358053207397
v -0.13875029146671294 0.2372720781713724 0.25113603755831715
v -0.15182485714554786 0.2372720781713724 0.2681751428544521
v -0.1688639624416828 0.23727207817137244 0.281249708533287
v -0.18870641946792602 0.23727207817137244 0.28946872711181637
v -0.21 0.23727207817137244 0.29227207511663433
v -0.23129358053207397 0.23727207817137244 0.28946872711181637
v -0.25113603755831715 0.23727207817137244 0.281249708533287
v -0.2681751428544521 0.2372720781713724 0.2681751428544521
v -0.281249708533287 0.2372720781713724 0.25113603755831715
v -0.28946872711181637 0.2372720781713724 0.23129358053207397
v -0.29227207511663433 0.2372720781713724 0.21
v -0.28946872711181637 0.2372720781713724 0.18870641946792602
v -0.281249708533287 0.2372720781713724 0.1688639624416828
v -0.2681751428544521 0.2372720781713724 0.15182485714554786
v -0.25113603755831715 0.23727207817137239 0.13875029146671294
v -0.23129358053207397 0.23727207817137239 0.13053127288818359
v -0.21000000000000002 0.23727207817137239 0.12772792488336562
v -0.18870641946792602 0.23727207817137239 0.13053127288818359
v -0.1688639624416828 0.23727207817137239 0.13875029146671294
v -0.15182485714554786 0.2372720781713724 0.15182485714554786
v -0.13875029146671294 0.2372720781713724 0.1688639624416828
v -0.13053127288818359 0.2372720781713724 0.18870641946792602
v -0.12772792488336562 0.2372720781713724 0.20999999999999996
v -0.1330000004172325 0.25 0.21
v -0.13562371492385863 0.25 0.22992906630039214
v -0.14331604450941085 0.25 0.24849999979138374
v -0.1555527774989605 0.25 0.26444722250103947
v -0.17150000020861625 0.25 0.2766839554905891
v -0.19007093369960784 0.25 0.2843762850761413
v -0.21 0.25 0.28699999958276745
v -0.22992906630039214 0.25 0.2843762850761413
v -0.24849999979138374 0.25 0.2766839554905891
v -0.26444722250103947 0.25 0.26444722250103947
v -0.2766839554905891 0.25 0.24849999979138374
v -0.2843762850761413 0.25 0.22992906630039214
v -0.28699999958276745 0.25 0.21
v -0.2843762850761413 0.25 0.19007093369960784
v -0.2766839554905891 0.25 0.17150000020861625
v -0.26444722250103947 0.24999999999999997 0.1555527774989605
v -0.24849999979138374 0.24999999999999997 0.14331604450941085
v -0.22992906630039214 0.24999999999999997 0.13562371492385863
v -0.21000000000000002 0.24999999999999997 0.1330000004172325
v -0.19007093369960784 0.24999999999999997 0.13562371492385863
v -0.17150000020861625 0.24999999999999997 0.14331604450941085
v -0.1555527774989605 0.24999999999999997 0.1555527774989605
v -0.14331604450941085 0.25 0.17150000020861625
v -0.13562371492385863 0.25 0.19007093369960784
v -0.1330000004172325 0.25 0.20999999999999996
v -0.12772792488336562 0.2627279218286276 0.21
v -0.13053127288818359 0.2627279218286276 0.23129358053207397
v -0.13875029146671294 0.2627279218286276 0.25113603755831715
v -0.15182485714554786 0.2627279218286276 0.2681751428544521
v -0.1688639624416828 0.2627279218286276 0.281249708533287
v -0.18870641946792602 0.2627279218286276 0.28946872711181637
v -0.21 0.2627279218286276 0.29227207511663433
v -0.23129358053207397 0.2627279218286276 0.28946872711181637
v -0.25113603755831715 0.2627279218286276 0.281249708533287
v -0.2681751428544521 0.2627279218286276 0.2681751428544521
v -0.281249708533287 0.2627279218286276 0.25113603755831715
v -0.28946872711181637 0.2627279218286276 0.23129358053207397
v -0.29227207511663433 0.2627279218286276 0.21
v -0.28946872711181637 0.2627279218286276 0.18870641946792602
v -0.281249708533287 0.2627279218286276 0.1688639624416828
v -0.2681751428544521 0.2627279218286276 0.15182485714554786
v -0.25113603755831715 0.2627279218286276 0.13875029146671294
v -0.23129358053207397 0.2627279218286276 0.13053127288818359
v -0.21000000000000002 0.2627279218286276 0.12772792488336562
v -0.18870641946792602 0.2627279218286276 0.13053127288818359
v -0.1688639624416828 0.2627279218286276 0.13875029146671294
v -0.15182485714554786 0.2627279218286276 0.15182485714554786
v -0.13875029146671294 0.2627279218286276 0.1688639624416828
v -0.13053127288818359 0.2627279218286276 0.18870641946792602
v -0.12772792488336562 0.2627279218286276 0.20999999999999996
v -0.11500000119209289 0.2679999992251396 0.21
v -0.11823704749345779 0.2679999992251396 0.23458781003952026
v -0.12772758960723876 0.2679999992251396 0.2574999994039535
v -0.14282485753297805 0.2679999992251396 0.2771751424670219
v -0.16250000059604644 0.2679999992251396 0.2922724103927612
v -0.18541218996047973 0.2679999992251396 0.30176295250654217
v -0.21 0.2679999992251396 0.30499999880790707
v -0.23458781003952026 0.2679999992251396 0.30176295250654217
v -0.2574999994039535 0.2679999992251396 0.2922724103927612
v -0.2771751424670219 0.2679999992251396 0.2771751424670219
v -0.2922724103927612 0.2679999992251396 0.2574999994039535
v -0.30176295250654217 0.2679999992251396 0.23458781003952026
v -0.30499999880790707 0.2679999992251396 0.21
v -0.30176295250654217 0.2679999992251396 0.18541218996047973
v -0.2922724103927612 0.2679999992251396 0.16250000059604644
v -0.2771751424670219 0.2679999992251396 0.14282485753297805
v -0.2574999994039535 0.2679999992251396 0.12772758960723876
v -0.23458781003952026 0.2679999992251396 0.11823704749345779
v -0.21000000000000002 0.2679999992251396 0.11500000119209289
v -0.18541218996047973 0.2679999992251396 0.11823704749345779
v -0.16250000059604644 0.2679999992251396 0.12772758960723876
v -0.14282485753297805 0.2679999992251396 0.14282485753297805
v -0.12772758960723876 0.2679999992251396 0.16250000059604644
v -0.11823704749345779 0.2679999992251396 0.18541218996047973
v -0.11500000119209289 0.2679999992251396 0.20999999999999996
v -0.10227207750082015 0.2627279218286276 0.21
v -0.10594281464815139 0.2627279218286276 0.2378820376843214
v -0.11670488029718398 0.2627279218286276 0.2638639612495899
v -0.13382485419511794 0.2627279218286276 0.286175145804882
v -0.15613603875041007 0.2627279218286276 0.303295119702816
v -0.1821179623156786 0.2627279218286276 0.31405718535184857
v -0.21 0.2627279218286276 0.3177279224991798
v -0.2378820376843214 0.2627279218286276 0.31405718535184857
v -0.2638639612495899 0.2627279218286276 0.303295119702816
v -0.286175145804882 0.2627279218286276 0.286175145804882
v -0.303295119702816 0.2627279218286276 0.2638639612495899
v -0.31405718535184857 0.2627279218286276 0.2378820376843214
v -0.3177279224991798 0.2627279218286276 0.21
v -0.31405718535184857 0.2627279218286276 0.1821179623156786
v -0.303295119702816 0.2627279218286276 0.15613603875041007
v -0.286175145804882 0.2627279218286276 0.13382485419511794
v -0.2638639612495899 0.2627279218286276 0.11670488029718398
v -0.2378820376843214 0.2627279218286276 0.10594281464815139
v -0.21000000000000002 0.2627279218286276 0.10227207750082015
v -0.1821179623156786 0.2627279218286276 0.10594281464815139
v -0.15613603875041007 0.2627279218286276 0.11670488029718398
v -0.13382485419511794 0.2627279218286276 0.13382485419511794
v -0.11670488029718398 0.2627279218286276 0.15613603875041007
v -0.10594281464815139 0.2627279218286276 0.1821179623156786
v -0.10227207750082015 0.2627279218286276 0.20999999999999996
v -0.09700000196695327 0.25 0.21
v -0.10085038006305694 0.25 0.23924655191600322
v -0.11213912725448608 0.25 0.2664999990165233
v -0.13009693384170531 0.25 0.28990306615829464
v -0.15350000098347663 0.25 0.3078608727455139
v -0.18075344808399676 0.25000000000000006 0.319149619936943
v -0.21 0.25000000000000006 0.3229999980330467
v -0.23924655191600322 0.25000000000000006 0.319149619936943
v -0.2664999990165233 0.25 0.3078608727455139
v -0.28990306615829464 0.25 0.28990306615829464
v -0.3078608727455139 0.25 0.2664999990165233
v -0.319149619936943 0.25 0.23924655191600322
v -0.3229999980330467 0.25 0.21
v -0.319149619936943 0.25 0.18075344808399676
v -0.3078608727455139 0.25 0.15350000098347663
v -0.28990306615829464 0.25 0.13009693384170531
v -0.2664999990165233 0.24999999999999997 0.11213912725448608
v -0.23924655191600322 0.24999999999999997 0.10085038006305694
v -0.21000000000000002 0.24999999999999997 0.09700000196695327
v -0.18075344808399676 0.24999999999999997 0.10085038006305694
v -0.15350000098347663 0.24999999999999997 0.11213912725448608
v -0.13009693384170531 0.25 0.13009693384170531
v -0.11213912725448608 0.25 0.15350000098347663
v -0.10085038006305694 0.25 0.18075344808399676
v -0.09700000196695327 0.25 0.20999999999999996
vt 0 0
vt 0.0416666679084301 0
vt 0.0833333358168602 0
vt 0.125 0
vt 0.1666666716337204 0
vt 0.2083333283662796 0
vt 0.25 0
vt 0.2916666567325592 0
vt 0.3333333432674408 0
vt 0.375 0
vt 0.4166666567325592 0
vt 0.4583333432674408 0
vt 0.5 0
vt 0.5416666865348816 0
vt 0.5833333134651184 0
vt 0.625 0
vt 0.6666666865348816 0
vt 0.7083333134651184 0
vt 0.75 0
vt 0.7916666865348816 0
vt 0.8333333134651184 0
vt 0.875 0
vt 0.9166666865348816 0
vt 0.9583333134651184 0
vt 1 0
vt 0 0.125
vt 0.0416666679084301 0.125
vt 0.0833333358168602 0.125
vt 0.125 0.125
vt 0.1666666716337204 0.125
vt 0.2083333283662796 0.125
vt 0.25 0.125
vt 0.2916666567325592 0.125
vt 0.3333333432674408 0.125
vt 0.375 0.125
vt 0.4166666567325592 0.125
vt 0.4583333432674408 0.125
vt 0.5 0.125
vt 0.5416666865348816 0.125
vt 0.5833333134651184 0.125
vt 0.625 0.125
vt 0.6666666865348816 0.125
vt 0.7083333134651184 0.125
vt 0.75 0.125
vt 0.7916666865348816 0.125
vt 0.8333333134651184 0.125
vt 0.875 0.125
vt 0.9166666865348816 0.125
vt 0.9583333134651184 0.125
vt 1 0.125
vt 0 0.25
vt 0.0416666679084301 0.25
vt 0.0833333358168602 0.25
vt 0.125 0.25
vt 0.1666666716337204 0.25
vt 0.2083333283662796 0.25
vt 0.25 0.25
vt 0.2916666567325592 0.25
vt 0.3333333432674408 0.25
vt 0.375 0.25
vt 0.4166666567325592 0.25
vt 0.4583333432674408 0.25
vt 0.5 0.25
vt 0.5416666865348816 0.25
vt 0.5833333134651184 0.25
vt 0.625 0.25
vt 0.6666666865348816 0.25
vt 0.7083333134651184 0.25
vt 0.75 0.25
vt 0.7916666865348816 0.25
vt 0.8333333134651184 0.25
vt 0.875 0.25
vt 0.9166666865348816 0.25
vt 0.9583333134651184 0.25
vt 1 0.25
vt 0 0.375
vt 0.0416666679084301 0.375
vt 0.0833333358168602 0.375
vt 0.125 0.375
vt 0.1666666716337204 0.375
vt 0.2083333283662796 0.375
vt 0.25 0.375
vt 0.2916666567325592 0.375
vt 0.3333333432674408 0.375
vt 0.375 0.375
vt 0.4166666567325592 0.375
vt 0.4583333432674408 0.375
vt 0.5 0.375
vt 0.5416666865348816 0.375
vt 0.5833333134651184 0.375
vt 0.625 0.375
vt 0.6666666865348816 0.375
vt 0.7083333134651184 0.375
vt 0.75 0.375
vt 0.7916666865348816 0.375
vt 0.8333333134651184 0.375
vt 0.875 0.375
vt 0.9166666865348816 0.375
vt 0.9583333134651184 0.375
vt 1 0.375
vt 0 0.5
vt 0.0416666679084301 0.5
vt 0.0833333358168602 0.5
vt 0.125 0.5
vt 0.1666666716337204 0.5
vt 0.2083333283662796 0.5
vt 0.25 0.5
vt 0.2916666567325592 0.5
vt 0.3333333432674408 0.5
vt 0.375 0.5
vt 0.4166666567325592 0.5
vt 0.4583333432674408 0.5
vt 0.5 0.5
vt 0.5416666865348816 0.5
vt 0.5833333134651184 0.5
vt 0.625 0.5
vt 0.6666666865348816 0.5
vt 0.7083333134651184 0.5
vt 0.75 0.5
vt 0.7916666865348816 0.5
vt 0.8333333134651184 0.5
vt 0.875 0.5
vt 0.9166666865348816 0.5
vt 0.9583333134651184 0.5
vt 1 0.5
vt 0 0.625
vt 0.0416666679084301 0.625
vt 0.0833333358168602 0.625
vt 0.125 0.625
vt 0.1666666716337204 0.625
vt 0.2083333283662796 0.625
vt 0.25 0.625
vt 0.2916666567325592 0.625
vt 0.3333333432674408 0.625
vt 0.375 0.625
vt 0.4166666567325592 0.625
vt 0.4583333432674408 0.625
vt 0.5 0.625
vt 0.5416666865348816 0.625
vt 0.5833333134651184 0.625
vt 0.625 0.625
vt 0.6666666865348816 0.625
vt 0.7083333134651184 0.625
vt 0.75 0.625
vt 0.7916666865348816 0.625
vt 0.8333333134651184 0.625
vt 0.875 0.625
vt 0.9166666865348816 0.625
vt 0.9583333134651184 0.625
vt 1 0.625
vt 0 0.75
vt 0.0416666679084301 0.75
vt 0.0833333358168602 0.75
vt 0.125 0.75
vt 0.1666666716337204 0.75
vt 0.2083333283662796 0.75
vt 0.25 0.75
vt 0.2916666567325592 0.75
vt 0.3333333432674408 0.75
vt 0.375 0.75
vt 0.4166666567325592 0.75
vt 0.4583333432674408 0.75
vt 0.5 0.75
vt 0.5416666865348816 0.75
vt 0.5833333134651184 0.75
vt 0.625 0.75
vt 0.6666666865348816 0.75
vt 0.7083333134651184 0.75
vt 0.75 0.75
vt 0.7916666865348816 0.75
vt 0.8333333134651184 0.75
vt 0.875 0.75
vt 0.9166666865348816 0.75
vt 0.9583333134651184 0.75
vt 1 0.75
vt 0 0.875
vt 0.0416666679084301 0.875
vt 0.0833333358168602 0.875
vt 0.125 0.875
vt 0.1666666716337204 0.875
vt 0.2083333283662796 0.875
vt 0.25 0.875
vt 0.2916666567325592 0.875
vt 0.3333333432674408 0.875
vt 0.375 0.875
vt 0.4166666567325592 0.875
vt 0.4583333432674408 0.875
vt 0.5 0.875
vt 0.5416666865348816 0.875
vt 0.5833333134651184 0.875
vt 0.625 0.875
vt 0.6666666865348816 0.875
vt 0.7083333134651184 0.875
vt 0.75 0.875
vt 0.7916666865348816 0.875
vt 0.8333333134651184 0.875
vt 0.875 0.875
vt 0.9166666865348816 0.875
vt 0.9583333134651184 0.875
vt 1 0.875
vt 0 1
vt 0.0416666679084301 1
vt 0.0833333358168602 1
vt 0.125 1
vt 0.1666666716337204 1
vt 0.2083333283662796 1
vt 0.25 1
vt 0.2916666567325592 1
vt 0.3333333432674408 1
vt 0.375 1
vt 0.4166666567325592 1
vt 0.4583333432674408 1
vt 0.5 1
vt 0.5416666865348816 1
vt 0.5833333134651184 1
vt 0.625 1
vt 0.6666666865348816 1
vt 0.7083333134651184 1
vt 0.75 1
vt 0.7916666865348816 1
vt 0.8333333134651184 1
vt 0.875 1
vt 0.9166666865348816 1
vt 0.9583333134651184 1
vt 1 1
vn 1 0 0
vn 0.9659258257467466 5.746937306627513e-17 0.2588190471264927
vn 0.8660253998985324 1.1102230395700616e-16 0.5000000067305869
vn 0.7071067811865476 1.5700924586837752e-16 0.7071067811865476
vn 0.5000000067305869 1.9229626777551189e-16 0.8660253998985324
vn 0.2588190471264927 2.1447861836482098e-16 0.9659258257467466
vn 6.123234262925839e-17 2.220446049250313e-16 1
vn -0.2588190471264927 2.1447861836482098e-16 0.9659258257467466
vn -0.5000000067305869 1.9229626777551189e-16 0.8660253998985324
vn -0.7071067811865476 1.5700924586837752e-16 0.7071067811865476
vn -0.8660253998985324 1.1102230395700616e-16 0.5000000067305869
vn -0.9659258257467466 5.746937306627513e-17 0.2588190471264927
vn -1 2.7192622655495665e-32 1.2246468525851679e-16
vn -0.9659258257467466 -5.746937306627513e-17 -0.2588190471264927
vn -0.8660253998985324 -1.1102230395700616e-16 -0.5000000067305869
vn -0.7071067811865476 -1.5700924586837752e-16 -0.7071067811865476
vn -0.5000000067305869 -1.9229626777551189e-16 -0.8660253998985324
vn -0.2588190471264927 -2.1447861836482098e-16 -0.9659258257467466
vn -1.8369701465288538e-16 -2.220446049250313e-16 -1
vn 0.2588190471264927 -2.1447861836482098e-16 -0.9659258257467466
vn 0.5000000067305869 -1.9229626777551189e-16 -0.8660253998985324
vn 0.7071067811865476 -1.5700924586837752e-16 -0.7071067811865476
vn 0.8660253998985324 -1.1102230395700616e-16 -0.5000000067305869
vn 0.9659258257467466 -5.746937306627513e-17 -0.2588190471264927
vn 1 -5.438524531099133e-32 -2.4492937051703357e-16
vn 0.7071067811865476 -0.7071067811865476 1.5700924586837752e-16
vn 0.68301271859882 -0.707106763573214 0.1830127075950312
vn 0.6123724561743086 -0.7071067669986163 0.35355338349930837
vn 0.5000000042785678 -0.7071067751357388 0.5000000042785679
vn 0.3535533834993082 -0.7071067669986163 0.6123724561743087
vn 0.18301270759503102 -0.7071067635732139 0.6830127185988201
vn 4.329780375814312e-17 -0.7071067811865475 0.7071067811865477
vn -0.18301270759503102 -0.7071067635732139 0.6830127185988201
vn -0.3535533834993082 -0.7071067669986163 0.6123724561743087
vn -0.5000000042785678 -0.7071067751357388 0.5000000042785679
vn -0.6123724561743086 -0.7071067669986163 0.35355338349930837
vn -0.68301271859882 -0.707106763573214 0.1830127075950312
vn -0.7071067811865476 -0.7071067811865476 2.4360485338466374e-16
vn -0.68301271859882 -0.707106763573214 -0.18301270759503085
vn -0.6123724561743086 -0.7071067669986165 -0.35355338349930804
vn -0.5000000042785677 -0.7071067751357389 -0.5000000042785675
vn -0.3535533834993082 -0.7071067669986165 -0.6123724561743085
vn -0.18301270759503102 -0.7071067635732141 -0.6830127185988198
vn -1.2989340465698435e-16 -0.7071067811865477 -0.7071067811865475
vn 0.18301270759503102 -0.7071067635732141 -0.6830127185988198
vn 0.3535533834993082 -0.7071067669986165 -0.6123724561743085
vn 0.5000000042785677 -0.7071067751357389 -0.5000000042785675
vn 0.6123724561743086 -0.7071067669986165 -0.35355338349930804
vn 0.68301271859882 -0.707106763573214 -0.18301270759503085
vn 0.7071067811865476 -0.7071067811865476 -1.6181969164194976e-17
vn 0 -1 2.220446049250313e-16
vn 0 -1 2.220446049250313e-16
vn 0 -1 2.220446049250313e-16
vn 0 -1 2.220446049250313e-16
vn 0 -1 2.220446049250313e-16
vn 0 -1 2.220446049250313e-16
vn 0 -1 2.220446049250313e-16
vn 0 -1 2.220446049250313e-16
vn 0 -1 2.220446049250313e-16
vn 0 -1 2.220446049250313e-16
vn 0 -1 2.220446049250313e-16
vn 0 -1 2.220446049250313e-16
vn 0 -1 2.220446049250313e-16
vn 0 -1 2.220446049250313e-16
vn 0 -1 2.220446049250313e-16
vn 0 -1 2.220446049250313e-16
vn 0 -1 2.220446049250313e-16
vn 0 -1 2.220446049250313e-16
vn 0 -1 2.220446049250313e-16
vn 0 -1 2.220446049250313e-16
vn 0 -1 2.220446049250313e-16
vn 0 -1 2.220446049250313e-16
vn 0 -1 2.220446049250313e-16
vn 0 -1 2.220446049250313e-16
vn 0 -1 2.220446049250313e-16
vn -0.7071067811865476 -0.7071067811865476 1.5700924586837752e-16
vn -0.68301271859882 -0.707106763573214 -0.18301270759503085
vn -0.6123724561743086 -0.7071067669986165 -0.35355338349930804
vn -0.5000000042785677 -0.7071067751357389 -0.5000000042785675
vn -0.3535533834993082 -0.7071067669986165 -0.6123724561743085
vn -0.18301270759503102 -0.7071067635732141 -0.6830127185988198
vn -4.329780375814312e-17 -0.7071067811865477 -0.7071067811865475
vn 0.18301270759503102 -0.7071067635732141 -0.6830127185988198
vn 0.3535533834993082 -0.7071067669986165 -0.6123724561743085
vn 0.5000000042785677 -0.7071067751357389 -0.5000000042785675
vn 0.6123724561743086 -0.7071067669986165 -0.35355338349930804
vn 0.68301271859882 -0.707106763573214 -0.18301270759503085
vn 0.7071067811865476 -0.7071067811865476 7.041363835209127e-17
vn 0.68301271859882 -0.707106763573214 0.1830127075950312
vn 0.6123724561743086 -0.7071067669986163 0.35355338349930837
vn 0.5000000042785678 -0.7071067751357388 0.5000000042785679
vn 0.3535533834993082 -0.7071067669986163 0.6123724561743087
vn 0.18301270759503102 -0.7071067635732139 0.6830127185988201
vn 1.2989340465698435e-16 -0.7071067811865475 0.7071067811865477
vn -0.18301270759503102 -0.7071067635732139 0.6830127185988201
vn -0.3535533834993082 -0.7071067669986163 0.6123724561743087
vn -0.5000000042785678 -0.7071067751357388 0.5000000042785679
vn -0.6123724561743086 -0.7071067669986163 0.35355338349930837
vn -0.68301271859882 -0.707106763573214 0.1830127075950312
vn -0.7071067811865476 -0.7071067811865476 3.3020046090095e-16
vn -1 -1.2246468525851679e-16 2.7192622655495665e-32
vn -0.9659258257467466 -1.7993405997622623e-16 -0.2588190471264927
vn -0.8660253998985324 -2.3348699086404134e-16 -0.5000000067305869
vn -0.7071067811865476 -2.7947393322278815e-16 -0.7071067811865476
vn -0.5000000067305869 -3.1476095468254707e-16 -0.8660253998985324
vn -0.2588190471264927 -3.369433052747721e-16 -0.9659258257467466
vn -6.123234262925839e-17 -3.445092901835481e-16 -1
vn 0.2588190471264927 -3.369433052747721e-16 -0.9659258257467466
vn 0.5000000067305869 -3.1476095468254707e-16 -0.8660253998985324
vn 0.7071067811865476 -2.7947393322278815e-16 -0.7071067811865476
vn 0.8660253998985324 -2.3348699086404134e-16 -0.5000000067305869
vn 0.9659258257467466 -1.7993405997622623e-16 -0.2588190471264927
vn 1 -1.224646852585168e-16 -1.2246468525851676e-16
vn 0.9659258257467466 -6.499531384367598e-17 0.2588190471264927
vn 0.8660253998985324 -1.1442382950029033e-17 0.5000000067305869
vn 0.7071067811865476 3.454455851396687e-17 0.7071067811865476
vn 0.5000000067305869 6.983158086847668e-17 0.8660253998985324
vn 0.2588190471264927 9.201393145486987e-17 0.9659258257467466
vn 1.8369701465288538e-16 9.957991966651452e-17 1
vn -0.2588190471264927 9.201393145486987e-17 0.9659258257467466
vn -0.5000000067305869 6.983158086847668e-17 0.8660253998985324
vn -0.7071067811865476 3.454455851396687e-17 0.7071067811865476
vn -0.8660253998985324 -1.1442382950029033e-17 0.5000000067305869
vn -0.9659258257467466 -6.499531384367598e-17 0.2588190471264927
vn -1 -1.2246468525851674e-16 2.449293705170336e-16
vn -0.7071067811865476 0.7071067811865476 -1.5700924586837752e-16
vn -0.68301271859882 0.707106763573214 -0.1830127075950312
vn -0.6123724561743086 0.7071067669986163 -0.35355338349930837
vn -0.5000000042785678 0.7071067751357388 -0.5000000042785679
vn -0.3535533834993082 0.7071067669986163 -0.6123724561743087
vn -0.18301270759503102 0.7071067635732139 -0.6830127185988201
vn -4.329780375814312e-17 0.7071067811865475 -0.7071067811865477
vn 0.18301270759503102 0.7071067635732139 -0.6830127185988201
vn 0.3535533834993082 0.7071067669986163 -0.6123724561743087
vn 0.5000000042785678 0.7071067751357388 -0.5000000042785679
vn 0.6123724561743086 0.7071067669986163 -0.35355338349930837
vn 0.68301271859882 0.707106763573214 -0.1830127075950312
vn 0.7071067811865476 0.7071067811865476 -2.4360485338466374e-16
vn 0.68301271859882 0.707106763573214 0.18301270759503085
vn 0.6123724561743086 0.7071067669986165 0.35355338349930804
vn 0.5000000042785677 0.7071067751357389 0.5000000042785675
vn 0.3535533834993082 0.7071067669986165 0.6123724561743085
vn 0.18301270759503102 0.7071067635732141 0.6830127185988198
vn 1.2989340465698435e-16 0.7071067811865477 0.7071067811865475
vn -0.18301270759503102 0.7071067635732141 0.6830127185988198
vn -0.3535533834993082 0.7071067669986165 0.6123724561743085
vn -0.5000000042785677 0.7071067751357389 0.5000000042785675
vn -0.6123724561743086 0.7071067669986165 0.35355338349930804
vn -0.68301271859882 0.707106763573214 0.18301270759503085
vn -0.7071067811865476 0.7071067811865476 1.6181969164194976e-17
vn 0 1 -2.220446049250313e-16
vn 0 1 -2.220446049250313e-16
vn 0 1 -2.220446049250313e-16
vn 0 1 -2.220446049250313e-16
vn 0 1 -2.220446049250313e-16
vn 0 1 -2.220446049250313e-16
vn 0 1 -2.220446049250313e-16
vn 0 1 -2.220446049250313e-16
vn 0 1 -2.220446049250313e-16
vn 0 1 -2.220446049250313e-16
vn 0 1 -2.220446049250313e-16
vn 0 1 -2.220446049250313e-16
vn 0 1 -2.220446049250313e-16
vn 0 1 -2.220446049250313e-16
vn 0 1 -2.220446049250313e-16
vn 0 1 -2.220446049250313e-16
vn 0 1 -2.220446049250313e-16
vn 0 1 -2.220446049250313e-16
vn 0 1 -2.220446049250313e-16
vn 0 1 -2.220446049250313e-16
vn 0 1 -2.220446049250313e-16
vn 0 1 -2.220446049250313e-16
vn 0 1 -2.220446049250313e-16
vn 0 1 -2.220446049250313e-16
vn 0 1 -2.220446049250313e-16
vn 0.7071067811865476 0.7071067811865476 -1.5700924586837752e-16
vn 0.68301271859882 0.707106763573214 0.18301270759503085
vn 0.6123724561743086 0.7071067669986165 0.35355338349930804
vn 0.5000000042785677 0.7071067751357389 0.5000000042785675
vn 0.3535533834993082 0.7071067669986165 0.6123724561743085
vn 0.18301270759503102 0.7071067635732141 0.6830127185988198
vn 4.329780375814312e-17 0.7071067811865477 0.7071067811865475
vn -0.18301270759503102 0.7071067635732141 0.6830127185988198
vn -0.3535533834993082 0.7071067669986165 0.6123724561743085
vn -0.5000000042785677 0.7071067751357389 0.5000000042785675
vn -0.6123724561743086 0.7071067669986165 0.35355338349930804
vn -0.68301271859882 0.707106763573214 0.18301270759503085
vn -0.7071067811865476 0.7071067811865476 -7.041363835209127e-17
vn -0.68301271859882 0.707106763573214 -0.1830127075950312
vn -0.6123724561743086 0.7071067669986163 -0.35355338349930837
vn -0.5000000042785678 0.7071067751357388 -0.5000000042785679
vn -0.3535533834993082 0.7071067669986163 -0.6123724561743087
vn -0.18301270759503102 0.7071067635732139 -0.6830127185988201
vn -1.2989340465698435e-16 0.7071067811865475 -0.7071067811865477
vn 0.18301270759503102 0.7071067635732139 -0.6830127185988201
vn 0.3535533834993082 0.7071067669986163 -0.6123724561743087
vn 0.5000000042785678 0.7071067751357388 -0.5000000042785679
vn 0.6123724561743086 0.7071067669986163 -0.35355338349930837
vn 0.68301271859882 0.707106763573214 -0.1830127075950312
vn 0.7071067811865476 0.7071067811865476 -3.3020046090095e-16
vn 1 2.4492937051703357e-16 -5.438524531099133e-32
vn 0.9659258257467466 3.0239874688617734e-16 0.2588190471264927
vn 0.8660253998985324 3.5595167777107656e-16 0.5000000067305869
vn 0.7071067811865476 4.0193862057719876e-16 0.7071067811865476
vn 0.5000000067305869 4.3722564158958224e-16 0.8660253998985324
vn 0.2588190471264927 4.594079921847232e-16 0.9659258257467466
vn 6.123234262925839e-17 4.669739754420649e-16 1
vn -0.2588190471264927 4.594079921847232e-16 0.9659258257467466
vn -0.5000000067305869 4.3722564158958224e-16 0.8660253998985324
vn -0.7071067811865476 4.0193862057719876e-16 0.7071067811865476
vn -0.8660253998985324 3.5595167777107656e-16 0.5000000067305869
vn -0.9659258257467466 3.0239874688617734e-16 0.2588190471264927
vn -1 2.449293705170336e-16 1.2246468525851674e-16
vn -0.9659258257467466 1.874600007536271e-16 -0.2588190471264927
vn -0.8660253998985324 1.3390706985706422e-16 -0.5000000067305869
vn -0.7071067811865476 8.792012884044377e-17 -0.7071067811865476
vn -0.5000000067305869 5.26331060385585e-17 -0.8660253998985324
vn -0.2588190471264927 3.0450755455081235e-17 -0.9659258257467466
vn -1.8369701465288538e-16 2.2884765592002263e-17 -1
vn 0.2588190471264927 3.0450755455081235e-17 -0.9659258257467466
vn 0.5000000067305869 5.26331060385585e-17 -0.8660253998985324
vn 0.7071067811865476 8.792012884044377e-17 -0.7071067811865476
vn 0.8660253998985324 1.3390706985706422e-16 -0.5000000067305869
vn 0.9659258257467466 1.874600007536271e-16 -0.2588190471264927
vn 1 2.449293705170335e-16 -2.449293705170336e-16
f 788/788/788 763/763/763 789/789/789
f 763/763/763 764/764/764 789/789/789
f 789/789/789 764/764/764 790/790/790
f 764/764/764 765/765/765 790/790/790
f 790/790/790 765/765/765 791/791/791
f 765/765/765 766/766/766 791/791/791
f 791/791/791 766/766/766 792/792/792
f 766/766/766 767/767/767 792/792/792
f 792/792/792 767/767/767 793/793/793
f 767/767/767 768/768/768 793/793/793
f 793/793/793 768/768/768 794/794/794
f 768/768/768 769/769/769 794/794/794
f 794/794/794 769/769/769 795/795/795
f 769/769/769 770/770/770 795/795/795
f 795/795/795 770/770/770 796/796/796
f 770/770/770 771/771/771 796/796/796
f 796/796/796 771/771/771 797/797/797
f 771/771/771 772/772/772 797/797/797
f 797/797/797 772/772/772 798/798/798
f 772/772/772 773/773/773 798/798/798
f 798/798/798 773/773/773 799/799/799
f 773/773/773 774/774/774 799/799/799
f 799/799/799 774/774/774 800/800/800
f 774/774/774 775/775/775 800/800/800
f 800/800/800 775/775/775 801/801/801
f 775/775/775 776/776/776 801/801/801
f 801/801/801 776/776/776 802/802/802
f 776/776/776 777/777/777 802/802/802
f 802/802/802 777/777/777 803/803/803
f 777/777/777 778/778/778 803/803/803
f 803/803/803 778/778/778 804/804/804
f 778/778/778 779/779/779 804/804/804
f 804/804/804 779/779/779 805/805/805
f 779/779/779 780/780/780 805/805/805
f 805/805/805 780/780/780 806/806/806
f 780/780/780 781/781/781 806/806/806
f 806/806/806 781/781/781 807/807/807
f 781/781/781 782/782/782 807/807/807
f 807/807/807 782/782/782 808/808/808
f 782/782/782 783/783/783 808/808/808
f 808/808/808 783/783/783 809/809/809
f 783/783/783 784/784/784 809/809/809
f 809/809/809 784/784/784 810/810/810
f 784/784/784 785/785/785 810/810/810
f 810/810/810 785/785/785 811/811/811
f 785/785/785 786/786/786 811/811/811
f 811/811/811 786/786/786 812/812/812
f 786/786/786 787/787/787 812/812/812
f 813/813/813 788/788/788 814/814/814
f 788/788/788 789/789/789 814/814/814
f 814/814/814 789/789/789 815/815/815
f 789/789/789 790/790/790 815/815/815
f 815/815/815 790/790/790 816/816/816
f 790/790/790 791/791/791 816/816/816
f 816/816/816 791/791/791 817/817/817
f 791/791/791 792/792/792 817/817/817
f 817/817/817 792/792/792 818/818/818
f 792/792/792 793/793/793 818/818/818
f 818/818/818 793/793/793 819/819/819
f 793/793/793 794/794/794 819/819/819
f 819/819/819 794/794/794 820/820/820
f 794/794/794 795/795/795 820/820/820
f 820/820/820 795/795/795 821/821/821
f 795/795/795 796/796/796 821/821/821
f 821/821/821 796/796/796 822/822/822
f 796/796/796 797/797/797 822/822/822
f 822/822/822 797/797/797 823/823/823
f 797/797/797 798/798/798 823/823/823
f 823/823/823 798/798/798 824/824/824
f 798/798/798 799/799/799 824/824/824
f 824/824/824 799/799/799 825/825/825
f 799/799/799 800/800/800 825/825/825
f 825/825/825 800/800/800 826/826/826
f 800/800/800 801/801/801 826/826/826
f 826/826/826 801/801/801 827/827/827
f 801/801/801 802/802/802 827/827/827
f 827/827/827 802/802/802 828/828/828
f 802/802/802 803/803/803 828/828/828
f 828/828/828 803/803/803 829/829/829
f 803/803/803 804/804/804 829/829/829
f 829/829/829 804/804/804 830/830/830
f 804/804/804 805/805/805 830/830/830
f 830/830/830 805/805/805 831/831/831
f 805/805/805 806/806/806 831/831/831
f 831/831/831 806/806/806 832/832/832
f 806/806/806 807/807/807 832/832/832
f 832/832/832 807/807/807 833/833/833
f 807/807/807 808/808/808 833/833/833
f 833/833/833 808/808/808 834/834/834
f 808/808/808 809/809/809 834/834/834
f 834/834/834 809/809/809 835/835/835
f 809/809/809 810/810/810 835/835/835
f 835/835/835 810/810/810 836/836/836
f 810/810/810 811/811/811 836/836/836
f 836/836/836 811/811/811 837/837/837
f 811/811/811 812/812/812 837/837/837
f 838/838/838 813/813/813 839/839/839
f 813/813/813 814/814/814 839/839/839
f 839/839/839 814/814/814 840/840/840
f 814/814/814 815/815/815 840/840/840
f 840/840/840 815/815/815 841/841/841
f 815/815/815 816/816/816 841/841/841
f 841/841/841 816/816/816 842/842/842
f 816/816/816 817/817/817 842/842/842
f 842/842/842 817/817/817 843/843/843
f 817/817/817 818/818/818 843/843/843
f 843/843/843 818/818/818 844/844/844
f 818/818/818 819/819/819 844/844/844
f 844/844/844 819/819/819 845/845/845
f 819/819/819 820/820/820 845/845/845
f 845/845/845 820/820/820 846/846/846
f 820/820/820 821/821/821 846/846/846
f 846/846/846 821/821/821 847/847/847
f 821/821/821 822/822/822 847/847/847
f 847/847/847 822/822/822 848/848/848
f 822/822/822 823/823/823 848/848/848
f 848/848/848 823/823/823 849/849/849
f 823/823/823 824/824/824 849/849/849
f 849/849/849 824/824/824 850/850/850
f 824/824/824 825/825/825 850/850/850
f 850/850/850 825/825/825 851/851/851
f 825/825/825 826/826/826 851/851/851
f 851/851/851 826/826/826 852/852/852
f 826/826/826 827/827/827 852/852/852
f 852/852/852 827/827/827 853/853/853
f 827/827/827 828/828/828 853/853/853
f 853/853/853 828/828/828 854/854/854
f 828/828/828 829/829/829 854/854/854
f 854/854/854 829/829/829 855/855/855
f 829/829/829 830/830/830 855/855/855
f 855/855/855 830/830/830 856/856/856
f 830/830/830 831/831/831 856/856/856
f 856/856/856 831/831/831 857/857/857
f 831/831/831 832/832/832 857/857/857
f 857/857/857 832/832/832 858/858/858
f 832/832/832 833/833/833 858/858/858
f 858/858/858 833/833/833 859/859/859
f 833/833/833 834/834/834 859/859/859
f 859/859/859 834/834/834 860/860/860
f 834/834/834 835/835/835 860/860/860
f 860/860/860 835/835/835 861/861/861
f 835/835/835 836/836/836 861/861/861
f 861/861/861 836/836/836 862/862/862
f 836/836/836 837/837/837 862/862/862
f 863/863/863 838/838/838 864/864/864
f 838/838/838 839/839/839 864/864/864
f 864/864/864 839/839/839 865/865/865
f 839/839/839 840/840/840 865/865/865
f 865/865/865 840/840/840 866/866/866
f 840/840/840 841/841/841 866/866/866
f 866/866/866 841/841/841 867/867/867
f 841/841/841 842/842/842 867/867/867
f 867/867/867 842/842/842 868/868/868
f 842/842/842 843/843/843 868/868/868
f 868/868/868 843/843/843 869/869/869
f 843/843/843 844/844/844 869/869/869
f 869/869/869 844/844/844 870/870/870
f 844/844/844 845/845/845 870/870/870
f 870/870/870 845/845/845 871/871/871
f 845/845/845 846/846/846 871/871/871
f 871/871/871 846/846/846 872/872/872
f 846/846/846 847/847/847 872/872/872
f 872/872/872 847/847/847 873/873/873
f 847/847/847 848/848/848 873/873/873
f 873/873/873 848/848/848 874/874/874
f 848/848/848 849/849/849 874/874/874
f 874/874/874 849/849/849 875/875/875
f 849/849/849 850/850/850 875/875/875
f 875/875/875 850/850/850 876/876/876
f 850/850/850 851/851/851 876/876/876
f 876/876/876 851/851/851 877/877/877
f 851/851/851 852/852/852 877/877/877
f 877/877/877 852/852/852 878/878/878
f 852/852/852 853/853/853 878/878/878
f 878/878/878 853/853/853 879/879/879
f 853/853/853 854/854/854 879/879/879
f 879/879/879 854/854/854 880/880/880
f 854/854/854 855/855/855 880/880/880
f 880/880/880 855/855/855 881/881/881
f 855/855/855 856/856/856 881/881/881
f 881/881/881 856/856/856 882/882/882
f 856/856/856 857/857/857 882/882/882
f 882/882/882 857/857/857 883/883/883
f 857/857/857 858/858/858 883/883/883
f 883/883/883 858/858/858 884/884/884
f 858/858/858 859/859/859 884/884/884
f 884/884/884 859/859/859 885/885/885
f 859/859/859 860/860/860 885/885/885
f 885/885/885 860/860/860 886/886/886
f 860/860/860 861/861/861 886/886/886
f 886/886/886 861/861/861 887/887/887
f 861/861/861 862/862/862 887/887/887
f 888/888/888 863/863/863 889/889/889
f 863/863/863 864/864/864 889/889/889
f 889/889/889 864/864/864 890/890/890
f 864/864/864 865/865/865 890/890/890
f 890/890/890 865/865/865 891/891/891
f 865/865/865 866/866/866 891/891/891
f 891/891/891 866/866/866 892/892/892
f 866/866/866 867/867/867 892/892/892
f 892/892/892 867/867/867 893/893/893
f 867/867/867 868/868/868 893/893/893
f 893/893/893 868/868/868 894/894/894
f 868/868/868 869/869/869 894/894/894
f 894/894/894 869/869/869 895/895/895
f 869/869/869 870/870/870 895/895/895
f 895/895/895 870/870/870 896/896/896
f 870/870/870 871/871/871 896/896/896
f 896/896/896 871/871/871 897/897/897
f 871/871/871 872/872/872 897/897/897
f 897/897/897 872/872/872 898/898/898
f 872/872/872 873/873/873 898/898/898
f 898/898/898 873/873/873 899/899/899
f 873/873/873 874/874/874 899/899/899
f 899/899/899 874/874/874 900/900/900
f 874/874/874 875/875/875 900/900/900
f 900/900/900 875/875/875 901/901/901
f 875/875/875 876/876/876 901/901/901
f 901/901/901 876/876/876 902/902/902
f 876/876/876 877/877/877 902/902/902
f 902/902/902 877/877/877 903/903/903
f 877/877/877 878/878/878 903/903/903
f 903/903/903 878/878/878 904/904/904
f 878/878/878 879/879/879 904/904/904
f 904/904/904 879/879/879 905/905/905
f 879/879/879 880/880/880 905/905/905
f 905/905/905 880/880/880 906/906/906
f 880/880/880 881/881/881 906/906/906
f 906/906/906 881/881/881 907/907/907
f 881/881/881 882/882/882 907/907/907
f 907/907/907 882/882/882 908/908/908
f 882/882/882 883/883/883 908/908/908
f 908/908/908 883/883/883 909/909/909
f 883/883/883 884/884/884 909/909/909
f 909/909/909 884/884/884 910/910/910
f 884/884/884 885/885/885 910/910/910
f 910/910/910 885/885/885 911/911/911
f 885/885/885 886/886/886 911/911/911
f 911/911/911 886/886/886 912/912/912
f 886/886/886 887/887/887 912/912/912
f 913/913/913 888/888/888 914/914/914
f 888/888/888 889/889/889 914/914/914
f 914/914/914 889/889/889 915/915/915
f 889/889/889 890/890/890 915/915/915
f 915/915/915 890/890/890 916/916/916
f 890/890/890 891/891/891 916/916/916
f 916/916/916 891/891/891 917/917/917
f 891/891/891 892/892/892 917/917/917
f 917/917/917 892/892/892 918/918/918
f 892/892/892 893/893/893 918/918/918
f 918/918/918 893/893/893 919/919/919
f 893/893/893 894/894/894 919/919/919
f 919/919/919 894/894/894 920/920/920
f 894/894/894 895/895/895 920/920/920
f 920/920/920 895/895/895 921/921/921
f 895/895/895 896/896/896 921/921/921
f 921/921/921 896/896/896 922/922/922
f 896/896/896 897/897/897 922/922/922
f 922/922/922 897/897/897 923/923/923
f 897/897/897 898/898/898 923/923/923
f 923/923/923 898/898/898 924/924/924
f 898/898/898 899/899/899 924/924/924
f 924/924/924 899/899/899 925/925/925
f 899/899/899 900/900/900 925/925/925
f 925/925/925 900/900/900 926/926/926
f 900/900/900 901/901/901 926/926/926
f 926/926/926 901/901/901 927/927/927
f 901/901/901 902/902/902 927/927/927
f 927/927/927 902/902/902 928/928/928
f 902/902/902 903/903/903 928/928/928
f 928/928/928 903/903/903 929/929/929
f 903/903/903 904/904/904 929/929/929
f 929/929/929 904/904/904 930/930/930
f 904/904/904 905/905/905 930/930/930
f 930/930/930 905/905/905 931/931/931
f 905/905/905 906/906/906 931/931/931
f 931/931/931 906/906/906 932/932/932
f 906/906/906 907/907/907 932/932/932
f 932/932/932 907/907/907 933/933/933
f 907/907/907 908/908/908 933/933/933
f 933/933/933 908/908/908 934/934/934
f 908/908/908 909/909/909 934/934/934
f 934/934/934 909/909/909 935/935/935
f 909/909/909 910/910/910 935/935/935
f 935/935/935 910/910/910 936/936/936
f 910/910/910 911/911/911 936/936/936
f 936/936/936 911/911/911 937/937/937
f 911/911/911 912/912/912 937/937/937
f 938/938/938 913/913/913 939/939/939
f 913/913/913 914/914/914 939/939/939
f 939/939/939 914/914/914 940/940/940
f 914/914/914 915/915/915 940/940/940
f 940/940/940 915/915/915 941/941/941
f 915/915/915 916/916/916 941/941/941
f 941/941/941 916/916/916 942/942/942
f 916/916/916 917/917/917 942/942/942
f 942/942/942 917/917/917 943/943/943
f 917/917/917 918/918/918 943/943/943
f 943/943/943 918/918/918 944/944/944
f 918/918/918 919/919/919 944/944/944
f 944/944/944 919/919/919 945/945/945
f 919/919/919 920/920/920 945/945/945
f 945/945/945 920/920/920 946/946/946
f 920/920/920 921/921/921 946/946/946
f 946/946/946 921/921/921 947/947/947
f 921/921/921 922/922/922 947/947/947
f 947/947/947 922/922/922 948/948/948
f 922/922/922 923/923/923 948/948/948
f 948/948/948 923/923/923 949/949/949
f 923/923/923 924/924/924 949/949/949
f 949/949/949 924/924/924 950/950/950
f 924/924/924 925/925/925 950/950/950
f 950/950/950 925/925/925 951/951/951
f 925/925/925 926/926/926 951/951/951
f 951/951/951 926/926/926 952/952/952
f 926/926/926 927/927/927 952/952/952
f 952/952/952 927/927/927 953/953/953
f 927/927/927 928/928/928 953/953/953
f 953/953/953 928/928/928 954/954/954
f 928/928/928 929/929/929 954/954/954
f 954/954/954 929/929/929 955/955/955
f 929/929/929 930/930/930 955/955/955
f 955/955/955 930/930/930 956/956/956
f 930/930/930 931/931/931 956/956/956
f 956/956/956 931/931/931 957/957/957
f 931/931/931 932/932/932 957/957/957
f 957/957/957 932/932/932 958/958/958
f 932/932/932 933/933/933 958/958/958
f 958/958/958 933/933/933 959/959/959
f 933/933/933 934/934/934 959/959/959
f 959/959/959 934/934/934 960/960/960
f 934/934/934 935/935/935 960/960/960
f 960/960/960 935/935/935 961/961/961
f 935/935/935 936/936/936 961/961/961
f 961/961/961 936/936/936 962/962/962
f 936/936/936 937/937/937 962/962/962
f 963/963/963 938/938/938 964/964/964
f 938/938/938 939/939/939 964/964/964
f 964/964/964 939/939/939 965/965/965
f 939/939/939 940/940/940 965/965/965
f 965/965/965 940/940/940 966/966/966
f 940/940/940 941/941/941 966/966/966
f 966/966/966 941/941/941 967/967/967
f 941/941/941 942/942/942 967/967/967
f 967/967/967 942/942/942 968/968/968
f 942/942/942 943/943/943 968/968/968
f 968/968/968 943/943/943 969/969/969
f 943/943/943 944/944/944 969/969/969
f 969/969/969 944/944/944 970/970/970
f 944/944/944 945/945/945 970/970/970
f 970/970/970 945/945/945 971/971/971
f 945/945/945 946/946/946 971/971/971
f 971/971/971 946/946/946 972/972/972
f 946/946/946 947/947/947 972/972/972
f 972/972/972 947/947/947 973/973/973
f 947/947/947 948/948/948 973/973/973
f 973/973/973 948/948/948 974/974/974
f 948/948/948 949/949/949 974/974/974
f 974/974/974 949/949/949 975/975/975
f 949/949/949 950/950/950 975/975/975
f 975/975/975 950/950/950 976/976/976
f 950/950/950 951/951/951 976/976/976
f 976/976/976 951/951/951 977/977/977
f 951/951/951 952/952/952 977/977/977
f 977/977/977 952/952/952 978/978/978
f 952/952/952 953/953/953 978/978/978
f 978/978/978 953/953/953 979/979/979
f 953/953/953 954/954/954 979/979/979
f 979/979/979 954/954/954 980/980/980
f 954/954/954 955/955/955 980/980/980
f 980/980/980 955/955/955 981/981/981
f 955/955/955 956/956/956 981/981/981
f 981/981/981 956/956/956 982/982/982
f 956/956/956 957/957/957 982/982/982
f 982/982/982 957/957/957 983/983/983
f 957/957/957 958/958/958 983/983/983
f 983/983/983 958/958/958 984/984/984
f 958/958/958 959/959/959 984/984/984
f 984/984/984 959/959/959 985/985/985
f 959/959/959 960/960/960 985/985/985
f 985/985/985 960/960/960 986/986/986
f 960/960/960 961/961/961 986/986/986
f 986/986/986 961/961/961 987/987/987
f 961/961/961 962/962/962 987/987/987
o 
v -0.105 0.1900000035762787 0.12299999922513961
v -0.09441986542195081 0.1900000035762787 0.11956230599433183
v -0.08788098350167274 0.1900000035762787 0.11056230591610074
v -0.08788098350167274 0.1900000035762787 0.09943769408389926
v -0.09441986542195081 0.1900000035762787 0.09043769400566816
v -0.105 0.1900000035762787 0.08700000077486038
v -0.11558013457804918 0.1900000035762787 0.09043769400566816
v -0.12211901649832725 0.1900000035762787 0.09943769408389926
v -0.12211901649832725 0.1900000035762787 0.11056230591610074
v -0.11558013457804918 0.1900000035762787 0.11956230599433183
v -0.105 0.1900000035762787 0.12299999922513961
v -0.105 0.009999996423721319 0.130000000372529
v -0.09030536890029907 0.009999996423721319 0.12522542431950567
v -0.08122358798980713 0.009999996423721319 0.11272542506456375
v -0.08122358798980713 0.009999996423721319 0.09727457493543624
v -0.09030536890029907 0.009999996423721319 0.0847745756804943
v -0.105 0.009999996423721319 0.07999999962747097
v -0.11969463109970092 0.009999996423721319 0.0847745756804943
v -0.12877641201019285 0.009999996423721319 0.09727457493543624
v -0.12877641201019285 0.009999996423721319 0.11272542506456375
v -0.11969463109970092 0.009999996423721319 0.12522542431950567
v -0.105 0.009999996423721319 0.130000000372529
v -0.105 0.1900000035762787 0.105
v -0.105 0.1900000035762787 0.105
v -0.105 0.1900000035762787 0.105
v -0.105 0.1900000035762787 0.105
v -0.105 0.1900000035762787 0.105
v -0.105 0.1900000035762787 0.105
v -0.105 0.1900000035762787 0.105
v -0.105 0.1900000035762787 0.105
v -0.105 0.1900000035762787 0.105
v -0.105 0.1900000035762787 0.105
v -0.105 0.1900000035762787 0.12299999922513961
v -0.09441986542195081 0.1900000035762787 0.11956230599433183
v -0.08788098350167274 0.1900000035762787 0.11056230591610074
v -0.08788098350167274 0.1900000035762787 0.09943769408389926
v -0.09441986542195081 0.1900000035762787 0.09043769400566816
v -0.105 0.1900000035762787 0.08700000077486038
v -0.11558013457804918 0.1900000035762787 0.09043769400566816
v -0.12211901649832725 0.1900000035762787 0.09943769408389926
v -0.12211901649832725 0.1900000035762787 0.11056230591610074
v -0.11558013457804918 0.1900000035762787 0.11956230599433183
v -0.105 0.1900000035762787 0.12299999922513961
v -0.105 0.009999996423721319 0.105
v -0.105 0.009999996423721319 0.105
v -0.105 0.009999996423721319 0.105
v -0.105 0.009999996423721319 0.105
v -0.105 0.009999996423721319 0.105
v -0.105 0.009999996423721319 0.105
v -0.105 0.009999996423721319 0.105
v -0.105 0.009999996423721319 0.105
v -0.105 0.009999996423721319 0.105
v -0.105 0.009999996423721319 0.105
v -0.105 0.009999996423721319 0.130000000372529
v -0.09030536890029907 0.009999996423721319 0.12522542431950567
v -0.08122358798980713 0.009999996423721319 0.11272542506456375
v -0.08122358798980713 0.009999996423721319 0.09727457493543624
v -0.09030536890029907 0.009999996423721319 0.0847745756804943
v -0.105 0.009999996423721319 0.07999999962747097
v -0.11969463109970092 0.009999996423721319 0.0847745756804943
v -0.12877641201019285 0.009999996423721319 0.09727457493543624
v -0.12877641201019285 0.009999996423721319 0.11272542506456375
v -0.11969463109970092 0.009999996423721319 0.12522542431950567
v -0.105 0.009999996423721319 0.130000000372529
vt 0 1
vt 0.10000000149011612 1
vt 0.20000000298023224 1
vt 0.30000001192092896 1
vt 0.4000000059604645 1
vt 0.5 1
vt 0.6000000238418579 1
vt 0.699999988079071 1
vt 0.800000011920929 1
vt 0.8999999761581421 1
vt 1 1
vt 0 0
vt 0.10000000149011612 0
vt 0.20000000298023224 0
vt 0.30000001192092896 0
vt 0.4000000059604645 0
vt 0.5 0
vt 0.6000000238418579 0
vt 0.699999988079071 0
vt 0.800000011920929 0
vt 0.8999999761581421 0
vt 1 0
vt 0.5 0.5
vt 0.5 0.5
vt 0.5 0.5
vt 0.5 0.5
vt 0.5 0.5
vt 0.5 0.5
vt 0.5 0.5
vt 0.5 0.5
vt 0.5 0.5
vt 0.5 0.5
vt 1 0.5
vt 0.9045084714889526 0.7938926219940186
vt 0.6545084714889526 0.9755282402038574
vt 0.345491498708725 0.9755282402038574
vt 0.09549150615930557 0.7938926219940186
vt 0 0.5
vt 0.09549150615930557 0.20610737800598145
vt 0.345491498708725 0.024471741169691086
vt 0.6545084714889526 0.024471741169691086
vt 0.9045084714889526 0.20610737800598145
vt 1 0.5
vt 0.5 0.5
vt 0.5 0.5
vt 0.5 0.5
vt 0.5 0.5
vt 0.5 0.5
vt 0.5 0.5
vt 0.5 0.5
vt 0.5 0.5
vt 0.5 0.5
vt 0.5 0.5
vt 1 0.5
vt 0.9045084714889526 0.20610737800598145
vt 0.6545084714889526 0.024471741169691086
vt 0.345491498708725 0.024471741169691086
vt 0.09549150615930557 0.20610737800598145
vt 0 0.5
vt 0.09549150615930557 0.7938926219940186
vt 0.345491498708725 0.9755282402038574
vt 0.6545084714889526 0.9755282402038574
vt 0.9045084714889526 0.7938926219940186
vt 1 0.5
vn 0 0.03885951614149131 0.9992446837513067
vn 0.5873412992629371 0.038859515764874696 0.8084059229215509
vn 0.9503381689108307 0.03885951573113522 0.3087835856200122
vn 0.9503381689108307 0.03885951573113522 -0.3087835856200122
vn 0.5873412992629371 0.038859515764874696 -0.8084059229215509
vn 1.2237218585563007e-16 0.03885951614149131 -0.9992446837513067
vn -0.5873412992629371 0.038859515764874696 -0.8084059229215509
vn -0.9503381689108307 0.03885951573113522 -0.3087835856200122
vn -0.9503381689108307 0.03885951573113522 0.3087835856200122
vn -0.5873412992629371 0.038859515764874696 0.8084059229215509
vn -2.4474437171126015e-16 0.03885951614149131 0.9992446837513067
vn 0 0.03885951614149131 0.9992446837513067
vn 0.5873412992629371 0.038859515764874696 0.8084059229215509
vn 0.9503381689108307 0.03885951573113522 0.3087835856200122
vn 0.9503381689108307 0.03885951573113522 -0.3087835856200122
vn 0.5873412992629371 0.038859515764874696 -0.8084059229215509
vn 1.2237218585563007e-16 0.03885951614149131 -0.9992446837513067
vn -0.5873412992629371 0.038859515764874696 -0.8084059229215509
vn -0.9503381689108307 0.03885951573113522 -0.3087835856200122
vn -0.9503381689108307 0.03885951573113522 0.3087835856200122
vn -0.5873412992629371 0.038859515764874696 0.8084059229215509
vn -2.4474437171126015e-16 0.03885951614149131 0.9992446837513067
vn 0 1 0
vn 0 1 0
vn 0 1 0
vn 0 1 0
vn 0 1 0
vn 0 1 0
vn 0 1 0
vn 0 1 0
vn 0 1 0
vn 0 1 0
vn 0 1 0
vn 0 1 0
vn 0 1 0
vn 0 1 0
vn 0 1 0
vn 0 1 0
vn 0 1 0
vn 0 1 0
vn 0 1 0
vn 0 1 0
vn 0 1 0
vn 0 -1 0
vn 0 -1 0
vn 0 -1 0
vn 0 -1 0
vn 0 -1 0
vn 0 -1 0
vn 0 -1 0
vn 0 -1 0
vn 0 -1 0
vn 0 -1 0
vn 0 -1 0
vn 0 -1 0
vn 0 -1 0
vn 0 -1 0
vn 0 -1 0
vn 0 -1 0
vn 0 -1 0
vn 0 -1 0
vn 0 -1 0
vn 0 -1 0
vn 0 -1 0
f 988/988/988 999/999/999 989/989/989
f 999/999/999 1000/1000/1000 989/989/989
f 989/989/989 1000/1000/1000 990/990/990
f 1000/1000/1000 1001/1001/1001 990/990/990
f 990/990/990 1001/1001/1001 991/991/991
f 1001/1001/1001 1002/1002/1002 991/991/991
f 991/991/991 1002/1002/1002 992/992/992
f 1002/1002/1002 1003/1003/1003 992/992/992
f 992/992/992 1003/1003/1003 993/993/993
f 1003/1003/1003 1004/1004/1004 993/993/993
f 993/993/993 1004/1004/1004 994/994/994
f 1004/1004/1004 1005/1005/1005 994/994/994
f 994/994/994 1005/1005/1005 995/995/995
f 1005/1005/1005 1006/1006/1006 995/995/995
f 995/995/995 1006/1006/1006 996/996/996
f 1006/1006/1006 1007/1007/1007 996/996/996
f 996/996/996 1007/1007/1007 997/997/997
f 1007/1007/1007 1008/1008/1008 997/997/997
f 997/997/997 1008/1008/1008 998/998/998
f 1008/1008/1008 1009/1009/1009 998/998/998
f 1020/1020/1020 1021/1021/1021 1010/1010/1010
f 1021/1021/1021 1022/1022/1022 1011/1011/1011
f 1022/1022/1022 1023/1023/1023 1012/1012/1012
f 1023/1023/1023 1024/1024/1024 1013/1013/1013
f 1024/1024/1024 1025/1025/1025 1014/1014/1014
f 1025/1025/1025 1026/1026/1026 1015/1015/1015
f 1026/1026/1026 1027/1027/1027 1016/1016/1016
f 1027/1027/1027 1028/1028/1028 1017/1017/1017
f 1028/1028/1028 1029/1029/1029 1018/1018/1018
f 1029/1029/1029 1030/1030/1030 1019/1019/1019
f 1042/1042/1042 1041/1041/1041 1031/1031/1031
f 1043/1043/1043 1042/1042/1042 1032/1032/1032
f 1044/1044/1044 1043/1043/1043 1033/1033/1033
f 1045/1045/1045 1044/1044/1044 1034/1034/1034
f 1046/1046/1046 1045/1045/1045 1035/1035/1035
f 1047/1047/1047 1046/1046/1046 1036/1036/1036
f 1048/1048/1048 1047/1047/1047 1037/1037/1037
f 1049/1049/1049 1048/1048/1048 1038/1038/1038
f 1050/1050/1050 1049/1049/1049 1039/1039/1039
f 1051/1051/1051 1050/1050/1050 1040/1040/1040
o 
v 0.2340469856699367 0.24750000007450582 -0.20222717925213662
v 0.20222717925213662 0.24750000007450582 -0.23404698566993676
v 0.2340469856699367 0.2124999999254942 -0.20222717925213662
v 0.20222717925213662 0.2124999999254942 -0.23404698566993676
v -0.024046985669936724 0.24750000007450582 -0.007772820747863354
v 0.007772820747863368 0.24750000007450582 0.024046985669936752
v -0.024046985669936724 0.2124999999254942 -0.007772820747863354
v 0.007772820747863368 0.2124999999254942 0.024046985669936752
v -0.024046985669936724 0.24750000007450582 -0.007772820747863354
v 0.20222717925213662 0.24750000007450582 -0.23404698566993676
v 0.007772820747863368 0.24750000007450582 0.024046985669936752
v 0.2340469856699367 0.24750000007450582 -0.20222717925213662
v 0.007772820747863368 0.2124999999254942 0.024046985669936752
v 0.2340469856699367 0.2124999999254942 -0.20222717925213662
v -0.024046985669936724 0.2124999999254942 -0.007772820747863354
v 0.20222717925213662 0.2124999999254942 -0.23404698566993676
v 0.007772820747863368 0.24750000007450582 0.024046985669936752
v 0.2340469856699367 0.24750000007450582 -0.20222717925213662
v 0.007772820747863368 0.2124999999254942 0.024046985669936752
v 0.2340469856699367 0.2124999999254942 -0.20222717925213662
v 0.20222717925213662 0.24750000007450582 -0.23404698566993676
v -0.024046985669936724 0.24750000007450582 -0.007772820747863354
v 0.20222717925213662 0.2124999999254942 -0.23404698566993676
v -0.024046985669936724 0.2124999999254942 -0.007772820747863354
vt 0 1
vt 1 1
vt 0 0
vt 1 0
vt 0 1
vt 1 1
vt 0 0
vt 1 0
vt 0 1
vt 1 1
vt 0 0
vt 1 0
vt 0 1
vt 1 1
vt 0 0
vt 1 0
vt 0 1
vt 1 1
vt 0 0
vt 1 0
vt 0 1
vt 1 1
vt 0 0
vt 1 0
vn 0.7071067811865475 0 -0.7071067811865476
vn 0.7071067811865475 0 -0.7071067811865476
vn 0.7071067811865475 0 -0.7071067811865476
vn 0.7071067811865475 0 -0.7071067811865476
vn -0.7071067811865475 0 0.7071067811865476
vn -0.7071067811865475 0 0.7071067811865476
vn -0.7071067811865475 0 0.7071067811865476
vn -0.7071067811865475 0 0.7071067811865476
vn 0 1 0
vn 0 1 0
vn 0 1 0
vn 0 1 0
vn 0 -1 0
vn 0 -1 0
vn 0 -1 0
vn 0 -1 0
vn 0.7071067811865476 0 0.7071067811865475
vn 0.7071067811865476 0 0.7071067811865475
vn 0.7071067811865476 0 0.7071067811865475
vn 0.7071067811865476 0 0.7071067811865475
vn -0.7071067811865476 0 -0.7071067811865475
vn -0.7071067811865476 0 -0.7071067811865475
vn -0.7071067811865476 0 -0.7071067811865475
vn -0.7071067811865476 0 -0.7071067811865475
f 1052/1052/1052 1054/1054/1054 1053/1053/1053
f 1054/1054/1054 1055/1055/1055 1053/1053/1053
f 1056/1056/1056 1058/1058/1058 1057/1057/1057
f 1058/1058/1058 1059/1059/1059 1057/1057/1057
f 1060/1060/1060 1062/1062/1062 1061/1061/1061
f 1062/1062/1062 1063/1063/1063 1061/1061/1061
f 1064/1064/1064 1066/1066/1066 1065/1065/1065
f 1066/1066/1066 1067/1067/1067 1065/1065/1065
f 1068/1068/1068 1070/1070/1070 1069/1069/1069
f 1070/1070/1070 1071/1071/1071 1069/1069/1069
f 1072/1072/1072 1074/1074/1074 1073/1073/1073
f 1074/1074/1074 1075/1075/1075 1073/1073/1073
o 
v 0.3229999980330467 0.25 -0.21
v 0.319149619936943 0.25 -0.18075344808399676
v 0.3078608727455139 0.25 -0.15350000098347663
v 0.28990306615829464 0.25 -0.13009693384170531
v 0.2664999990165233 0.25 -0.11213912725448608
v 0.23924655191600322 0.25 -0.10085038006305694
v 0.21 0.25 -0.09700000196695327
v 0.18075344808399676 0.25 -0.10085038006305694
v 0.15350000098347663 0.25 -0.11213912725448608
v 0.13009693384170531 0.25 -0.13009693384170531
v 0.11213912725448608 0.25 -0.15350000098347663
v 0.10085038006305694 0.25 -0.18075344808399676
v 0.09700000196695327 0.25 -0.21
v 0.10085038006305694 0.25 -0.23924655191600322
v 0.11213912725448608 0.25 -0.2664999990165233
v 0.13009693384170531 0.24999999999999997 -0.28990306615829464
v 0.15350000098347663 0.24999999999999997 -0.3078608727455139
v 0.18075344808399676 0.24999999999999997 -0.319149619936943
v 0.20999999999999996 0.24999999999999997 -0.3229999980330467
v 0.23924655191600322 0.24999999999999997 -0.319149619936943
v 0.2664999990165233 0.24999999999999997 -0.3078608727455139
v 0.28990306615829464 0.24999999999999997 -0.28990306615829464
v 0.3078608727455139 0.25 -0.2664999990165233
v 0.319149619936943 0.25 -0.23924655191600322
v 0.3229999980330467 0.25 -0.21000000000000002
v 0.3177279224991798 0.2372720781713724 -0.21
v 0.31405718535184857 0.2372720781713724 -0.1821179623156786
v 0.303295119702816 0.2372720781713724 -0.15613603875041007
v 0.286175145804882 0.23727207817137244 -0.13382485419511794
v 0.2638639612495899 0.23727207817137244 -0.11670488029718398
v 0.2378820376843214 0.23727207817137244 -0.10594281464815139
v 0.21 0.23727207817137244 -0.10227207750082015
v 0.1821179623156786 0.23727207817137244 -0.10594281464815139
v 0.15613603875041007 0.23727207817137244 -0.11670488029718398
v 0.13382485419511794 0.23727207817137244 -0.13382485419511794
v 0.11670488029718398 0.2372720781713724 -0.15613603875041007
v 0.10594281464815139 0.2372720781713724 -0.1821179623156786
v 0.10227207750082015 0.2372720781713724 -0.20999999999999996
v 0.10594281464815139 0.2372720781713724 -0.2378820376843214
v 0.11670488029718398 0.2372720781713724 -0.2638639612495899
v 0.13382485419511794 0.23727207817137239 -0.286175145804882
v 0.15613603875041007 0.23727207817137239 -0.303295119702816
v 0.1821179623156786 0.23727207817137239 -0.31405718535184857
v 0.20999999999999996 0.23727207817137239 -0.3177279224991798
v 0.2378820376843214 0.23727207817137239 -0.31405718535184857
v 0.2638639612495899 0.23727207817137239 -0.303295119702816
v 0.286175145804882 0.23727207817137239 -0.286175145804882
v 0.303295119702816 0.2372720781713724 -0.2638639612495899
v 0.31405718535184857 0.2372720781713724 -0.2378820376843214
v 0.3177279224991798 0.2372720781713724 -0.21000000000000002
v 0.30499999880790707 0.23200000077486038 -0.21
v 0.30176295250654217 0.23200000077486038 -0.18541218996047973
v 0.2922724103927612 0.23200000077486038 -0.16250000059604644
v 0.2771751424670219 0.23200000077486038 -0.14282485753297805
v 0.2574999994039535 0.2320000007748604 -0.12772758960723876
v 0.23458781003952026 0.2320000007748604 -0.11823704749345779
v 0.21 0.2320000007748604 -0.11500000119209289
v 0.18541218996047973 0.2320000007748604 -0.11823704749345779
v 0.16250000059604644 0.2320000007748604 -0.12772758960723876
v 0.14282485753297805 0.23200000077486038 -0.14282485753297805
v 0.12772758960723876 0.23200000077486038 -0.16250000059604644
v 0.11823704749345779 0.23200000077486038 -0.18541218996047973
v 0.11500000119209289 0.23200000077486038 -0.20999999999999996
v 0.11823704749345779 0.23200000077486038 -0.23458781003952026
v 0.12772758960723876 0.23200000077486038 -0.2574999994039535
v 0.14282485753297805 0.23200000077486038 -0.2771751424670219
v 0.16250000059604644 0.23200000077486035 -0.2922724103927612
v 0.18541218996047973 0.23200000077486035 -0.30176295250654217
v 0.20999999999999996 0.23200000077486035 -0.30499999880790707
v 0.23458781003952026 0.23200000077486035 -0.30176295250654217
v 0.2574999994039535 0.23200000077486035 -0.2922724103927612
v 0.2771751424670219 0.23200000077486038 -0.2771751424670219
v 0.2922724103927612 0.23200000077486038 -0.2574999994039535
v 0.30176295250654217 0.23200000077486038 -0.23458781003952026
v 0.30499999880790707 0.23200000077486038 -0.21000000000000002
v 0.29227207511663433 0.2372720781713724 -0.21
v 0.28946872711181637 0.2372720781713724 -0.18870641946792602
v 0.281249708533287 0.2372720781713724 -0.1688639624416828
v 0.2681751428544521 0.2372720781713724 -0.15182485714554786
v 0.25113603755831715 0.23727207817137244 -0.13875029146671294
v 0.23129358053207397 0.23727207817137244 -0.13053127288818359
v 0.21 0.23727207817137244 -0.12772792488336562
v 0.18870641946792602 0.23727207817137244 -0.13053127288818359
v 0.1688639624416828 0.23727207817137244 -0.13875029146671294
v 0.15182485714554786 0.2372720781713724 -0.15182485714554786
v 0.13875029146671294 0.2372720781713724 -0.1688639624416828
v 0.13053127288818359 0.2372720781713724 -0.18870641946792602
v 0.12772792488336562 0.2372720781713724 -0.21
v 0.13053127288818359 0.2372720781713724 -0.23129358053207397
v 0.13875029146671294 0.2372720781713724 -0.25113603755831715
v 0.15182485714554786 0.2372720781713724 -0.2681751428544521
v 0.1688639624416828 0.23727207817137239 -0.281249708533287
v 0.18870641946792602 0.23727207817137239 -0.28946872711181637
v 0.20999999999999996 0.23727207817137239 -0.29227207511663433
v 0.23129358053207397 0.23727207817137239 -0.28946872711181637
v 0.25113603755831715 0.23727207817137239 -0.281249708533287
v 0.2681751428544521 0.2372720781713724 -0.2681751428544521
v 0.281249708533287 0.2372720781713724 -0.25113603755831715
v 0.28946872711181637 0.2372720781713724 -0.23129358053207397
v 0.29227207511663433 0.2372720781713724 -0.21000000000000002
v 0.28699999958276745 0.25 -0.21
v 0.2843762850761413 0.25 -0.19007093369960784
v 0.2766839554905891 0.25 -0.17150000020861625
v 0.26444722250103947 0.25 -0.1555527774989605
v 0.24849999979138374 0.25 -0.14331604450941085
v 0.22992906630039214 0.25 -0.13562371492385863
v 0.21 0.25 -0.1330000004172325
v 0.19007093369960784 0.25 -0.13562371492385863
v 0.17150000020861625 0.25 -0.14331604450941085
v 0.1555527774989605 0.25 -0.1555527774989605
v 0.14331604450941085 0.25 -0.17150000020861625
v 0.13562371492385863 0.25 -0.19007093369960784
v 0.1330000004172325 0.25 -0.21
v 0.13562371492385863 0.25 -0.22992906630039214
v 0.14331604450941085 0.25 -0.24849999979138374
v 0.1555527774989605 0.24999999999999997 -0.26444722250103947
v 0.17150000020861625 0.24999999999999997 -0.2766839554905891
v 0.19007093369960784 0.24999999999999997 -0.2843762850761413
v 0.20999999999999996 0.24999999999999997 -0.28699999958276745
v 0.22992906630039214 0.24999999999999997 -0.2843762850761413
v 0.24849999979138374 0.24999999999999997 -0.2766839554905891
v 0.26444722250103947 0.24999999999999997 -0.26444722250103947
v 0.2766839554905891 0.25 -0.24849999979138374
v 0.2843762850761413 0.25 -0.22992906630039214
v 0.28699999958276745 0.25 -0.21000000000000002
v 0.29227207511663433 0.2627279218286276 -0.21
v 0.28946872711181637 0.2627279218286276 -0.18870641946792602
v 0.281249708533287 0.2627279218286276 -0.1688639624416828
v 0.2681751428544521 0.2627279218286276 -0.15182485714554786
v 0.25113603755831715 0.2627279218286276 -0.13875029146671294
v 0.23129358053207397 0.2627279218286276 -0.13053127288818359
v 0.21 0.2627279218286276 -0.12772792488336562
v 0.18870641946792602 0.2627279218286276 -0.13053127288818359
v 0.1688639624416828 0.2627279218286276 -0.13875029146671294
v 0.15182485714554786 0.2627279218286276 -0.15182485714554786
v 0.13875029146671294 0.2627279218286276 -0.1688639624416828
v 0.13053127288818359 0.2627279218286276 -0.18870641946792602
v 0.12772792488336562 0.2627279218286276 -0.21
v 0.13053127288818359 0.2627279218286276 -0.23129358053207397
v 0.13875029146671294 0.2627279218286276 -0.25113603755831715
v 0.15182485714554786 0.2627279218286276 -0.2681751428544521
v 0.1688639624416828 0.2627279218286276 -0.281249708533287
v 0.18870641946792602 0.2627279218286276 -0.28946872711181637
v 0.20999999999999996 0.2627279218286276 -0.29227207511663433
v 0.23129358053207397 0.2627279218286276 -0.28946872711181637
v 0.25113603755831715 0.2627279218286276 -0.281249708533287
v 0.2681751428544521 0.2627279218286276 -0.2681751428544521
v 0.281249708533287 0.2627279218286276 -0.25113603755831715
v 0.28946872711181637 0.2627279218286276 -0.23129358053207397
v 0.29227207511663433 0.2627279218286276 -0.21000000000000002
v 0.30499999880790707 0.2679999992251396 -0.21
v 0.30176295250654217 0.2679999992251396 -0.18541218996047973
v 0.2922724103927612 0.2679999992251396 -0.16250000059604644
v 0.2771751424670219 0.2679999992251396 -0.14282485753297805
v 0.2574999994039535 0.2679999992251396 -0.12772758960723876
v 0.23458781003952026 0.2679999992251396 -0.11823704749345779
v 0.21 0.2679999992251396 -0.11500000119209289
v 0.18541218996047973 0.2679999992251396 -0.11823704749345779
v 0.16250000059604644 0.2679999992251396 -0.12772758960723876
v 0.14282485753297805 0.2679999992251396 -0.14282485753297805
v 0.12772758960723876 0.2679999992251396 -0.16250000059604644
v 0.11823704749345779 0.2679999992251396 -0.18541218996047973
v 0.11500000119209289 0.2679999992251396 -0.21
v 0.11823704749345779 0.2679999992251396 -0.23458781003952026
v 0.12772758960723876 0.2679999992251396 -0.25749999940395357
v 0.14282485753297805 0.2679999992251396 -0.2771751424670219
v 0.16250000059604644 0.2679999992251396 -0.2922724103927612
v 0.18541218996047973 0.2679999992251396 -0.30176295250654217
v 0.20999999999999996 0.2679999992251396 -0.30499999880790707
v 0.23458781003952026 0.2679999992251396 -0.30176295250654217
v 0.2574999994039535 0.2679999992251396 -0.2922724103927612
v 0.2771751424670219 0.2679999992251396 -0.2771751424670219
v 0.2922724103927612 0.2679999992251396 -0.25749999940395357
v 0.30176295250654217 0.2679999992251396 -0.23458781003952026
v 0.30499999880790707 0.2679999992251396 -0.21000000000000002
v 0.3177279224991798 0.2627279218286276 -0.21
v 0.31405718535184857 0.2627279218286276 -0.1821179623156786
v 0.303295119702816 0.2627279218286276 -0.15613603875041007
v 0.286175145804882 0.2627279218286276 -0.13382485419511794
v 0.2638639612495899 0.2627279218286276 -0.11670488029718398
v 0.2378820376843214 0.2627279218286276 -0.10594281464815139
v 0.21 0.2627279218286276 -0.10227207750082015
v 0.1821179623156786 0.2627279218286276 -0.10594281464815139
v 0.15613603875041007 0.2627279218286276 -0.11670488029718398
v 0.13382485419511794 0.2627279218286276 -0.13382485419511794
v 0.11670488029718398 0.2627279218286276 -0.15613603875041007
v 0.10594281464815139 0.2627279218286276 -0.1821179623156786
v 0.10227207750082015 0.2627279218286276 -0.21
v 0.10594281464815139 0.2627279218286276 -0.2378820376843214
v 0.11670488029718398 0.2627279218286276 -0.2638639612495899
v 0.13382485419511794 0.2627279218286276 -0.286175145804882
v 0.15613603875041007 0.2627279218286276 -0.303295119702816
v 0.1821179623156786 0.2627279218286276 -0.31405718535184857
v 0.20999999999999996 0.2627279218286276 -0.3177279224991798
v 0.2378820376843214 0.2627279218286276 -0.31405718535184857
v 0.2638639612495899 0.2627279218286276 -0.303295119702816
v 0.286175145804882 0.2627279218286276 -0.286175145804882
v 0.303295119702816 0.2627279218286276 -0.2638639612495899
v 0.31405718535184857 0.2627279218286276 -0.2378820376843214
v 0.3177279224991798 0.2627279218286276 -0.21000000000000002
v 0.3229999980330467 0.25 -0.21
v 0.319149619936943 0.25 -0.18075344808399676
v 0.3078608727455139 0.25 -0.15350000098347663
v 0.28990306615829464 0.25 -0.13009693384170531
v 0.2664999990165233 0.25 -0.11213912725448608
v 0.23924655191600322 0.25000000000000006 -0.10085038006305694
v 0.21 0.25000000000000006 -0.09700000196695327
v 0.18075344808399676 0.25000000000000006 -0.10085038006305694
v 0.15350000098347663 0.25 -0.11213912725448608
v 0.13009693384170531 0.25 -0.13009693384170531
v 0.11213912725448608 0.25 -0.15350000098347663
v 0.10085038006305694 0.25 -0.18075344808399676
v 0.09700000196695327 0.25 -0.21
v 0.10085038006305694 0.25 -0.23924655191600322
v 0.11213912725448608 0.25 -0.2664999990165233
v 0.13009693384170531 0.25 -0.28990306615829464
v 0.15350000098347663 0.24999999999999997 -0.3078608727455139
v 0.18075344808399676 0.24999999999999997 -0.319149619936943
v 0.20999999999999996 0.24999999999999997 -0.3229999980330467
v 0.23924655191600322 0.24999999999999997 -0.319149619936943
v 0.2664999990165233 0.24999999999999997 -0.3078608727455139
v 0.28990306615829464 0.25 -0.28990306615829464
v 0.3078608727455139 0.25 -0.2664999990165233
v 0.319149619936943 0.25 -0.23924655191600322
v 0.3229999980330467 0.25 -0.21000000000000002
vt 0 0
vt 0.0416666679084301 0
vt 0.0833333358168602 0
vt 0.125 0
vt 0.1666666716337204 0
vt 0.2083333283662796 0
vt 0.25 0
vt 0.2916666567325592 0
vt 0.3333333432674408 0
vt 0.375 0
vt 0.4166666567325592 0
vt 0.4583333432674408 0
vt 0.5 0
vt 0.5416666865348816 0
vt 0.5833333134651184 0
vt 0.625 0
vt 0.6666666865348816 0
vt 0.7083333134651184 0
vt 0.75 0
vt 0.7916666865348816 0
vt 0.8333333134651184 0
vt 0.875 0
vt 0.9166666865348816 0
vt 0.9583333134651184 0
vt 1 0
vt 0 0.125
vt 0.0416666679084301 0.125
vt 0.0833333358168602 0.125
vt 0.125 0.125
vt 0.1666666716337204 0.125
vt 0.2083333283662796 0.125
vt 0.25 0.125
vt 0.2916666567325592 0.125
vt 0.3333333432674408 0.125
vt 0.375 0.125
vt 0.4166666567325592 0.125
vt 0.4583333432674408 0.125
vt 0.5 0.125
vt 0.5416666865348816 0.125
vt 0.5833333134651184 0.125
vt 0.625 0.125
vt 0.6666666865348816 0.125
vt 0.7083333134651184 0.125
vt 0.75 0.125
vt 0.7916666865348816 0.125
vt 0.8333333134651184 0.125
vt 0.875 0.125
vt 0.9166666865348816 0.125
vt 0.9583333134651184 0.125
vt 1 0.125
vt 0 0.25
vt 0.0416666679084301 0.25
vt 0.0833333358168602 0.25
vt 0.125 0.25
vt 0.1666666716337204 0.25
vt 0.2083333283662796 0.25
vt 0.25 0.25
vt 0.2916666567325592 0.25
vt 0.3333333432674408 0.25
vt 0.375 0.25
vt 0.4166666567325592 0.25
vt 0.4583333432674408 0.25
vt 0.5 0.25
vt 0.5416666865348816 0.25
vt 0.5833333134651184 0.25
vt 0.625 0.25
vt 0.6666666865348816 0.25
vt 0.7083333134651184 0.25
vt 0.75 0.25
vt 0.7916666865348816 0.25
vt 0.8333333134651184 0.25
vt 0.875 0.25
vt 0.9166666865348816 0.25
vt 0.9583333134651184 0.25
vt 1 0.25
vt 0 0.375
vt 0.0416666679084301 0.375
vt 0.0833333358168602 0.375
vt 0.125 0.375
vt 0.1666666716337204 0.375
vt 0.2083333283662796 0.375
vt 0.25 0.375
vt 0.2916666567325592 0.375
vt 0.3333333432674408 0.375
vt 0.375 0.375
vt 0.4166666567325592 0.375
vt 0.4583333432674408 0.375
vt 0.5 0.375
vt 0.5416666865348816 0.375
vt 0.5833333134651184 0.375
vt 0.625 0.375
vt 0.6666666865348816 0.375
vt 0.7083333134651184 0.375
vt 0.75 0.375
vt 0.7916666865348816 0.375
vt 0.8333333134651184 0.375
vt 0.875 0.375
vt 0.9166666865348816 0.375
vt 0.9583333134651184 0.375
vt 1 0.375
vt 0 0.5
vt 0.0416666679084301 0.5
vt 0.0833333358168602 0.5
vt 0.125 0.5
vt 0.1666666716337204 0.5
vt 0.2083333283662796 0.5
vt 0.25 0.5
vt 0.2916666567325592 0.5
vt 0.3333333432674408 0.5
vt 0.375 0.5
vt 0.4166666567325592 0.5
vt 0.4583333432674408 0.5
vt 0.5 0.5
vt 0.5416666865348816 0.5
vt 0.5833333134651184 0.5
vt 0.625 0.5
vt 0.6666666865348816 0.5
vt 0.7083333134651184 0.5
vt 0.75 0.5
vt 0.7916666865348816 0.5
vt 0.8333333134651184 0.5
vt 0.875 0.5
vt 0.9166666865348816 0.5
vt 0.9583333134651184 0.5
vt 1 0.5
vt 0 0.625
vt 0.0416666679084301 0.625
vt 0.0833333358168602 0.625
vt 0.125 0.625
vt 0.1666666716337204 0.625
vt 0.2083333283662796 0.625
vt 0.25 0.625
vt 0.2916666567325592 0.625
vt 0.3333333432674408 0.625
vt 0.375 0.625
vt 0.4166666567325592 0.625
vt 0.4583333432674408 0.625
vt 0.5 0.625
vt 0.5416666865348816 0.625
vt 0.5833333134651184 0.625
vt 0.625 0.625
vt 0.6666666865348816 0.625
vt 0.7083333134651184 0.625
vt 0.75 0.625
vt 0.7916666865348816 0.625
vt 0.8333333134651184 0.625
vt 0.875 0.625
vt 0.9166666865348816 0.625
vt 0.9583333134651184 0.625
vt 1 0.625
vt 0 0.75
vt 0.0416666679084301 0.75
vt 0.0833333358168602 0.75
vt 0.125 0.75
vt 0.1666666716337204 0.75
vt 0.2083333283662796 0.75
vt 0.25 0.75
vt 0.2916666567325592 0.75
vt 0.3333333432674408 0.75
vt 0.375 0.75
vt 0.4166666567325592 0.75
vt 0.4583333432674408 0.75
vt 0.5 0.75
vt 0.5416666865348816 0.75
vt 0.5833333134651184 0.75
vt 0.625 0.75
vt 0.6666666865348816 0.75
vt 0.7083333134651184 0.75
vt 0.75 0.75
vt 0.7916666865348816 0.75
vt 0.8333333134651184 0.75
vt 0.875 0.75
vt 0.9166666865348816 0.75
vt 0.9583333134651184 0.75
vt 1 0.75
vt 0 0.875
vt 0.0416666679084301 0.875
vt 0.0833333358168602 0.875
vt 0.125 0.875
vt 0.1666666716337204 0.875
vt 0.2083333283662796 0.875
vt 0.25 0.875
vt 0.2916666567325592 0.875
vt 0.3333333432674408 0.875
vt 0.375 0.875
vt 0.4166666567325592 0.875
vt 0.4583333432674408 0.875
vt 0.5 0.875
vt 0.5416666865348816 0.875
vt 0.5833333134651184 0.875
vt 0.625 0.875
vt 0.6666666865348816 0.875
vt 0.7083333134651184 0.875
vt 0.75 0.875
vt 0.7916666865348816 0.875
vt 0.8333333134651184 0.875
vt 0.875 0.875
vt 0.9166666865348816 0.875
vt 0.9583333134651184 0.875
vt 1 0.875
vt 0 1
vt 0.0416666679084301 1
vt 0.0833333358168602 1
vt 0.125 1
vt 0.1666666716337204 1
vt 0.2083333283662796 1
vt 0.25 1
vt 0.2916666567325592 1
vt 0.3333333432674408 1
vt 0.375 1
vt 0.4166666567325592 1
vt 0.4583333432674408 1
vt 0.5 1
vt 0.5416666865348816 1
vt 0.5833333134651184 1
vt 0.625 1
vt 0.6666666865348816 1
vt 0.7083333134651184 1
vt 0.75 1
vt 0.7916666865348816 1
vt 0.8333333134651184 1
vt 0.875 1
vt 0.9166666865348816 1
vt 0.9583333134651184 1
vt 1 1
vn 1 0 0
vn 0.9659258257467466 5.746937306627513e-17 0.2588190471264927
vn 0.8660253998985324 1.1102230395700616e-16 0.5000000067305869
vn 0.7071067811865476 1.5700924586837752e-16 0.7071067811865476
vn 0.5000000067305869 1.9229626777551189e-16 0.8660253998985324
vn 0.2588190471264927 2.1447861836482098e-16 0.9659258257467466
vn 6.123234262925839e-17 2.220446049250313e-16 1
vn -0.2588190471264927 2.1447861836482098e-16 0.9659258257467466
vn -0.5000000067305869 1.9229626777551189e-16 0.8660253998985324
vn -0.7071067811865476 1.5700924586837752e-16 0.7071067811865476
vn -0.8660253998985324 1.1102230395700616e-16 0.5000000067305869
vn -0.9659258257467466 5.746937306627513e-17 0.2588190471264927
vn -1 2.7192622655495665e-32 1.2246468525851679e-16
vn -0.9659258257467466 -5.746937306627513e-17 -0.2588190471264927
vn -0.8660253998985324 -1.1102230395700616e-16 -0.5000000067305869
vn -0.7071067811865476 -1.5700924586837752e-16 -0.7071067811865476
vn -0.5000000067305869 -1.9229626777551189e-16 -0.8660253998985324
vn -0.2588190471264927 -2.1447861836482098e-16 -0.9659258257467466
vn -1.8369701465288538e-16 -2.220446049250313e-16 -1
vn 0.2588190471264927 -2.1447861836482098e-16 -0.9659258257467466
vn 0.5000000067305869 -1.9229626777551189e-16 -0.8660253998985324
vn 0.7071067811865476 -1.5700924586837752e-16 -0.7071067811865476
vn 0.8660253998985324 -1.1102230395700616e-16 -0.5000000067305869
vn 0.9659258257467466 -5.746937306627513e-17 -0.2588190471264927
vn 1 -5.438524531099133e-32 -2.4492937051703357e-16
vn 0.7071067811865476 -0.7071067811865476 1.5700924586837752e-16
vn 0.68301271859882 -0.707106763573214 0.1830127075950312
vn 0.6123724561743086 -0.7071067669986163 0.35355338349930837
vn 0.5000000042785678 -0.7071067751357388 0.5000000042785679
vn 0.3535533834993082 -0.7071067669986163 0.6123724561743087
vn 0.18301270759503102 -0.7071067635732139 0.6830127185988201
vn 4.329780375814312e-17 -0.7071067811865475 0.7071067811865477
vn -0.18301270759503102 -0.7071067635732139 0.6830127185988201
vn -0.3535533834993082 -0.7071067669986163 0.6123724561743087
vn -0.5000000042785678 -0.7071067751357388 0.5000000042785679
vn -0.6123724561743086 -0.7071067669986163 0.35355338349930837
vn -0.68301271859882 -0.707106763573214 0.1830127075950312
vn -0.7071067811865476 -0.7071067811865476 2.4360485338466374e-16
vn -0.68301271859882 -0.707106763573214 -0.18301270759503085
vn -0.6123724561743086 -0.7071067669986165 -0.35355338349930804
vn -0.5000000042785677 -0.7071067751357389 -0.5000000042785675
vn -0.3535533834993082 -0.7071067669986165 -0.6123724561743085
vn -0.18301270759503102 -0.7071067635732141 -0.6830127185988198
vn -1.2989340465698435e-16 -0.7071067811865477 -0.7071067811865475
vn 0.18301270759503102 -0.7071067635732141 -0.6830127185988198
vn 0.3535533834993082 -0.7071067669986165 -0.6123724561743085
vn 0.5000000042785677 -0.7071067751357389 -0.5000000042785675
vn 0.6123724561743086 -0.7071067669986165 -0.35355338349930804
vn 0.68301271859882 -0.707106763573214 -0.18301270759503085
vn 0.7071067811865476 -0.7071067811865476 -1.6181969164194976e-17
vn 0 -1 2.220446049250313e-16
vn 0 -1 2.220446049250313e-16
vn 0 -1 2.220446049250313e-16
vn 0 -1 2.220446049250313e-16
vn 0 -1 2.220446049250313e-16
vn 0 -1 2.220446049250313e-16
vn 0 -1 2.220446049250313e-16
vn 0 -1 2.220446049250313e-16
vn 0 -1 2.220446049250313e-16
vn 0 -1 2.220446049250313e-16
vn 0 -1 2.220446049250313e-16
vn 0 -1 2.220446049250313e-16
vn 0 -1 2.220446049250313e-16
vn 0 -1 2.220446049250313e-16
vn 0 -1 2.220446049250313e-16
vn 0 -1 2.220446049250313e-16
vn 0 -1 2.220446049250313e-16
vn 0 -1 2.220446049250313e-16
vn 0 -1 2.220446049250313e-16
vn 0 -1 2.220446049250313e-16
vn 0 -1 2.220446049250313e-16
vn 0 -1 2.220446049250313e-16
vn 0 -1 2.220446049250313e-16
vn 0 -1 2.220446049250313e-16
vn 0 -1 2.220446049250313e-16
vn -0.7071067811865476 -0.7071067811865476 1.5700924586837752e-16
vn -0.68301271859882 -0.707106763573214 -0.18301270759503085
vn -0.6123724561743086 -0.7071067669986165 -0.35355338349930804
vn -0.5000000042785677 -0.7071067751357389 -0.5000000042785675
vn -0.3535533834993082 -0.7071067669986165 -0.6123724561743085
vn -0.18301270759503102 -0.7071067635732141 -0.6830127185988198
vn -4.329780375814312e-17 -0.7071067811865477 -0.7071067811865475
vn 0.18301270759503102 -0.7071067635732141 -0.6830127185988198
vn 0.3535533834993082 -0.7071067669986165 -0.6123724561743085
vn 0.5000000042785677 -0.7071067751357389 -0.5000000042785675
vn 0.6123724561743086 -0.7071067669986165 -0.35355338349930804
vn 0.68301271859882 -0.707106763573214 -0.18301270759503085
vn 0.7071067811865476 -0.7071067811865476 7.041363835209127e-17
vn 0.68301271859882 -0.707106763573214 0.1830127075950312
vn 0.6123724561743086 -0.7071067669986163 0.35355338349930837
vn 0.5000000042785678 -0.7071067751357388 0.5000000042785679
vn 0.3535533834993082 -0.7071067669986163 0.6123724561743087
vn 0.18301270759503102 -0.7071067635732139 0.6830127185988201
vn 1.2989340465698435e-16 -0.7071067811865475 0.7071067811865477
vn -0.18301270759503102 -0.7071067635732139 0.6830127185988201
vn -0.3535533834993082 -0.7071067669986163 0.6123724561743087
vn -0.5000000042785678 -0.7071067751357388 0.5000000042785679
vn -0.6123724561743086 -0.7071067669986163 0.35355338349930837
vn -0.68301271859882 -0.707106763573214 0.1830127075950312
vn -0.7071067811865476 -0.7071067811865476 3.3020046090095e-16
vn -1 -1.2246468525851679e-16 2.7192622655495665e-32
vn -0.9659258257467466 -1.7993405997622623e-16 -0.2588190471264927
vn -0.8660253998985324 -2.3348699086404134e-16 -0.5000000067305869
vn -0.7071067811865476 -2.7947393322278815e-16 -0.7071067811865476
vn -0.5000000067305869 -3.1476095468254707e-16 -0.8660253998985324
vn -0.2588190471264927 -3.369433052747721e-16 -0.9659258257467466
vn -6.123234262925839e-17 -3.445092901835481e-16 -1
vn 0.2588190471264927 -3.369433052747721e-16 -0.9659258257467466
vn 0.5000000067305869 -3.1476095468254707e-16 -0.8660253998985324
vn 0.7071067811865476 -2.7947393322278815e-16 -0.7071067811865476
vn 0.8660253998985324 -2.3348699086404134e-16 -0.5000000067305869
vn 0.9659258257467466 -1.7993405997622623e-16 -0.2588190471264927
vn 1 -1.224646852585168e-16 -1.2246468525851676e-16
vn 0.9659258257467466 -6.499531384367598e-17 0.2588190471264927
vn 0.8660253998985324 -1.1442382950029033e-17 0.5000000067305869
vn 0.7071067811865476 3.454455851396687e-17 0.7071067811865476
vn 0.5000000067305869 6.983158086847668e-17 0.8660253998985324
vn 0.2588190471264927 9.201393145486987e-17 0.9659258257467466
vn 1.8369701465288538e-16 9.957991966651452e-17 1
vn -0.2588190471264927 9.201393145486987e-17 0.9659258257467466
vn -0.5000000067305869 6.983158086847668e-17 0.8660253998985324
vn -0.7071067811865476 3.454455851396687e-17 0.7071067811865476
vn -0.8660253998985324 -1.1442382950029033e-17 0.5000000067305869
vn -0.9659258257467466 -6.499531384367598e-17 0.2588190471264927
vn -1 -1.2246468525851674e-16 2.449293705170336e-16
vn -0.7071067811865476 0.7071067811865476 -1.5700924586837752e-16
vn -0.68301271859882 0.707106763573214 -0.1830127075950312
vn -0.6123724561743086 0.7071067669986163 -0.35355338349930837
vn -0.5000000042785678 0.7071067751357388 -0.5000000042785679
vn -0.3535533834993082 0.7071067669986163 -0.6123724561743087
vn -0.18301270759503102 0.7071067635732139 -0.6830127185988201
vn -4.329780375814312e-17 0.7071067811865475 -0.7071067811865477
vn 0.18301270759503102 0.7071067635732139 -0.6830127185988201
vn 0.3535533834993082 0.7071067669986163 -0.6123724561743087
vn 0.5000000042785678 0.7071067751357388 -0.5000000042785679
vn 0.6123724561743086 0.7071067669986163 -0.35355338349930837
vn 0.68301271859882 0.707106763573214 -0.1830127075950312
vn 0.7071067811865476 0.7071067811865476 -2.4360485338466374e-16
vn 0.68301271859882 0.707106763573214 0.18301270759503085
vn 0.6123724561743086 0.7071067669986165 0.35355338349930804
vn 0.5000000042785677 0.7071067751357389 0.5000000042785675
vn 0.3535533834993082 0.7071067669986165 0.6123724561743085
vn 0.18301270759503102 0.7071067635732141 0.6830127185988198
vn 1.2989340465698435e-16 0.7071067811865477 0.7071067811865475
vn -0.18301270759503102 0.7071067635732141 0.6830127185988198
vn -0.3535533834993082 0.7071067669986165 0.6123724561743085
vn -0.5000000042785677 0.7071067751357389 0.5000000042785675
vn -0.6123724561743086 0.7071067669986165 0.35355338349930804
vn -0.68301271859882 0.707106763573214 0.18301270759503085
vn -0.7071067811865476 0.7071067811865476 1.6181969164194976e-17
vn 0 1 -2.220446049250313e-16
vn 0 1 -2.220446049250313e-16
vn 0 1 -2.220446049250313e-16
vn 0 1 -2.220446049250313e-16
vn 0 1 -2.220446049250313e-16
vn 0 1 -2.220446049250313e-16
vn 0 1 -2.220446049250313e-16
vn 0 1 -2.220446049250313e-16
vn 0 1 -2.220446049250313e-16
vn 0 1 -2.220446049250313e-16
vn 0 1 -2.220446049250313e-16
vn 0 1 -2.220446049250313e-16
vn 0 1 -2.220446049250313e-16
vn 0 1 -2.220446049250313e-16
vn 0 1 -2.220446049250313e-16
vn 0 1 -2.220446049250313e-16
vn 0 1 -2.220446049250313e-16
vn 0 1 -2.220446049250313e-16
vn 0 1 -2.220446049250313e-16
vn 0 1 -2.220446049250313e-16
vn 0 1 -2.220446049250313e-16
vn 0 1 -2.220446049250313e-16
vn 0 1 -2.220446049250313e-16
vn 0 1 -2.220446049250313e-16
vn 0 1 -2.220446049250313e-16
vn 0.7071067811865476 0.7071067811865476 -1.5700924586837752e-16
vn 0.68301271859882 0.707106763573214 0.18301270759503085
vn 0.6123724561743086 0.7071067669986165 0.35355338349930804
vn 0.5000000042785677 0.7071067751357389 0.5000000042785675
vn 0.3535533834993082 0.7071067669986165 0.6123724561743085
vn 0.18301270759503102 0.7071067635732141 0.6830127185988198
vn 4.329780375814312e-17 0.7071067811865477 0.7071067811865475
vn -0.18301270759503102 0.7071067635732141 0.6830127185988198
vn -0.3535533834993082 0.7071067669986165 0.6123724561743085
vn -0.5000000042785677 0.7071067751357389 0.5000000042785675
vn -0.6123724561743086 0.7071067669986165 0.35355338349930804
vn -0.68301271859882 0.707106763573214 0.18301270759503085
vn -0.7071067811865476 0.7071067811865476 -7.041363835209127e-17
vn -0.68301271859882 0.707106763573214 -0.1830127075950312
vn -0.6123724561743086 0.7071067669986163 -0.35355338349930837
vn -0.5000000042785678 0.7071067751357388 -0.5000000042785679
vn -0.3535533834993082 0.7071067669986163 -0.6123724561743087
vn -0.18301270759503102 0.7071067635732139 -0.6830127185988201
vn -1.2989340465698435e-16 0.7071067811865475 -0.7071067811865477
vn 0.18301270759503102 0.7071067635732139 -0.6830127185988201
vn 0.3535533834993082 0.7071067669986163 -0.6123724561743087
vn 0.5000000042785678 0.7071067751357388 -0.5000000042785679
vn 0.6123724561743086 0.7071067669986163 -0.35355338349930837
vn 0.68301271859882 0.707106763573214 -0.1830127075950312
vn 0.7071067811865476 0.7071067811865476 -3.3020046090095e-16
vn 1 2.4492937051703357e-16 -5.438524531099133e-32
vn 0.9659258257467466 3.0239874688617734e-16 0.2588190471264927
vn 0.8660253998985324 3.5595167777107656e-16 0.5000000067305869
vn 0.7071067811865476 4.0193862057719876e-16 0.7071067811865476
vn 0.5000000067305869 4.3722564158958224e-16 0.8660253998985324
vn 0.2588190471264927 4.594079921847232e-16 0.9659258257467466
vn 6.123234262925839e-17 4.669739754420649e-16 1
vn -0.2588190471264927 4.594079921847232e-16 0.9659258257467466
vn -0.5000000067305869 4.3722564158958224e-16 0.8660253998985324
vn -0.7071067811865476 4.0193862057719876e-16 0.7071067811865476
vn -0.8660253998985324 3.5595167777107656e-16 0.5000000067305869
vn -0.9659258257467466 3.0239874688617734e-16 0.2588190471264927
vn -1 2.449293705170336e-16 1.2246468525851674e-16
vn -0.9659258257467466 1.874600007536271e-16 -0.2588190471264927
vn -0.8660253998985324 1.3390706985706422e-16 -0.5000000067305869
vn -0.7071067811865476 8.792012884044377e-17 -0.7071067811865476
vn -0.5000000067305869 5.26331060385585e-17 -0.8660253998985324
vn -0.2588190471264927 3.0450755455081235e-17 -0.9659258257467466
vn -1.8369701465288538e-16 2.2884765592002263e-17 -1
vn 0.2588190471264927 3.0450755455081235e-17 -0.9659258257467466
vn 0.5000000067305869 5.26331060385585e-17 -0.8660253998985324
vn 0.7071067811865476 8.792012884044377e-17 -0.7071067811865476
vn 0.8660253998985324 1.3390706985706422e-16 -0.5000000067305869
vn 0.9659258257467466 1.874600007536271e-16 -0.2588190471264927
vn 1 2.449293705170335e-16 -2.449293705170336e-16
f 1101/1101/1101 1076/1076/1076 1102/1102/1102
f 1076/1076/1076 1077/1077/1077 1102/1102/1102
f 1102/1102/1102 1077/1077/1077 1103/1103/1103
f 1077/1077/1077 1078/1078/1078 1103/1103/1103
f 1103/1103/1103 1078/1078/1078 1104/1104/1104
f 1078/1078/1078 1079/1079/1079 1104/1104/1104
f 1104/1104/1104 1079/1079/1079 1105/1105/1105
f 1079/1079/1079 1080/1080/1080 1105/1105/1105
f 1105/1105/1105 1080/1080/1080 1106/1106/1106
f 1080/1080/1080 1081/1081/1081 1106/1106/1106
f 1106/1106/1106 1081/1081/1081 1107/1107/1107
f 1081/1081/1081 1082/1082/1082 1107/1107/1107
f 1107/1107/1107 1082/1082/1082 1108/1108/1108
f 1082/1082/1082 1083/1083/1083 1108/1108/1108
f 1108/1108/1108 1083/1083/1083 1109/1109/1109
f 1083/1083/1083 1084/1084/1084 1109/1109/1109
f 1109/1109/1109 1084/1084/1084 1110/1110/1110
f 1084/1084/1084 1085/1085/1085 1110/1110/1110
f 1110/1110/1110 1085/1085/1085 1111/1111/1111
f 1085/1085/1085 1086/1086/1086 1111/1111/1111
f 1111/1111/1111 1086/1086/1086 1112/1112/1112
f 1086/1086/1086 1087/1087/1087 1112/1112/1112
f 1112/1112/1112 1087/1087/1087 1113/1113/1113
f 1087/1087/1087 1088/1088/1088 1113/1113/1113
f 1113/1113/1113 1088/1088/1088 1114/1114/1114
f 1088/1088/1088 1089/1089/1089 1114/1114/1114
f 1114/1114/1114 1089/1089/1089 1115/1115/1115
f 1089/1089/1089 1090/1090/1090 1115/1115/1115
f 1115/1115/1115 1090/1090/1090 1116/1116/1116
f 1090/1090/1090 1091/1091/1091 1116/1116/1116
f 1116/1116/1116 1091/1091/1091 1117/1117/1117
f 1091/1091/1091 1092/1092/1092 1117/1117/1117
f 1117/1117/1117 1092/1092/1092 1118/1118/1118
f 1092/1092/1092 1093/1093/1093 1118/1118/1118
f 1118/1118/1118 1093/1093/1093 1119/1119/1119
f 1093/1093/1093 1094/1094/1094 1119/1119/1119
f 1119/1119/1119 1094/1094/1094 1120/1120/1120
f 1094/1094/1094 1095/1095/1095 1120/1120/1120
f 1120/1120/1120 1095/1095/1095 1121/1121/1121
f 1095/1095/1095 1096/1096/1096 1121/1121/1121
f 1121/1121/1121 1096/1096/1096 1122/1122/1122
f 1096/1096/1096 1097/1097/1097 1122/1122/1122
f 1122/1122/1122 1097/1097/1097 1123/1123/1123
f 1097/1097/1097 1098/1098/1098 1123/1123/1123
f 1123/1123/1123 1098/1098/1098 1124/1124/1124
f 1098/1098/1098 1099/1099/1099 1124/1124/1124
f 1124/1124/1124 1099/1099/1099 1125/1125/1125
f 1099/1099/1099 1100/1100/1100 1125/1125/1125
f 1126/1126/1126 1101/1101/1101 1127/1127/1127
f 1101/1101/1101 1102/1102/1102 1127/1127/1127
f 1127/1127/1127 1102/1102/1102 1128/1128/1128
f 1102/1102/1102 1103/1103/1103 1128/1128/1128
f 1128/1128/1128 1103/1103/1103 1129/1129/1129
f 1103/1103/1103 1104/1104/1104 1129/1129/1129
f 1129/1129/1129 1104/1104/1104 1130/1130/1130
f 1104/1104/1104 1105/1105/1105 1130/1130/1130
f 1130/1130/1130 1105/1105/1105 1131/1131/1131
f 1105/1105/1105 1106/1106/1106 1131/1131/1131
f 1131/1131/1131 1106/1106/1106 1132/1132/1132
f 1106/1106/1106 1107/1107/1107 1132/1132/1132
f 1132/1132/1132 1107/1107/1107 1133/1133/1133
f 1107/1107/1107 1108/1108/1108 1133/1133/1133
f 1133/1133/1133 1108/1108/1108 1134/1134/1134
f 1108/1108/1108 1109/1109/1109 1134/1134/1134
f 1134/1134/1134 1109/1109/1109 1135/1135/1135
f 1109/1109/1109 1110/1110/1110 1135/1135/1135
f 1135/1135/1135 1110/1110/1110 1136/1136/1136
f 1110/1110/1110 1111/1111/1111 1136/1136/1136
f 1136/1136/1136 1111/1111/1111 1137/1137/1137
f 1111/1111/1111 1112/1112/1112 1137/1137/1137
f 1137/1137/1137 1112/1112/1112 1138/1138/1138
f 1112/1112/1112 1113/1113/1113 1138/1138/1138
f 1138/1138/1138 1113/1113/1113 1139/1139/1139
f 1113/1113/1113 1114/1114/1114 1139/1139/1139
f 1139/1139/1139 1114/1114/1114 1140/1140/1140
f 1114/1114/1114 1115/1115/1115 1140/1140/1140
f 1140/1140/1140 1115/1115/1115 1141/1141/1141
f 1115/1115/1115 1116/1116/1116 1141/1141/1141
f 1141/1141/1141 1116/1116/1116 1142/1142/1142
f 1116/1116/1116 1117/1117/1117 1142/1142/1142
f 1142/1142/1142 1117/1117/1117 1143/1143/1143
f 1117/1117/1117 1118/1118/1118 1143/1143/1143
f 1143/1143/1143 1118/1118/1118 1144/1144/1144
f 1118/1118/1118 1119/1119/1119 1144/1144/1144
f 1144/1144/1144 1119/1119/1119 1145/1145/1145
f 1119/1119/1119 1120/1120/1120 1145/1145/1145
f 1145/1145/1145 1120/1120/1120 1146/1146/1146
f 1120/1120/1120 1121/1121/1121 1146/1146/1146
f 1146/1146/1146 1121/1121/1121 1147/1147/1147
f 1121/1121/1121 1122/1122/1122 1147/1147/1147
f 1147/1147/1147 1122/1122/1122 1148/1148/1148
f 1122/1122/1122 1123/1123/1123 1148/1148/1148
f 1148/1148/1148 1123/1123/1123 1149/1149/1149
f 1123/1123/1123 1124/1124/1124 1149/1149/1149
f 1149/1149/1149 1124/1124/1124 1150/1150/1150
f 1124/1124/1124 1125/1125/1125 1150/1150/1150
f 1151/1151/1151 1126/1126/1126 1152/1152/1152
f 1126/1126/1126 1127/1127/1127 1152/1152/1152
f 1152/1152/1152 1127/1127/1127 1153/1153/1153
f 1127/1127/1127 1128/1128/1128 1153/1153/1153
f 1153/1153/1153 1128/1128/1128 1154/1154/1154
f 1128/1128/1128 1129/1129/1129 1154/1154/1154
f 1154/1154/1154 1129/1129/1129 1155/1155/1155
f 1129/1129/1129 1130/1130/1130 1155/1155/1155
f 1155/1155/1155 1130/1130/1130 1156/1156/1156
f 1130/1130/1130 1131/1131/1131 1156/1156/1156
f 1156/1156/1156 1131/1131/1131 1157/1157/1157
f 1131/1131/1131 1132/1132/1132 1157/1157/1157
f 1157/1157/1157 1132/1132/1132 1158/1158/1158
f 1132/1132/1132 1133/1133/1133 1158/1158/1158
f 1158/1158/1158 1133/1133/1133 1159/1159/1159
f 1133/1133/1133 1134/1134/1134 1159/1159/1159
f 1159/1159/1159 1134/1134/1134 1160/1160/1160
f 1134/1134/1134 1135/1135/1135 1160/1160/1160
f 1160/1160/1160 1135/1135/1135 1161/1161/1161
f 1135/1135/1135 1136/1136/1136 1161/1161/1161
f 1161/1161/1161 1136/1136/1136 1162/1162/1162
f 1136/1136/1136 1137/1137/1137 1162/1162/1162
f 1162/1162/1162 1137/1137/1137 1163/1163/1163
f 1137/1137/1137 1138/1138/1138 1163/1163/1163
f 1163/1163/1163 1138/1138/1138 1164/1164/1164
f 1138/1138/1138 1139/1139/1139 1164/1164/1164
f 1164/1164/1164 1139/1139/1139 1165/1165/1165
f 1139/1139/1139 1140/1140/1140 1165/1165/1165
f 1165/1165/1165 1140/1140/1140 1166/1166/1166
f 1140/1140/1140 1141/1141/1141 1166/1166/1166
f 1166/1166/1166 1141/1141/1141 1167/1167/1167
f 1141/1141/1141 1142/1142/1142 1167/1167/1167
f 1167/1167/1167 1142/1142/1142 1168/1168/1168
f 1142/1142/1142 1143/1143/1143 1168/1168/1168
f 1168/1168/1168 1143/1143/1143 1169/1169/1169
f 1143/1143/1143 1144/1144/1144 1169/1169/1169
f 1169/1169/1169 1144/1144/1144 1170/1170/1170
f 1144/1144/1144 1145/1145/1145 1170/1170/1170
f 1170/1170/1170 1145/1145/1145 1171/1171/1171
f 1145/1145/1145 1146/1146/1146 1171/1171/1171
f 1171/1171/1171 1146/1146/1146 1172/1172/1172
f 1146/1146/1146 1147/1147/1147 1172/1172/1172
f 1172/1172/1172 1147/1147/1147 1173/1173/1173
f 1147/1147/1147 1148/1148/1148 1173/1173/1173
f 1173/1173/1173 1148/1148/1148 1174/1174/1174
f 1148/1148/1148 1149/1149/1149 1174/1174/1174
f 1174/1174/1174 1149/1149/1149 1175/1175/1175
f 1149/1149/1149 1150/1150/1150 1175/1175/1175
f 1176/1176/1176 1151/1151/1151 1177/1177/1177
f 1151/1151/1151 1152/1152/1152 1177/1177/1177
f 1177/1177/1177 1152/1152/1152 1178/1178/1178
f 1152/1152/1152 1153/1153/1153 1178/1178/1178
f 1178/1178/1178 1153/1153/1153 1179/1179/1179
f 1153/1153/1153 1154/1154/1154 1179/1179/1179
f 1179/1179/1179 1154/1154/1154 1180/1180/1180
f 1154/1154/1154 1155/1155/1155 1180/1180/1180
f 1180/1180/1180 1155/1155/1155 1181/1181/1181
f 1155/1155/1155 1156/1156/1156 1181/1181/1181
f 1181/1181/1181 1156/1156/1156 1182/1182/1182
f 1156/1156/1156 1157/1157/1157 1182/1182/1182
f 1182/1182/1182 1157/1157/1157 1183/1183/1183
f 1157/1157/1157 1158/1158/1158 1183/1183/1183
f 1183/1183/1183 1158/1158/1158 1184/1184/1184
f 1158/1158/1158 1159/1159/1159 1184/1184/1184
f 1184/1184/1184 1159/1159/1159 1185/1185/1185
f 1159/1159/1159 1160/1160/1160 1185/1185/1185
f 1185/1185/1185 1160/1160/1160 1186/1186/1186
f 1160/1160/1160 1161/1161/1161 1186/1186/1186
f 1186/1186/1186 1161/1161/1161 1187/1187/1187
f 1161/1161/1161 1162/1162/1162 1187/1187/1187
f 1187/1187/1187 1162/1162/1162 1188/1188/1188
f 1162/1162/1162 1163/1163/1163 1188/1188/1188
f 1188/1188/1188 1163/1163/1163 1189/1189/1189
f 1163/1163/1163 1164/1164/1164 1189/1189/1189
f 1189/1189/1189 1164/1164/1164 1190/1190/1190
f 1164/1164/1164 1165/1165/1165 1190/1190/1190
f 1190/1190/1190 1165/1165/1165 1191/1191/1191
f 1165/1165/1165 1166/1166/1166 1191/1191/1191
f 1191/1191/1191 1166/1166/1166 1192/1192/1192
f 1166/1166/1166 1167/1167/1167 1192/1192/1192
f 1192/1192/1192 1167/1167/1167 1193/1193/1193
f 1167/1167/1167 1168/1168/1168 1193/1193/1193
f 1193/1193/1193 1168/1168/1168 1194/1194/1194
f 1168/1168/1168 1169/1169/1169 1194/1194/1194
f 1194/1194/1194 1169/1169/1169 1195/1195/1195
f 1169/1169/1169 1170/1170/1170 1195/1195/1195
f 1195/1195/1195 1170/1170/1170 1196/1196/1196
f 1170/1170/1170 1171/1171/1171 1196/1196/1196
f 1196/1196/1196 1171/1171/1171 1197/1197/1197
f 1171/1171/1171 1172/1172/1172 1197/1197/1197
f 1197/1197/1197 1172/1172/1172 1198/1198/1198
f 1172/1172/1172 1173/1173/1173 1198/1198/1198
f 1198/1198/1198 1173/1173/1173 1199/1199/1199
f 1173/1173/1173 1174/1174/1174 1199/1199/1199
f 1199/1199/1199 1174/1174/1174 1200/1200/1200
f 1174/1174/1174 1175/1175/1175 1200/1200/1200
f 1201/1201/1201 1176/1176/1176 1202/1202/1202
f 1176/1176/1176 1177/1177/1177 1202/1202/1202
f 1202/1202/1202 1177/1177/1177 1203/1203/1203
f 1177/1177/1177 1178/1178/1178 1203/1203/1203
f 1203/1203/1203 1178/1178/1178 1204/1204/1204
f 1178/1178/1178 1179/1179/1179 1204/1204/1204
f 1204/1204/1204 1179/1179/1179 1205/1205/1205
f 1179/1179/1179 1180/1180/1180 1205/1205/1205
f 1205/1205/1205 1180/1180/1180 1206/1206/1206
f 1180/1180/1180 1181/1181/1181 1206/1206/1206
f 1206/1206/1206 1181/1181/1181 1207/1207/1207
f 1181/1181/1181 1182/1182/1182 1207/1207/1207
f 1207/1207/1207 1182/1182/1182 1208/1208/1208
f 1182/1182/1182 1183/1183/1183 1208/1208/1208
f 1208/1208/1208 1183/1183/1183 1209/1209/1209
f 1183/1183/1183 1184/1184/1184 1209/1209/1209
f 1209/1209/1209 1184/1184/1184 1210/1210/1210
f 1184/1184/1184 1185/1185/1185 1210/1210/1210
f 1210/1210/1210 1185/1185/1185 1211/1211/1211
f 1185/1185/1185 1186/1186/1186 1211/1211/1211
f 1211/1211/1211 1186/1186/1186 1212/1212/1212
f 1186/1186/1186 1187/1187/1187 1212/1212/1212
f 1212/1212/1212 1187/1187/1187 1213/1213/1213
f 1187/1187/1187 1188/1188/1188 1213/1213/1213
f 1213/1213/1213 1188/1188/1188 1214/1214/1214
f 1188/1188/1188 1189/1189/1189 1214/1214/1214
f 1214/1214/1214 1189/1189/1189 1215/1215/1215
f 1189/1189/1189 1190/1190/1190 1215/1215/1215
f 1215/1215/1215 1190/1190/1190 1216/1216/1216
f 1190/1190/1190 1191/1191/1191 1216/1216/1216
f 1216/1216/1216 1191/1191/1191 1217/1217/1217
f 1191/1191/1191 1192/1192/1192 1217/1217/1217
f 1217/1217/1217 1192/1192/1192 1218/1218/1218
f 1192/1192/1192 1193/1193/1193 1218/1218/1218
f 1218/1218/1218 1193/1193/1193 1219/1219/1219
f 1193/1193/1193 1194/1194/1194 1219/1219/1219
f 1219/1219/1219 1194/1194/1194 1220/1220/1220
f 1194/1194/1194 1195/1195/1195 1220/1220/1220
f 1220/1220/1220 1195/1195/1195 1221/1221/1221
f 1195/1195/1195 1196/1196/1196 1221/1221/1221
f 1221/1221/1221 1196/1196/1196 1222/1222/1222
f 1196/1196/1196 1197/1197/1197 1222/1222/1222
f 1222/1222/1222 1197/1197/1197 1223/1223/1223
f 1197/1197/1197 1198/1198/1198 1223/1223/1223
f 1223/1223/1223 1198/1198/1198 1224/1224/1224
f 1198/1198/1198 1199/1199/1199 1224/1224/1224
f 1224/1224/1224 1199/1199/1199 1225/1225/1225
f 1199/1199/1199 1200/1200/1200 1225/1225/1225
f 1226/1226/1226 1201/1201/1201 1227/1227/1227
f 1201/1201/1201 1202/1202/1202 1227/1227/1227
f 1227/1227/1227 1202/1202/1202 1228/1228/1228
f 1202/1202/1202 1203/1203/1203 1228/1228/1228
f 1228/1228/1228 1203/1203/1203 1229/1229/1229
f 1203/1203/1203 1204/1204/1204 1229/1229/1229
f 1229/1229/1229 1204/1204/1204 1230/1230/1230
f 1204/1204/1204 1205/1205/1205 1230/1230/1230
f 1230/1230/1230 1205/1205/1205 1231/1231/1231
f 1205/1205/1205 1206/1206/1206 1231/1231/1231
f 1231/1231/1231 1206/1206/1206 1232/1232/1232
f 1206/1206/1206 1207/1207/1207 1232/1232/1232
f 1232/1232/1232 1207/1207/1207 1233/1233/1233
f 1207/1207/1207 1208/1208/1208 1233/1233/1233
f 1233/1233/1233 1208/1208/1208 1234/1234/1234
f 1208/1208/1208 1209/1209/1209 1234/1234/1234
f 1234/1234/1234 1209/1209/1209 1235/1235/1235
f 1209/1209/1209 1210/1210/1210 1235/1235/1235
f 1235/1235/1235 1210/1210/1210 1236/1236/1236
f 1210/1210/1210 1211/1211/1211 1236/1236/1236
f 1236/1236/1236 1211/1211/1211 1237/1237/1237
f 1211/1211/1211 1212/1212/1212 1237/1237/1237
f 1237/1237/1237 1212/1212/1212 1238/1238/1238
f 1212/1212/1212 1213/1213/1213 1238/1238/1238
f 1238/1238/1238 1213/1213/1213 1239/1239/1239
f 1213/1213/1213 1214/1214/1214 1239/1239/1239
f 1239/1239/1239 1214/1214/1214 1240/1240/1240
f 1214/1214/1214 1215/1215/1215 1240/1240/1240
f 1240/1240/1240 1215/1215/1215 1241/1241/1241
f 1215/1215/1215 1216/1216/1216 1241/1241/1241
f 1241/1241/1241 1216/1216/1216 1242/1242/1242
f 1216/1216/1216 1217/1217/1217 1242/1242/1242
f 1242/1242/1242 1217/1217/1217 1243/1243/1243
f 1217/1217/1217 1218/1218/1218 1243/1243/1243
f 1243/1243/1243 1218/1218/1218 1244/1244/1244
f 1218/1218/1218 1219/1219/1219 1244/1244/1244
f 1244/1244/1244 1219/1219/1219 1245/1245/1245
f 1219/1219/1219 1220/1220/1220 1245/1245/1245
f 1245/1245/1245 1220/1220/1220 1246/1246/1246
f 1220/1220/1220 1221/1221/1221 1246/1246/1246
f 1246/1246/1246 1221/1221/1221 1247/1247/1247
f 1221/1221/1221 1222/1222/1222 1247/1247/1247
f 1247/1247/1247 1222/1222/1222 1248/1248/1248
f 1222/1222/1222 1223/1223/1223 1248/1248/1248
f 1248/1248/1248 1223/1223/1223 1249/1249/1249
f 1223/1223/1223 1224/1224/1224 1249/1249/1249
f 1249/1249/1249 1224/1224/1224 1250/1250/1250
f 1224/1224/1224 1225/1225/1225 1250/1250/1250
f 1251/1251/1251 1226/1226/1226 1252/1252/1252
f 1226/1226/1226 1227/1227/1227 1252/1252/1252
f 1252/1252/1252 1227/1227/1227 1253/1253/1253
f 1227/1227/1227 1228/1228/1228 1253/1253/1253
f 1253/1253/1253 1228/1228/1228 1254/1254/1254
f 1228/1228/1228 1229/1229/1229 1254/1254/1254
f 1254/1254/1254 1229/1229/1229 1255/1255/1255
f 1229/1229/1229 1230/1230/1230 1255/1255/1255
f 1255/1255/1255 1230/1230/1230 1256/1256/1256
f 1230/1230/1230 1231/1231/1231 1256/1256/1256
f 1256/1256/1256 1231/1231/1231 1257/1257/1257
f 1231/1231/1231 1232/1232/1232 1257/1257/1257
f 1257/1257/1257 1232/1232/1232 1258/1258/1258
f 1232/1232/1232 1233/1233/1233 1258/1258/1258
f 1258/1258/1258 1233/1233/1233 1259/1259/1259
f 1233/1233/1233 1234/1234/1234 1259/1259/1259
f 1259/1259/1259 1234/1234/1234 1260/1260/1260
f 1234/1234/1234 1235/1235/1235 1260/1260/1260
f 1260/1260/1260 1235/1235/1235 1261/1261/1261
f 1235/1235/1235 1236/1236/1236 1261/1261/1261
f 1261/1261/1261 1236/1236/1236 1262/1262/1262
f 1236/1236/1236 1237/1237/1237 1262/1262/1262
f 1262/1262/1262 1237/1237/1237 1263/1263/1263
f 1237/1237/1237 1238/1238/1238 1263/1263/1263
f 1263/1263/1263 1238/1238/1238 1264/1264/1264
f 1238/1238/1238 1239/1239/1239 1264/1264/1264
f 1264/1264/1264 1239/1239/1239 1265/1265/1265
f 1239/1239/1239 1240/1240/1240 1265/1265/1265
f 1265/1265/1265 1240/1240/1240 1266/1266/1266
f 1240/1240/1240 1241/1241/1241 1266/1266/1266
f 1266/1266/1266 1241/1241/1241 1267/1267/1267
f 1241/1241/1241 1242/1242/1242 1267/1267/1267
f 1267/1267/1267 1242/1242/1242 1268/1268/1268
f 1242/1242/1242 1243/1243/1243 1268/1268/1268
f 1268/1268/1268 1243/1243/1243 1269/1269/1269
f 1243/1243/1243 1244/1244/1244 1269/1269/1269
f 1269/1269/1269 1244/1244/1244 1270/1270/1270
f 1244/1244/1244 1245/1245/1245 1270/1270/1270
f 1270/1270/1270 1245/1245/1245 1271/1271/1271
f 1245/1245/1245 1246/1246/1246 1271/1271/1271
f 1271/1271/1271 1246/1246/1246 1272/1272/1272
f 1246/1246/1246 1247/1247/1247 1272/1272/1272
f 1272/1272/1272 1247/1247/1247 1273/1273/1273
f 1247/1247/1247 1248/1248/1248 1273/1273/1273
f 1273/1273/1273 1248/1248/1248 1274/1274/1274
f 1248/1248/1248 1249/1249/1249 1274/1274/1274
f 1274/1274/1274 1249/1249/1249 1275/1275/1275
f 1249/1249/1249 1250/1250/1250 1275/1275/1275
f 1276/1276/1276 1251/1251/1251 1277/1277/1277
f 1251/1251/1251 1252/1252/1252 1277/1277/1277
f 1277/1277/1277 1252/1252/1252 1278/1278/1278
f 1252/1252/1252 1253/1253/1253 1278/1278/1278
f 1278/1278/1278 1253/1253/1253 1279/1279/1279
f 1253/1253/1253 1254/1254/1254 1279/1279/1279
f 1279/1279/1279 1254/1254/1254 1280/1280/1280
f 1254/1254/1254 1255/1255/1255 1280/1280/1280
f 1280/1280/1280 1255/1255/1255 1281/1281/1281
f 1255/1255/1255 1256/1256/1256 1281/1281/1281
f 1281/1281/1281 1256/1256/1256 1282/1282/1282
f 1256/1256/1256 1257/1257/1257 1282/1282/1282
f 1282/1282/1282 1257/1257/1257 1283/1283/1283
f 1257/1257/1257 1258/1258/1258 1283/1283/1283
f 1283/1283/1283 1258/1258/1258 1284/1284/1284
f 1258/1258/1258 1259/1259/1259 1284/1284/1284
f 1284/1284/1284 1259/1259/1259 1285/1285/1285
f 1259/1259/1259 1260/1260/1260 1285/1285/1285
f 1285/1285/1285 1260/1260/1260 1286/1286/1286
f 1260/1260/1260 1261/1261/1261 1286/1286/1286
f 1286/1286/1286 1261/1261/1261 1287/1287/1287
f 1261/1261/1261 1262/1262/1262 1287/1287/1287
f 1287/1287/1287 1262/1262/1262 1288/1288/1288
f 1262/1262/1262 1263/1263/1263 1288/1288/1288
f 1288/1288/1288 1263/1263/1263 1289/1289/1289
f 1263/1263/1263 1264/1264/1264 1289/1289/1289
f 1289/1289/1289 1264/1264/1264 1290/1290/1290
f 1264/1264/1264 1265/1265/1265 1290/1290/1290
f 1290/1290/1290 1265/1265/1265 1291/1291/1291
f 1265/1265/1265 1266/1266/1266 1291/1291/1291
f 1291/1291/1291 1266/1266/1266 1292/1292/1292
f 1266/1266/1266 1267/1267/1267 1292/1292/1292
f 1292/1292/1292 1267/1267/1267 1293/1293/1293
f 1267/1267/1267 1268/1268/1268 1293/1293/1293
f 1293/1293/1293 1268/1268/1268 1294/1294/1294
f 1268/1268/1268 1269/1269/1269 1294/1294/1294
f 1294/1294/1294 1269/1269/1269 1295/1295/1295
f 1269/1269/1269 1270/1270/1270 1295/1295/1295
f 1295/1295/1295 1270/1270/1270 1296/1296/1296
f 1270/1270/1270 1271/1271/1271 1296/1296/1296
f 1296/1296/1296 1271/1271/1271 1297/1297/1297
f 1271/1271/1271 1272/1272/1272 1297/1297/1297
f 1297/1297/1297 1272/1272/1272 1298/1298/1298
f 1272/1272/1272 1273/1273/1273 1298/1298/1298
f 1298/1298/1298 1273/1273/1273 1299/1299/1299
f 1273/1273/1273 1274/1274/1274 1299/1299/1299
f 1299/1299/1299 1274/1274/1274 1300/1300/1300
f 1274/1274/1274 1275/1275/1275 1300/1300/1300
o 
v 0.105 0.1900000035762787 -0.08700000077486038
v 0.11558013457804918 0.1900000035762787 -0.09043769400566816
v 0.12211901649832725 0.1900000035762787 -0.09943769408389926
v 0.12211901649832725 0.1900000035762787 -0.11056230591610074
v 0.11558013457804918 0.1900000035762787 -0.11956230599433183
v 0.105 0.1900000035762787 -0.12299999922513961
v 0.09441986542195081 0.1900000035762787 -0.11956230599433183
v 0.08788098350167274 0.1900000035762787 -0.11056230591610074
v 0.08788098350167274 0.1900000035762787 -0.09943769408389926
v 0.09441986542195081 0.1900000035762787 -0.09043769400566816
v 0.105 0.1900000035762787 -0.08700000077486038
v 0.105 0.009999996423721319 -0.07999999962747097
v 0.11969463109970092 0.009999996423721319 -0.0847745756804943
v 0.12877641201019285 0.009999996423721319 -0.09727457493543624
v 0.12877641201019285 0.009999996423721319 -0.11272542506456375
v 0.11969463109970092 0.009999996423721319 -0.12522542431950567
v 0.105 0.009999996423721319 -0.130000000372529
v 0.09030536890029907 0.009999996423721319 -0.12522542431950567
v 0.08122358798980713 0.009999996423721319 -0.11272542506456375
v 0.08122358798980713 0.009999996423721319 -0.09727457493543624
v 0.09030536890029907 0.009999996423721319 -0.0847745756804943
v 0.105 0.009999996423721319 -0.07999999962747097
v 0.105 0.1900000035762787 -0.105
v 0.105 0.1900000035762787 -0.105
v 0.105 0.1900000035762787 -0.105
v 0.105 0.1900000035762787 -0.105
v 0.105 0.1900000035762787 -0.105
v 0.105 0.1900000035762787 -0.105
v 0.105 0.1900000035762787 -0.105
v 0.105 0.1900000035762787 -0.105
v 0.105 0.1900000035762787 -0.105
v 0.105 0.1900000035762787 -0.105
v 0.105 0.1900000035762787 -0.08700000077486038
v 0.11558013457804918 0.1900000035762787 -0.09043769400566816
v 0.12211901649832725 0.1900000035762787 -0.09943769408389926
v 0.12211901649832725 0.1900000035762787 -0.11056230591610074
v 0.11558013457804918 0.1900000035762787 -0.11956230599433183
v 0.105 0.1900000035762787 -0.12299999922513961
v 0.09441986542195081 0.1900000035762787 -0.11956230599433183
v 0.08788098350167274 0.1900000035762787 -0.11056230591610074
v 0.08788098350167274 0.1900000035762787 -0.09943769408389926
v 0.09441986542195081 0.1900000035762787 -0.09043769400566816
v 0.105 0.1900000035762787 -0.08700000077486038
v 0.105 0.009999996423721319 -0.105
v 0.105 0.009999996423721319 -0.105
v 0.105 0.009999996423721319 -0.105
v 0.105 0.009999996423721319 -0.105
v 0.105 0.009999996423721319 -0.105
v 0.105 0.009999996423721319 -0.105
v 0.105 0.009999996423721319 -0.105
v 0.105 0.009999996423721319 -0.105
v 0.105 0.009999996423721319 -0.105
v 0.105 0.009999996423721319 -0.105
v 0.105 0.009999996423721319 -0.07999999962747097
v 0.11969463109970092 0.009999996423721319 -0.0847745756804943
v 0.12877641201019285 0.009999996423721319 -0.09727457493543624
v 0.12877641201019285 0.009999996423721319 -0.11272542506456375
v 0.11969463109970092 0.009999996423721319 -0.12522542431950567
v 0.105 0.009999996423721319 -0.130000000372529
v 0.09030536890029907 0.009999996423721319 -0.12522542431950567
v 0.08122358798980713 0.009999996423721319 -0.11272542506456375
v 0.08122358798980713 0.009999996423721319 -0.09727457493543624
v 0.09030536890029907 0.009999996423721319 -0.0847745756804943
v 0.105 0.009999996423721319 -0.07999999962747097
vt 0 1
vt 0.10000000149011612 1
vt 0.20000000298023224 1
vt 0.30000001192092896 1
vt 0.4000000059604645 1
vt 0.5 1
vt 0.6000000238418579 1
vt 0.699999988079071 1
vt 0.800000011920929 1
vt 0.8999999761581421 1
vt 1 1
vt 0 0
vt 0.10000000149011612 0
vt 0.20000000298023224 0
vt 0.30000001192092896 0
vt 0.4000000059604645 0
vt 0.5 0
vt 0.6000000238418579 0
vt 0.699999988079071 0
vt 0.800000011920929 0
vt 0.8999999761581421 0
vt 1 0
vt 0.5 0.5
vt 0.5 0.5
vt 0.5 0.5
vt 0.5 0.5
vt 0.5 0.5
vt 0.5 0.5
vt 0.5 0.5
vt 0.5 0.5
vt 0.5 0.5
vt 0.5 0.5
vt 1 0.5
vt 0.9045084714889526 0.7938926219940186
vt 0.6545084714889526 0.9755282402038574
vt 0.345491498708725 0.9755282402038574
vt 0.09549150615930557 0.7938926219940186
vt 0 0.5
vt 0.09549150615930557 0.20610737800598145
vt 0.345491498708725 0.024471741169691086
vt 0.6545084714889526 0.024471741169691086
vt 0.9045084714889526 0.20610737800598145
vt 1 0.5
vt 0.5 0.5
vt 0.5 0.5
vt 0.5 0.5
vt 0.5 0.5
vt 0.5 0.5
vt 0.5 0.5
vt 0.5 0.5
vt 0.5 0.5
vt 0.5 0.5
vt 0.5 0.5
vt 1 0.5
vt 0.9045084714889526 0.20610737800598145
vt 0.6545084714889526 0.024471741169691086
vt 0.345491498708725 0.024471741169691086
vt 0.09549150615930557 0.20610737800598145
vt 0 0.5
vt 0.09549150615930557 0.7938926219940186
vt 0.345491498708725 0.9755282402038574
vt 0.6545084714889526 0.9755282402038574
vt 0.9045084714889526 0.7938926219940186
vt 1 0.5
vn 0 0.03885951614149131 0.9992446837513067
vn 0.5873412992629371 0.038859515764874696 0.8084059229215509
vn 0.9503381689108307 0.03885951573113522 0.3087835856200122
vn 0.9503381689108307 0.03885951573113522 -0.3087835856200122
vn 0.5873412992629371 0.038859515764874696 -0.8084059229215509
vn 1.2237218585563007e-16 0.03885951614149131 -0.9992446837513067
vn -0.5873412992629371 0.038859515764874696 -0.8084059229215509
vn -0.9503381689108307 0.03885951573113522 -0.3087835856200122
vn -0.9503381689108307 0.03885951573113522 0.3087835856200122
vn -0.5873412992629371 0.038859515764874696 0.8084059229215509
vn -2.4474437171126015e-16 0.03885951614149131 0.9992446837513067
vn 0 0.03885951614149131 0.9992446837513067
vn 0.5873412992629371 0.038859515764874696 0.8084059229215509
vn 0.9503381689108307 0.03885951573113522 0.3087835856200122
vn 0.9503381689108307 0.03885951573113522 -0.3087835856200122
vn 0.5873412992629371 0.038859515764874696 -0.8084059229215509
vn 1.2237218585563007e-16 0.03885951614149131 -0.9992446837513067
vn -0.5873412992629371 0.038859515764874696 -0.8084059229215509
vn -0.9503381689108307 0.03885951573113522 -0.3087835856200122
vn -0.9503381689108307 0.03885951573113522 0.3087835856200122
vn -0.5873412992629371 0.038859515764874696 0.8084059229215509
vn -2.4474437171126015e-16 0.03885951614149131 0.9992446837513067
vn 0 1 0
vn 0 1 0
vn 0 1 0
vn 0 1 0
vn 0 1 0
vn 0 1 0
vn 0 1 0
vn 0 1 0
vn 0 1 0
vn 0 1 0
vn 0 1 0
vn 0 1 0
vn 0 1 0
vn 0 1 0
vn 0 1 0
vn 0 1 0
vn 0 1 0
vn 0 1 0
vn 0 1 0
vn 0 1 0
vn 0 1 0
vn 0 -1 0
vn 0 -1 0
vn 0 -1 0
vn 0 -1 0
vn 0 -1 0
vn 0 -1 0
vn 0 -1 0
vn 0 -1 0
vn 0 -1 0
vn 0 -1 0
vn 0 -1 0
vn 0 -1 0
vn 0 -1 0
vn 0 -1 0
vn 0 -1 0
vn 0 -1 0
vn 0 -1 0
vn 0 -1 0
vn 0 -1 0
vn 0 -1 0
vn 0 -1 0
f 1301/1301/1301 1312/1312/1312 1302/1302/1302
f 1312/1312/1312 1313/1313/1313 1302/1302/1302
f 1302/1302/1302 1313/1313/1313 1303/1303/1303
f 1313/1313/1313 1314/1314/1314 1303/1303/1303
f 1303/1303/1303 1314/1314/1314 1304/1304/1304
f 1314/1314/1314 1315/1315/1315 1304/1304/1304
f 1304/1304/1304 1315/1315/1315 1305/1305/1305
f 1315/1315/1315 1316/1316/1316 1305/1305/1305
f 1305/1305/1305 1316/1316/1316 1306/1306/1306
f 1316/1316/1316 1317/1317/1317 1306/1306/1306
f 1306/1306/1306 1317/1317/1317 1307/1307/1307
f 1317/1317/1317 1318/1318/1318 1307/1307/1307
f 1307/1307/1307 1318/1318/1318 1308/1308/1308
f 1318/1318/1318 1319/1319/1319 1308/1308/1308
f 1308/1308/1308 1319/1319/1319 1309/1309/1309
f 1319/1319/1319 1320/1320/1320 1309/1309/1309
f 1309/1309/1309 1320/1320/1320 1310/1310/1310
f 1320/1320/1320 1321/1321/1321 1310/1310/1310
f 1310/1310/1310 1321/1321/1321 1311/1311/1311
f 1321/1321/1321 1322/1322/1322 1311/1311/1311
f 1333/1333/1333 1334/1334/1334 1323/1323/1323
f 1334/1334/1334 1335/1335/1335 1324/1324/1324
f 1335/1335/1335 1336/1336/1336 1325/1325/1325
f 1336/1336/1336 1337/1337/1337 1326/1326/1326
f 1337/1337/1337 1338/1338/1338 1327/1327/1327
f 1338/1338/1338 1339/1339/1339 1328/1328/1328
f 1339/1339/1339 1340/1340/1340 1329/1329/1329
f 1340/1340/1340 1341/1341/1341 1330/1330/1330
f 1341/1341/1341 1342/1342/1342 1331/1331/1331
f 1342/1342/1342 1343/1343/1343 1332/1332/1332
f 1355/1355/1355 1354/1354/1354 1344/1344/1344
f 1356/1356/1356 1355/1355/1355 1345/1345/1345
f 1357/1357/1357 1356/1356/1356 1346/1346/1346
f 1358/1358/1358 1357/1357/1357 1347/1347/1347
f 1359/1359/1359 1358/1358/1358 1348/1348/1348
f 1360/1360/1360 1359/1359/1359 1349/1349/1349
f 1361/1361/1361 1360/1360/1360 1350/1350/1350
f 1362/1362/1362 1361/1361/1361 1351/1351/1351
f 1363/1363/1363 1362/1362/1362 1352/1352/1352
f 1364/1364/1364 1363/1363/1363 1353/1353/1353
o 
v 0.20222717925213662 0.24750000007450582 0.23404698566993676
v 0.2340469856699367 0.24750000007450582 0.20222717925213662
v 0.20222717925213662 0.2124999999254942 0.23404698566993676
v 0.2340469856699367 0.2124999999254942 0.20222717925213662
v 0.007772820747863368 0.24750000007450582 -0.024046985669936752
v -0.024046985669936724 0.24750000007450582 0.007772820747863354
v 0.007772820747863368 0.2124999999254942 -0.024046985669936752
v -0.024046985669936724 0.2124999999254942 0.007772820747863354
v 0.007772820747863368 0.24750000007450582 -0.024046985669936752
v 0.2340469856699367 0.24750000007450582 0.20222717925213662
v -0.024046985669936724 0.24750000007450582 0.007772820747863354
v 0.20222717925213662 0.24750000007450582 0.23404698566993676
v -0.024046985669936724 0.2124999999254942 0.007772820747863354
v 0.20222717925213662 0.2124999999254942 0.23404698566993676
v 0.007772820747863368 0.2124999999254942 -0.024046985669936752
v 0.2340469856699367 0.2124999999254942 0.20222717925213662
v -0.024046985669936724 0.24750000007450582 0.007772820747863354
v 0.20222717925213662 0.24750000007450582 0.23404698566993676
v -0.024046985669936724 0.2124999999254942 0.007772820747863354
v 0.20222717925213662 0.2124999999254942 0.23404698566993676
v 0.2340469856699367 0.24750000007450582 0.20222717925213662
v 0.007772820747863368 0.24750000007450582 -0.024046985669936752
v 0.2340469856699367 0.2124999999254942 0.20222717925213662
v 0.007772820747863368 0.2124999999254942 -0.024046985669936752
vt 0 1
vt 1 1
vt 0 0
vt 1 0
vt 0 1
vt 1 1
vt 0 0
vt 1 0
vt 0 1
vt 1 1
vt 0 0
vt 1 0
vt 0 1
vt 1 1
vt 0 0
vt 1 0
vt 0 1
vt 1 1
vt 0 0
vt 1 0
vt 0 1
vt 1 1
vt 0 0
vt 1 0
vn 0.7071067811865475 0 0.7071067811865476
vn 0.7071067811865475 0 0.7071067811865476
vn 0.7071067811865475 0 0.7071067811865476
vn 0.7071067811865475 0 0.7071067811865476
vn -0.7071067811865475 0 -0.7071067811865476
vn -0.7071067811865475 0 -0.7071067811865476
vn -0.7071067811865475 0 -0.7071067811865476
vn -0.7071067811865475 0 -0.7071067811865476
vn 0 1 0
vn 0 1 0
vn 0 1 0
vn 0 1 0
vn 0 -1 0
vn 0 -1 0
vn 0 -1 0
vn 0 -1 0
vn -0.7071067811865476 0 0.7071067811865475
vn -0.7071067811865476 0 0.7071067811865475
vn -0.7071067811865476 0 0.7071067811865475
vn -0.7071067811865476 0 0.7071067811865475
vn 0.7071067811865476 0 -0.7071067811865475
vn 0.7071067811865476 0 -0.7071067811865475
vn 0.7071067811865476 0 -0.7071067811865475
vn 0.7071067811865476 0 -0.7071067811865475
f 1365/1365/1365 1367/1367/1367 1366/1366/1366
f 1367/1367/1367 1368/1368/1368 1366/1366/1366
f 1369/1369/1369 1371/1371/1371 1370/1370/1370
f 1371/1371/1371 1372/1372/1372 1370/1370/1370
f 1373/1373/1373 1375/1375/1375 1374/1374/1374
f 1375/1375/1375 1376/1376/1376 1374/1374/1374
f 1377/1377/1377 1379/1379/1379 1378/1378/1378
f 1379/1379/1379 1380/1380/1380 1378/1378/1378
f 1381/1381/1381 1383/1383/1383 1382/1382/1382
f 1383/1383/1383 1384/1384/1384 1382/1382/1382
f 1385/1385/1385 1387/1387/1387 1386/1386/1386
f 1387/1387/1387 1388/1388/1388 1386/1386/1386
o 
v 0.3229999980330467 0.25 0.21
v 0.319149619936943 0.25 0.23924655191600322
v 0.3078608727455139 0.25 0.2664999990165233
v 0.28990306615829464 0.25 0.28990306615829464
v 0.2664999990165233 0.25 0.3078608727455139
v 0.23924655191600322 0.25 0.319149619936943
v 0.21 0.25 0.3229999980330467
v 0.18075344808399676 0.25 0.319149619936943
v 0.15350000098347663 0.25 0.3078608727455139
v 0.13009693384170531 0.25 0.28990306615829464
v 0.11213912725448608 0.25 0.2664999990165233
v 0.10085038006305694 0.25 0.23924655191600322
v 0.09700000196695327 0.25 0.21
v 0.10085038006305694 0.25 0.18075344808399676
v 0.11213912725448608 0.25 0.15350000098347663
v 0.13009693384170531 0.24999999999999997 0.13009693384170531
v 0.15350000098347663 0.24999999999999997 0.11213912725448608
v 0.18075344808399676 0.24999999999999997 0.10085038006305694
v 0.20999999999999996 0.24999999999999997 0.09700000196695327
v 0.23924655191600322 0.24999999999999997 0.10085038006305694
v 0.2664999990165233 0.24999999999999997 0.11213912725448608
v 0.28990306615829464 0.24999999999999997 0.13009693384170531
v 0.3078608727455139 0.25 0.15350000098347663
v 0.319149619936943 0.25 0.18075344808399676
v 0.3229999980330467 0.25 0.20999999999999996
v 0.3177279224991798 0.2372720781713724 0.21
v 0.31405718535184857 0.2372720781713724 0.2378820376843214
v 0.303295119702816 0.2372720781713724 0.2638639612495899
v 0.286175145804882 0.23727207817137244 0.286175145804882
v 0.2638639612495899 0.23727207817137244 0.303295119702816
v 0.2378820376843214 0.23727207817137244 0.31405718535184857
v 0.21 0.23727207817137244 0.3177279224991798
v 0.1821179623156786 0.23727207817137244 0.31405718535184857
v 0.15613603875041007 0.23727207817137244 0.303295119702816
v 0.13382485419511794 0.23727207817137244 0.286175145804882
v 0.11670488029718398 0.2372720781713724 0.2638639612495899
v 0.10594281464815139 0.2372720781713724 0.2378820376843214
v 0.10227207750082015 0.2372720781713724 0.21000000000000002
v 0.10594281464815139 0.2372720781713724 0.1821179623156786
v 0.11670488029718398 0.2372720781713724 0.15613603875041007
v 0.13382485419511794 0.23727207817137239 0.13382485419511794
v 0.15613603875041007 0.23727207817137239 0.11670488029718398
v 0.1821179623156786 0.23727207817137239 0.10594281464815139
v 0.20999999999999996 0.23727207817137239 0.10227207750082015
v 0.2378820376843214 0.23727207817137239 0.10594281464815139
v 0.2638639612495899 0.23727207817137239 0.11670488029718398
v 0.286175145804882 0.23727207817137239 0.13382485419511794
v 0.303295119702816 0.2372720781713724 0.15613603875041007
v 0.31405718535184857 0.2372720781713724 0.1821179623156786
v 0.3177279224991798 0.2372720781713724 0.20999999999999996
v 0.30499999880790707 0.23200000077486038 0.21
v 0.30176295250654217 0.23200000077486038 0.23458781003952026
v 0.2922724103927612 0.23200000077486038 0.25749999940395357
v 0.2771751424670219 0.23200000077486038 0.2771751424670219
v 0.2574999994039535 0.2320000007748604 0.2922724103927612
v 0.23458781003952026 0.2320000007748604 0.30176295250654217
v 0.21 0.2320000007748604 0.30499999880790707
v 0.18541218996047973 0.2320000007748604 0.30176295250654217
v 0.16250000059604644 0.2320000007748604 0.2922724103927612
v 0.14282485753297805 0.23200000077486038 0.2771751424670219
v 0.12772758960723876 0.23200000077486038 0.25749999940395357
v 0.11823704749345779 0.23200000077486038 0.23458781003952026
v 0.11500000119209289 0.23200000077486038 0.21000000000000002
v 0.11823704749345779 0.23200000077486038 0.18541218996047973
v 0.12772758960723876 0.23200000077486038 0.16250000059604644
v 0.14282485753297805 0.23200000077486038 0.14282485753297805
v 0.16250000059604644 0.23200000077486035 0.12772758960723876
v 0.18541218996047973 0.23200000077486035 0.11823704749345779
v 0.20999999999999996 0.23200000077486035 0.11500000119209289
v 0.23458781003952026 0.23200000077486035 0.11823704749345779
v 0.2574999994039535 0.23200000077486035 0.12772758960723876
v 0.2771751424670219 0.23200000077486038 0.14282485753297805
v 0.2922724103927612 0.23200000077486038 0.16250000059604644
v 0.30176295250654217 0.23200000077486038 0.18541218996047973
v 0.30499999880790707 0.23200000077486038 0.20999999999999996
v 0.29227207511663433 0.2372720781713724 0.21
v 0.28946872711181637 0.2372720781713724 0.23129358053207397
v 0.281249708533287 0.2372720781713724 0.25113603755831715
v 0.2681751428544521 0.2372720781713724 0.2681751428544521
v 0.25113603755831715 0.23727207817137244 0.281249708533287
v 0.23129358053207397 0.23727207817137244 0.28946872711181637
v 0.21 0.23727207817137244 0.29227207511663433
v 0.18870641946792602 0.23727207817137244 0.28946872711181637
v 0.1688639624416828 0.23727207817137244 0.281249708533287
v 0.15182485714554786 0.2372720781713724 0.2681751428544521
v 0.13875029146671294 0.2372720781713724 0.25113603755831715
v 0.13053127288818359 0.2372720781713724 0.23129358053207397
v 0.12772792488336562 0.2372720781713724 0.21
v 0.13053127288818359 0.2372720781713724 0.18870641946792602
v 0.13875029146671294 0.2372720781713724 0.1688639624416828
v 0.15182485714554786 0.2372720781713724 0.15182485714554786
v 0.1688639624416828 0.23727207817137239 0.13875029146671294
v 0.18870641946792602 0.23727207817137239 0.13053127288818359
v 0.20999999999999996 0.23727207817137239 0.12772792488336562
v 0.23129358053207397 0.23727207817137239 0.13053127288818359
v 0.25113603755831715 0.23727207817137239 0.13875029146671294
v 0.2681751428544521 0.2372720781713724 0.15182485714554786
v 0.281249708533287 0.2372720781713724 0.1688639624416828
v 0.28946872711181637 0.2372720781713724 0.18870641946792602
v 0.29227207511663433 0.2372720781713724 0.20999999999999996
v 0.28699999958276745 0.25 0.21
v 0.2843762850761413 0.25 0.22992906630039214
v 0.2766839554905891 0.25 0.24849999979138374
v 0.26444722250103947 0.25 0.26444722250103947
v 0.24849999979138374 0.25 0.2766839554905891
v 0.22992906630039214 0.25 0.2843762850761413
v 0.21 0.25 0.28699999958276745
v 0.19007093369960784 0.25 0.2843762850761413
v 0.17150000020861625 0.25 0.2766839554905891
v 0.1555527774989605 0.25 0.26444722250103947
v 0.14331604450941085 0.25 0.24849999979138374
v 0.13562371492385863 0.25 0.22992906630039214
v 0.1330000004172325 0.25 0.21
v 0.13562371492385863 0.25 0.19007093369960784
v 0.14331604450941085 0.25 0.17150000020861625
v 0.1555527774989605 0.24999999999999997 0.1555527774989605
v 0.17150000020861625 0.24999999999999997 0.14331604450941085
v 0.19007093369960784 0.24999999999999997 0.13562371492385863
v 0.20999999999999996 0.24999999999999997 0.1330000004172325
v 0.22992906630039214 0.24999999999999997 0.13562371492385863
v 0.24849999979138374 0.24999999999999997 0.14331604450941085
v 0.26444722250103947 0.24999999999999997 0.1555527774989605
v 0.2766839554905891 0.25 0.17150000020861625
v 0.2843762850761413 0.25 0.19007093369960784
v 0.28699999958276745 0.25 0.20999999999999996
v 0.29227207511663433 0.2627279218286276 0.21
v 0.28946872711181637 0.2627279218286276 0.23129358053207397
v 0.281249708533287 0.2627279218286276 0.25113603755831715
v 0.2681751428544521 0.2627279218286276 0.2681751428544521
v 0.25113603755831715 0.2627279218286276 0.281249708533287
v 0.23129358053207397 0.2627279218286276 0.28946872711181637
v 0.21 0.2627279218286276 0.29227207511663433
v 0.18870641946792602 0.2627279218286276 0.28946872711181637
v 0.1688639624416828 0.2627279218286276 0.281249708533287
v 0.15182485714554786 0.2627279218286276 0.2681751428544521
v 0.13875029146671294 0.2627279218286276 0.25113603755831715
v 0.13053127288818359 0.2627279218286276 0.23129358053207397
v 0.12772792488336562 0.2627279218286276 0.21
v 0.13053127288818359 0.2627279218286276 0.18870641946792602
v 0.13875029146671294 0.2627279218286276 0.1688639624416828
v 0.15182485714554786 0.2627279218286276 0.15182485714554786
v 0.1688639624416828 0.2627279218286276 0.13875029146671294
v 0.18870641946792602 0.2627279218286276 0.13053127288818359
v 0.20999999999999996 0.2627279218286276 0.12772792488336562
v 0.23129358053207397 0.2627279218286276 0.13053127288818359
v 0.25113603755831715 0.2627279218286276 0.13875029146671294
v 0.2681751428544521 0.2627279218286276 0.15182485714554786
v 0.281249708533287 0.2627279218286276 0.1688639624416828
v 0.28946872711181637 0.2627279218286276 0.18870641946792602
v 0.29227207511663433 0.2627279218286276 0.20999999999999996
v 0.30499999880790707 0.2679999992251396 0.21
v 0.30176295250654217 0.2679999992251396 0.23458781003952026
v 0.2922724103927612 0.2679999992251396 0.2574999994039535
v 0.2771751424670219 0.2679999992251396 0.2771751424670219
v 0.2574999994039535 0.2679999992251396 0.2922724103927612
v 0.23458781003952026 0.2679999992251396 0.30176295250654217
v 0.21 0.2679999992251396 0.30499999880790707
v 0.18541218996047973 0.2679999992251396 0.30176295250654217
v 0.16250000059604644 0.2679999992251396 0.2922724103927612
v 0.14282485753297805 0.2679999992251396 0.2771751424670219
v 0.12772758960723876 0.2679999992251396 0.2574999994039535
v 0.11823704749345779 0.2679999992251396 0.23458781003952026
v 0.11500000119209289 0.2679999992251396 0.21
v 0.11823704749345779 0.2679999992251396 0.18541218996047973
v 0.12772758960723876 0.2679999992251396 0.16250000059604644
v 0.14282485753297805 0.2679999992251396 0.14282485753297805
v 0.16250000059604644 0.2679999992251396 0.12772758960723876
v 0.18541218996047973 0.2679999992251396 0.11823704749345779
v 0.20999999999999996 0.2679999992251396 0.11500000119209289
v 0.23458781003952026 0.2679999992251396 0.11823704749345779
v 0.2574999994039535 0.2679999992251396 0.12772758960723876
v 0.2771751424670219 0.2679999992251396 0.14282485753297805
v 0.2922724103927612 0.2679999992251396 0.16250000059604644
v 0.30176295250654217 0.2679999992251396 0.18541218996047973
v 0.30499999880790707 0.2679999992251396 0.20999999999999996
v 0.3177279224991798 0.2627279218286276 0.21
v 0.31405718535184857 0.2627279218286276 0.2378820376843214
v 0.303295119702816 0.2627279218286276 0.2638639612495899
v 0.286175145804882 0.2627279218286276 0.286175145804882
v 0.2638639612495899 0.2627279218286276 0.303295119702816
v 0.2378820376843214 0.2627279218286276 0.31405718535184857
v 0.21 0.2627279218286276 0.3177279224991798
v 0.1821179623156786 0.2627279218286276 0.31405718535184857
v 0.15613603875041007 0.2627279218286276 0.303295119702816
v 0.13382485419511794 0.2627279218286276 0.286175145804882
v 0.11670488029718398 0.2627279218286276 0.2638639612495899
v 0.10594281464815139 0.2627279218286276 0.2378820376843214
v 0.10227207750082015 0.2627279218286276 0.21
v 0.10594281464815139 0.2627279218286276 0.1821179623156786
v 0.11670488029718398 0.2627279218286276 0.15613603875041007
v 0.13382485419511794 0.2627279218286276 0.13382485419511794
v 0.15613603875041007 0.2627279218286276 0.11670488029718398
v 0.1821179623156786 0.2627279218286276 0.10594281464815139
v 0.20999999999999996 0.2627279218286276 0.10227207750082015
v 0.2378820376843214 0.2627279218286276 0.10594281464815139
v 0.2638639612495899 0.2627279218286276 0.11670488029718398
v 0.286175145804882 0.2627279218286276 0.13382485419511794
v 0.303295119702816 0.2627279218286276 0.15613603875041007
v 0.31405718535184857 0.2627279218286276 0.1821179623156786
v 0.3177279224991798 0.2627279218286276 0.20999999999999996
v 0.3229999980330467 0.25 0.21
v 0.319149619936943 0.25 0.23924655191600322
v 0.3078608727455139 0.25 0.2664999990165233
v 0.28990306615829464 0.25 0.28990306615829464
v 0.2664999990165233 0.25 0.3078608727455139
v 0.23924655191600322 0.25000000000000006 0.319149619936943
v 0.21 0.25000000000000006 0.3229999980330467
v 0.18075344808399676 0.25000000000000006 0.319149619936943
v 0.15350000098347663 0.25 0.3078608727455139
v 0.13009693384170531 0.25 0.28990306615829464
v 0.11213912725448608 0.25 0.2664999990165233
v 0.10085038006305694 0.25 0.23924655191600322
v 0.09700000196695327 0.25 0.21
v 0.10085038006305694 0.25 0.18075344808399676
v 0.11213912725448608 0.25 0.15350000098347663
v 0.13009693384170531 0.25 0.13009693384170531
v 0.15350000098347663 0.24999999999999997 0.11213912725448608
v 0.18075344808399676 0.24999999999999997 0.10085038006305694
v 0.20999999999999996 0.24999999999999997 0.09700000196695327
v 0.23924655191600322 0.24999999999999997 0.10085038006305694
v 0.2664999990165233 0.24999999999999997 0.11213912725448608
v 0.28990306615829464 0.25 0.13009693384170531
v 0.3078608727455139 0.25 0.15350000098347663
v 0.319149619936943 0.25 0.18075344808399676
v 0.3229999980330467 0.25 0.20999999999999996
vt 0 0
vt 0.0416666679084301 0
vt 0.0833333358168602 0
vt 0.125 0
vt 0.1666666716337204 0
vt 0.2083333283662796 0
vt 0.25 0
vt 0.2916666567325592 0
vt 0.3333333432674408 0
vt 0.375 0
vt 0.4166666567325592 0
vt 0.4583333432674408 0
vt 0.5 0
vt 0.5416666865348816 0
vt 0.5833333134651184 0
vt 0.625 0
vt 0.6666666865348816 0
vt 0.7083333134651184 0
vt 0.75 0
vt 0.7916666865348816 0
vt 0.8333333134651184 0
vt 0.875 0
vt 0.9166666865348816 0
vt 0.9583333134651184 0
vt 1 0
vt 0 0.125
vt 0.0416666679084301 0.125
vt 0.0833333358168602 0.125
vt 0.125 0.125
vt 0.1666666716337204 0.125
vt 0.2083333283662796 0.125
vt 0.25 0.125
vt 0.2916666567325592 0.125
vt 0.3333333432674408 0.125
vt 0.375 0.125
vt 0.4166666567325592 0.125
vt 0.4583333432674408 0.125
vt 0.5 0.125
vt 0.5416666865348816 0.125
vt 0.5833333134651184 0.125
vt 0.625 0.125
vt 0.6666666865348816 0.125
vt 0.7083333134651184 0.125
vt 0.75 0.125
vt 0.7916666865348816 0.125
vt 0.8333333134651184 0.125
vt 0.875 0.125
vt 0.9166666865348816 0.125
vt 0.9583333134651184 0.125
vt 1 0.125
vt 0 0.25
vt 0.0416666679084301 0.25
vt 0.0833333358168602 0.25
vt 0.125 0.25
vt 0.1666666716337204 0.25
vt 0.2083333283662796 0.25
vt 0.25 0.25
vt 0.2916666567325592 0.25
vt 0.3333333432674408 0.25
vt 0.375 0.25
vt 0.4166666567325592 0.25
vt 0.4583333432674408 0.25
vt 0.5 0.25
vt 0.5416666865348816 0.25
vt 0.5833333134651184 0.25
vt 0.625 0.25
vt 0.6666666865348816 0.25
vt 0.7083333134651184 0.25
vt 0.75 0.25
vt 0.7916666865348816 0.25
vt 0.8333333134651184 0.25
vt 0.875 0.25
vt 0.9166666865348816 0.25
vt 0.9583333134651184 0.25
vt 1 0.25
vt 0 0.375
vt 0.0416666679084301 0.375
vt 0.0833333358168602 0.375
vt 0.125 0.375
vt 0.1666666716337204 0.375
vt 0.2083333283662796 0.375
vt 0.25 0.375
vt 0.2916666567325592 0.375
vt 0.3333333432674408 0.375
vt 0.375 0.375
vt 0.4166666567325592 0.375
vt 0.4583333432674408 0.375
vt 0.5 0.375
vt 0.5416666865348816 0.375
vt 0.5833333134651184 0.375
vt 0.625 0.375
vt 0.6666666865348816 0.375
vt 0.7083333134651184 0.375
vt 0.75 0.375
vt 0.7916666865348816 0.375
vt 0.8333333134651184 0.375
vt 0.875 0.375
vt 0.9166666865348816 0.375
vt 0.9583333134651184 0.375
vt 1 0.375
vt 0 0.5
vt 0.0416666679084301 0.5
vt 0.0833333358168602 0.5
vt 0.125 0.5
vt 0.1666666716337204 0.5
vt 0.2083333283662796 0.5
vt 0.25 0.5
vt 0.2916666567325592 0.5
vt 0.3333333432674408 0.5
vt 0.375 0.5
vt 0.4166666567325592 0.5
vt 0.4583333432674408 0.5
vt 0.5 0.5
vt 0.5416666865348816 0.5
vt 0.5833333134651184 0.5
vt 0.625 0.5
vt 0.6666666865348816 0.5
vt 0.7083333134651184 0.5
vt 0.75 0.5
vt 0.7916666865348816 0.5
vt 0.8333333134651184 0.5
vt 0.875 0.5
vt 0.9166666865348816 0.5
vt 0.9583333134651184 0.5
vt 1 0.5
vt 0 0.625
vt 0.0416666679084301 0.625
vt 0.0833333358168602 0.625
vt 0.125 0.625
vt 0.1666666716337204 0.625
vt 0.2083333283662796 0.625
vt 0.25 0.625
vt 0.2916666567325592 0.625
vt 0.3333333432674408 0.625
vt 0.375 0.625
vt 0.4166666567325592 0.625
vt 0.4583333432674408 0.625
vt 0.5 0.625
vt 0.5416666865348816 0.625
vt 0.5833333134651184 0.625
vt 0.625 0.625
vt 0.6666666865348816 0.625
vt 0.7083333134651184 0.625
vt 0.75 0.625
vt 0.7916666865348816 0.625
vt 0.8333333134651184 0.625
vt 0.875 0.625
vt 0.9166666865348816 0.625
vt 0.9583333134651184 0.625
vt 1 0.625
vt 0 0.75
vt 0.0416666679084301 0.75
vt 0.0833333358168602 0.75
vt 0.125 0.75
vt 0.1666666716337204 0.75
vt 0.2083333283662796 0.75
vt 0.25 0.75
vt 0.2916666567325592 0.75
vt 0.3333333432674408 0.75
vt 0.375 0.75
vt 0.4166666567325592 0.75
vt 0.4583333432674408 0.75
vt 0.5 0.75
vt 0.5416666865348816 0.75
vt 0.5833333134651184 0.75
vt 0.625 0.75
vt 0.6666666865348816 0.75
vt 0.7083333134651184 0.75
vt 0.75 0.75
vt 0.7916666865348816 0.75
vt 0.8333333134651184 0.75
vt 0.875 0.75
vt 0.9166666865348816 0.75
vt 0.9583333134651184 0.75
vt 1 0.75
vt 0 0.875
vt 0.0416666679084301 0.875
vt 0.0833333358168602 0.875
vt 0.125 0.875
vt 0.1666666716337204 0.875
vt 0.2083333283662796 0.875
vt 0.25 0.875
vt 0.2916666567325592 0.875
vt 0.3333333432674408 0.875
vt 0.375 0.875
vt 0.4166666567325592 0.875
vt 0.4583333432674408 0.875
vt 0.5 0.875
vt 0.5416666865348816 0.875
vt 0.5833333134651184 0.875
vt 0.625 0.875
vt 0.6666666865348816 0.875
vt 0.7083333134651184 0.875
vt 0.75 0.875
vt 0.7916666865348816 0.875
vt 0.8333333134651184 0.875
vt 0.875 0.875
vt 0.9166666865348816 0.875
vt 0.9583333134651184 0.875
vt 1 0.875
vt 0 1
vt 0.0416666679084301 1
vt 0.0833333358168602 1
vt 0.125 1
vt 0.1666666716337204 1
vt 0.2083333283662796 1
vt 0.25 1
vt 0.2916666567325592 1
vt 0.3333333432674408 1
vt 0.375 1
vt 0.4166666567325592 1
vt 0.4583333432674408 1
vt 0.5 1
vt 0.5416666865348816 1
vt 0.5833333134651184 1
vt 0.625 1
vt 0.6666666865348816 1
vt 0.7083333134651184 1
vt 0.75 1
vt 0.7916666865348816 1
vt 0.8333333134651184 1
vt 0.875 1
vt 0.9166666865348816 1
vt 0.9583333134651184 1
vt 1 1
vn 1 0 0
vn 0.9659258257467466 5.746937306627513e-17 0.2588190471264927
vn 0.8660253998985324 1.1102230395700616e-16 0.5000000067305869
vn 0.7071067811865476 1.5700924586837752e-16 0.7071067811865476
vn 0.5000000067305869 1.9229626777551189e-16 0.8660253998985324
vn 0.2588190471264927 2.1447861836482098e-16 0.9659258257467466
vn 6.123234262925839e-17 2.220446049250313e-16 1
vn -0.2588190471264927 2.1447861836482098e-16 0.9659258257467466
vn -0.5000000067305869 1.9229626777551189e-16 0.8660253998985324
vn -0.7071067811865476 1.5700924586837752e-16 0.7071067811865476
vn -0.8660253998985324 1.1102230395700616e-16 0.5000000067305869
vn -0.9659258257467466 5.746937306627513e-17 0.2588190471264927
vn -1 2.7192622655495665e-32 1.2246468525851679e-16
vn -0.9659258257467466 -5.746937306627513e-17 -0.2588190471264927
vn -0.8660253998985324 -1.1102230395700616e-16 -0.5000000067305869
vn -0.7071067811865476 -1.5700924586837752e-16 -0.7071067811865476
vn -0.5000000067305869 -1.9229626777551189e-16 -0.8660253998985324
vn -0.2588190471264927 -2.1447861836482098e-16 -0.9659258257467466
vn -1.8369701465288538e-16 -2.220446049250313e-16 -1
vn 0.2588190471264927 -2.1447861836482098e-16 -0.9659258257467466
vn 0.5000000067305869 -1.9229626777551189e-16 -0.8660253998985324
vn 0.7071067811865476 -1.5700924586837752e-16 -0.7071067811865476
vn 0.8660253998985324 -1.1102230395700616e-16 -0.5000000067305869
vn 0.9659258257467466 -5.746937306627513e-17 -0.2588190471264927
vn 1 -5.438524531099133e-32 -2.4492937051703357e-16
vn 0.7071067811865476 -0.7071067811865476 1.5700924586837752e-16
vn 0.68301271859882 -0.707106763573214 0.1830127075950312
vn 0.6123724561743086 -0.7071067669986163 0.35355338349930837
vn 0.5000000042785678 -0.7071067751357388 0.5000000042785679
vn 0.3535533834993082 -0.7071067669986163 0.6123724561743087
vn 0.18301270759503102 -0.7071067635732139 0.6830127185988201
vn 4.329780375814312e-17 -0.7071067811865475 0.7071067811865477
vn -0.18301270759503102 -0.7071067635732139 0.6830127185988201
vn -0.3535533834993082 -0.7071067669986163 0.6123724561743087
vn -0.5000000042785678 -0.7071067751357388 0.5000000042785679
vn -0.6123724561743086 -0.7071067669986163 0.35355338349930837
vn -0.68301271859882 -0.707106763573214 0.1830127075950312
vn -0.7071067811865476 -0.7071067811865476 2.4360485338466374e-16
vn -0.68301271859882 -0.707106763573214 -0.18301270759503085
vn -0.6123724561743086 -0.7071067669986165 -0.35355338349930804
vn -0.5000000042785677 -0.7071067751357389 -0.5000000042785675
vn -0.3535533834993082 -0.7071067669986165 -0.6123724561743085
vn -0.18301270759503102 -0.7071067635732141 -0.6830127185988198
vn -1.2989340465698435e-16 -0.7071067811865477 -0.7071067811865475
vn 0.18301270759503102 -0.7071067635732141 -0.6830127185988198
vn 0.3535533834993082 -0.7071067669986165 -0.6123724561743085
vn 0.5000000042785677 -0.7071067751357389 -0.5000000042785675
vn 0.6123724561743086 -0.7071067669986165 -0.35355338349930804
vn 0.68301271859882 -0.707106763573214 -0.18301270759503085
vn 0.7071067811865476 -0.7071067811865476 -1.6181969164194976e-17
vn 0 -1 2.220446049250313e-16
vn 0 -1 2.220446049250313e-16
vn 0 -1 2.220446049250313e-16
vn 0 -1 2.220446049250313e-16
vn 0 -1 2.220446049250313e-16
vn 0 -1 2.220446049250313e-16
vn 0 -1 2.220446049250313e-16
vn 0 -1 2.220446049250313e-16
vn 0 -1 2.220446049250313e-16
vn 0 -1 2.220446049250313e-16
vn 0 -1 2.220446049250313e-16
vn 0 -1 2.220446049250313e-16
vn 0 -1 2.220446049250313e-16
vn 0 -1 2.220446049250313e-16
vn 0 -1 2.220446049250313e-16
vn 0 -1 2.220446049250313e-16
vn 0 -1 2.220446049250313e-16
vn 0 -1 2.220446049250313e-16
vn 0 -1 2.220446049250313e-16
vn 0 -1 2.220446049250313e-16
vn 0 -1 2.220446049250313e-16
vn 0 -1 2.220446049250313e-16
vn 0 -1 2.220446049250313e-16
vn 0 -1 2.220446049250313e-16
vn 0 -1 2.220446049250313e-16
vn -0.7071067811865476 -0.7071067811865476 1.5700924586837752e-16
vn -0.68301271859882 -0.707106763573214 -0.18301270759503085
vn -0.6123724561743086 -0.7071067669986165 -0.35355338349930804
vn -0.5000000042785677 -0.7071067751357389 -0.5000000042785675
vn -0.3535533834993082 -0.7071067669986165 -0.6123724561743085
vn -0.18301270759503102 -0.7071067635732141 -0.6830127185988198
vn -4.329780375814312e-17 -0.7071067811865477 -0.7071067811865475
vn 0.18301270759503102 -0.7071067635732141 -0.6830127185988198
vn 0.3535533834993082 -0.7071067669986165 -0.6123724561743085
vn 0.5000000042785677 -0.7071067751357389 -0.5000000042785675
vn 0.6123724561743086 -0.7071067669986165 -0.35355338349930804
vn 0.68301271859882 -0.707106763573214 -0.18301270759503085
vn 0.7071067811865476 -0.7071067811865476 7.041363835209127e-17
vn 0.68301271859882 -0.707106763573214 0.1830127075950312
vn 0.6123724561743086 -0.7071067669986163 0.35355338349930837
vn 0.5000000042785678 -0.7071067751357388 0.5000000042785679
vn 0.3535533834993082 -0.7071067669986163 0.6123724561743087
vn 0.18301270759503102 -0.7071067635732139 0.6830127185988201
vn 1.2989340465698435e-16 -0.7071067811865475 0.7071067811865477
vn -0.18301270759503102 -0.7071067635732139 0.6830127185988201
vn -0.3535533834993082 -0.7071067669986163 0.6123724561743087
vn -0.5000000042785678 -0.7071067751357388 0.5000000042785679
vn -0.6123724561743086 -0.7071067669986163 0.35355338349930837
vn -0.68301271859882 -0.707106763573214 0.1830127075950312
vn -0.7071067811865476 -0.7071067811865476 3.3020046090095e-16
vn -1 -1.2246468525851679e-16 2.7192622655495665e-32
vn -0.9659258257467466 -1.7993405997622623e-16 -0.2588190471264927
vn -0.8660253998985324 -2.3348699086404134e-16 -0.5000000067305869
vn -0.7071067811865476 -2.7947393322278815e-16 -0.7071067811865476
vn -0.5000000067305869 -3.1476095468254707e-16 -0.8660253998985324
vn -0.2588190471264927 -3.369433052747721e-16 -0.9659258257467466
vn -6.123234262925839e-17 -3.445092901835481e-16 -1
vn 0.2588190471264927 -3.369433052747721e-16 -0.9659258257467466
vn 0.5000000067305869 -3.1476095468254707e-16 -0.8660253998985324
vn 0.7071067811865476 -2.7947393322278815e-16 -0.7071067811865476
vn 0.8660253998985324 -2.3348699086404134e-16 -0.5000000067305869
vn 0.9659258257467466 -1.7993405997622623e-16 -0.2588190471264927
vn 1 -1.224646852585168e-16 -1.2246468525851676e-16
vn 0.9659258257467466 -6.499531384367598e-17 0.2588190471264927
vn 0.8660253998985324 -1.1442382950029033e-17 0.5000000067305869
vn 0.7071067811865476 3.454455851396687e-17 0.7071067811865476
vn 0.5000000067305869 6.983158086847668e-17 0.8660253998985324
vn 0.2588190471264927 9.201393145486987e-17 0.9659258257467466
vn 1.8369701465288538e-16 9.957991966651452e-17 1
vn -0.2588190471264927 9.201393145486987e-17 0.9659258257467466
vn -0.5000000067305869 6.983158086847668e-17 0.8660253998985324
vn -0.7071067811865476 3.454455851396687e-17 0.7071067811865476
vn -0.8660253998985324 -1.1442382950029033e-17 0.5000000067305869
vn -0.9659258257467466 -6.499531384367598e-17 0.2588190471264927
vn -1 -1.2246468525851674e-16 2.449293705170336e-16
vn -0.7071067811865476 0.7071067811865476 -1.5700924586837752e-16
vn -0.68301271859882 0.707106763573214 -0.1830127075950312
vn -0.6123724561743086 0.7071067669986163 -0.35355338349930837
vn -0.5000000042785678 0.7071067751357388 -0.5000000042785679
vn -0.3535533834993082 0.7071067669986163 -0.6123724561743087
vn -0.18301270759503102 0.7071067635732139 -0.6830127185988201
vn -4.329780375814312e-17 0.7071067811865475 -0.7071067811865477
vn 0.18301270759503102 0.7071067635732139 -0.6830127185988201
vn 0.3535533834993082 0.7071067669986163 -0.6123724561743087
vn 0.5000000042785678 0.7071067751357388 -0.5000000042785679
vn 0.6123724561743086 0.7071067669986163 -0.35355338349930837
vn 0.68301271859882 0.707106763573214 -0.1830127075950312
vn 0.7071067811865476 0.7071067811865476 -2.4360485338466374e-16
vn 0.68301271859882 0.707106763573214 0.18301270759503085
vn 0.6123724561743086 0.7071067669986165 0.35355338349930804
vn 0.5000000042785677 0.7071067751357389 0.5000000042785675
vn 0.3535533834993082 0.7071067669986165 0.6123724561743085
vn 0.18301270759503102 0.7071067635732141 0.6830127185988198
vn 1.2989340465698435e-16 0.7071067811865477 0.7071067811865475
vn -0.18301270759503102 0.7071067635732141 0.6830127185988198
vn -0.3535533834993082 0.7071067669986165 0.6123724561743085
vn -0.5000000042785677 0.7071067751357389 0.5000000042785675
vn -0.6123724561743086 0.7071067669986165 0.35355338349930804
vn -0.68301271859882 0.707106763573214 0.18301270759503085
vn -0.7071067811865476 0.7071067811865476 1.6181969164194976e-17
vn 0 1 -2.220446049250313e-16
vn 0 1 -2.220446049250313e-16
vn 0 1 -2.220446049250313e-16
vn 0 1 -2.220446049250313e-16
vn 0 1 -2.220446049250313e-16
vn 0 1 -2.220446049250313e-16
vn 0 1 -2.220446049250313e-16
vn 0 1 -2.220446049250313e-16
vn 0 1 -2.220446049250313e-16
vn 0 1 -2.220446049250313e-16
vn 0 1 -2.220446049250313e-16
vn 0 1 -2.220446049250313e-16
vn 0 1 -2.220446049250313e-16
vn 0 1 -2.220446049250313e-16
vn 0 1 -2.220446049250313e-16
vn 0 1 -2.220446049250313e-16
vn 0 1 -2.220446049250313e-16
vn 0 1 -2.220446049250313e-16
vn 0 1 -2.220446049250313e-16
vn 0 1 -2.220446049250313e-16
vn 0 1 -2.220446049250313e-16
vn 0 1 -2.220446049250313e-16
vn 0 1 -2.220446049250313e-16
vn 0 1 -2.220446049250313e-16
vn 0 1 -2.220446049250313e-16
vn 0.7071067811865476 0.7071067811865476 -1.5700924586837752e-16
vn 0.68301271859882 0.707106763573214 0.18301270759503085
vn 0.6123724561743086 0.7071067669986165 0.35355338349930804
vn 0.5000000042785677 0.7071067751357389 0.5000000042785675
vn 0.3535533834993082 0.7071067669986165 0.6123724561743085
vn 0.18301270759503102 0.7071067635732141 0.6830127185988198
vn 4.329780375814312e-17 0.7071067811865477 0.7071067811865475
vn -0.18301270759503102 0.7071067635732141 0.6830127185988198
vn -0.3535533834993082 0.7071067669986165 0.6123724561743085
vn -0.5000000042785677 0.7071067751357389 0.5000000042785675
vn -0.6123724561743086 0.7071067669986165 0.35355338349930804
vn -0.68301271859882 0.707106763573214 0.18301270759503085
vn -0.7071067811865476 0.7071067811865476 -7.041363835209127e-17
vn -0.68301271859882 0.707106763573214 -0.1830127075950312
vn -0.6123724561743086 0.7071067669986163 -0.35355338349930837
vn -0.5000000042785678 0.7071067751357388 -0.5000000042785679
vn -0.3535533834993082 0.7071067669986163 -0.6123724561743087
vn -0.18301270759503102 0.7071067635732139 -0.6830127185988201
vn -1.2989340465698435e-16 0.7071067811865475 -0.7071067811865477
vn 0.18301270759503102 0.7071067635732139 -0.6830127185988201
vn 0.3535533834993082 0.7071067669986163 -0.6123724561743087
vn 0.5000000042785678 0.7071067751357388 -0.5000000042785679
vn 0.6123724561743086 0.7071067669986163 -0.35355338349930837
vn 0.68301271859882 0.707106763573214 -0.1830127075950312
vn 0.7071067811865476 0.7071067811865476 -3.3020046090095e-16
vn 1 2.4492937051703357e-16 -5.438524531099133e-32
vn 0.9659258257467466 3.0239874688617734e-16 0.2588190471264927
vn 0.8660253998985324 3.5595167777107656e-16 0.5000000067305869
vn 0.7071067811865476 4.0193862057719876e-16 0.7071067811865476
vn 0.5000000067305869 4.3722564158958224e-16 0.8660253998985324
vn 0.2588190471264927 4.594079921847232e-16 0.9659258257467466
vn 6.123234262925839e-17 4.669739754420649e-16 1
vn -0.2588190471264927 4.594079921847232e-16 0.9659258257467466
vn -0.5000000067305869 4.3722564158958224e-16 0.8660253998985324
vn -0.7071067811865476 4.0193862057719876e-16 0.7071067811865476
vn -0.8660253998985324 3.5595167777107656e-16 0.5000000067305869
vn -0.9659258257467466 3.0239874688617734e-16 0.2588190471264927
vn -1 2.449293705170336e-16 1.2246468525851674e-16
vn -0.9659258257467466 1.874600007536271e-16 -0.2588190471264927
vn -0.8660253998985324 1.3390706985706422e-16 -0.5000000067305869
vn -0.7071067811865476 8.792012884044377e-17 -0.7071067811865476
vn -0.5000000067305869 5.26331060385585e-17 -0.8660253998985324
vn -0.2588190471264927 3.0450755455081235e-17 -0.9659258257467466
vn -1.8369701465288538e-16 2.2884765592002263e-17 -1
vn 0.2588190471264927 3.0450755455081235e-17 -0.9659258257467466
vn 0.5000000067305869 5.26331060385585e-17 -0.8660253998985324
vn 0.7071067811865476 8.792012884044377e-17 -0.7071067811865476
vn 0.8660253998985324 1.3390706985706422e-16 -0.5000000067305869
vn 0.9659258257467466 1.874600007536271e-16 -0.2588190471264927
vn 1 2.449293705170335e-16 -2.449293705170336e-16
f 1414/1414/1414 1389/1389/1389 1415/1415/1415
f 1389/1389/1389 1390/1390/1390 1415/1415/1415
f 1415/1415/1415 1390/1390/1390 1416/1416/1416
f 1390/1390/1390 1391/1391/1391 1416/1416/1416
f 1416/1416/1416 1391/1391/1391 1417/1417/1417
f 1391/1391/1391 1392/1392/1392 1417/1417/1417
f 1417/1417/1417 1392/1392/1392 1418/1418/1418
f 1392/1392/1392 1393/1393/1393 1418/1418/1418
f 1418/1418/1418 1393/1393/1393 1419/1419/1419
f 1393/1393/1393 1394/1394/1394 1419/1419/1419
f 1419/1419/1419 1394/1394/1394 1420/1420/1420
f 1394/1394/1394 1395/1395/1395 1420/1420/1420
f 1420/1420/1420 1395/1395/1395 1421/1421/1421
f 1395/1395/1395 1396/1396/1396 1421/1421/1421
f 1421/1421/1421 1396/1396/1396 1422/1422/1422
f 1396/1396/1396 1397/1397/1397 1422/1422/1422
f 1422/1422/1422 1397/1397/1397 1423/1423/1423
f 1397/1397/1397 1398/1398/1398 1423/1423/1423
f 1423/1423/1423 1398/1398/1398 1424/1424/1424
f 1398/1398/1398 1399/1399/1399 1424/1424/1424
f 1424/1424/1424 1399/1399/1399 1425/1425/1425
f 1399/1399/1399 1400/1400/1400 1425/1425/1425
f 1425/1425/1425 1400/1400/1400 1426/1426/1426
f 1400/1400/1400 1401/1401/1401 1426/1426/1426
f 1426/1426/1426 1401/1401/1401 1427/1427/1427
f 1401/1401/1401 1402/1402/1402 1427/1427/1427
f 1427/1427/1427 1402/1402/1402 1428/1428/1428
f 1402/1402/1402 1403/1403/1403 1428/1428/1428
f 1428/1428/1428 1403/1403/1403 1429/1429/1429
f 1403/1403/1403 1404/1404/1404 1429/1429/1429
f 1429/1429/1429 1404/1404/1404 1430/1430/1430
f 1404/1404/1404 1405/1405/1405 1430/1430/1430
f 1430/1430/1430 1405/1405/1405 1431/1431/1431
f 1405/1405/1405 1406/1406/1406 1431/1431/1431
f 1431/1431/1431 1406/1406/1406 1432/1432/1432
f 1406/1406/1406 1407/1407/1407 1432/1432/1432
f 1432/1432/1432 1407/1407/1407 1433/1433/1433
f 1407/1407/1407 1408/1408/1408 1433/1433/1433
f 1433/1433/1433 1408/1408/1408 1434/1434/1434
f 1408/1408/1408 1409/1409/1409 1434/1434/1434
f 1434/1434/1434 1409/1409/1409 1435/1435/1435
f 1409/1409/1409 1410/1410/1410 1435/1435/1435
f 1435/1435/1435 1410/1410/1410 1436/1436/1436
f 1410/1410/1410 1411/1411/1411 1436/1436/1436
f 1436/1436/1436 1411/1411/1411 1437/1437/1437
f 1411/1411/1411 1412/1412/1412 1437/1437/1437
f 1437/1437/1437 1412/1412/1412 1438/1438/1438
f 1412/1412/1412 1413/1413/1413 1438/1438/1438
f 1439/1439/1439 1414/1414/1414 1440/1440/1440
f 1414/1414/1414 1415/1415/1415 1440/1440/1440
f 1440/1440/1440 1415/1415/1415 1441/1441/1441
f 1415/1415/1415 1416/1416/1416 1441/1441/1441
f 1441/1441/1441 1416/1416/1416 1442/1442/1442
f 1416/1416/1416 1417/1417/1417 1442/1442/1442
f 1442/1442/1442 1417/1417/1417 1443/1443/1443
f 1417/1417/1417 1418/1418/1418 1443/1443/1443
f 1443/1443/1443 1418/1418/1418 1444/1444/1444
f 1418/1418/1418 1419/1419/1419 1444/1444/1444
f 1444/1444/1444 1419/1419/1419 1445/1445/1445
f 1419/1419/1419 1420/1420/1420 1445/1445/1445
f 1445/1445/1445 1420/1420/1420 1446/1446/1446
f 1420/1420/1420 1421/1421/1421 1446/1446/1446
f 1446/1446/1446 1421/1421/1421 1447/1447/1447
f 1421/1421/1421 1422/1422/1422 1447/1447/1447
f 1447/1447/1447 1422/1422/1422 1448/1448/1448
f 1422/1422/1422 1423/1423/1423 1448/1448/1448
f 1448/1448/1448 1423/1423/1423 1449/1449/1449
f 1423/1423/1423 1424/1424/1424 1449/1449/1449
f 1449/1449/1449 1424/1424/1424 1450/1450/1450
f 1424/1424/1424 1425/1425/1425 1450/1450/1450
f 1450/1450/1450 1425/1425/1425 1451/1451/1451
f 1425/1425/1425 1426/1426/1426 1451/1451/1451
f 1451/1451/1451 1426/1426/1426 1452/1452/1452
f 1426/1426/1426 1427/1427/1427 1452/1452/1452
f 1452/1452/1452 1427/1427/1427 1453/1453/1453
f 1427/1427/1427 1428/1428/1428 1453/1453/1453
f 1453/1453/1453 1428/1428/1428 1454/1454/1454
f 1428/1428/1428 1429/1429/1429 1454/1454/1454
f 1454/1454/1454 1429/1429/1429 1455/1455/1455
f 1429/1429/1429 1430/1430/1430 1455/1455/1455
f 1455/1455/1455 1430/1430/1430 1456/1456/1456
f 1430/1430/1430 1431/1431/1431 1456/1456/1456
f 1456/1456/1456 1431/1431/1431 1457/1457/1457
f 1431/1431/1431 1432/1432/1432 1457/1457/1457
f 1457/1457/1457 1432/1432/1432 1458/1458/1458
f 1432/1432/1432 1433/1433/1433 1458/1458/1458
f 1458/1458/1458 1433/1433/1433 1459/1459/1459
f 1433/1433/1433 1434/1434/1434 1459/1459/1459
f 1459/1459/1459 1434/1434/1434 1460/1460/1460
f 1434/1434/1434 1435/1435/1435 1460/1460/1460
f 1460/1460/1460 1435/1435/1435 1461/1461/1461
f 1435/1435/1435 1436/1436/1436 1461/1461/1461
f 1461/1461/1461 1436/1436/1436 1462/1462/1462
f 1436/1436/1436 1437/1437/1437 1462/1462/1462
f 1462/1462/1462 1437/1437/1437 1463/1463/1463
f 1437/1437/1437 1438/1438/1438 1463/1463/1463
f 1464/1464/1464 1439/1439/1439 1465/1465/1465
f 1439/1439/1439 1440/1440/1440 1465/1465/1465
f 1465/1465/1465 1440/1440/1440 1466/1466/1466
f 1440/1440/1440 1441/1441/1441 1466/1466/1466
f 1466/1466/1466 1441/1441/1441 1467/1467/1467
f 1441/1441/1441 1442/1442/1442 1467/1467/1467
f 1467/1467/1467 1442/1442/1442 1468/1468/1468
f 1442/1442/1442 1443/1443/1443 1468/1468/1468
f 1468/1468/1468 1443/1443/1443 1469/1469/1469
f 1443/1443/1443 1444/1444/1444 1469/1469/1469
f 1469/1469/1469 1444/1444/1444 1470/1470/1470
f 1444/1444/1444 1445/1445/1445 1470/1470/1470
f 1470/1470/1470 1445/1445/1445 1471/1471/1471
f 1445/1445/1445 1446/1446/1446 1471/1471/1471
f 1471/1471/1471 1446/1446/1446 1472/1472/1472
f 1446/1446/1446 1447/1447/1447 1472/1472/1472
f 1472/1472/1472 1447/1447/1447 1473/1473/1473
f 1447/1447/1447 1448/1448/1448 1473/1473/1473
f 1473/1473/1473 1448/1448/1448 1474/1474/1474
f 1448/1448/1448 1449/1449/1449 1474/1474/1474
f 1474/1474/1474 1449/1449/1449 1475/1475/1475
f 1449/1449/1449 1450/1450/1450 1475/1475/1475
f 1475/1475/1475 1450/1450/1450 1476/1476/1476
f 1450/1450/1450 1451/1451/1451 1476/1476/1476
f 1476/1476/1476 1451/1451/1451 1477/1477/1477
f 1451/1451/1451 1452/1452/1452 1477/1477/1477
f 1477/1477/1477 1452/1452/1452 1478/1478/1478
f 1452/1452/1452 1453/1453/1453 1478/1478/1478
f 1478/1478/1478 1453/1453/1453 1479/1479/1479
f 1453/1453/1453 1454/1454/1454 1479/1479/1479
f 1479/1479/1479 1454/1454/1454 1480/1480/1480
f 1454/1454/1454 1455/1455/1455 1480/1480/1480
f 1480/1480/1480 1455/1455/1455 1481/1481/1481
f 1455/1455/1455 1456/1456/1456 1481/1481/1481
f 1481/1481/1481 1456/1456/1456 1482/1482/1482
f 1456/1456/1456 1457/1457/1457 1482/1482/1482
f 1482/1482/1482 1457/1457/1457 1483/1483/1483
f 1457/1457/1457 1458/1458/1458 1483/1483/1483
f 1483/1483/1483 1458/1458/1458 1484/1484/1484
f 1458/1458/1458 1459/1459/1459 1484/1484/1484
f 1484/1484/1484 1459/1459/1459 1485/1485/1485
f 1459/1459/1459 1460/1460/1460 1485/1485/1485
f 1485/1485/1485 1460/1460/1460 1486/1486/1486
f 1460/1460/1460 1461/1461/1461 1486/1486/1486
f 1486/1486/1486 1461/1461/1461 1487/1487/1487
f 1461/1461/1461 1462/1462/1462 1487/1487/1487
f 1487/1487/1487 1462/1462/1462 1488/1488/1488
f 1462/1462/1462 1463/1463/1463 1488/1488/1488
f 1489/1489/1489 1464/1464/1464 1490/1490/1490
f 1464/1464/1464 1465/1465/1465 1490/1490/1490
f 1490/1490/1490 1465/1465/1465 1491/1491/1491
f 1465/1465/1465 1466/1466/1466 1491/1491/1491
f 1491/1491/1491 1466/1466/1466 1492/1492/1492
f 1466/1466/1466 1467/1467/1467 1492/1492/1492
f 1492/1492/1492 1467/1467/1467 1493/1493/1493
f 1467/1467/1467 1468/1468/1468 1493/1493/1493
f 1493/1493/1493 1468/1468/1468 1494/1494/1494
f 1468/1468/1468 1469/1469/1469 1494/1494/1494
f 1494/1494/1494 1469/1469/1469 1495/1495/1495
f 1469/1469/1469 1470/1470/1470 1495/1495/1495
f 1495/1495/1495 1470/1470/1470 1496/1496/1496
f 1470/1470/1470 1471/1471/1471 1496/1496/1496
f 1496/1496/1496 1471/1471/1471 1497/1497/1497
f 1471/1471/1471 1472/1472/1472 1497/1497/1497
f 1497/1497/1497 1472/1472/1472 1498/1498/1498
f 1472/1472/1472 1473/1473/1473 1498/1498/1498
f 1498/1498/1498 1473/1473/1473 1499/1499/1499
f 1473/1473/1473 1474/1474/1474 1499/1499/1499
f 1499/1499/1499 1474/1474/1474 1500/1500/1500
f 1474/1474/1474 1475/1475/1475 1500/1500/1500
f 1500/1500/1500 1475/1475/1475 1501/1501/1501
f 1475/1475/1475 1476/1476/1476 1501/1501/1501
f 1501/1501/1501 1476/1476/1476 1502/1502/1502
f 1476/1476/1476 1477/1477/1477 1502/1502/1502
f 1502/1502/1502 1477/1477/1477 1503/1503/1503
f 1477/1477/1477 1478/1478/1478 1503/1503/1503
f 1503/1503/1503 1478/1478/1478 1504/1504/1504
f 1478/1478/1478 1479/1479/1479 1504/1504/1504
f 1504/1504/1504 1479/1479/1479 1505/1505/1505
f 1479/1479/1479 1480/1480/1480 1505/1505/1505
f 1505/1505/1505 1480/1480/1480 1506/1506/1506
f 1480/1480/1480 1481/1481/1481 1506/1506/1506
f 1506/1506/1506 1481/1481/1481 1507/1507/1507
f 1481/1481/1481 1482/1482/1482 1507/1507/1507
f 1507/1507/1507 1482/1482/1482 1508/1508/1508
f 1482/1482/1482 1483/1483/1483 1508/1508/1508
f 1508/1508/1508 1483/1483/1483 1509/1509/1509
f 1483/1483/1483 1484/1484/1484 1509/1509/1509
f 1509/1509/1509 1484/1484/1484 1510/1510/1510
f 1484/1484/1484 1485/1485/1485 1510/1510/1510
f 1510/1510/1510 1485/1485/1485 1511/1511/1511
f 1485/1485/1485 1486/1486/1486 1511/1511/1511
f 1511/1511/1511 1486/1486/1486 1512/1512/1512
f 1486/1486/1486 1487/1487/1487 1512/1512/1512
f 1512/1512/1512 1487/1487/1487 1513/1513/1513
f 1487/1487/1487 1488/1488/1488 1513/1513/1513
f 1514/1514/1514 1489/1489/1489 1515/1515/1515
f 1489/1489/1489 1490/1490/1490 1515/1515/1515
f 1515/1515/1515 1490/1490/1490 1516/1516/1516
f 1490/1490/1490 1491/1491/1491 1516/1516/1516
f 1516/1516/1516 1491/1491/1491 1517/1517/1517
f 1491/1491/1491 1492/1492/1492 1517/1517/1517
f 1517/1517/1517 1492/1492/1492 1518/1518/1518
f 1492/1492/1492 1493/1493/1493 1518/1518/1518
f 1518/1518/1518 1493/1493/1493 1519/1519/1519
f 1493/1493/1493 1494/1494/1494 1519/1519/1519
f 1519/1519/1519 1494/1494/1494 1520/1520/1520
f 1494/1494/1494 1495/1495/1495 1520/1520/1520
f 1520/1520/1520 1495/1495/1495 1521/1521/1521
f 1495/1495/1495 1496/1496/1496 1521/1521/1521
f 1521/1521/1521 1496/1496/1496 1522/1522/1522
f 1496/1496/1496 1497/1497/1497 1522/1522/1522
f 1522/1522/1522 1497/1497/1497 1523/1523/1523
f 1497/1497/1497 1498/1498/1498 1523/1523/1523
f 1523/1523/1523 1498/1498/1498 1524/1524/1524
f 1498/1498/1498 1499/1499/1499 1524/1524/1524
f 1524/1524/1524 1499/1499/1499 1525/1525/1525
f 1499/1499/1499 1500/1500/1500 1525/1525/1525
f 1525/1525/1525 1500/1500/1500 1526/1526/1526
f 1500/1500/1500 1501/1501/1501 1526/1526/1526
f 1526/1526/1526 1501/1501/1501 1527/1527/1527
f 1501/1501/1501 1502/1502/1502 1527/1527/1527
f 1527/1527/1527 1502/1502/1502 1528/1528/1528
f 1502/1502/1502 1503/1503/1503 1528/1528/1528
f 1528/1528/1528 1503/1503/1503 1529/1529/1529
f 1503/1503/1503 1504/1504/1504 1529/1529/1529
f 1529/1529/1529 1504/1504/1504 1530/1530/1530
f 1504/1504/1504 1505/1505/1505 1530/1530/1530
f 1530/1530/1530 1505/1505/1505 1531/1531/1531
f 1505/1505/1505 1506/1506/1506 1531/1531/1531
f 1531/1531/1531 1506/1506/1506 1532/1532/1532
f 1506/1506/1506 1507/1507/1507 1532/1532/1532
f 1532/1532/1532 1507/1507/1507 1533/1533/1533
f 1507/1507/1507 1508/1508/1508 1533/1533/1533
f 1533/1533/1533 1508/1508/1508 1534/1534/1534
f 1508/1508/1508 1509/1509/1509 1534/1534/1534
f 1534/1534/1534 1509/1509/1509 1535/1535/1535
f 1509/1509/1509 1510/1510/1510 1535/1535/1535
f 1535/1535/1535 1510/1510/1510 1536/1536/1536
f 1510/1510/1510 1511/1511/1511 1536/1536/1536
f 1536/1536/1536 1511/1511/1511 1537/1537/1537
f 1511/1511/1511 1512/1512/1512 1537/1537/1537
f 1537/1537/1537 1512/1512/1512 1538/1538/1538
f 1512/1512/1512 1513/1513/1513 1538/1538/1538
f 1539/1539/1539 1514/1514/1514 1540/1540/1540
f 1514/1514/1514 1515/1515/1515 1540/1540/1540
f 1540/1540/1540 1515/1515/1515 1541/1541/1541
f 1515/1515/1515 1516/1516/1516 1541/1541/1541
f 1541/1541/1541 1516/1516/1516 1542/1542/1542
f 1516/1516/1516 1517/1517/1517 1542/1542/1542
f 1542/1542/1542 1517/1517/1517 1543/1543/1543
f 1517/1517/1517 1518/1518/1518 1543/1543/1543
f 1543/1543/1543 1518/1518/1518 1544/1544/1544
f 1518/1518/1518 1519/1519/1519 1544/1544/1544
f 1544/1544/1544 1519/1519/1519 1545/1545/1545
f 1519/1519/1519 1520/1520/1520 1545/1545/1545
f 1545/1545/1545 1520/1520/1520 1546/1546/1546
f 1520/1520/1520 1521/1521/1521 1546/1546/1546
f 1546/1546/1546 1521/1521/1521 1547/1547/1547
f 1521/1521/1521 1522/1522/1522 1547/1547/1547
f 1547/1547/1547 1522/1522/1522 1548/1548/1548
f 1522/1522/1522 1523/1523/1523 1548/1548/1548
f 1548/1548/1548 1523/1523/1523 1549/1549/1549
f 1523/1523/1523 1524/1524/1524 1549/1549/1549
f 1549/1549/1549 1524/1524/1524 1550/1550/1550
f 1524/1524/1524 1525/1525/1525 1550/1550/1550
f 1550/1550/1550 1525/1525/1525 1551/1551/1551
f 1525/1525/1525 1526/1526/1526 1551/1551/1551
f 1551/1551/1551 1526/1526/1526 1552/1552/1552
f 1526/1526/1526 1527/1527/1527 1552/1552/1552
f 1552/1552/1552 1527/1527/1527 1553/1553/1553
f 1527/1527/1527 1528/1528/1528 1553/1553/1553
f 1553/1553/1553 1528/1528/1528 1554/1554/1554
f 1528/1528/1528 1529/1529/1529 1554/1554/1554
f 1554/1554/1554 1529/1529/1529 1555/1555/1555
f 1529/1529/1529 1530/1530/1530 1555/1555/1555
f 1555/1555/1555 1530/1530/1530 1556/1556/1556
f 1530/1530/1530 1531/1531/1531 1556/1556/1556
f 1556/1556/1556 1531/1531/1531 1557/1557/1557
f 1531/1531/1531 1532/1532/1532 1557/1557/1557
f 1557/1557/1557 1532/1532/1532 1558/1558/1558
f 1532/1532/1532 1533/1533/1533 1558/1558/1558
f 1558/1558/1558 1533/1533/1533 1559/1559/1559
f 1533/1533/1533 1534/1534/1534 1559/1559/1559
f 1559/1559/1559 1534/1534/1534 1560/1560/1560
f 1534/1534/1534 1535/1535/1535 1560/1560/1560
f 1560/1560/1560 1535/1535/1535 1561/1561/1561
f 1535/1535/1535 1536/1536/1536 1561/1561/1561
f 1561/1561/1561 1536/1536/1536 1562/1562/1562
f 1536/1536/1536 1537/1537/1537 1562/1562/1562
f 1562/1562/1562 1537/1537/1537 1563/1563/1563
f 1537/1537/1537 1538/1538/1538 1563/1563/1563
f 1564/1564/1564 1539/1539/1539 1565/1565/1565
f 1539/1539/1539 1540/1540/1540 1565/1565/1565
f 1565/1565/1565 1540/1540/1540 1566/1566/1566
f 1540/1540/1540 1541/1541/1541 1566/1566/1566
f 1566/1566/1566 1541/1541/1541 1567/1567/1567
f 1541/1541/1541 1542/1542/1542 1567/1567/1567
f 1567/1567/1567 1542/1542/1542 1568/1568/1568
f 1542/1542/1542 1543/1543/1543 1568/1568/1568
f 1568/1568/1568 1543/1543/1543 1569/1569/1569
f 1543/1543/1543 1544/1544/1544 1569/1569/1569
f 1569/1569/1569 1544/1544/1544 1570/1570/1570
f 1544/1544/1544 1545/1545/1545 1570/1570/1570
f 1570/1570/1570 1545/1545/1545 1571/1571/1571
f 1545/1545/1545 1546/1546/1546 1571/1571/1571
f 1571/1571/1571 1546/1546/1546 1572/1572/1572
f 1546/1546/1546 1547/1547/1547 1572/1572/1572
f 1572/1572/1572 1547/1547/1547 1573/1573/1573
f 1547/1547/1547 1548/1548/1548 1573/1573/1573
f 1573/1573/1573 1548/1548/1548 1574/1574/1574
f 1548/1548/1548 1549/1549/1549 1574/1574/1574
f 1574/1574/1574 1549/1549/1549 1575/1575/1575
f 1549/1549/1549 1550/1550/1550 1575/1575/1575
f 1575/1575/1575 1550/1550/1550 1576/1576/1576
f 1550/1550/1550 1551/1551/1551 1576/1576/1576
f 1576/1576/1576 1551/1551/1551 1577/1577/1577
f 1551/1551/1551 1552/1552/1552 1577/1577/1577
f 1577/1577/1577 1552/1552/1552 1578/1578/1578
f 1552/1552/1552 1553/1553/1553 1578/1578/1578
f 1578/1578/1578 1553/1553/1553 1579/1579/1579
f 1553/1553/1553 1554/1554/1554 1579/1579/1579
f 1579/1579/1579 1554/1554/1554 1580/1580/1580
f 1554/1554/1554 1555/1555/1555 1580/1580/1580
f 1580/1580/1580 1555/1555/1555 1581/1581/1581
f 1555/1555/1555 1556/1556/1556 1581/1581/1581
f 1581/1581/1581 1556/1556/1556 1582/1582/1582
f 1556/1556/1556 1557/1557/1557 1582/1582/1582
f 1582/1582/1582 1557/1557/1557 1583/1583/1583
f 1557/1557/1557 1558/1558/1558 1583/1583/1583
f 1583/1583/1583 1558/1558/1558 1584/1584/1584
f 1558/1558/1558 1559/1559/1559 1584/1584/1584
f 1584/1584/1584 1559/1559/1559 1585/1585/1585
f 1559/1559/1559 1560/1560/1560 1585/1585/1585
f 1585/1585/1585 1560/1560/1560 1586/1586/1586
f 1560/1560/1560 1561/1561/1561 1586/1586/1586
f 1586/1586/1586 1561/1561/1561 1587/1587/1587
f 1561/1561/1561 1562/1562/1562 1587/1587/1587
f 1587/1587/1587 1562/1562/1562 1588/1588/1588
f 1562/1562/1562 1563/1563/1563 1588/1588/1588
f 1589/1589/1589 1564/1564/1564 1590/1590/1590
f 1564/1564/1564 1565/1565/1565 1590/1590/1590
f 1590/1590/1590 1565/1565/1565 1591/1591/1591
f 1565/1565/1565 1566/1566/1566 1591/1591/1591
f 1591/1591/1591 1566/1566/1566 1592/1592/1592
f 1566/1566/1566 1567/1567/1567 1592/1592/1592
f 1592/1592/1592 1567/1567/1567 1593/1593/1593
f 1567/1567/1567 1568/1568/1568 1593/1593/1593
f 1593/1593/1593 1568/1568/1568 1594/1594/1594
f 1568/1568/1568 1569/1569/1569 1594/1594/1594
f 1594/1594/1594 1569/1569/1569 1595/1595/1595
f 1569/1569/1569 1570/1570/1570 1595/1595/1595
f 1595/1595/1595 1570/1570/1570 1596/1596/1596
f 1570/1570/1570 1571/1571/1571 1596/1596/1596
f 1596/1596/1596 1571/1571/1571 1597/1597/1597
f 1571/1571/1571 1572/1572/1572 1597/1597/1597
f 1597/1597/1597 1572/1572/1572 1598/1598/1598
f 1572/1572/1572 1573/1573/1573 1598/1598/1598
f 1598/1598/1598 1573/1573/1573 1599/1599/1599
f 1573/1573/1573 1574/1574/1574 1599/1599/1599
f 1599/1599/1599 1574/1574/1574 1600/1600/1600
f 1574/1574/1574 1575/1575/1575 1600/1600/1600
f 1600/1600/1600 1575/1575/1575 1601/1601/1601
f 1575/1575/1575 1576/1576/1576 1601/1601/1601
f 1601/1601/1601 1576/1576/1576 1602/1602/1602
f 1576/1576/1576 1577/1577/1577 1602/1602/1602
f 1602/1602/1602 1577/1577/1577 1603/1603/1603
f 1577/1577/1577 1578/1578/1578 1603/1603/1603
f 1603/1603/1603 1578/1578/1578 1604/1604/1604
f 1578/1578/1578 1579/1579/1579 1604/1604/1604
f 1604/1604/1604 1579/1579/1579 1605/1605/1605
f 1579/1579/1579 1580/1580/1580 1605/1605/1605
f 1605/1605/1605 1580/1580/1580 1606/1606/1606
f 1580/1580/1580 1581/1581/1581 1606/1606/1606
f 1606/1606/1606 1581/1581/1581 1607/1607/1607
f 1581/1581/1581 1582/1582/1582 1607/1607/1607
f 1607/1607/1607 1582/1582/1582 1608/1608/1608
f 1582/1582/1582 1583/1583/1583 1608/1608/1608
f 1608/1608/1608 1583/1583/1583 1609/1609/1609
f 1583/1583/1583 1584/1584/1584 1609/1609/1609
f 1609/1609/1609 1584/1584/1584 1610/1610/1610
f 1584/1584/1584 1585/1585/1585 1610/1610/1610
f 1610/1610/1610 1585/1585/1585 1611/1611/1611
f 1585/1585/1585 1586/1586/1586 1611/1611/1611
f 1611/1611/1611 1586/1586/1586 1612/1612/1612
f 1586/1586/1586 1587/1587/1587 1612/1612/1612
f 1612/1612/1612 1587/1587/1587 1613/1613/1613
f 1587/1587/1587 1588/1588/1588 1613/1613/1613
o 
v 0.105 0.1900000035762787 0.12299999922513961
v 0.11558013457804918 0.1900000035762787 0.11956230599433183
v 0.12211901649832725 0.1900000035762787 0.11056230591610074
v 0.12211901649832725 0.1900000035762787 0.09943769408389926
v 0.11558013457804918 0.1900000035762787 0.09043769400566816
v 0.105 0.1900000035762787 0.08700000077486038
v 0.09441986542195081 0.1900000035762787 0.09043769400566816
v 0.08788098350167274 0.1900000035762787 0.09943769408389926
v 0.08788098350167274 0.1900000035762787 0.11056230591610074
v 0.09441986542195081 0.1900000035762787 0.11956230599433183
v 0.105 0.1900000035762787 0.12299999922513961
v 0.105 0.009999996423721319 0.130000000372529
v 0.11969463109970092 0.009999996423721319 0.12522542431950567
v 0.12877641201019285 0.009999996423721319 0.11272542506456375
v 0.12877641201019285 0.009999996423721319 0.09727457493543624
v 0.11969463109970092 0.009999996423721319 0.0847745756804943
v 0.105 0.009999996423721319 0.07999999962747097
v 0.09030536890029907 0.009999996423721319 0.0847745756804943
v 0.08122358798980713 0.009999996423721319 0.09727457493543624
v 0.08122358798980713 0.009999996423721319 0.11272542506456375
v 0.09030536890029907 0.009999996423721319 0.12522542431950567
v 0.105 0.009999996423721319 0.130000000372529
v 0.105 0.1900000035762787 0.105
v 0.105 0.1900000035762787 0.105
v 0.105 0.1900000035762787 0.105
v 0.105 0.1900000035762787 0.105
v 0.105 0.1900000035762787 0.105
v 0.105 0.1900000035762787 0.105
v 0.105 0.1900000035762787 0.105
v 0.105 0.1900000035762787 0.105
v 0.105 0.1900000035762787 0.105
v 0.105 0.1900000035762787 0.105
v 0.105 0.1900000035762787 0.12299999922513961
v 0.11558013457804918 0.1900000035762787 0.11956230599433183
v 0.12211901649832725 0.1900000035762787 0.11056230591610074
v 0.12211901649832725 0.1900000035762787 0.09943769408389926
v 0.11558013457804918 0.1900000035762787 0.09043769400566816
v 0.105 0.1900000035762787 0.08700000077486038
v 0.09441986542195081 0.1900000035762787 0.09043769400566816
v 0.08788098350167274 0.1900000035762787 0.09943769408389926
v 0.08788098350167274 0.1900000035762787 0.11056230591610074
v 0.09441986542195081 0.1900000035762787 0.11956230599433183
v 0.105 0.1900000035762787 0.12299999922513961
v 0.105 0.009999996423721319 0.105
v 0.105 0.009999996423721319 0.105
v 0.105 0.009999996423721319 0.105
v 0.105 0.009999996423721319 0.105
v 0.105 0.009999996423721319 0.105
v 0.105 0.009999996423721319 0.105
v 0.105 0.009999996423721319 0.105
v 0.105 0.009999996423721319 0.105
v 0.105 0.009999996423721319 0.105
v 0.105 0.009999996423721319 0.105
v 0.105 0.009999996423721319 0.130000000372529
v 0.11969463109970092 0.009999996423721319 0.12522542431950567
v 0.12877641201019285 0.009999996423721319 0.11272542506456375
v 0.12877641201019285 0.009999996423721319 0.09727457493543624
v 0.11969463109970092 0.009999996423721319 0.0847745756804943
v 0.105 0.009999996423721319 0.07999999962747097
v 0.09030536890029907 0.009999996423721319 0.0847745756804943
v 0.08122358798980713 0.009999996423721319 0.09727457493543624
v 0.08122358798980713 0.009999996423721319 0.11272542506456375
v 0.09030536890029907 0.009999996423721319 0.12522542431950567
v 0.105 0.009999996423721319 0.130000000372529
vt 0 1
vt 0.10000000149011612 1
vt 0.20000000298023224 1
vt 0.30000001192092896 1
vt 0.4000000059604645 1
vt 0.5 1
vt 0.6000000238418579 1
vt 0.699999988079071 1
vt 0.800000011920929 1
vt 0.8999999761581421 1
vt 1 1
vt 0 0
vt 0.10000000149011612 0
vt 0.20000000298023224 0
vt 0.30000001192092896 0
vt 0.4000000059604645 0
vt 0.5 0
vt 0.6000000238418579 0
vt 0.699999988079071 0
vt 0.800000011920929 0
vt 0.8999999761581421 0
vt 1 0
vt 0.5 0.5
vt 0.5 0.5
vt 0.5 0.5
vt 0.5 0.5
vt 0.5 0.5
vt 0.5 0.5
vt 0.5 0.5
vt 0.5 0.5
vt 0.5 0.5
vt 0.5 0.5
vt 1 0.5
vt 0.9045084714889526 0.7938926219940186
vt 0.6545084714889526 0.9755282402038574
vt 0.345491498708725 0.9755282402038574
vt 0.09549150615930557 0.7938926219940186
vt 0 0.5
vt 0.09549150615930557 0.20610737800598145
vt 0.345491498708725 0.024471741169691086
vt 0.6545084714889526 0.024471741169691086
vt 0.9045084714889526 0.20610737800598145
vt 1 0.5
vt 0.5 0.5
vt 0.5 0.5
vt 0.5 0.5
vt 0.5 0.5
vt 0.5 0.5
vt 0.5 0.5
vt 0.5 0.5
vt 0.5 0.5
vt 0.5 0.5
vt 0.5 0.5
vt 1 0.5
vt 0.9045084714889526 0.20610737800598145
vt 0.6545084714889526 0.024471741169691086
vt 0.345491498708725 0.024471741169691086
vt 0.09549150615930557 0.20610737800598145
vt 0 0.5
vt 0.09549150615930557 0.7938926219940186
vt 0.345491498708725 0.9755282402038574
vt 0.6545084714889526 0.9755282402038574
vt 0.9045084714889526 0.7938926219940186
vt 1 0.5
vn 0 0.03885951614149131 0.9992446837513067
vn 0.5873412992629371 0.038859515764874696 0.8084059229215509
vn 0.9503381689108307 0.03885951573113522 0.3087835856200122
vn 0.9503381689108307 0.03885951573113522 -0.3087835856200122
vn 0.5873412992629371 0.038859515764874696 -0.8084059229215509
vn 1.2237218585563007e-16 0.03885951614149131 -0.9992446837513067
vn -0.5873412992629371 0.038859515764874696 -0.8084059229215509
vn -0.9503381689108307 0.03885951573113522 -0.3087835856200122
vn -0.9503381689108307 0.03885951573113522 0.3087835856200122
vn -0.5873412992629371 0.038859515764874696 0.8084059229215509
vn -2.4474437171126015e-16 0.03885951614149131 0.9992446837513067
vn 0 0.03885951614149131 0.9992446837513067
vn 0.5873412992629371 0.038859515764874696 0.8084059229215509
vn 0.9503381689108307 0.03885951573113522 0.3087835856200122
vn 0.9503381689108307 0.03885951573113522 -0.3087835856200122
vn 0.5873412992629371 0.038859515764874696 -0.8084059229215509
vn 1.2237218585563007e-16 0.03885951614149131 -0.9992446837513067
vn -0.5873412992629371 0.038859515764874696 -0.8084059229215509
vn -0.9503381689108307 0.03885951573113522 -0.3087835856200122
vn -0.9503381689108307 0.03885951573113522 0.3087835856200122
vn -0.5873412992629371 0.038859515764874696 0.8084059229215509
vn -2.4474437171126015e-16 0.03885951614149131 0.9992446837513067
vn 0 1 0
vn 0 1 0
vn 0 1 0
vn 0 1 0
vn 0 1 0
vn 0 1 0
vn 0 1 0
vn 0 1 0
vn 0 1 0
vn 0 1 0
vn 0 1 0
vn 0 1 0
vn 0 1 0
vn 0 1 0
vn 0 1 0
vn 0 1 0
vn 0 1 0
vn 0 1 0
vn 0 1 0
vn 0 1 0
vn 0 1 0
vn 0 -1 0
vn 0 -1 0
vn 0 -1 0
vn 0 -1 0
vn 0 -1 0
vn 0 -1 0
vn 0 -1 0
vn 0 -1 0
vn 0 -1 0
vn 0 -1 0
vn 0 -1 0
vn 0 -1 0
vn 0 -1 0
vn 0 -1 0
vn 0 -1 0
vn 0 -1 0
vn 0 -1 0
vn 0 -1 0
vn 0 -1 0
vn 0 -1 0
vn 0 -1 0
f 1614/1614/1614 1625/1625/1625 1615/1615/1615
f 1625/1625/1625 1626/1626/1626 1615/1615/1615
f 1615/1615/1615 1626/1626/1626 1616/1616/1616
f 1626/1626/1626 1627/1627/1627 1616/1616/1616
f 1616/1616/1616 1627/1627/1627 1617/1617/1617
f 1627/1627/1627 1628/1628/1628 1617/1617/1617
f 1617/1617/1617 1628/1628/1628 1618/1618/1618
f 1628/1628/1628 1629/1629/1629 1618/1618/1618
f 1618/1618/1618 1629/1629/1629 1619/1619/1619
f 1629/1629/1629 1630/1630/1630 1619/1619/1619
f 1619/1619/1619 1630/1630/1630 1620/1620/1620
f 1630/1630/1630 1631/1631/1631 1620/1620/1620
f 1620/1620/1620 1631/1631/1631 1621/1621/1621
f 1631/1631/1631 1632/1632/1632 1621/1621/1621
f 1621/1621/1621 1632/1632/1632 1622/1622/1622
f 1632/1632/1632 1633/1633/1633 1622/1622/1622
f 1622/1622/1622 1633/1633/1633 1623/1623/1623
f 1633/1633/1633 1634/1634/1634 1623/1623/1623
f 1623/1623/1623 1634/1634/1634 1624/1624/1624
f 1634/1634/1634 1635/1635/1635 1624/1624/1624
f 1646/1646/1646 1647/1647/1647 1636/1636/1636
f 1647/1647/1647 1648/1648/1648 1637/1637/1637
f 1648/1648/1648 1649/1649/1649 1638/1638/1638
f 1649/1649/1649 1650/1650/1650 1639/1639/1639
f 1650/1650/1650 1651/1651/1651 1640/1640/1640
f 1651/1651/1651 1652/1652/1652 1641/1641/1641
f 1652/1652/1652 1653/1653/1653 1642/1642/1642
f 1653/1653/1653 1654/1654/1654 1643/1643/1643
f 1654/1654/1654 1655/1655/1655 1644/1644/1644
f 1655/1655/1655 1656/1656/1656 1645/1645/1645
f 1668/1668/1668 1667/1667/1667 1657/1657/1657
f 1669/1669/1669 1668/1668/1668 1658/1658/1658
f 1670/1670/1670 1669/1669/1669 1659/1659/1659
f 1671/1671/1671 1670/1670/1670 1660/1660/1660
f 1672/1672/1672 1671/1671/1671 1661/1661/1661
f 1673/1673/1673 1672/1672/1672 1662/1662/1662
f 1674/1674/1674 1673/1673/1673 1663/1663/1663
f 1675/1675/1675 1674/1674/1674 1664/1664/1664
f 1676/1676/1676 1675/1675/1675 1665/1665/1665
f 1677/1677/1677 1676/1676/1676 1666/1666/1666
