solid exported
	facet normal -0.09800875475075484 -0.012903086691371132 0.9951019014885065
		outer loop
			vertex 0 8.659739512666882e-17 0.3899999964237213
			vertex -0.031214451417326927 8.591475274563086e-17 0.3869256484508514
			vertex -0.030150845646858215 -0.008078894577920352 0.3869256484508514
		endloop
	endfacet
	facet normal -0.09132961409743384 -0.037829979447759995 0.9951019014371322
		outer loop
			vertex 0 8.659739512666882e-17 0.3899999964237213
			vertex -0.030150845646858215 -0.008078894577920352 0.3869256484508514
			vertex -0.027032507583498955 -0.015607225708663379 0.3869256484508514
		endloop
	endfacet
	facet normal -0.07842652371865183 -0.060178787272827355 0.9951019012843758
		outer loop
			vertex 0 8.659739512666882e-17 0.3899999964237213
			vertex -0.027032507583498955 -0.015607225708663379 0.3869256484508514
			vertex -0.022071950137615204 -0.022071950137615117 0.3869256484508514
		endloop
	endfacet
	facet normal -0.06017878727282734 -0.07842652371865184 0.9951019012843758
		outer loop
			vertex 0 8.659739512666882e-17 0.3899999964237213
			vertex -0.022071950137615204 -0.022071950137615117 0.3869256484508514
			vertex -0.015607225708663464 -0.027032507583498868 0.3869256484508514
		endloop
	endfacet
	facet normal -0.037829979447759995 -0.09132961409743384 0.9951019014371322
		outer loop
			vertex 0 8.659739512666882e-17 0.3899999964237213
			vertex -0.015607225708663464 -0.027032507583498868 0.3869256484508514
			vertex -0.008078894577920437 -0.03015084564685813 0.3869256484508514
		endloop
	endfacet
	facet normal -0.012903086691371139 -0.09800875475075482 0.9951019014885065
		outer loop
			vertex 0 8.659739512666882e-17 0.3899999964237213
			vertex -0.008078894577920437 -0.03015084564685813 0.3869256484508514
			vertex -1.9113339813823915e-18 -0.03121445141732684 0.3869256484508514
		endloop
	endfacet
	facet normal 0.012903086691371132 -0.09800875475075484 0.9951019014885065
		outer loop
			vertex 0 8.659739512666882e-17 0.3899999964237213
			vertex -1.9113339813823915e-18 -0.03121445141732684 0.3869256484508514
			vertex 0.008078894577920437 -0.03015084564685813 0.3869256484508514
		endloop
	endfacet
	facet normal 0.037829979447759995 -0.09132961409743384 0.9951019014371322
		outer loop
			vertex 0 8.659739512666882e-17 0.3899999964237213
			vertex 0.008078894577920437 -0.03015084564685813 0.3869256484508514
			vertex 0.015607225708663464 -0.027032507583498868 0.3869256484508514
		endloop
	endfacet
	facet normal 0.06017878727282734 -0.07842652371865184 0.9951019012843758
		outer loop
			vertex 0 8.659739512666882e-17 0.3899999964237213
			vertex 0.015607225708663464 -0.027032507583498868 0.3869256484508514
			vertex 0.022071950137615204 -0.022071950137615117 0.3869256484508514
		endloop
	endfacet
	facet normal 0.07842652371865182 -0.06017878727282734 0.9951019012843758
		outer loop
			vertex 0 8.659739512666882e-17 0.3899999964237213
			vertex 0.022071950137615204 -0.022071950137615117 0.3869256484508514
			vertex 0.027032507583498955 -0.015607225708663379 0.3869256484508514
		endloop
	endfacet
	facet normal 0.09132961409743384 -0.037829979447759995 0.9951019014371322
		outer loop
			vertex 0 8.659739512666882e-17 0.3899999964237213
			vertex 0.027032507583498955 -0.015607225708663379 0.3869256484508514
			vertex 0.030150845646858215 -0.008078894577920352 0.3869256484508514
		endloop
	endfacet
	facet normal 0.09800875475075484 -0.01290308669137114 0.9951019014885066
		outer loop
			vertex 0 8.659739512666882e-17 0.3899999964237213
			vertex 0.030150845646858215 -0.008078894577920352 0.3869256484508514
			vertex 0.031214451417326927 8.209208478286607e-17 0.3869256484508514
		endloop
	endfacet
	facet normal 0.09800875475075482 0.01290308669137113 0.9951019014885065
		outer loop
			vertex 0 8.659739512666882e-17 0.3899999964237213
			vertex 0.031214451417326927 8.209208478286607e-17 0.3869256484508514
			vertex 0.030150845646858215 0.008078894577920522 0.3869256484508514
		endloop
	endfacet
	facet normal 0.09132961409743384 0.037829979447759995 0.9951019014371322
		outer loop
			vertex 0 8.659739512666882e-17 0.3899999964237213
			vertex 0.030150845646858215 0.008078894577920522 0.3869256484508514
			vertex 0.027032507583498955 0.015607225708663549 0.3869256484508514
		endloop
	endfacet
	facet normal 0.07842652371865186 0.06017878727282734 0.9951019012843759
		outer loop
			vertex 0 8.659739512666882e-17 0.3899999964237213
			vertex 0.027032507583498955 0.015607225708663549 0.3869256484508514
			vertex 0.022071950137615204 0.02207195013761529 0.3869256484508514
		endloop
	endfacet
	facet normal 0.06017878727282734 0.07842652371865184 0.9951019012843758
		outer loop
			vertex 0 8.659739512666882e-17 0.3899999964237213
			vertex 0.022071950137615204 0.02207195013761529 0.3869256484508514
			vertex 0.015607225708663464 0.02703250758349904 0.3869256484508514
		endloop
	endfacet
	facet normal 0.037829979447759995 0.09132961409743384 0.9951019014371322
		outer loop
			vertex 0 8.659739512666882e-17 0.3899999964237213
			vertex 0.015607225708663464 0.02703250758349904 0.3869256484508514
			vertex 0.008078894577920437 0.030150845646858302 0.3869256484508514
		endloop
	endfacet
	facet normal 0.012903086691371144 0.09800875475075482 0.9951019014885066
		outer loop
			vertex 0 8.659739512666882e-17 0.3899999964237213
			vertex 0.008078894577920437 0.030150845646858302 0.3869256484508514
			vertex 5.734001530556868e-18 0.031214451417327014 0.3869256484508514
		endloop
	endfacet
	facet normal -0.012903086691371128 0.09800875475075484 0.9951019014885066
		outer loop
			vertex 0 8.659739512666882e-17 0.3899999964237213
			vertex 5.734001530556868e-18 0.031214451417327014 0.3869256484508514
			vertex -0.008078894577920437 0.030150845646858302 0.3869256484508514
		endloop
	endfacet
	facet normal -0.037829979447759995 0.09132961409743384 0.9951019014371322
		outer loop
			vertex 0 8.659739512666882e-17 0.3899999964237213
			vertex -0.008078894577920437 0.030150845646858302 0.3869256484508514
			vertex -0.015607225708663464 0.02703250758349904 0.3869256484508514
		endloop
	endfacet
	facet normal -0.06017878727282734 0.07842652371865184 0.9951019012843758
		outer loop
			vertex 0 8.659739512666882e-17 0.3899999964237213
			vertex -0.015607225708663464 0.02703250758349904 0.3869256484508514
			vertex -0.022071950137615204 0.02207195013761529 0.3869256484508514
		endloop
	endfacet
	facet normal -0.07842652371865187 0.06017878727282734 0.9951019012843758
		outer loop
			vertex 0 8.659739512666882e-17 0.3899999964237213
			vertex -0.022071950137615204 0.02207195013761529 0.3869256484508514
			vertex -0.027032507583498955 0.015607225708663549 0.3869256484508514
		endloop
	endfacet
	facet normal -0.09132961409743384 0.037829979447759995 0.9951019014371322
		outer loop
			vertex 0 8.659739512666882e-17 0.3899999964237213
			vertex -0.027032507583498955 0.015607225708663549 0.3869256484508514
			vertex -0.030150845646858215 0.008078894577920522 0.3869256484508514
		endloop
	endfacet
	facet normal -0.09800875475075482 0.012903086691371149 0.9951019014885065
		outer loop
			vertex 0 8.659739512666882e-17 0.3899999964237213
			vertex -0.030150845646858215 0.008078894577920522 0.3869256484508514
			vertex -0.031214451417326927 9.356008867116042e-17 0.3869256484508514
		endloop
	endfacet
	facet normal -0.2900730139843064 -0.03818880523260592 0.9562422609950717
		outer loop
			vertex -0.030150845646858215 -0.008078894577920352 0.3869256484508514
			vertex -0.031214451417326927 8.591475274563086e-17 0.3869256484508514
			vertex -0.05914301052689552 -0.015847321599721825 0.37782072603702543
		endloop
	endfacet
	facet normal -0.2900730147954522 -0.03818880369694675 0.9562422608103418
		outer loop
			vertex -0.031214451417326927 8.591475274563086e-17 0.3869256484508514
			vertex -0.06122934818267822 8.38930538453798e-17 0.37782072603702543
			vertex -0.05914301052689552 -0.015847321599721825 0.37782072603702543
		endloop
	endfacet
	facet normal -0.2703049782172516 -0.11196403129084455 0.9562422676540051
		outer loop
			vertex -0.027032507583498955 -0.015607225708663379 0.3869256484508514
			vertex -0.030150845646858215 -0.008078894577920352 0.3869256484508514
			vertex -0.05302617326378822 -0.030614674091339028 0.37782072603702543
		endloop
	endfacet
	facet normal -0.2703050123957038 -0.11196399443741138 0.9562422623077155
		outer loop
			vertex -0.030150845646858215 -0.008078894577920352 0.3869256484508514
			vertex -0.05914301052689552 -0.015847321599721825 0.37782072603702543
			vertex -0.05302617326378822 -0.030614674091339028 0.37782072603702543
		endloop
	endfacet
	facet normal -0.23211616509912314 -0.1781089950154522 0.95624226626638
		outer loop
			vertex -0.022071950137615204 -0.022071950137615117 0.3869256484508514
			vertex -0.027032507583498955 -0.015607225708663379 0.3869256484508514
			vertex -0.043295688927173615 -0.04329568892717353 0.37782072603702543
		endloop
	endfacet
	facet normal -0.23211617071488316 -0.17810899148494694 0.956242265560812
		outer loop
			vertex -0.027032507583498955 -0.015607225708663379 0.3869256484508514
			vertex -0.05302617326378822 -0.030614674091339028 0.37782072603702543
			vertex -0.043295688927173615 -0.04329568892717353 0.37782072603702543
		endloop
	endfacet
	facet normal -0.17810899687508444 -0.23211616752264314 0.9562422653317263
		outer loop
			vertex -0.015607225708663464 -0.027032507583498868 0.3869256484508514
			vertex -0.022071950137615204 -0.022071950137615117 0.3869256484508514
			vertex -0.03061467409133911 -0.05302617326378814 0.37782072603702543
		endloop
	endfacet
	facet normal -0.17810899053691473 -0.2321161694793835 0.9562422660372943
		outer loop
			vertex -0.022071950137615204 -0.022071950137615117 0.3869256484508514
			vertex -0.043295688927173615 -0.04329568892717353 0.37782072603702543
			vertex -0.03061467409133911 -0.05302617326378814 0.37782072603702543
		endloop
	endfacet
	facet normal -0.11196404014879838 -0.27030499960223553 0.9562422605718668
		outer loop
			vertex -0.008078894577920437 -0.03015084564685813 0.3869256484508514
			vertex -0.015607225708663464 -0.027032507583498868 0.3869256484508514
			vertex -0.01584732159972191 -0.05914301052689544 0.37782072603702543
		endloop
	endfacet
	facet normal -0.11196398992166706 -0.2703050014937319 0.9562422659181586
		outer loop
			vertex -0.015607225708663464 -0.027032507583498868 0.3869256484508514
			vertex -0.03061467409133911 -0.05302617326378814 0.37782072603702543
			vertex -0.01584732159972191 -0.05914301052689544 0.37782072603702543
		endloop
	endfacet
	facet normal -0.03818880533699989 -0.2900730147772579 0.9562422607503633
		outer loop
			vertex -1.9113339813823915e-18 -0.03121445141732684 0.3869256484508514
			vertex -0.008078894577920437 -0.03015084564685813 0.3869256484508514
			vertex -3.7492163923216055e-18 -0.06122934818267814 0.37782072603702543
		endloop
	endfacet
	facet normal -0.038188803643727176 -0.290073014391209 0.956242260935093
		outer loop
			vertex -0.008078894577920437 -0.03015084564685813 0.3869256484508514
			vertex -0.01584732159972191 -0.05914301052689544 0.37782072603702543
			vertex -3.7492163923216055e-18 -0.06122934818267814 0.37782072603702543
		endloop
	endfacet
	facet normal 0.03818880523260591 -0.29007301398430635 0.9562422609950716
		outer loop
			vertex 0.008078894577920437 -0.03015084564685813 0.3869256484508514
			vertex -1.9113339813823915e-18 -0.03121445141732684 0.3869256484508514
			vertex 0.01584732159972191 -0.05914301052689544 0.37782072603702543
		endloop
	endfacet
	facet normal 0.03818880369694674 -0.29007301479545217 0.9562422608103417
		outer loop
			vertex -1.9113339813823915e-18 -0.03121445141732684 0.3869256484508514
			vertex -3.7492163923216055e-18 -0.06122934818267814 0.37782072603702543
			vertex 0.01584732159972191 -0.05914301052689544 0.37782072603702543
		endloop
	endfacet
	facet normal 0.11196403129084456 -0.2703049782172516 0.9562422676540052
		outer loop
			vertex 0.015607225708663464 -0.027032507583498868 0.3869256484508514
			vertex 0.008078894577920437 -0.03015084564685813 0.3869256484508514
			vertex 0.03061467409133911 -0.05302617326378814 0.37782072603702543
		endloop
	endfacet
	facet normal 0.11196399443741138 -0.2703050123957038 0.9562422623077156
		outer loop
			vertex 0.008078894577920437 -0.03015084564685813 0.3869256484508514
			vertex 0.01584732159972191 -0.05914301052689544 0.37782072603702543
			vertex 0.03061467409133911 -0.05302617326378814 0.37782072603702543
		endloop
	endfacet
	facet normal 0.17810899501545216 -0.2321161650991231 0.9562422662663799
		outer loop
			vertex 0.022071950137615204 -0.022071950137615117 0.3869256484508514
			vertex 0.015607225708663464 -0.027032507583498868 0.3869256484508514
			vertex 0.043295688927173615 -0.04329568892717353 0.37782072603702543
		endloop
	endfacet
	facet normal 0.17810899148494688 -0.2321161707148831 0.9562422655608119
		outer loop
			vertex 0.015607225708663464 -0.027032507583498868 0.3869256484508514
			vertex 0.03061467409133911 -0.05302617326378814 0.37782072603702543
			vertex 0.043295688927173615 -0.04329568892717353 0.37782072603702543
		endloop
	endfacet
	facet normal 0.23211616752264314 -0.17810899687508447 0.9562422653317263
		outer loop
			vertex 0.027032507583498955 -0.015607225708663379 0.3869256484508514
			vertex 0.022071950137615204 -0.022071950137615117 0.3869256484508514
			vertex 0.05302617326378822 -0.030614674091339028 0.37782072603702543
		endloop
	endfacet
	facet normal 0.2321161694793835 -0.17810899053691473 0.9562422660372942
		outer loop
			vertex 0.022071950137615204 -0.022071950137615117 0.3869256484508514
			vertex 0.043295688927173615 -0.04329568892717353 0.37782072603702543
			vertex 0.05302617326378822 -0.030614674091339028 0.37782072603702543
		endloop
	endfacet
	facet normal 0.27030499960223553 -0.11196404014879838 0.9562422605718668
		outer loop
			vertex 0.030150845646858215 -0.008078894577920352 0.3869256484508514
			vertex 0.027032507583498955 -0.015607225708663379 0.3869256484508514
			vertex 0.05914301052689552 -0.015847321599721825 0.37782072603702543
		endloop
	endfacet
	facet normal 0.27030500149373193 -0.11196398992166709 0.9562422659181588
		outer loop
			vertex 0.027032507583498955 -0.015607225708663379 0.3869256484508514
			vertex 0.05302617326378822 -0.030614674091339028 0.37782072603702543
			vertex 0.05914301052689552 -0.015847321599721825 0.37782072603702543
		endloop
	endfacet
	facet normal 0.29007301477725794 -0.038188805336999906 0.9562422607503631
		outer loop
			vertex 0.031214451417326927 8.209208478286607e-17 0.3869256484508514
			vertex 0.030150845646858215 -0.008078894577920352 0.3869256484508514
			vertex 0.06122934818267822 7.639462106073659e-17 0.37782072603702543
		endloop
	endfacet
	facet normal 0.290073014391209 -0.03818880364372719 0.9562422609350929
		outer loop
			vertex 0.030150845646858215 -0.008078894577920352 0.3869256484508514
			vertex 0.05914301052689552 -0.015847321599721825 0.37782072603702543
			vertex 0.06122934818267822 7.639462106073659e-17 0.37782072603702543
		endloop
	endfacet
	facet normal 0.29007301398430635 0.038188805232605906 0.9562422609950715
		outer loop
			vertex 0.030150845646858215 0.008078894577920522 0.3869256484508514
			vertex 0.031214451417326927 8.209208478286607e-17 0.3869256484508514
			vertex 0.05914301052689552 0.015847321599721992 0.37782072603702543
		endloop
	endfacet
	facet normal 0.29007301479545217 0.03818880369694673 0.9562422608103416
		outer loop
			vertex 0.031214451417326927 8.209208478286607e-17 0.3869256484508514
			vertex 0.06122934818267822 7.639462106073659e-17 0.37782072603702543
			vertex 0.05914301052689552 0.015847321599721992 0.37782072603702543
		endloop
	endfacet
	facet normal 0.2703049782172516 0.11196403129084455 0.9562422676540051
		outer loop
			vertex 0.027032507583498955 0.015607225708663549 0.3869256484508514
			vertex 0.030150845646858215 0.008078894577920522 0.3869256484508514
			vertex 0.05302617326378822 0.030614674091339195 0.37782072603702543
		endloop
	endfacet
	facet normal 0.2703050123957038 0.11196399443741138 0.9562422623077155
		outer loop
			vertex 0.030150845646858215 0.008078894577920522 0.3869256484508514
			vertex 0.05914301052689552 0.015847321599721992 0.37782072603702543
			vertex 0.05302617326378822 0.030614674091339195 0.37782072603702543
		endloop
	endfacet
	facet normal 0.23211616509912322 0.17810899501545216 0.9562422662663801
		outer loop
			vertex 0.022071950137615204 0.02207195013761529 0.3869256484508514
			vertex 0.027032507583498955 0.015607225708663549 0.3869256484508514
			vertex 0.043295688927173615 0.0432956889271737 0.37782072603702543
		endloop
	endfacet
	facet normal 0.23211617071488316 0.17810899148494694 0.956242265560812
		outer loop
			vertex 0.027032507583498955 0.015607225708663549 0.3869256484508514
			vertex 0.05302617326378822 0.030614674091339195 0.37782072603702543
			vertex 0.043295688927173615 0.0432956889271737 0.37782072603702543
		endloop
	endfacet
	facet normal 0.17810899687508447 0.2321161675226432 0.9562422653317263
		outer loop
			vertex 0.015607225708663464 0.02703250758349904 0.3869256484508514
			vertex 0.022071950137615204 0.02207195013761529 0.3869256484508514
			vertex 0.03061467409133911 0.05302617326378831 0.37782072603702543
		endloop
	endfacet
	facet normal 0.17810899053691476 0.23211616947938354 0.9562422660372943
		outer loop
			vertex 0.022071950137615204 0.02207195013761529 0.3869256484508514
			vertex 0.043295688927173615 0.0432956889271737 0.37782072603702543
			vertex 0.03061467409133911 0.05302617326378831 0.37782072603702543
		endloop
	endfacet
	facet normal 0.11196404014879838 0.27030499960223553 0.9562422605718668
		outer loop
			vertex 0.008078894577920437 0.030150845646858302 0.3869256484508514
			vertex 0.015607225708663464 0.02703250758349904 0.3869256484508514
			vertex 0.01584732159972191 0.059143010526895606 0.37782072603702543
		endloop
	endfacet
	facet normal 0.11196398992166709 0.27030500149373193 0.9562422659181586
		outer loop
			vertex 0.015607225708663464 0.02703250758349904 0.3869256484508514
			vertex 0.03061467409133911 0.05302617326378831 0.37782072603702543
			vertex 0.01584732159972191 0.059143010526895606 0.37782072603702543
		endloop
	endfacet
	facet normal 0.03818880533699993 0.29007301477725805 0.9562422607503632
		outer loop
			vertex 5.734001530556868e-18 0.031214451417327014 0.3869256484508514
			vertex 0.008078894577920437 0.030150845646858302 0.3869256484508514
			vertex 1.124764876337451e-17 0.061229348182678306 0.37782072603702543
		endloop
	endfacet
	facet normal 0.0381888036437272 0.2900730143912091 0.9562422609350929
		outer loop
			vertex 0.008078894577920437 0.030150845646858302 0.3869256484508514
			vertex 0.01584732159972191 0.059143010526895606 0.37782072603702543
			vertex 1.124764876337451e-17 0.061229348182678306 0.37782072603702543
		endloop
	endfacet
	facet normal -0.038188805232605906 0.2900730139843064 0.9562422609950715
		outer loop
			vertex -0.008078894577920437 0.030150845646858302 0.3869256484508514
			vertex 5.734001530556868e-18 0.031214451417327014 0.3869256484508514
			vertex -0.01584732159972191 0.059143010526895606 0.37782072603702543
		endloop
	endfacet
	facet normal -0.03818880369694673 0.2900730147954522 0.9562422608103417
		outer loop
			vertex 5.734001530556868e-18 0.031214451417327014 0.3869256484508514
			vertex 1.124764876337451e-17 0.061229348182678306 0.37782072603702543
			vertex -0.01584732159972191 0.059143010526895606 0.37782072603702543
		endloop
	endfacet
	facet normal -0.11196403129084458 0.27030497821725163 0.9562422676540052
		outer loop
			vertex -0.015607225708663464 0.02703250758349904 0.3869256484508514
			vertex -0.008078894577920437 0.030150845646858302 0.3869256484508514
			vertex -0.03061467409133911 0.05302617326378831 0.37782072603702543
		endloop
	endfacet
	facet normal -0.11196399443741141 0.27030501239570387 0.9562422623077156
		outer loop
			vertex -0.008078894577920437 0.030150845646858302 0.3869256484508514
			vertex -0.01584732159972191 0.059143010526895606 0.37782072603702543
			vertex -0.03061467409133911 0.05302617326378831 0.37782072603702543
		endloop
	endfacet
	facet normal -0.1781089950154522 0.2321161650991232 0.95624226626638
		outer loop
			vertex -0.022071950137615204 0.02207195013761529 0.3869256484508514
			vertex -0.015607225708663464 0.02703250758349904 0.3869256484508514
			vertex -0.043295688927173615 0.0432956889271737 0.37782072603702543
		endloop
	endfacet
	facet normal -0.17810899148494694 0.23211617071488316 0.9562422655608119
		outer loop
			vertex -0.015607225708663464 0.02703250758349904 0.3869256484508514
			vertex -0.03061467409133911 0.05302617326378831 0.37782072603702543
			vertex -0.043295688927173615 0.0432956889271737 0.37782072603702543
		endloop
	endfacet
	facet normal -0.2321161675226432 0.1781089968750844 0.9562422653317263
		outer loop
			vertex -0.027032507583498955 0.015607225708663549 0.3869256484508514
			vertex -0.022071950137615204 0.02207195013761529 0.3869256484508514
			vertex -0.05302617326378822 0.030614674091339195 0.37782072603702543
		endloop
	endfacet
	facet normal -0.2321161694793835 0.17810899053691473 0.9562422660372942
		outer loop
			vertex -0.022071950137615204 0.02207195013761529 0.3869256484508514
			vertex -0.043295688927173615 0.0432956889271737 0.37782072603702543
			vertex -0.05302617326378822 0.030614674091339195 0.37782072603702543
		endloop
	endfacet
	facet normal -0.27030499960223553 0.11196404014879838 0.9562422605718668
		outer loop
			vertex -0.030150845646858215 0.008078894577920522 0.3869256484508514
			vertex -0.027032507583498955 0.015607225708663549 0.3869256484508514
			vertex -0.05914301052689552 0.015847321599721992 0.37782072603702543
		endloop
	endfacet
	facet normal -0.27030500149373193 0.11196398992166709 0.9562422659181588
		outer loop
			vertex -0.027032507583498955 0.015607225708663549 0.3869256484508514
			vertex -0.05302617326378822 0.030614674091339195 0.37782072603702543
			vertex -0.05914301052689552 0.015847321599721992 0.37782072603702543
		endloop
	endfacet
	facet normal -0.2900730147772579 0.03818880533699993 0.9562422607503631
		outer loop
			vertex -0.031214451417326927 9.356008867116042e-17 0.3869256484508514
			vertex -0.030150845646858215 0.008078894577920522 0.3869256484508514
			vertex -0.06122934818267822 9.888991941466622e-17 0.37782072603702543
		endloop
	endfacet
	facet normal -0.29007301439120897 0.038188803643727204 0.9562422609350929
		outer loop
			vertex -0.030150845646858215 0.008078894577920522 0.3869256484508514
			vertex -0.05914301052689552 0.015847321599721992 0.37782072603702543
			vertex -0.06122934818267822 9.888991941466622e-17 0.37782072603702543
		endloop
	endfacet
	facet normal -0.4704916362654353 -0.0619413451853353 0.8802277489155319
		outer loop
			vertex -0.05914301052689552 -0.015847321599721825 0.37782072603702543
			vertex -0.06122934818267822 8.38930538453798e-17 0.37782072603702543
			vertex -0.08586233854293823 -0.023006744682788766 0.36303513824939726
		endloop
	endfacet
	facet normal -0.4704915444694349 -0.06194146938603787 0.8802277892415488
		outer loop
			vertex -0.06122934818267822 8.38930538453798e-17 0.37782072603702543
			vertex -0.08889123797416687 8.060999384649154e-17 0.36303513824939726
			vertex -0.08586233854293823 -0.023006744682788766 0.36303513824939726
		endloop
	endfacet
	facet normal -0.4384284053968392 -0.18160297919741814 0.8802277496692587
		outer loop
			vertex -0.05302617326378822 -0.030614674091339028 0.37782072603702543
			vertex -0.05914301052689552 -0.015847321599721825 0.37782072603702543
			vertex -0.07698206603527069 -0.04444561898708336 0.36303513824939726
		endloop
	endfacet
	facet normal -0.4384283949654579 -0.1816029875044629 0.8802277531511186
		outer loop
			vertex -0.05914301052689552 -0.015847321599721825 0.37782072603702543
			vertex -0.08586233854293823 -0.023006744682788766 0.36303513824939726
			vertex -0.07698206603527069 -0.04444561898708336 0.36303513824939726
		endloop
	endfacet
	facet normal -0.3764870210491066 -0.2888886345992472 0.8802277431329646
		outer loop
			vertex -0.043295688927173615 -0.04329568892717353 0.37782072603702543
			vertex -0.05302617326378822 -0.030614674091339028 0.37782072603702543
			vertex -0.06285559386014938 -0.0628555938601493 0.3630351382493973
		endloop
	endfacet
	facet normal -0.376486979364069 -0.28888865275220366 0.8802277550045419
		outer loop
			vertex -0.05302617326378822 -0.030614674091339028 0.37782072603702543
			vertex -0.07698206603527069 -0.04444561898708336 0.36303513824939726
			vertex -0.06285559386014938 -0.0628555938601493 0.3630351382493973
		endloop
	endfacet
	facet normal -0.2888886187241678 -0.37648700036029914 0.88022775719205
		outer loop
			vertex -0.03061467409133911 -0.05302617326378814 0.37782072603702543
			vertex -0.043295688927173615 -0.04329568892717353 0.37782072603702543
			vertex -0.044445618987083435 -0.07698206603527061 0.3630351382493973
		endloop
	endfacet
	facet normal -0.28888866368715305 -0.3764869936147675 0.8802277453204739
		outer loop
			vertex -0.043295688927173615 -0.04329568892717353 0.37782072603702543
			vertex -0.06285559386014938 -0.0628555938601493 0.3630351382493973
			vertex -0.044445618987083435 -0.07698206603527061 0.3630351382493973
		endloop
	endfacet
	facet normal -0.18160297627049451 -0.4384283983306201 0.880227753792702
		outer loop
			vertex -0.01584732159972191 -0.05914301052689544 0.37782072603702543
			vertex -0.03061467409133911 -0.05302617326378814 0.37782072603702543
			vertex -0.02300674468278885 -0.08586233854293815 0.3630351382493973
		endloop
	endfacet
	facet normal -0.1816029895205621 -0.4384283998327518 0.880227750310843
		outer loop
			vertex -0.03061467409133911 -0.05302617326378814 0.37782072603702543
			vertex -0.044445618987083435 -0.07698206603527061 0.3630351382493973
			vertex -0.02300674468278885 -0.08586233854293815 0.3630351382493973
		endloop
	endfacet
	facet normal -0.061941333623065406 -0.4704915484411997 0.8802277966722015
		outer loop
			vertex -3.7492163923216055e-18 -0.06122934818267814 0.37782072603702543
			vertex -0.01584732159972191 -0.05914301052689544 0.37782072603702543
			vertex -5.443018416214802e-18 -0.08889123797416679 0.3630351382493973
		endloop
	endfacet
	facet normal -0.06194147735028465 -0.47049160496381465 0.8802277563461846
		outer loop
			vertex -0.01584732159972191 -0.05914301052689544 0.37782072603702543
			vertex -0.02300674468278885 -0.08586233854293815 0.3630351382493973
			vertex -5.443018416214802e-18 -0.08889123797416679 0.3630351382493973
		endloop
	endfacet
	facet normal 0.0619413451853351 -0.47049163626543383 0.8802277489155327
		outer loop
			vertex 0.01584732159972191 -0.05914301052689544 0.37782072603702543
			vertex -3.7492163923216055e-18 -0.06122934818267814 0.37782072603702543
			vertex 0.02300674468278885 -0.08586233854293815 0.3630351382493973
		endloop
	endfacet
	facet normal 0.06194146938603765 -0.47049154446943353 0.8802277892415494
		outer loop
			vertex -3.7492163923216055e-18 -0.06122934818267814 0.37782072603702543
			vertex -5.443018416214802e-18 -0.08889123797416679 0.3630351382493973
			vertex 0.02300674468278885 -0.08586233854293815 0.3630351382493973
		endloop
	endfacet
	facet normal 0.18160297919741764 -0.43842840539683803 0.8802277496692594
		outer loop
			vertex 0.03061467409133911 -0.05302617326378814 0.37782072603702543
			vertex 0.01584732159972191 -0.05914301052689544 0.37782072603702543
			vertex 0.044445618987083435 -0.07698206603527061 0.3630351382493973
		endloop
	endfacet
	facet normal 0.18160298750446244 -0.4384283949654566 0.8802277531511193
		outer loop
			vertex 0.01584732159972191 -0.05914301052689544 0.37782072603702543
			vertex 0.02300674468278885 -0.08586233854293815 0.3630351382493973
			vertex 0.044445618987083435 -0.07698206603527061 0.3630351382493973
		endloop
	endfacet
	facet normal 0.2888886345992472 -0.3764870210491066 0.8802277431329646
		outer loop
			vertex 0.043295688927173615 -0.04329568892717353 0.37782072603702543
			vertex 0.03061467409133911 -0.05302617326378814 0.37782072603702543
			vertex 0.06285559386014938 -0.0628555938601493 0.3630351382493973
		endloop
	endfacet
	facet normal 0.2888886527522046 -0.3764869793640669 0.8802277550045424
		outer loop
			vertex 0.03061467409133911 -0.05302617326378814 0.37782072603702543
			vertex 0.044445618987083435 -0.07698206603527061 0.3630351382493973
			vertex 0.06285559386014938 -0.0628555938601493 0.3630351382493973
		endloop
	endfacet
	facet normal 0.3764870003603002 -0.28888861872416866 0.8802277571920494
		outer loop
			vertex 0.05302617326378822 -0.030614674091339028 0.37782072603702543
			vertex 0.043295688927173615 -0.04329568892717353 0.37782072603702543
			vertex 0.07698206603527069 -0.04444561898708336 0.36303513824939726
		endloop
	endfacet
	facet normal 0.37648699361476906 -0.28888866368715166 0.8802277453204739
		outer loop
			vertex 0.043295688927173615 -0.04329568892717353 0.37782072603702543
			vertex 0.06285559386014938 -0.0628555938601493 0.3630351382493973
			vertex 0.07698206603527069 -0.04444561898708336 0.36303513824939726
		endloop
	endfacet
	facet normal 0.43842839833062125 -0.18160297627049501 0.8802277537927011
		outer loop
			vertex 0.05914301052689552 -0.015847321599721825 0.37782072603702543
			vertex 0.05302617326378822 -0.030614674091339028 0.37782072603702543
			vertex 0.08586233854293823 -0.023006744682788766 0.36303513824939726
		endloop
	endfacet
	facet normal 0.43842839983275306 -0.18160298952056259 0.8802277503108422
		outer loop
			vertex 0.05302617326378822 -0.030614674091339028 0.37782072603702543
			vertex 0.07698206603527069 -0.04444561898708336 0.36303513824939726
			vertex 0.08586233854293823 -0.023006744682788766 0.36303513824939726
		endloop
	endfacet
	facet normal 0.47049154844120117 -0.06194133362306561 0.8802277966722009
		outer loop
			vertex 0.06122934818267822 7.639462106073659e-17 0.37782072603702543
			vertex 0.05914301052689552 -0.015847321599721825 0.37782072603702543
			vertex 0.08889123797416687 6.972395701406193e-17 0.36303513824939726
		endloop
	endfacet
	facet normal 0.4704916049638159 -0.061941477350284845 0.8802277563461839
		outer loop
			vertex 0.05914301052689552 -0.015847321599721825 0.37782072603702543
			vertex 0.08586233854293823 -0.023006744682788766 0.36303513824939726
			vertex 0.08889123797416687 6.972395701406193e-17 0.36303513824939726
		endloop
	endfacet
	facet normal 0.4704916362654353 0.06194134518533527 0.8802277489155318
		outer loop
			vertex 0.05914301052689552 0.015847321599721992 0.37782072603702543
			vertex 0.06122934818267822 7.639462106073659e-17 0.37782072603702543
			vertex 0.08586233854293823 0.023006744682788932 0.36303513824939726
		endloop
	endfacet
	facet normal 0.4704915444694349 0.06194146938603782 0.8802277892415488
		outer loop
			vertex 0.06122934818267822 7.639462106073659e-17 0.37782072603702543
			vertex 0.08889123797416687 6.972395701406193e-17 0.36303513824939726
			vertex 0.08586233854293823 0.023006744682788932 0.36303513824939726
		endloop
	endfacet
	facet normal 0.4384284053968393 0.18160297919741816 0.8802277496692587
		outer loop
			vertex 0.05302617326378822 0.030614674091339195 0.37782072603702543
			vertex 0.05914301052689552 0.015847321599721992 0.37782072603702543
			vertex 0.07698206603527069 0.04444561898708351 0.36303513824939726
		endloop
	endfacet
	facet normal 0.4384283949654579 0.18160298750446302 0.8802277531511187
		outer loop
			vertex 0.05914301052689552 0.015847321599721992 0.37782072603702543
			vertex 0.08586233854293823 0.023006744682788932 0.36303513824939726
			vertex 0.07698206603527069 0.04444561898708351 0.36303513824939726
		endloop
	endfacet
	facet normal 0.3764870210491077 0.288888634599248 0.8802277431329638
		outer loop
			vertex 0.043295688927173615 0.0432956889271737 0.37782072603702543
			vertex 0.05302617326378822 0.030614674091339195 0.37782072603702543
			vertex 0.06285559386014938 0.06285559386014947 0.36303513824939726
		endloop
	endfacet
	facet normal 0.3764869793640682 0.2888886527522055 0.8802277550045418
		outer loop
			vertex 0.05302617326378822 0.030614674091339195 0.37782072603702543
			vertex 0.07698206603527069 0.04444561898708351 0.36303513824939726
			vertex 0.06285559386014938 0.06285559386014947 0.36303513824939726
		endloop
	endfacet
	facet normal 0.28888861872416866 0.3764870003603002 0.8802277571920493
		outer loop
			vertex 0.03061467409133911 0.05302617326378831 0.37782072603702543
			vertex 0.043295688927173615 0.0432956889271737 0.37782072603702543
			vertex 0.044445618987083435 0.07698206603527077 0.36303513824939726
		endloop
	endfacet
	facet normal 0.2888886636871539 0.3764869936147687 0.8802277453204731
		outer loop
			vertex 0.043295688927173615 0.0432956889271737 0.37782072603702543
			vertex 0.06285559386014938 0.06285559386014947 0.36303513824939726
			vertex 0.044445618987083435 0.07698206603527077 0.36303513824939726
		endloop
	endfacet
	facet normal 0.18160297627049501 0.43842839833062125 0.8802277537927011
		outer loop
			vertex 0.01584732159972191 0.059143010526895606 0.37782072603702543
			vertex 0.03061467409133911 0.05302617326378831 0.37782072603702543
			vertex 0.02300674468278885 0.08586233854293832 0.36303513824939726
		endloop
	endfacet
	facet normal 0.18160298952056264 0.43842839983275306 0.8802277503108421
		outer loop
			vertex 0.03061467409133911 0.05302617326378831 0.37782072603702543
			vertex 0.044445618987083435 0.07698206603527077 0.36303513824939726
			vertex 0.02300674468278885 0.08586233854293832 0.36303513824939726
		endloop
	endfacet
	facet normal 0.06194133362306561 0.47049154844120106 0.8802277966722007
		outer loop
			vertex 1.124764876337451e-17 0.061229348182678306 0.37782072603702543
			vertex 0.01584732159972191 0.059143010526895606 0.37782072603702543
			vertex 1.63290548350541e-17 0.08889123797416695 0.36303513824939726
		endloop
	endfacet
	facet normal 0.06194147735028486 0.4704916049638159 0.8802277563461839
		outer loop
			vertex 0.01584732159972191 0.059143010526895606 0.37782072603702543
			vertex 0.02300674468278885 0.08586233854293832 0.36303513824939726
			vertex 1.63290548350541e-17 0.08889123797416695 0.36303513824939726
		endloop
	endfacet
	facet normal -0.061941345185335256 0.4704916362654353 0.8802277489155318
		outer loop
			vertex -0.01584732159972191 0.059143010526895606 0.37782072603702543
			vertex 1.124764876337451e-17 0.061229348182678306 0.37782072603702543
			vertex -0.02300674468278885 0.08586233854293832 0.36303513824939726
		endloop
	endfacet
	facet normal -0.06194146938603782 0.470491544469435 0.8802277892415488
		outer loop
			vertex 1.124764876337451e-17 0.061229348182678306 0.37782072603702543
			vertex 1.63290548350541e-17 0.08889123797416695 0.36303513824939726
			vertex -0.02300674468278885 0.08586233854293832 0.36303513824939726
		endloop
	endfacet
	facet normal -0.18160297919741816 0.4384284053968393 0.8802277496692588
		outer loop
			vertex -0.03061467409133911 0.05302617326378831 0.37782072603702543
			vertex -0.01584732159972191 0.059143010526895606 0.37782072603702543
			vertex -0.044445618987083435 0.07698206603527077 0.36303513824939726
		endloop
	endfacet
	facet normal -0.18160298750446296 0.4384283949654579 0.8802277531511187
		outer loop
			vertex -0.01584732159972191 0.059143010526895606 0.37782072603702543
			vertex -0.02300674468278885 0.08586233854293832 0.36303513824939726
			vertex -0.044445618987083435 0.07698206603527077 0.36303513824939726
		endloop
	endfacet
	facet normal -0.288888634599248 0.3764870210491077 0.8802277431329638
		outer loop
			vertex -0.043295688927173615 0.0432956889271737 0.37782072603702543
			vertex -0.03061467409133911 0.05302617326378831 0.37782072603702543
			vertex -0.06285559386014938 0.06285559386014947 0.36303513824939726
		endloop
	endfacet
	facet normal -0.2888886527522055 0.376486979364068 0.8802277550045418
		outer loop
			vertex -0.03061467409133911 0.05302617326378831 0.37782072603702543
			vertex -0.044445618987083435 0.07698206603527077 0.36303513824939726
			vertex -0.06285559386014938 0.06285559386014947 0.36303513824939726
		endloop
	endfacet
	facet normal -0.3764870003603003 0.2888886187241687 0.8802277571920494
		outer loop
			vertex -0.05302617326378822 0.030614674091339195 0.37782072603702543
			vertex -0.043295688927173615 0.0432956889271737 0.37782072603702543
			vertex -0.07698206603527069 0.04444561898708351 0.36303513824939726
		endloop
	endfacet
	facet normal -0.3764869936147687 0.2888886636871538 0.8802277453204731
		outer loop
			vertex -0.043295688927173615 0.0432956889271737 0.37782072603702543
			vertex -0.06285559386014938 0.06285559386014947 0.36303513824939726
			vertex -0.07698206603527069 0.04444561898708351 0.36303513824939726
		endloop
	endfacet
	facet normal -0.43842839833062125 0.18160297627049501 0.8802277537927011
		outer loop
			vertex -0.05914301052689552 0.015847321599721992 0.37782072603702543
			vertex -0.05302617326378822 0.030614674091339195 0.37782072603702543
			vertex -0.08586233854293823 0.023006744682788932 0.36303513824939726
		endloop
	endfacet
	facet normal -0.43842839983275306 0.1816029895205627 0.8802277503108422
		outer loop
			vertex -0.05302617326378822 0.030614674091339195 0.37782072603702543
			vertex -0.07698206603527069 0.04444561898708351 0.36303513824939726
			vertex -0.08586233854293823 0.023006744682788932 0.36303513824939726
		endloop
	endfacet
	facet normal -0.4704915484412011 0.061941333623065635 0.8802277966722007
		outer loop
			vertex -0.06122934818267822 9.888991941466622e-17 0.37782072603702543
			vertex -0.05914301052689552 0.015847321599721992 0.37782072603702543
			vertex -0.08889123797416687 1.0238206751135074e-16 0.36303513824939726
		endloop
	endfacet
	facet normal -0.4704916049638159 0.061941477350284865 0.8802277563461839
		outer loop
			vertex -0.05914301052689552 0.015847321599721992 0.37782072603702543
			vertex -0.08586233854293823 0.023006744682788932 0.36303513824939726
			vertex -0.08889123797416687 1.0238206751135074e-16 0.36303513824939726
		endloop
	endfacet
	facet normal -0.6321922000052654 -0.08322979289006542 0.7703283870064631
		outer loop
			vertex -0.08586233854293823 -0.023006744682788766 0.36303513824939726
			vertex -0.08889123797416687 8.060999384649154e-17 0.36303513824939726
			vertex -0.10928203165531158 -0.029282031580805702 0.3431370812654495
		endloop
	endfacet
	facet normal -0.6321923347701113 -0.08322963544938047 0.7703282934183835
		outer loop
			vertex -0.08889123797416687 8.060999384649154e-17 0.36303513824939726
			vertex -0.11313708126544952 7.61917376447151e-17 0.3431370812654495
			vertex -0.10928203165531158 -0.029282031580805702 0.3431370812654495
		endloop
	endfacet
	facet normal -0.589109360688672 -0.24401708716046072 0.7703283860294313
		outer loop
			vertex -0.07698206603527069 -0.04444561898708336 0.36303513824939726
			vertex -0.08586233854293823 -0.023006744682788766 0.36303513824939726
			vertex -0.0979795902967453 -0.056568540632724686 0.34313708126544956
		endloop
	endfacet
	facet normal -0.589109375837929 -0.2440170767730169 0.770328377734455
		outer loop
			vertex -0.08586233854293823 -0.023006744682788766 0.36303513824939726
			vertex -0.10928203165531158 -0.029282031580805702 0.3431370812654495
			vertex -0.0979795902967453 -0.056568540632724686 0.34313708126544956
		endloop
	endfacet
	facet normal -0.5058796732910856 -0.38817517014436936 0.7703283672787176
		outer loop
			vertex -0.06285559386014938 -0.0628555938601493 0.3630351382493973
			vertex -0.07698206603527069 -0.04444561898708336 0.36303513824939726
			vertex -0.07999999821186066 -0.07999999821186057 0.34313708126544956
		endloop
	endfacet
	facet normal -0.5058796680603941 -0.38817517199022494 0.7703283697836042
		outer loop
			vertex -0.07698206603527069 -0.04444561898708336 0.36303513824939726
			vertex -0.0979795902967453 -0.056568540632724686 0.34313708126544956
			vertex -0.07999999821186066 -0.07999999821186057 0.34313708126544956
		endloop
	endfacet
	facet normal -0.3881751680811143 -0.5058796706021967 0.7703283700842204
		outer loop
			vertex -0.044445618987083435 -0.07698206603527061 0.3630351382493973
			vertex -0.06285559386014938 -0.0628555938601493 0.3630351382493973
			vertex -0.05656854063272476 -0.09797959029674522 0.34313708126544956
		endloop
	endfacet
	facet normal -0.38817517361131515 -0.5058796701730399 0.770328367579334
		outer loop
			vertex -0.06285559386014938 -0.0628555938601493 0.3630351382493973
			vertex -0.07999999821186066 -0.07999999821186057 0.34313708126544956
			vertex -0.05656854063272476 -0.09797959029674522 0.34313708126544956
		endloop
	endfacet
	facet normal -0.24401709145555667 -0.5891093710579507 0.7703283767389569
		outer loop
			vertex -0.02300674468278885 -0.08586233854293815 0.3630351382493973
			vertex -0.044445618987083435 -0.07698206603527061 0.3630351382493973
			vertex -0.02928203158080578 -0.1092820316553115 0.34313708126544956
		endloop
	endfacet
	facet normal -0.24401707339838338 -0.5891093676908387 0.7703283850339339
		outer loop
			vertex -0.044445618987083435 -0.07698206603527061 0.3630351382493973
			vertex -0.05656854063272476 -0.09797959029674522 0.34313708126544956
			vertex -0.02928203158080578 -0.1092820316553115 0.34313708126544956
		endloop
	endfacet
	facet normal -0.08322980941869211 -0.6321923255524823 0.7703282821866743
		outer loop
			vertex -5.443018416214802e-18 -0.08889123797416679 0.3630351382493973
			vertex -0.02300674468278885 -0.08586233854293815 0.3630351382493973
			vertex -6.92764838347957e-18 -0.11313708126544944 0.34313708126544956
		endloop
	endfacet
	facet normal -0.08322962246294818 -0.6321922361282885 0.7703283757747663
		outer loop
			vertex -0.02300674468278885 -0.08586233854293815 0.3630351382493973
			vertex -0.02928203158080578 -0.1092820316553115 0.34313708126544956
			vertex -6.92764838347957e-18 -0.11313708126544944 0.34313708126544956
		endloop
	endfacet
	facet normal 0.08322979289006538 -0.6321922000052654 0.7703283870064631
		outer loop
			vertex 0.02300674468278885 -0.08586233854293815 0.3630351382493973
			vertex -5.443018416214802e-18 -0.08889123797416679 0.3630351382493973
			vertex 0.02928203158080578 -0.1092820316553115 0.34313708126544956
		endloop
	endfacet
	facet normal 0.08322963544938043 -0.6321923347701112 0.7703282934183834
		outer loop
			vertex -5.443018416214802e-18 -0.08889123797416679 0.3630351382493973
			vertex -6.92764838347957e-18 -0.11313708126544944 0.34313708126544956
			vertex 0.02928203158080578 -0.1092820316553115 0.34313708126544956
		endloop
	endfacet
	facet normal 0.2440170871604612 -0.5891093606886729 0.7703283860294303
		outer loop
			vertex 0.044445618987083435 -0.07698206603527061 0.3630351382493973
			vertex 0.02300674468278885 -0.08586233854293815 0.3630351382493973
			vertex 0.05656854063272476 -0.09797959029674522 0.34313708126544956
		endloop
	endfacet
	facet normal 0.24401707677301832 -0.5891093758379286 0.770328377734455
		outer loop
			vertex 0.02300674468278885 -0.08586233854293815 0.3630351382493973
			vertex 0.02928203158080578 -0.1092820316553115 0.34313708126544956
			vertex 0.05656854063272476 -0.09797959029674522 0.34313708126544956
		endloop
	endfacet
	facet normal 0.38817517014437064 -0.5058796732910845 0.7703283672787177
		outer loop
			vertex 0.06285559386014938 -0.0628555938601493 0.3630351382493973
			vertex 0.044445618987083435 -0.07698206603527061 0.3630351382493973
			vertex 0.07999999821186066 -0.07999999821186057 0.34313708126544956
		endloop
	endfacet
	facet normal 0.3881751719902255 -0.505879668060395 0.7703283697836033
		outer loop
			vertex 0.044445618987083435 -0.07698206603527061 0.3630351382493973
			vertex 0.05656854063272476 -0.09797959029674522 0.34313708126544956
			vertex 0.07999999821186066 -0.07999999821186057 0.34313708126544956
		endloop
	endfacet
	facet normal 0.5058796706021969 -0.3881751680811122 0.7703283700842214
		outer loop
			vertex 0.07698206603527069 -0.04444561898708336 0.36303513824939726
			vertex 0.06285559386014938 -0.0628555938601493 0.3630351382493973
			vertex 0.0979795902967453 -0.056568540632724686 0.34313708126544956
		endloop
	endfacet
	facet normal 0.5058796701730398 -0.38817517361131526 0.7703283675793341
		outer loop
			vertex 0.06285559386014938 -0.0628555938601493 0.3630351382493973
			vertex 0.07999999821186066 -0.07999999821186057 0.34313708126544956
			vertex 0.0979795902967453 -0.056568540632724686 0.34313708126544956
		endloop
	endfacet
	facet normal 0.5891093710579507 -0.24401709145555658 0.7703283767389569
		outer loop
			vertex 0.08586233854293823 -0.023006744682788766 0.36303513824939726
			vertex 0.07698206603527069 -0.04444561898708336 0.36303513824939726
			vertex 0.10928203165531158 -0.029282031580805702 0.3431370812654495
		endloop
	endfacet
	facet normal 0.5891093676908383 -0.2440170733983817 0.7703283850339346
		outer loop
			vertex 0.07698206603527069 -0.04444561898708336 0.36303513824939726
			vertex 0.0979795902967453 -0.056568540632724686 0.34313708126544956
			vertex 0.10928203165531158 -0.029282031580805702 0.3431370812654495
		endloop
	endfacet
	facet normal 0.6321923255524822 -0.08322980941869212 0.7703282821866745
		outer loop
			vertex 0.08889123797416687 6.972395701406193e-17 0.36303513824939726
			vertex 0.08586233854293823 -0.023006744682788766 0.36303513824939726
			vertex 0.11313708126544952 6.233644087775596e-17 0.3431370812654495
		endloop
	endfacet
	facet normal 0.6321922361282885 -0.08322962246294822 0.7703283757747664
		outer loop
			vertex 0.08586233854293823 -0.023006744682788766 0.36303513824939726
			vertex 0.10928203165531158 -0.029282031580805702 0.3431370812654495
			vertex 0.11313708126544952 6.233644087775596e-17 0.3431370812654495
		endloop
	endfacet
	facet normal 0.6321922000052654 0.08322979289006537 0.7703283870064631
		outer loop
			vertex 0.08586233854293823 0.023006744682788932 0.36303513824939726
			vertex 0.08889123797416687 6.972395701406193e-17 0.36303513824939726
			vertex 0.10928203165531158 0.029282031580805855 0.3431370812654495
		endloop
	endfacet
	facet normal 0.6321923347701113 0.08322963544938042 0.7703282934183834
		outer loop
			vertex 0.08889123797416687 6.972395701406193e-17 0.36303513824939726
			vertex 0.11313708126544952 6.233644087775596e-17 0.3431370812654495
			vertex 0.10928203165531158 0.029282031580805855 0.3431370812654495
		endloop
	endfacet
	facet normal 0.5891093606886729 0.24401708716046125 0.7703283860294302
		outer loop
			vertex 0.07698206603527069 0.04444561898708351 0.36303513824939726
			vertex 0.08586233854293823 0.023006744682788932 0.36303513824939726
			vertex 0.0979795902967453 0.05656854063272484 0.3431370812654495
		endloop
	endfacet
	facet normal 0.5891093758379287 0.2440170767730183 0.7703283777344547
		outer loop
			vertex 0.08586233854293823 0.023006744682788932 0.36303513824939726
			vertex 0.10928203165531158 0.029282031580805855 0.3431370812654495
			vertex 0.0979795902967453 0.05656854063272484 0.3431370812654495
		endloop
	endfacet
	facet normal 0.5058796732910846 0.3881751701443706 0.7703283672787177
		outer loop
			vertex 0.06285559386014938 0.06285559386014947 0.36303513824939726
			vertex 0.07698206603527069 0.04444561898708351 0.36303513824939726
			vertex 0.07999999821186066 0.07999999821186074 0.3431370812654495
		endloop
	endfacet
	facet normal 0.505879668060395 0.38817517199022533 0.7703283697836031
		outer loop
			vertex 0.07698206603527069 0.04444561898708351 0.36303513824939726
			vertex 0.0979795902967453 0.05656854063272484 0.3431370812654495
			vertex 0.07999999821186066 0.07999999821186074 0.3431370812654495
		endloop
	endfacet
	facet normal 0.3881751680811143 0.5058796706021967 0.7703283700842204
		outer loop
			vertex 0.044445618987083435 0.07698206603527077 0.36303513824939726
			vertex 0.06285559386014938 0.06285559386014947 0.36303513824939726
			vertex 0.05656854063272476 0.09797959029674538 0.3431370812654495
		endloop
	endfacet
	facet normal 0.38817517361131515 0.5058796701730399 0.770328367579334
		outer loop
			vertex 0.06285559386014938 0.06285559386014947 0.36303513824939726
			vertex 0.07999999821186066 0.07999999821186074 0.3431370812654495
			vertex 0.05656854063272476 0.09797959029674538 0.3431370812654495
		endloop
	endfacet
	facet normal 0.24401709145555667 0.5891093710579507 0.7703283767389569
		outer loop
			vertex 0.02300674468278885 0.08586233854293832 0.36303513824939726
			vertex 0.044445618987083435 0.07698206603527077 0.36303513824939726
			vertex 0.02928203158080578 0.10928203165531167 0.3431370812654495
		endloop
	endfacet
	facet normal 0.24401707339838338 0.5891093676908387 0.7703283850339339
		outer loop
			vertex 0.044445618987083435 0.07698206603527077 0.36303513824939726
			vertex 0.05656854063272476 0.09797959029674538 0.3431370812654495
			vertex 0.02928203158080578 0.10928203165531167 0.3431370812654495
		endloop
	endfacet
	facet normal 0.08322980941869214 0.6321923255524823 0.7703282821866744
		outer loop
			vertex 1.63290548350541e-17 0.08889123797416695 0.36303513824939726
			vertex 0.02300674468278885 0.08586233854293832 0.36303513824939726
			vertex 2.0782945977619322e-17 0.11313708126544961 0.3431370812654495
		endloop
	endfacet
	facet normal 0.08322962246294822 0.6321922361282883 0.7703283757747663
		outer loop
			vertex 0.02300674468278885 0.08586233854293832 0.36303513824939726
			vertex 0.02928203158080578 0.10928203165531167 0.3431370812654495
			vertex 2.0782945977619322e-17 0.11313708126544961 0.3431370812654495
		endloop
	endfacet
	facet normal -0.08322979289006535 0.6321922000052654 0.7703283870064631
		outer loop
			vertex -0.02300674468278885 0.08586233854293832 0.36303513824939726
			vertex 1.63290548350541e-17 0.08889123797416695 0.36303513824939726
			vertex -0.02928203158080578 0.10928203165531167 0.3431370812654495
		endloop
	endfacet
	facet normal -0.0832296354493804 0.6321923347701112 0.7703282934183834
		outer loop
			vertex 1.63290548350541e-17 0.08889123797416695 0.36303513824939726
			vertex 2.0782945977619322e-17 0.11313708126544961 0.3431370812654495
			vertex -0.02928203158080578 0.10928203165531167 0.3431370812654495
		endloop
	endfacet
	facet normal -0.2440170871604612 0.5891093606886729 0.7703283860294303
		outer loop
			vertex -0.044445618987083435 0.07698206603527077 0.36303513824939726
			vertex -0.02300674468278885 0.08586233854293832 0.36303513824939726
			vertex -0.05656854063272476 0.09797959029674538 0.3431370812654495
		endloop
	endfacet
	facet normal -0.24401707677301832 0.5891093758379286 0.770328377734455
		outer loop
			vertex -0.02300674468278885 0.08586233854293832 0.36303513824939726
			vertex -0.02928203158080578 0.10928203165531167 0.3431370812654495
			vertex -0.05656854063272476 0.09797959029674538 0.3431370812654495
		endloop
	endfacet
	facet normal -0.38817517014437064 0.5058796732910845 0.7703283672787177
		outer loop
			vertex -0.06285559386014938 0.06285559386014947 0.36303513824939726
			vertex -0.044445618987083435 0.07698206603527077 0.36303513824939726
			vertex -0.07999999821186066 0.07999999821186074 0.3431370812654495
		endloop
	endfacet
	facet normal -0.3881751719902255 0.505879668060395 0.7703283697836033
		outer loop
			vertex -0.044445618987083435 0.07698206603527077 0.36303513824939726
			vertex -0.05656854063272476 0.09797959029674538 0.3431370812654495
			vertex -0.07999999821186066 0.07999999821186074 0.3431370812654495
		endloop
	endfacet
	facet normal -0.505879670602197 0.38817516808111424 0.7703283700842204
		outer loop
			vertex -0.07698206603527069 0.04444561898708351 0.36303513824939726
			vertex -0.06285559386014938 0.06285559386014947 0.36303513824939726
			vertex -0.0979795902967453 0.05656854063272484 0.3431370812654495
		endloop
	endfacet
	facet normal -0.5058796701730401 0.3881751736113152 0.7703283675793342
		outer loop
			vertex -0.06285559386014938 0.06285559386014947 0.36303513824939726
			vertex -0.07999999821186066 0.07999999821186074 0.3431370812654495
			vertex -0.0979795902967453 0.05656854063272484 0.3431370812654495
		endloop
	endfacet
	facet normal -0.5891093710579507 0.24401709145555675 0.7703283767389569
		outer loop
			vertex -0.08586233854293823 0.023006744682788932 0.36303513824939726
			vertex -0.07698206603527069 0.04444561898708351 0.36303513824939726
			vertex -0.10928203165531158 0.029282031580805855 0.3431370812654495
		endloop
	endfacet
	facet normal -0.5891093676908387 0.24401707339838338 0.7703283850339339
		outer loop
			vertex -0.07698206603527069 0.04444561898708351 0.36303513824939726
			vertex -0.0979795902967453 0.05656854063272484 0.3431370812654495
			vertex -0.10928203165531158 0.029282031580805855 0.3431370812654495
		endloop
	endfacet
	facet normal -0.6321923255524822 0.08322980941869215 0.7703282821866744
		outer loop
			vertex -0.08889123797416687 1.0238206751135074e-16 0.36303513824939726
			vertex -0.08586233854293823 0.023006744682788932 0.36303513824939726
			vertex -0.11313708126544952 1.0390233117863338e-16 0.3431370812654495
		endloop
	endfacet
	facet normal -0.6321922361282885 0.08322962246294825 0.7703283757747663
		outer loop
			vertex -0.08586233854293823 0.023006744682788932 0.36303513824939726
			vertex -0.10928203165531158 0.029282031580805855 0.3431370812654495
			vertex -0.11313708126544952 1.0390233117863338e-16 0.3431370812654495
		endloop
	endfacet
	facet normal -0.769038311580324 -0.1012457361456505 0.631133406051375
		outer loop
			vertex -0.10928203165531158 -0.029282031580805702 0.3431370812654495
			vertex -0.11313708126544952 7.61917376447151e-17 0.3431370812654495
			vertex -0.12850207090377808 -0.034432027488946845 0.3188912379741669
		endloop
	endfacet
	facet normal -0.7690381670365699 -0.10124590553511159 0.6311335550051258
		outer loop
			vertex -0.11313708126544952 7.61917376447151e-17 0.3431370812654495
			vertex -0.13303513824939728 7.080807895002802e-17 0.31889123797416685
			vertex -0.12850207090377808 -0.034432027488946845 0.3188912379741669
		endloop
	endfacet
	facet normal -0.7166295821930461 -0.29683767216756146 0.6311334552279443
		outer loop
			vertex -0.0979795902967453 -0.056568540632724686 0.34313708126544956
			vertex -0.10928203165531158 -0.029282031580805702 0.3431370812654495
			vertex -0.11521180719137192 -0.06651756912469857 0.3188912379741669
		endloop
	endfacet
	facet normal -0.7166296205931569 -0.29683764575107463 0.6311334240503095
		outer loop
			vertex -0.10928203165531158 -0.029282031580805702 0.3431370812654495
			vertex -0.12850207090377808 -0.034432027488946845 0.3188912379741669
			vertex -0.11521180719137192 -0.06651756912469857 0.3188912379741669
		endloop
	endfacet
	facet normal -0.6153837034270421 -0.47220058444660706 0.6311335085421319
		outer loop
			vertex -0.07999999821186066 -0.07999999821186057 0.34313708126544956
			vertex -0.0979795902967453 -0.056568540632724686 0.34313708126544956
			vertex -0.09407004714012146 -0.09407004714012139 0.3188912379741669
		endloop
	endfacet
	facet normal -0.615383755980075 -0.4722005658106449 0.6311334712435733
		outer loop
			vertex -0.0979795902967453 -0.056568540632724686 0.34313708126544956
			vertex -0.11521180719137192 -0.06651756912469857 0.3188912379741669
			vertex -0.09407004714012146 -0.09407004714012139 0.3188912379741669
		endloop
	endfacet
	facet normal -0.4722006044147808 -0.6153837294500697 0.6311334682287411
		outer loop
			vertex -0.05656854063272476 -0.09797959029674522 0.34313708126544956
			vertex -0.07999999821186066 -0.07999999821186057 0.34313708126544956
			vertex -0.06651756912469864 -0.11521180719137185 0.3188912379741669
		endloop
	endfacet
	facet normal -0.47220054882910856 -0.6153837338493061 0.6311335055272975
		outer loop
			vertex -0.07999999821186066 -0.07999999821186057 0.34313708126544956
			vertex -0.09407004714012146 -0.09407004714012139 0.3188912379741669
			vertex -0.06651756912469864 -0.11521180719137185 0.3188912379741669
		endloop
	endfacet
	facet normal -0.2968376826601329 -0.7166296075243529 0.6311334215302296
		outer loop
			vertex -0.02928203158080578 -0.1092820316553115 0.34313708126544956
			vertex -0.05656854063272476 -0.09797959029674522 0.34313708126544956
			vertex -0.034432027488946915 -0.128502070903778 0.3188912379741669
		endloop
	endfacet
	facet normal -0.2968376368278783 -0.7166295990506515 0.631133452707859
		outer loop
			vertex -0.05656854063272476 -0.09797959029674522 0.34313708126544956
			vertex -0.06651756912469864 -0.11521180719137185 0.3188912379741669
			vertex -0.034432027488946915 -0.128502070903778 0.3188912379741669
		endloop
	endfacet
	facet normal -0.10124571904754655 -0.7690381817072298 0.6311335670450298
		outer loop
			vertex -6.92764838347957e-18 -0.11313708126544944 0.34313708126544956
			vertex -0.02928203158080578 -0.1092820316553115 0.34313708126544956
			vertex -8.14605316572629e-18 -0.1330351382493972 0.3188912379741669
		endloop
	endfacet
	facet normal -0.10124592007588064 -0.7690382774845481 0.6311334180912841
		outer loop
			vertex -0.02928203158080578 -0.1092820316553115 0.34313708126544956
			vertex -0.034432027488946915 -0.128502070903778 0.3188912379741669
			vertex -8.14605316572629e-18 -0.1330351382493972 0.3188912379741669
		endloop
	endfacet
	facet normal 0.10124573614565059 -0.7690383115803249 0.6311334060513741
		outer loop
			vertex 0.02928203158080578 -0.1092820316553115 0.34313708126544956
			vertex -6.92764838347957e-18 -0.11313708126544944 0.34313708126544956
			vertex 0.034432027488946915 -0.128502070903778 0.3188912379741669
		endloop
	endfacet
	facet normal 0.1012459055351126 -0.76903816703657 0.6311335550051257
		outer loop
			vertex -6.92764838347957e-18 -0.11313708126544944 0.34313708126544956
			vertex -8.14605316572629e-18 -0.1330351382493972 0.3188912379741669
			vertex 0.034432027488946915 -0.128502070903778 0.3188912379741669
		endloop
	endfacet
	facet normal 0.29683767216756246 -0.7166295821930454 0.6311334552279446
		outer loop
			vertex 0.05656854063272476 -0.09797959029674522 0.34313708126544956
			vertex 0.02928203158080578 -0.1092820316553115 0.34313708126544956
			vertex 0.06651756912469864 -0.11521180719137185 0.3188912379741669
		endloop
	endfacet
	facet normal 0.29683764575107463 -0.7166296205931576 0.6311334240503085
		outer loop
			vertex 0.02928203158080578 -0.1092820316553115 0.34313708126544956
			vertex 0.034432027488946915 -0.128502070903778 0.3188912379741669
			vertex 0.06651756912469864 -0.11521180719137185 0.3188912379741669
		endloop
	endfacet
	facet normal 0.47220058444660684 -0.6153837034270421 0.6311335085421319
		outer loop
			vertex 0.07999999821186066 -0.07999999821186057 0.34313708126544956
			vertex 0.05656854063272476 -0.09797959029674522 0.34313708126544956
			vertex 0.09407004714012146 -0.09407004714012139 0.3188912379741669
		endloop
	endfacet
	facet normal 0.4722005658106448 -0.6153837559800749 0.6311334712435736
		outer loop
			vertex 0.05656854063272476 -0.09797959029674522 0.34313708126544956
			vertex 0.06651756912469864 -0.11521180719137185 0.3188912379741669
			vertex 0.09407004714012146 -0.09407004714012139 0.3188912379741669
		endloop
	endfacet
	facet normal 0.6153837294500697 -0.472200604414781 0.631133468228741
		outer loop
			vertex 0.0979795902967453 -0.056568540632724686 0.34313708126544956
			vertex 0.07999999821186066 -0.07999999821186057 0.34313708126544956
			vertex 0.11521180719137192 -0.06651756912469857 0.3188912379741669
		endloop
	endfacet
	facet normal 0.6153837338493061 -0.4722005488291086 0.6311335055272974
		outer loop
			vertex 0.07999999821186066 -0.07999999821186057 0.34313708126544956
			vertex 0.09407004714012146 -0.09407004714012139 0.3188912379741669
			vertex 0.11521180719137192 -0.06651756912469857 0.3188912379741669
		endloop
	endfacet
	facet normal 0.7166296075243526 -0.29683768266013144 0.6311334215302303
		outer loop
			vertex 0.10928203165531158 -0.029282031580805702 0.3431370812654495
			vertex 0.0979795902967453 -0.056568540632724686 0.34313708126544956
			vertex 0.12850207090377808 -0.034432027488946845 0.3188912379741669
		endloop
	endfacet
	facet normal 0.7166295990506515 -0.2968376368278786 0.6311334527078588
		outer loop
			vertex 0.0979795902967453 -0.056568540632724686 0.34313708126544956
			vertex 0.11521180719137192 -0.06651756912469857 0.3188912379741669
			vertex 0.12850207090377808 -0.034432027488946845 0.3188912379741669
		endloop
	endfacet
	facet normal 0.7690381817072297 -0.10124571904754655 0.6311335670450298
		outer loop
			vertex 0.11313708126544952 6.233644087775596e-17 0.3431370812654495
			vertex 0.10928203165531158 -0.029282031580805702 0.3431370812654495
			vertex 0.13303513824939728 5.4515972618575446e-17 0.31889123797416685
		endloop
	endfacet
	facet normal 0.7690382774845476 -0.10124592007587956 0.6311334180912849
		outer loop
			vertex 0.10928203165531158 -0.029282031580805702 0.3431370812654495
			vertex 0.12850207090377808 -0.034432027488946845 0.3188912379741669
			vertex 0.13303513824939728 5.4515972618575446e-17 0.31889123797416685
		endloop
	endfacet
	facet normal 0.7690383115803249 0.10124573614565056 0.6311334060513741
		outer loop
			vertex 0.10928203165531158 0.029282031580805855 0.3431370812654495
			vertex 0.11313708126544952 6.233644087775596e-17 0.3431370812654495
			vertex 0.12850207090377808 0.034432027488946984 0.31889123797416685
		endloop
	endfacet
	facet normal 0.7690381670365698 0.10124590553511256 0.6311335550051257
		outer loop
			vertex 0.11313708126544952 6.233644087775596e-17 0.3431370812654495
			vertex 0.13303513824939728 5.4515972618575446e-17 0.31889123797416685
			vertex 0.12850207090377808 0.034432027488946984 0.31889123797416685
		endloop
	endfacet
	facet normal 0.7166295821930456 0.29683767216756257 0.6311334552279444
		outer loop
			vertex 0.0979795902967453 0.05656854063272484 0.3431370812654495
			vertex 0.10928203165531158 0.029282031580805855 0.3431370812654495
			vertex 0.11521180719137192 0.06651756912469871 0.31889123797416685
		endloop
	endfacet
	facet normal 0.7166296205931576 0.2968376457510749 0.6311334240503085
		outer loop
			vertex 0.10928203165531158 0.029282031580805855 0.3431370812654495
			vertex 0.12850207090377808 0.034432027488946984 0.31889123797416685
			vertex 0.11521180719137192 0.06651756912469871 0.31889123797416685
		endloop
	endfacet
	facet normal 0.6153837034270425 0.47220058444660695 0.6311335085421316
		outer loop
			vertex 0.07999999821186066 0.07999999821186074 0.3431370812654495
			vertex 0.0979795902967453 0.05656854063272484 0.3431370812654495
			vertex 0.09407004714012146 0.09407004714012153 0.31889123797416685
		endloop
	endfacet
	facet normal 0.6153837559800751 0.472200565810645 0.6311334712435732
		outer loop
			vertex 0.0979795902967453 0.05656854063272484 0.3431370812654495
			vertex 0.11521180719137192 0.06651756912469871 0.31889123797416685
			vertex 0.09407004714012146 0.09407004714012153 0.31889123797416685
		endloop
	endfacet
	facet normal 0.472200604414781 0.6153837294500699 0.6311334682287406
		outer loop
			vertex 0.05656854063272476 0.09797959029674538 0.3431370812654495
			vertex 0.07999999821186066 0.07999999821186074 0.3431370812654495
			vertex 0.06651756912469864 0.11521180719137199 0.31889123797416685
		endloop
	endfacet
	facet normal 0.4722005488291088 0.6153837338493063 0.6311335055272971
		outer loop
			vertex 0.07999999821186066 0.07999999821186074 0.3431370812654495
			vertex 0.09407004714012146 0.09407004714012153 0.31889123797416685
			vertex 0.06651756912469864 0.11521180719137199 0.31889123797416685
		endloop
	endfacet
	facet normal 0.2968376826601329 0.7166296075243529 0.6311334215302296
		outer loop
			vertex 0.02928203158080578 0.10928203165531167 0.3431370812654495
			vertex 0.05656854063272476 0.09797959029674538 0.3431370812654495
			vertex 0.034432027488946915 0.12850207090377816 0.31889123797416685
		endloop
	endfacet
	facet normal 0.29683763682787895 0.7166295990506516 0.6311334527078585
		outer loop
			vertex 0.05656854063272476 0.09797959029674538 0.3431370812654495
			vertex 0.06651756912469864 0.11521180719137199 0.31889123797416685
			vertex 0.034432027488946915 0.12850207090377816 0.31889123797416685
		endloop
	endfacet
	facet normal 0.10124571904754659 0.7690381817072298 0.6311335670450298
		outer loop
			vertex 2.0782945977619322e-17 0.11313708126544961 0.3431370812654495
			vertex 0.02928203158080578 0.10928203165531167 0.3431370812654495
			vertex 2.4438157842817645e-17 0.13303513824939736 0.31889123797416685
		endloop
	endfacet
	facet normal 0.10124592007588072 0.7690382774845483 0.6311334180912841
		outer loop
			vertex 0.02928203158080578 0.10928203165531167 0.3431370812654495
			vertex 0.034432027488946915 0.12850207090377816 0.31889123797416685
			vertex 2.4438157842817645e-17 0.13303513824939736 0.31889123797416685
		endloop
	endfacet
	facet normal -0.10124573614565052 0.7690383115803247 0.6311334060513741
		outer loop
			vertex -0.02928203158080578 0.10928203165531167 0.3431370812654495
			vertex 2.0782945977619322e-17 0.11313708126544961 0.3431370812654495
			vertex -0.034432027488946915 0.12850207090377816 0.31889123797416685
		endloop
	endfacet
	facet normal -0.10124590553511253 0.7690381670365699 0.6311335550051257
		outer loop
			vertex 2.0782945977619322e-17 0.11313708126544961 0.3431370812654495
			vertex 2.4438157842817645e-17 0.13303513824939736 0.31889123797416685
			vertex -0.034432027488946915 0.12850207090377816 0.31889123797416685
		endloop
	endfacet
	facet normal -0.2968376721675626 0.7166295821930458 0.6311334552279441
		outer loop
			vertex -0.05656854063272476 0.09797959029674538 0.3431370812654495
			vertex -0.02928203158080578 0.10928203165531167 0.3431370812654495
			vertex -0.06651756912469864 0.11521180719137199 0.31889123797416685
		endloop
	endfacet
	facet normal -0.29683764575107513 0.7166296205931574 0.6311334240503085
		outer loop
			vertex -0.02928203158080578 0.10928203165531167 0.3431370812654495
			vertex -0.034432027488946915 0.12850207090377816 0.31889123797416685
			vertex -0.06651756912469864 0.11521180719137199 0.31889123797416685
		endloop
	endfacet
	facet normal -0.47220058444660706 0.6153837034270424 0.6311335085421315
		outer loop
			vertex -0.07999999821186066 0.07999999821186074 0.3431370812654495
			vertex -0.05656854063272476 0.09797959029674538 0.3431370812654495
			vertex -0.09407004714012146 0.09407004714012153 0.31889123797416685
		endloop
	endfacet
	facet normal -0.472200565810645 0.6153837559800752 0.631133471243573
		outer loop
			vertex -0.05656854063272476 0.09797959029674538 0.3431370812654495
			vertex -0.06651756912469864 0.11521180719137199 0.31889123797416685
			vertex -0.09407004714012146 0.09407004714012153 0.31889123797416685
		endloop
	endfacet
	facet normal -0.6153837294500699 0.4722006044147808 0.6311334682287407
		outer loop
			vertex -0.0979795902967453 0.05656854063272484 0.3431370812654495
			vertex -0.07999999821186066 0.07999999821186074 0.3431370812654495
			vertex -0.11521180719137192 0.06651756912469871 0.31889123797416685
		endloop
	endfacet
	facet normal -0.6153837338493062 0.4722005488291086 0.6311335055272971
		outer loop
			vertex -0.07999999821186066 0.07999999821186074 0.3431370812654495
			vertex -0.09407004714012146 0.09407004714012153 0.31889123797416685
			vertex -0.11521180719137192 0.06651756912469871 0.31889123797416685
		endloop
	endfacet
	facet normal -0.7166296075243529 0.2968376826601329 0.6311334215302296
		outer loop
			vertex -0.10928203165531158 0.029282031580805855 0.3431370812654495
			vertex -0.0979795902967453 0.05656854063272484 0.3431370812654495
			vertex -0.12850207090377808 0.034432027488946984 0.31889123797416685
		endloop
	endfacet
	facet normal -0.7166295990506515 0.2968376368278786 0.6311334527078586
		outer loop
			vertex -0.0979795902967453 0.05656854063272484 0.3431370812654495
			vertex -0.11521180719137192 0.06651756912469871 0.31889123797416685
			vertex -0.12850207090377808 0.034432027488946984 0.31889123797416685
		endloop
	endfacet
	facet normal -0.7690381817072298 0.1012457190475466 0.6311335670450298
		outer loop
			vertex -0.11313708126544952 1.0390233117863338e-16 0.3431370812654495
			vertex -0.10928203165531158 0.029282031580805855 0.3431370812654495
			vertex -0.13303513824939728 1.0339229161293318e-16 0.31889123797416685
		endloop
	endfacet
	facet normal -0.7690382774845481 0.10124592007588072 0.6311334180912841
		outer loop
			vertex -0.10928203165531158 0.029282031580805855 0.3431370812654495
			vertex -0.12850207090377808 0.034432027488946984 0.31889123797416685
			vertex -0.13303513824939728 1.0339229161293318e-16 0.31889123797416685
		endloop
	endfacet
	facet normal -0.8760361708102242 -0.11533247528789488 0.4682510518686818
		outer loop
			vertex -0.12850207090377808 -0.034432027488946845 0.3188912379741669
			vertex -0.13303513824939728 7.080807895002802e-17 0.31889123797416685
			vertex -0.14278385043144226 -0.03825882077217096 0.29122934818267826
		endloop
	endfacet
	facet normal -0.876036158282217 -0.11533249238225539 0.4682510710965127
		outer loop
			vertex -0.13303513824939728 7.080807895002802e-17 0.31889123797416685
			vertex -0.14782072603702545 6.466590555979717e-17 0.2912293481826782
			vertex -0.14278385043144226 -0.03825882077217096 0.29122934818267826
		endloop
	endfacet
	facet normal -0.8163357840324975 -0.3381372822323417 0.46825107161924756
		outer loop
			vertex -0.11521180719137192 -0.06651756912469857 0.3188912379741669
			vertex -0.12850207090377808 -0.034432027488946845 0.3188912379741669
			vertex -0.12801650166511536 -0.07391036301851266 0.29122934818267826
		endloop
	endfacet
	facet normal -0.8163357925434829 -0.33813727539830357 0.4682510617164851
		outer loop
			vertex -0.12850207090377808 -0.034432027488946845 0.3188912379741669
			vertex -0.14278385043144226 -0.03825882077217096 0.29122934818267826
			vertex -0.12801650166511536 -0.07391036301851266 0.29122934818267826
		endloop
	endfacet
	facet normal -0.7010033956340207 -0.5378988262801749 0.4682510993003466
		outer loop
			vertex -0.09407004714012146 -0.09407004714012139 0.3188912379741669
			vertex -0.11521180719137192 -0.06651756912469857 0.3188912379741669
			vertex -0.10452503710985184 -0.10452503710985177 0.29122934818267826
		endloop
	endfacet
	facet normal -0.701003418328338 -0.5378988162881473 0.46825107680366873
		outer loop
			vertex -0.11521180719137192 -0.06651756912469857 0.3188912379741669
			vertex -0.12801650166511536 -0.07391036301851266 0.29122934818267826
			vertex -0.10452503710985184 -0.10452503710985177 0.29122934818267826
		endloop
	endfacet
	facet normal -0.5378988339198109 -0.701003405590188 0.46825107561933704
		outer loop
			vertex -0.06651756912469864 -0.11521180719137185 0.3188912379741669
			vertex -0.09407004714012146 -0.09407004714012139 0.3188912379741669
			vertex -0.07391036301851273 -0.1280165016651153 0.29122934818267826
		endloop
	endfacet
	facet normal -0.5378988094126569 -0.7010034093680236 0.4682510981160143
		outer loop
			vertex -0.09407004714012146 -0.09407004714012139 0.3188912379741669
			vertex -0.10452503710985184 -0.10452503710985177 0.29122934818267826
			vertex -0.07391036301851273 -0.1280165016651153 0.29122934818267826
		endloop
	endfacet
	facet normal -0.3381372843463318 -0.8163357891361229 0.4682510611951582
		outer loop
			vertex -0.034432027488946915 -0.128502070903778 0.3188912379741669
			vertex -0.06651756912469864 -0.11521180719137185 0.3188912379741669
			vertex -0.03825882077217102 -0.1427838504314422 0.29122934818267826
		endloop
	endfacet
	facet normal -0.3381372734957622 -0.8163357879503408 0.46825107109791897
		outer loop
			vertex -0.06651756912469864 -0.11521180719137185 0.3188912379741669
			vertex -0.07391036301851273 -0.1280165016651153 0.29122934818267826
			vertex -0.03825882077217102 -0.1427838504314422 0.29122934818267826
		endloop
	endfacet
	facet normal -0.11533247388787128 -0.876036160175995 0.468251072108759
		outer loop
			vertex -8.14605316572629e-18 -0.1330351382493972 0.3188912379741669
			vertex -0.034432027488946915 -0.128502070903778 0.3188912379741669
			vertex -9.05140896361048e-18 -0.1478207260370254 0.29122934818267826
		endloop
	endfacet
	facet normal -0.11533249364224477 -0.8760361678527693 0.4682510528809268
		outer loop
			vertex -0.034432027488946915 -0.128502070903778 0.3188912379741669
			vertex -0.03825882077217102 -0.1427838504314422 0.29122934818267826
			vertex -9.05140896361048e-18 -0.1478207260370254 0.29122934818267826
		endloop
	endfacet
	facet normal 0.11533247528789553 -0.8760361708102237 0.46825105186868254
		outer loop
			vertex 0.034432027488946915 -0.128502070903778 0.3188912379741669
			vertex -8.14605316572629e-18 -0.1330351382493972 0.3188912379741669
			vertex 0.03825882077217102 -0.1427838504314422 0.29122934818267826
		endloop
	endfacet
	facet normal 0.11533249238225599 -0.8760361582822167 0.4682510710965134
		outer loop
			vertex -8.14605316572629e-18 -0.1330351382493972 0.3188912379741669
			vertex -9.05140896361048e-18 -0.1478207260370254 0.29122934818267826
			vertex 0.03825882077217102 -0.1427838504314422 0.29122934818267826
		endloop
	endfacet
	facet normal 0.33813728223234135 -0.8163357840324975 0.46825107161924784
		outer loop
			vertex 0.06651756912469864 -0.11521180719137185 0.3188912379741669
			vertex 0.034432027488946915 -0.128502070903778 0.3188912379741669
			vertex 0.07391036301851273 -0.1280165016651153 0.29122934818267826
		endloop
	endfacet
	facet normal 0.3381372753983034 -0.8163357925434825 0.4682510617164857
		outer loop
			vertex 0.034432027488946915 -0.128502070903778 0.3188912379741669
			vertex 0.03825882077217102 -0.1427838504314422 0.29122934818267826
			vertex 0.07391036301851273 -0.1280165016651153 0.29122934818267826
		endloop
	endfacet
	facet normal 0.5378988262801749 -0.7010033956340207 0.4682510993003466
		outer loop
			vertex 0.09407004714012146 -0.09407004714012139 0.3188912379741669
			vertex 0.06651756912469864 -0.11521180719137185 0.3188912379741669
			vertex 0.10452503710985184 -0.10452503710985177 0.29122934818267826
		endloop
	endfacet
	facet normal 0.5378988162881474 -0.7010034183283378 0.468251076803669
		outer loop
			vertex 0.06651756912469864 -0.11521180719137185 0.3188912379741669
			vertex 0.07391036301851273 -0.1280165016651153 0.29122934818267826
			vertex 0.10452503710985184 -0.10452503710985177 0.29122934818267826
		endloop
	endfacet
	facet normal 0.7010034055901883 -0.537898833919811 0.46825107561933677
		outer loop
			vertex 0.11521180719137192 -0.06651756912469857 0.3188912379741669
			vertex 0.09407004714012146 -0.09407004714012139 0.3188912379741669
			vertex 0.12801650166511536 -0.07391036301851266 0.29122934818267826
		endloop
	endfacet
	facet normal 0.7010034093680239 -0.5378988094126568 0.4682510981160143
		outer loop
			vertex 0.09407004714012146 -0.09407004714012139 0.3188912379741669
			vertex 0.10452503710985184 -0.10452503710985177 0.29122934818267826
			vertex 0.12801650166511536 -0.07391036301851266 0.29122934818267826
		endloop
	endfacet
	facet normal 0.816335789136123 -0.33813728434633217 0.4682510611951576
		outer loop
			vertex 0.12850207090377808 -0.034432027488946845 0.3188912379741669
			vertex 0.11521180719137192 -0.06651756912469857 0.3188912379741669
			vertex 0.14278385043144226 -0.03825882077217096 0.29122934818267826
		endloop
	endfacet
	facet normal 0.8163357879503411 -0.3381372734957624 0.46825107109791875
		outer loop
			vertex 0.11521180719137192 -0.06651756912469857 0.3188912379741669
			vertex 0.12801650166511536 -0.07391036301851266 0.29122934818267826
			vertex 0.14278385043144226 -0.03825882077217096 0.29122934818267826
		endloop
	endfacet
	facet normal 0.8760361601759954 -0.11533247388787059 0.4682510721087584
		outer loop
			vertex 0.13303513824939728 5.4515972618575446e-17 0.31889123797416685
			vertex 0.12850207090377808 -0.034432027488946845 0.3188912379741669
			vertex 0.14782072603702545 4.6563087632576214e-17 0.2912293481826782
		endloop
	endfacet
	facet normal 0.8760361678527696 -0.11533249364224415 0.46825105288092594
		outer loop
			vertex 0.12850207090377808 -0.034432027488946845 0.3188912379741669
			vertex 0.14278385043144226 -0.03825882077217096 0.29122934818267826
			vertex 0.14782072603702545 4.6563087632576214e-17 0.2912293481826782
		endloop
	endfacet
	facet normal 0.8760361708102241 0.11533247528789556 0.46825105186868177
		outer loop
			vertex 0.12850207090377808 0.034432027488946984 0.31889123797416685
			vertex 0.13303513824939728 5.4515972618575446e-17 0.31889123797416685
			vertex 0.14278385043144226 0.03825882077217108 0.2912293481826782
		endloop
	endfacet
	facet normal 0.8760361582822171 0.11533249238225603 0.46825107109651276
		outer loop
			vertex 0.13303513824939728 5.4515972618575446e-17 0.31889123797416685
			vertex 0.14782072603702545 4.6563087632576214e-17 0.2912293481826782
			vertex 0.14278385043144226 0.03825882077217108 0.2912293481826782
		endloop
	endfacet
	facet normal 0.8163357840324975 0.3381372822323417 0.46825107161924756
		outer loop
			vertex 0.11521180719137192 0.06651756912469871 0.31889123797416685
			vertex 0.12850207090377808 0.034432027488946984 0.31889123797416685
			vertex 0.12801650166511536 0.0739103630185128 0.2912293481826782
		endloop
	endfacet
	facet normal 0.8163357925434831 0.3381372753983035 0.46825106171648506
		outer loop
			vertex 0.12850207090377808 0.034432027488946984 0.31889123797416685
			vertex 0.14278385043144226 0.03825882077217108 0.2912293481826782
			vertex 0.12801650166511536 0.0739103630185128 0.2912293481826782
		endloop
	endfacet
	facet normal 0.7010033956340207 0.5378988262801749 0.4682510993003466
		outer loop
			vertex 0.09407004714012146 0.09407004714012153 0.31889123797416685
			vertex 0.11521180719137192 0.06651756912469871 0.31889123797416685
			vertex 0.10452503710985184 0.1045250371098519 0.2912293481826782
		endloop
	endfacet
	facet normal 0.701003418328338 0.5378988162881473 0.46825107680366873
		outer loop
			vertex 0.11521180719137192 0.06651756912469871 0.31889123797416685
			vertex 0.12801650166511536 0.0739103630185128 0.2912293481826782
			vertex 0.10452503710985184 0.1045250371098519 0.2912293481826782
		endloop
	endfacet
	facet normal 0.5378988339198111 0.7010034055901884 0.4682510756193365
		outer loop
			vertex 0.06651756912469864 0.11521180719137199 0.31889123797416685
			vertex 0.09407004714012146 0.09407004714012153 0.31889123797416685
			vertex 0.07391036301851273 0.1280165016651154 0.2912293481826782
		endloop
	endfacet
	facet normal 0.5378988094126566 0.7010034093680241 0.4682510981160143
		outer loop
			vertex 0.09407004714012146 0.09407004714012153 0.31889123797416685
			vertex 0.10452503710985184 0.1045250371098519 0.2912293481826782
			vertex 0.07391036301851273 0.1280165016651154 0.2912293481826782
		endloop
	endfacet
	facet normal 0.3381372843463326 0.8163357891361233 0.4682510611951568
		outer loop
			vertex 0.034432027488946915 0.12850207090377816 0.31889123797416685
			vertex 0.06651756912469864 0.11521180719137199 0.31889123797416685
			vertex 0.03825882077217102 0.14278385043144232 0.2912293481826782
		endloop
	endfacet
	facet normal 0.33813727349576234 0.8163357879503411 0.4682510710979184
		outer loop
			vertex 0.06651756912469864 0.11521180719137199 0.31889123797416685
			vertex 0.07391036301851273 0.1280165016651154 0.2912293481826782
			vertex 0.03825882077217102 0.14278385043144232 0.2912293481826782
		endloop
	endfacet
	facet normal 0.11533247388787145 0.8760361601759957 0.46825107210875755
		outer loop
			vertex 2.4438157842817645e-17 0.13303513824939736 0.31889123797416685
			vertex 0.034432027488946915 0.12850207090377816 0.31889123797416685
			vertex 2.7154226890831438e-17 0.1478207260370255 0.2912293481826782
		endloop
	endfacet
	facet normal 0.1153324936422449 0.8760361678527698 0.4682510528809254
		outer loop
			vertex 0.034432027488946915 0.12850207090377816 0.31889123797416685
			vertex 0.03825882077217102 0.14278385043144232 0.2912293481826782
			vertex 2.7154226890831438e-17 0.1478207260370255 0.2912293481826782
		endloop
	endfacet
	facet normal -0.11533247528789556 0.8760361708102244 0.46825105186868116
		outer loop
			vertex -0.034432027488946915 0.12850207090377816 0.31889123797416685
			vertex 2.4438157842817645e-17 0.13303513824939736 0.31889123797416685
			vertex -0.03825882077217102 0.14278385043144232 0.2912293481826782
		endloop
	endfacet
	facet normal -0.11533249238225603 0.8760361582822175 0.46825107109651204
		outer loop
			vertex 2.4438157842817645e-17 0.13303513824939736 0.31889123797416685
			vertex 2.7154226890831438e-17 0.1478207260370255 0.2912293481826782
			vertex -0.03825882077217102 0.14278385043144232 0.2912293481826782
		endloop
	endfacet
	facet normal -0.338137282232342 0.8163357840324975 0.4682510716192473
		outer loop
			vertex -0.06651756912469864 0.11521180719137199 0.31889123797416685
			vertex -0.034432027488946915 0.12850207090377816 0.31889123797416685
			vertex -0.07391036301851273 0.1280165016651154 0.2912293481826782
		endloop
	endfacet
	facet normal -0.3381372753983037 0.8163357925434834 0.4682510617164845
		outer loop
			vertex -0.034432027488946915 0.12850207090377816 0.31889123797416685
			vertex -0.03825882077217102 0.14278385043144232 0.2912293481826782
			vertex -0.07391036301851273 0.1280165016651154 0.2912293481826782
		endloop
	endfacet
	facet normal -0.5378988262801749 0.7010033956340207 0.4682510993003466
		outer loop
			vertex -0.09407004714012146 0.09407004714012153 0.31889123797416685
			vertex -0.06651756912469864 0.11521180719137199 0.31889123797416685
			vertex -0.10452503710985184 0.1045250371098519 0.2912293481826782
		endloop
	endfacet
	facet normal -0.5378988162881472 0.7010034183283383 0.46825107680366845
		outer loop
			vertex -0.06651756912469864 0.11521180719137199 0.31889123797416685
			vertex -0.07391036301851273 0.1280165016651154 0.2912293481826782
			vertex -0.10452503710985184 0.1045250371098519 0.2912293481826782
		endloop
	endfacet
	facet normal -0.7010034055901883 0.537898833919811 0.46825107561933677
		outer loop
			vertex -0.11521180719137192 0.06651756912469871 0.31889123797416685
			vertex -0.09407004714012146 0.09407004714012153 0.31889123797416685
			vertex -0.12801650166511536 0.0739103630185128 0.2912293481826782
		endloop
	endfacet
	facet normal -0.7010034093680239 0.5378988094126568 0.4682510981160143
		outer loop
			vertex -0.09407004714012146 0.09407004714012153 0.31889123797416685
			vertex -0.10452503710985184 0.1045250371098519 0.2912293481826782
			vertex -0.12801650166511536 0.0739103630185128 0.2912293481826782
		endloop
	endfacet
	facet normal -0.816335789136123 0.3381372843463322 0.46825106119515736
		outer loop
			vertex -0.12850207090377808 0.034432027488946984 0.31889123797416685
			vertex -0.11521180719137192 0.06651756912469871 0.31889123797416685
			vertex -0.14278385043144226 0.03825882077217108 0.2912293481826782
		endloop
	endfacet
	facet normal -0.816335787950341 0.3381372734957622 0.4682510710979187
		outer loop
			vertex -0.11521180719137192 0.06651756912469871 0.31889123797416685
			vertex -0.12801650166511536 0.0739103630185128 0.2912293481826782
			vertex -0.14278385043144226 0.03825882077217108 0.2912293481826782
		endloop
	endfacet
	facet normal -0.8760361601759952 0.11533247388787139 0.46825107210875827
		outer loop
			vertex -0.13303513824939728 1.0339229161293318e-16 0.31889123797416685
			vertex -0.12850207090377808 0.034432027488946984 0.31889123797416685
			vertex -0.14782072603702545 1.0087154141423908e-16 0.2912293481826782
		endloop
	endfacet
	facet normal -0.8760361678527696 0.1153324936422449 0.4682510528809261
		outer loop
			vertex -0.12850207090377808 0.034432027488946984 0.31889123797416685
			vertex -0.14278385043144226 0.03825882077217108 0.2912293481826782
			vertex -0.14782072603702545 1.0087154141423908e-16 0.2912293481826782
		endloop
	endfacet
	facet normal -0.9494352932757835 -0.12499568390406332 0.2880081646198296
		outer loop
			vertex -0.14278385043144226 -0.03825882077217096 0.29122934818267826
			vertex -0.14782072603702545 6.466590555979717e-17 0.2912293481826782
			vertex -0.15157853066921234 -0.04061534628272051 0.26121445141732696
		endloop
	endfacet
	facet normal -0.949435301053648 -0.12499566901242133 0.28800814544263553
		outer loop
			vertex -0.14782072603702545 6.466590555979717e-17 0.2912293481826782
			vertex -0.15692564845085144 5.800125966566914e-17 0.2612144514173269
			vertex -0.15157853066921234 -0.04061534628272051 0.26121445141732696
		endloop
	endfacet
	facet normal -0.884732869151134 -0.36646826534211185 0.2880082650563109
		outer loop
			vertex -0.12801650166511536 -0.07391036301851266 0.29122934818267826
			vertex -0.14278385043144226 -0.03825882077217096 0.29122934818267826
			vertex -0.13590160012245178 -0.07846282422542566 0.26121445141732696
		endloop
	endfacet
	facet normal -0.8847329368015943 -0.3664681917158874 0.2880081509244379
		outer loop
			vertex -0.14278385043144226 -0.03825882077217096 0.29122934818267826
			vertex -0.15157853066921234 -0.04061534628272051 0.26121445141732696
			vertex -0.13590160012245178 -0.07846282422542566 0.26121445141732696
		endloop
	endfacet
	facet normal -0.7597373658570427 -0.5829669572209819 0.2880080931312734
		outer loop
			vertex -0.10452503710985184 -0.10452503710985177 0.29122934818267826
			vertex -0.12801650166511536 -0.07391036301851266 0.29122934818267826
			vertex -0.11096318811178207 -0.11096318811178202 0.26121445141732696
		endloop
	endfacet
	facet normal -0.7597372516383453 -0.582967029768079 0.28800824758398386
		outer loop
			vertex -0.12801650166511536 -0.07391036301851266 0.29122934818267826
			vertex -0.13590160012245178 -0.07846282422542566 0.26121445141732696
			vertex -0.11096318811178207 -0.11096318811178202 0.26121445141732696
		endloop
	endfacet
	facet normal -0.5829669280979856 -0.7597373279032127 0.2880082521985866
		outer loop
			vertex -0.07391036301851273 -0.1280165016651153 0.29122934818267826
			vertex -0.10452503710985184 -0.10452503710985177 0.29122934818267826
			vertex -0.07846282422542572 -0.13590160012245173 0.26121445141732696
		endloop
	endfacet
	facet normal -0.5829670572013446 -0.759737287390065 0.2880080977458627
		outer loop
			vertex -0.10452503710985184 -0.10452503710985177 0.29122934818267826
			vertex -0.11096318811178207 -0.11096318811178202 0.26121445141732696
			vertex -0.07846282422542572 -0.13590160012245173 0.26121445141732696
		endloop
	endfacet
	facet normal -0.36646827887030997 -0.8847329018111014 0.28800814751451187
		outer loop
			vertex -0.03825882077217102 -0.1427838504314422 0.29122934818267826
			vertex -0.07391036301851273 -0.1280165016651153 0.29122934818267826
			vertex -0.040615346282720566 -0.15157853066921229 0.26121445141732696
		endloop
	endfacet
	facet normal -0.3664681789726067 -0.8847329060365773 0.28800826164638826
		outer loop
			vertex -0.07391036301851273 -0.1280165016651153 0.29122934818267826
			vertex -0.07846282422542572 -0.13590160012245173 0.26121445141732696
			vertex -0.040615346282720566 -0.15157853066921229 0.26121445141732696
		endloop
	endfacet
	facet normal -0.12499568467937595 -0.9494352991648569 0.28800814486967674
		outer loop
			vertex -9.05140896361048e-18 -0.1478207260370254 0.29122934818267826
			vertex -0.03825882077217102 -0.1427838504314422 0.29122934818267826
			vertex -9.608924560568157e-18 -0.15692564845085138 0.26121445141732696
		endloop
	endfacet
	facet normal -0.12499566828209363 -0.9494352955062616 0.2880081640468731
		outer loop
			vertex -0.03825882077217102 -0.1427838504314422 0.29122934818267826
			vertex -0.040615346282720566 -0.15157853066921229 0.26121445141732696
			vertex -9.608924560568157e-18 -0.15692564845085138 0.26121445141732696
		endloop
	endfacet
	facet normal 0.12499568390406368 -0.9494352932757834 0.28800816461982953
		outer loop
			vertex 0.03825882077217102 -0.1427838504314422 0.29122934818267826
			vertex -9.05140896361048e-18 -0.1478207260370254 0.29122934818267826
			vertex 0.040615346282720566 -0.15157853066921229 0.26121445141732696
		endloop
	endfacet
	facet normal 0.12499566901242166 -0.9494353010536478 0.2880081454426354
		outer loop
			vertex -9.05140896361048e-18 -0.1478207260370254 0.29122934818267826
			vertex -9.608924560568157e-18 -0.15692564845085138 0.26121445141732696
			vertex 0.040615346282720566 -0.15157853066921229 0.26121445141732696
		endloop
	endfacet
	facet normal 0.36646826534211174 -0.8847328691511339 0.28800826505631066
		outer loop
			vertex 0.07391036301851273 -0.1280165016651153 0.29122934818267826
			vertex 0.03825882077217102 -0.1427838504314422 0.29122934818267826
			vertex 0.07846282422542572 -0.13590160012245173 0.26121445141732696
		endloop
	endfacet
	facet normal 0.3664681917158874 -0.8847329368015943 0.2880081509244378
		outer loop
			vertex 0.03825882077217102 -0.1427838504314422 0.29122934818267826
			vertex 0.040615346282720566 -0.15157853066921229 0.26121445141732696
			vertex 0.07846282422542572 -0.13590160012245173 0.26121445141732696
		endloop
	endfacet
	facet normal 0.5829669572209821 -0.7597373658570425 0.2880080931312735
		outer loop
			vertex 0.10452503710985184 -0.10452503710985177 0.29122934818267826
			vertex 0.07391036301851273 -0.1280165016651153 0.29122934818267826
			vertex 0.11096318811178207 -0.11096318811178202 0.26121445141732696
		endloop
	endfacet
	facet normal 0.5829670297680791 -0.7597372516383455 0.28800824758398363
		outer loop
			vertex 0.07391036301851273 -0.1280165016651153 0.29122934818267826
			vertex 0.07846282422542572 -0.13590160012245173 0.26121445141732696
			vertex 0.11096318811178207 -0.11096318811178202 0.26121445141732696
		endloop
	endfacet
	facet normal 0.7597373279032128 -0.5829669280979853 0.28800825219858683
		outer loop
			vertex 0.12801650166511536 -0.07391036301851266 0.29122934818267826
			vertex 0.10452503710985184 -0.10452503710985177 0.29122934818267826
			vertex 0.13590160012245178 -0.07846282422542566 0.26121445141732696
		endloop
	endfacet
	facet normal 0.759737287390065 -0.5829670572013446 0.28800809774586267
		outer loop
			vertex 0.10452503710985184 -0.10452503710985177 0.29122934818267826
			vertex 0.11096318811178207 -0.11096318811178202 0.26121445141732696
			vertex 0.13590160012245178 -0.07846282422542566 0.26121445141732696
		endloop
	endfacet
	facet normal 0.8847329018111014 -0.3664682788703101 0.2880081475145119
		outer loop
			vertex 0.14278385043144226 -0.03825882077217096 0.29122934818267826
			vertex 0.12801650166511536 -0.07391036301851266 0.29122934818267826
			vertex 0.15157853066921234 -0.04061534628272051 0.26121445141732696
		endloop
	endfacet
	facet normal 0.8847329060365773 -0.3664681789726067 0.28800826164638843
		outer loop
			vertex 0.12801650166511536 -0.07391036301851266 0.29122934818267826
			vertex 0.13590160012245178 -0.07846282422542566 0.26121445141732696
			vertex 0.15157853066921234 -0.04061534628272051 0.26121445141732696
		endloop
	endfacet
	facet normal 0.9494352991648569 -0.12499568467937554 0.2880081448696768
		outer loop
			vertex 0.14782072603702545 4.6563087632576214e-17 0.2912293481826782
			vertex 0.14278385043144226 -0.03825882077217096 0.29122934818267826
			vertex 0.15692564845085144 3.878341054453283e-17 0.2612144514173269
		endloop
	endfacet
	facet normal 0.9494352955062616 -0.12499566828209326 0.2880081640468731
		outer loop
			vertex 0.14278385043144226 -0.03825882077217096 0.29122934818267826
			vertex 0.15157853066921234 -0.04061534628272051 0.26121445141732696
			vertex 0.15692564845085144 3.878341054453283e-17 0.2612144514173269
		endloop
	endfacet
	facet normal 0.9494352932757832 0.12499568390406365 0.28800816461982953
		outer loop
			vertex 0.14278385043144226 0.03825882077217108 0.2912293481826782
			vertex 0.14782072603702545 4.6563087632576214e-17 0.2912293481826782
			vertex 0.15157853066921234 0.04061534628272062 0.2612144514173269
		endloop
	endfacet
	facet normal 0.9494353010536479 0.12499566901242166 0.2880081454426354
		outer loop
			vertex 0.14782072603702545 4.6563087632576214e-17 0.2912293481826782
			vertex 0.15692564845085144 3.878341054453283e-17 0.2612144514173269
			vertex 0.15157853066921234 0.04061534628272062 0.2612144514173269
		endloop
	endfacet
	facet normal 0.8847328691511341 0.3664682653421118 0.28800826505631055
		outer loop
			vertex 0.12801650166511536 0.0739103630185128 0.2912293481826782
			vertex 0.14278385043144226 0.03825882077217108 0.2912293481826782
			vertex 0.13590160012245178 0.07846282422542578 0.2612144514173269
		endloop
	endfacet
	facet normal 0.8847329368015945 0.36646819171588746 0.28800815092443777
		outer loop
			vertex 0.14278385043144226 0.03825882077217108 0.2912293481826782
			vertex 0.15157853066921234 0.04061534628272062 0.2612144514173269
			vertex 0.13590160012245178 0.07846282422542578 0.2612144514173269
		endloop
	endfacet
	facet normal 0.7597373658570428 0.5829669572209819 0.2880080931312729
		outer loop
			vertex 0.10452503710985184 0.1045250371098519 0.2912293481826782
			vertex 0.12801650166511536 0.0739103630185128 0.2912293481826782
			vertex 0.11096318811178207 0.11096318811178213 0.2612144514173269
		endloop
	endfacet
	facet normal 0.7597372516383455 0.5829670297680791 0.2880082475839834
		outer loop
			vertex 0.12801650166511536 0.0739103630185128 0.2912293481826782
			vertex 0.13590160012245178 0.07846282422542578 0.2612144514173269
			vertex 0.11096318811178207 0.11096318811178213 0.2612144514173269
		endloop
	endfacet
	facet normal 0.5829669280979851 0.7597373279032131 0.2880082521985866
		outer loop
			vertex 0.07391036301851273 0.1280165016651154 0.2912293481826782
			vertex 0.10452503710985184 0.1045250371098519 0.2912293481826782
			vertex 0.07846282422542572 0.13590160012245184 0.2612144514173269
		endloop
	endfacet
	facet normal 0.5829670572013447 0.7597372873900651 0.2880080977458621
		outer loop
			vertex 0.10452503710985184 0.1045250371098519 0.2912293481826782
			vertex 0.11096318811178207 0.11096318811178213 0.2612144514173269
			vertex 0.07846282422542572 0.13590160012245184 0.2612144514173269
		endloop
	endfacet
	facet normal 0.36646827887030997 0.8847329018111014 0.28800814751451187
		outer loop
			vertex 0.03825882077217102 0.14278385043144232 0.2912293481826782
			vertex 0.07391036301851273 0.1280165016651154 0.2912293481826782
			vertex 0.040615346282720566 0.1515785306692124 0.2612144514173269
		endloop
	endfacet
	facet normal 0.3664681789726067 0.8847329060365773 0.28800826164638826
		outer loop
			vertex 0.07391036301851273 0.1280165016651154 0.2912293481826782
			vertex 0.07846282422542572 0.13590160012245184 0.2612144514173269
			vertex 0.040615346282720566 0.1515785306692124 0.2612144514173269
		endloop
	endfacet
	facet normal 0.12499568467937602 0.9494352991648569 0.28800814486967674
		outer loop
			vertex 2.7154226890831438e-17 0.1478207260370255 0.2912293481826782
			vertex 0.03825882077217102 0.14278385043144232 0.2912293481826782
			vertex 2.8826774508885084e-17 0.1569256484508515 0.2612144514173269
		endloop
	endfacet
	facet normal 0.12499566828209371 0.9494352955062616 0.2880081640468731
		outer loop
			vertex 0.03825882077217102 0.14278385043144232 0.2912293481826782
			vertex 0.040615346282720566 0.1515785306692124 0.2612144514173269
			vertex 2.8826774508885084e-17 0.1569256484508515 0.2612144514173269
		endloop
	endfacet
	facet normal -0.12499568390406361 0.9494352932757834 0.28800816461982953
		outer loop
			vertex -0.03825882077217102 0.14278385043144232 0.2912293481826782
			vertex 2.7154226890831438e-17 0.1478207260370255 0.2912293481826782
			vertex -0.040615346282720566 0.1515785306692124 0.2612144514173269
		endloop
	endfacet
	facet normal -0.1249956690124216 0.9494353010536478 0.2880081454426354
		outer loop
			vertex 2.7154226890831438e-17 0.1478207260370255 0.2912293481826782
			vertex 2.8826774508885084e-17 0.1569256484508515 0.2612144514173269
			vertex -0.040615346282720566 0.1515785306692124 0.2612144514173269
		endloop
	endfacet
	facet normal -0.36646826534211174 0.8847328691511339 0.28800826505631066
		outer loop
			vertex -0.07391036301851273 0.1280165016651154 0.2912293481826782
			vertex -0.03825882077217102 0.14278385043144232 0.2912293481826782
			vertex -0.07846282422542572 0.13590160012245184 0.2612144514173269
		endloop
	endfacet
	facet normal -0.3664681917158874 0.8847329368015943 0.2880081509244378
		outer loop
			vertex -0.03825882077217102 0.14278385043144232 0.2912293481826782
			vertex -0.040615346282720566 0.1515785306692124 0.2612144514173269
			vertex -0.07846282422542572 0.13590160012245184 0.2612144514173269
		endloop
	endfacet
	facet normal -0.5829669572209817 0.7597373658570429 0.28800809313127274
		outer loop
			vertex -0.10452503710985184 0.1045250371098519 0.2912293481826782
			vertex -0.07391036301851273 0.1280165016651154 0.2912293481826782
			vertex -0.11096318811178207 0.11096318811178213 0.2612144514173269
		endloop
	endfacet
	facet normal -0.5829670297680791 0.7597372516383455 0.28800824758398363
		outer loop
			vertex -0.07391036301851273 0.1280165016651154 0.2912293481826782
			vertex -0.07846282422542572 0.13590160012245184 0.2612144514173269
			vertex -0.11096318811178207 0.11096318811178213 0.2612144514173269
		endloop
	endfacet
	facet normal -0.759737327903213 0.5829669280979854 0.2880082521985864
		outer loop
			vertex -0.12801650166511536 0.0739103630185128 0.2912293481826782
			vertex -0.10452503710985184 0.1045250371098519 0.2912293481826782
			vertex -0.13590160012245178 0.07846282422542578 0.2612144514173269
		endloop
	endfacet
	facet normal -0.7597372873900651 0.5829670572013447 0.28800809774586217
		outer loop
			vertex -0.10452503710985184 0.1045250371098519 0.2912293481826782
			vertex -0.11096318811178207 0.11096318811178213 0.2612144514173269
			vertex -0.13590160012245178 0.07846282422542578 0.2612144514173269
		endloop
	endfacet
	facet normal -0.8847329018111015 0.3664682788703099 0.2880081475145118
		outer loop
			vertex -0.14278385043144226 0.03825882077217108 0.2912293481826782
			vertex -0.12801650166511536 0.0739103630185128 0.2912293481826782
			vertex -0.15157853066921234 0.04061534628272062 0.2612144514173269
		endloop
	endfacet
	facet normal -0.8847329060365775 0.36646817897260675 0.28800826164638815
		outer loop
			vertex -0.12801650166511536 0.0739103630185128 0.2912293481826782
			vertex -0.13590160012245178 0.07846282422542578 0.2612144514173269
			vertex -0.15157853066921234 0.04061534628272062 0.2612144514173269
		endloop
	endfacet
	facet normal -0.949435299164857 0.12499568467937608 0.2880081448696768
		outer loop
			vertex -0.14782072603702545 1.0087154141423908e-16 0.2912293481826782
			vertex -0.14278385043144226 0.03825882077217108 0.2912293481826782
			vertex -0.15692564845085144 9.643695790794177e-17 0.2612144514173269
		endloop
	endfacet
	facet normal -0.9494352955062616 0.12499566828209374 0.28800816404687307
		outer loop
			vertex -0.14278385043144226 0.03825882077217108 0.2912293481826782
			vertex -0.15157853066921234 0.04061534628272062 0.2612144514173269
			vertex -0.15692564845085144 9.643695790794177e-17 0.2612144514173269
		endloop
	endfacet
	facet normal -0.9867514985135577 -0.12990844512399516 0.09718681014785005
		outer loop
			vertex -0.15157853066921234 -0.04061534628272051 0.26121445141732696
			vertex -0.15692564845085144 5.800125966566914e-17 0.2612144514173269
			vertex -0.15454813838005066 -0.04141104593873019 0.23000000000000004
		endloop
	endfacet
	facet normal -0.9867515940802107 -0.12990808354008906 0.09718632316897534
		outer loop
			vertex -0.15692564845085144 5.800125966566914e-17 0.2612144514173269
			vertex -0.1599999964237213 5.10702591327572e-17 0.23
			vertex -0.15454813838005066 -0.04141104593873019 0.23000000000000004
		endloop
	endfacet
	facet normal -0.9195061422684435 -0.3808717175681854 0.09718636266094974
		outer loop
			vertex -0.13590160012245178 -0.07846282422542566 0.26121445141732696
			vertex -0.15157853066921234 -0.04061534628272051 0.26121445141732696
			vertex -0.1385640650987625 -0.0799999982118606 0.23000000000000004
		endloop
	endfacet
	facet normal -0.9195059859517445 -0.3808719904600693 0.09718677215493661
		outer loop
			vertex -0.15157853066921234 -0.04061534628272051 0.26121445141732696
			vertex -0.15454813838005066 -0.04141104593873019 0.23000000000000004
			vertex -0.1385640650987625 -0.0799999982118606 0.23000000000000004
		endloop
	endfacet
	facet normal -0.789597698645107 -0.605879761849519 0.09718635951367596
		outer loop
			vertex -0.11096318811178207 -0.11096318811178202 0.26121445141732696
			vertex -0.13590160012245178 -0.07846282422542566 0.26121445141732696
			vertex -0.11313708126544952 -0.11313708126544947 0.23000000000000004
		endloop
	endfacet
	facet normal -0.7895976998464174 -0.6058797606399925 0.09718635729397698
		outer loop
			vertex -0.13590160012245178 -0.07846282422542566 0.26121445141732696
			vertex -0.1385640650987625 -0.0799999982118606 0.23000000000000004
			vertex -0.11313708126544952 -0.11313708126544947 0.23000000000000004
		endloop
	endfacet
	facet normal -0.6058797619827483 -0.7895976988187347 0.09718635727244464
		outer loop
			vertex -0.07846282422542572 -0.13590160012245173 0.26121445141732696
			vertex -0.11096318811178207 -0.11096318811178202 0.26121445141732696
			vertex -0.07999999821186066 -0.13856406509876246 0.23000000000000004
		endloop
	endfacet
	facet normal -0.6058797605093231 -0.7895976996761258 0.0971863594921437
		outer loop
			vertex -0.11096318811178207 -0.11096318811178202 0.26121445141732696
			vertex -0.11313708126544952 -0.11313708126544947 0.23000000000000004
			vertex -0.07999999821186066 -0.13856406509876246 0.23000000000000004
		endloop
	endfacet
	facet normal -0.380871702117539 -0.9195061049672643 0.0971867761273067
		outer loop
			vertex -0.040615346282720566 -0.15157853066921229 0.26121445141732696
			vertex -0.07846282422542572 -0.13590160012245173 0.26121445141732696
			vertex -0.04141104593873024 -0.1545481383800506 0.23000000000000007
		endloop
	endfacet
	facet normal -0.3808720056138458 -0.9195060225361839 0.09718636663325558
		outer loop
			vertex -0.07846282422542572 -0.13590160012245173 0.26121445141732696
			vertex -0.07999999821186066 -0.13856406509876246 0.23000000000000004
			vertex -0.04141104593873024 -0.1545481383800506 0.23000000000000007
		endloop
	endfacet
	facet normal -0.12990845139111284 -0.9867515461169879 0.09718631844502118
		outer loop
			vertex -9.608924560568157e-18 -0.15692564845085138 0.26121445141732696
			vertex -0.040615346282720566 -0.15157853066921229 0.26121445141732696
			vertex -9.797174324372975e-18 -0.15999999642372126 0.23000000000000007
		endloop
	endfacet
	facet normal -0.12990807739340937 -0.9867515473914604 0.09718680542391947
		outer loop
			vertex -0.040615346282720566 -0.15157853066921229 0.26121445141732696
			vertex -0.04141104593873024 -0.1545481383800506 0.23000000000000007
			vertex -9.797174324372975e-18 -0.15999999642372126 0.23000000000000007
		endloop
	endfacet
	facet normal 0.1299084451239953 -0.9867514985135577 0.0971868101478501
		outer loop
			vertex 0.040615346282720566 -0.15157853066921229 0.26121445141732696
			vertex -9.608924560568157e-18 -0.15692564845085138 0.26121445141732696
			vertex 0.04141104593873024 -0.1545481383800506 0.23000000000000007
		endloop
	endfacet
	facet normal 0.1299080835400891 -0.9867515940802107 0.09718632316897532
		outer loop
			vertex -9.608924560568157e-18 -0.15692564845085138 0.26121445141732696
			vertex -9.797174324372975e-18 -0.15999999642372126 0.23000000000000007
			vertex 0.04141104593873024 -0.1545481383800506 0.23000000000000007
		endloop
	endfacet
	facet normal 0.3808717175681854 -0.9195061422684435 0.09718636266094974
		outer loop
			vertex 0.07846282422542572 -0.13590160012245173 0.26121445141732696
			vertex 0.040615346282720566 -0.15157853066921229 0.26121445141732696
			vertex 0.07999999821186066 -0.13856406509876246 0.23000000000000004
		endloop
	endfacet
	facet normal 0.3808719904600692 -0.9195059859517444 0.09718677215493658
		outer loop
			vertex 0.040615346282720566 -0.15157853066921229 0.26121445141732696
			vertex 0.04141104593873024 -0.1545481383800506 0.23000000000000007
			vertex 0.07999999821186066 -0.13856406509876246 0.23000000000000004
		endloop
	endfacet
	facet normal 0.605879761849519 -0.789597698645107 0.09718635951367596
		outer loop
			vertex 0.11096318811178207 -0.11096318811178202 0.26121445141732696
			vertex 0.07846282422542572 -0.13590160012245173 0.26121445141732696
			vertex 0.11313708126544952 -0.11313708126544947 0.23000000000000004
		endloop
	endfacet
	facet normal 0.6058797606399925 -0.7895976998464174 0.09718635729397698
		outer loop
			vertex 0.07846282422542572 -0.13590160012245173 0.26121445141732696
			vertex 0.07999999821186066 -0.13856406509876246 0.23000000000000004
			vertex 0.11313708126544952 -0.11313708126544947 0.23000000000000004
		endloop
	endfacet
	facet normal 0.7895976988187347 -0.6058797619827483 0.09718635727244464
		outer loop
			vertex 0.13590160012245178 -0.07846282422542566 0.26121445141732696
			vertex 0.11096318811178207 -0.11096318811178202 0.26121445141732696
			vertex 0.1385640650987625 -0.0799999982118606 0.23000000000000004
		endloop
	endfacet
	facet normal 0.7895976996761258 -0.6058797605093231 0.0971863594921437
		outer loop
			vertex 0.11096318811178207 -0.11096318811178202 0.26121445141732696
			vertex 0.11313708126544952 -0.11313708126544947 0.23000000000000004
			vertex 0.1385640650987625 -0.0799999982118606 0.23000000000000004
		endloop
	endfacet
	facet normal 0.9195061049672641 -0.38087170211753896 0.09718677612730668
		outer loop
			vertex 0.15157853066921234 -0.04061534628272051 0.26121445141732696
			vertex 0.13590160012245178 -0.07846282422542566 0.26121445141732696
			vertex 0.15454813838005066 -0.04141104593873019 0.23000000000000004
		endloop
	endfacet
	facet normal 0.919506022536184 -0.3808720056138459 0.09718636663325562
		outer loop
			vertex 0.13590160012245178 -0.07846282422542566 0.26121445141732696
			vertex 0.1385640650987625 -0.0799999982118606 0.23000000000000004
			vertex 0.15454813838005066 -0.04141104593873019 0.23000000000000004
		endloop
	endfacet
	facet normal 0.9867515461169878 -0.1299084513911127 0.09718631844502121
		outer loop
			vertex 0.15692564845085144 3.878341054453283e-17 0.2612144514173269
			vertex 0.15157853066921234 -0.04061534628272051 0.26121445141732696
			vertex 0.1599999964237213 3.147591048401126e-17 0.23
		endloop
	endfacet
	facet normal 0.9867515473914603 -0.12990807739340932 0.09718680542391939
		outer loop
			vertex 0.15157853066921234 -0.04061534628272051 0.26121445141732696
			vertex 0.15454813838005066 -0.04141104593873019 0.23000000000000004
			vertex 0.1599999964237213 3.147591048401126e-17 0.23
		endloop
	endfacet
	facet normal 0.9867514985135578 0.1299084451239953 0.0971868101478501
		outer loop
			vertex 0.15157853066921234 0.04061534628272062 0.2612144514173269
			vertex 0.15692564845085144 3.878341054453283e-17 0.2612144514173269
			vertex 0.15454813838005066 0.04141104593873029 0.23
		endloop
	endfacet
	facet normal 0.9867515940802107 0.1299080835400891 0.09718632316897531
		outer loop
			vertex 0.15692564845085144 3.878341054453283e-17 0.2612144514173269
			vertex 0.1599999964237213 3.147591048401126e-17 0.23
			vertex 0.15454813838005066 0.04141104593873029 0.23
		endloop
	endfacet
	facet normal 0.9195061422684434 0.38087171756818533 0.09718636266094981
		outer loop
			vertex 0.13590160012245178 0.07846282422542578 0.2612144514173269
			vertex 0.15157853066921234 0.04061534628272062 0.2612144514173269
			vertex 0.1385640650987625 0.07999999821186071 0.23
		endloop
	endfacet
	facet normal 0.9195059859517444 0.3808719904600691 0.09718677215493651
		outer loop
			vertex 0.15157853066921234 0.04061534628272062 0.2612144514173269
			vertex 0.15454813838005066 0.04141104593873029 0.23
			vertex 0.1385640650987625 0.07999999821186071 0.23
		endloop
	endfacet
	facet normal 0.789597698645107 0.605879761849519 0.09718635951367596
		outer loop
			vertex 0.11096318811178207 0.11096318811178213 0.2612144514173269
			vertex 0.13590160012245178 0.07846282422542578 0.2612144514173269
			vertex 0.11313708126544952 0.11313708126544958 0.22999999999999998
		endloop
	endfacet
	facet normal 0.7895976998464174 0.6058797606399925 0.09718635729397707
		outer loop
			vertex 0.13590160012245178 0.07846282422542578 0.2612144514173269
			vertex 0.1385640650987625 0.07999999821186071 0.23
			vertex 0.11313708126544952 0.11313708126544958 0.22999999999999998
		endloop
	endfacet
	facet normal 0.6058797619827483 0.7895976988187347 0.09718635727244464
		outer loop
			vertex 0.07846282422542572 0.13590160012245184 0.2612144514173269
			vertex 0.11096318811178207 0.11096318811178213 0.2612144514173269
			vertex 0.07999999821186066 0.13856406509876257 0.22999999999999998
		endloop
	endfacet
	facet normal 0.6058797605093231 0.7895976996761258 0.0971863594921437
		outer loop
			vertex 0.11096318811178207 0.11096318811178213 0.2612144514173269
			vertex 0.11313708126544952 0.11313708126544958 0.22999999999999998
			vertex 0.07999999821186066 0.13856406509876257 0.22999999999999998
		endloop
	endfacet
	facet normal 0.38087170211753896 0.9195061049672641 0.0971867761273066
		outer loop
			vertex 0.040615346282720566 0.1515785306692124 0.2612144514173269
			vertex 0.07846282422542572 0.13590160012245184 0.2612144514173269
			vertex 0.04141104593873024 0.15454813838005071 0.22999999999999998
		endloop
	endfacet
	facet normal 0.3808720056138458 0.9195060225361841 0.09718636663325561
		outer loop
			vertex 0.07846282422542572 0.13590160012245184 0.2612144514173269
			vertex 0.07999999821186066 0.13856406509876257 0.22999999999999998
			vertex 0.04141104593873024 0.15454813838005071 0.22999999999999998
		endloop
	endfacet
	facet normal 0.1299084513911129 0.9867515461169878 0.09718631844502108
		outer loop
			vertex 2.8826774508885084e-17 0.1569256484508515 0.2612144514173269
			vertex 0.040615346282720566 0.1515785306692124 0.2612144514173269
			vertex 2.939152380029954e-17 0.15999999642372137 0.22999999999999998
		endloop
	endfacet
	facet normal 0.12990807739340945 0.9867515473914604 0.0971868054239194
		outer loop
			vertex 0.040615346282720566 0.1515785306692124 0.2612144514173269
			vertex 0.04141104593873024 0.15454813838005071 0.22999999999999998
			vertex 2.939152380029954e-17 0.15999999642372137 0.22999999999999998
		endloop
	endfacet
	facet normal -0.12990844512399524 0.9867514985135578 0.09718681014785002
		outer loop
			vertex -0.040615346282720566 0.1515785306692124 0.2612144514173269
			vertex 2.8826774508885084e-17 0.1569256484508515 0.2612144514173269
			vertex -0.04141104593873024 0.15454813838005071 0.22999999999999998
		endloop
	endfacet
	facet normal -0.12990808354008906 0.9867515940802107 0.09718632316897523
		outer loop
			vertex 2.8826774508885084e-17 0.1569256484508515 0.2612144514173269
			vertex 2.939152380029954e-17 0.15999999642372137 0.22999999999999998
			vertex -0.04141104593873024 0.15454813838005071 0.22999999999999998
		endloop
	endfacet
	facet normal -0.3808717175681854 0.9195061422684435 0.09718636266094974
		outer loop
			vertex -0.07846282422542572 0.13590160012245184 0.2612144514173269
			vertex -0.040615346282720566 0.1515785306692124 0.2612144514173269
			vertex -0.07999999821186066 0.13856406509876257 0.22999999999999998
		endloop
	endfacet
	facet normal -0.3808719904600692 0.9195059859517445 0.09718677215493651
		outer loop
			vertex -0.040615346282720566 0.1515785306692124 0.2612144514173269
			vertex -0.04141104593873024 0.15454813838005071 0.22999999999999998
			vertex -0.07999999821186066 0.13856406509876257 0.22999999999999998
		endloop
	endfacet
	facet normal -0.605879761849519 0.789597698645107 0.09718635951367596
		outer loop
			vertex -0.11096318811178207 0.11096318811178213 0.2612144514173269
			vertex -0.07846282422542572 0.13590160012245184 0.2612144514173269
			vertex -0.11313708126544952 0.11313708126544958 0.22999999999999998
		endloop
	endfacet
	facet normal -0.6058797606399925 0.7895976998464174 0.09718635729397698
		outer loop
			vertex -0.07846282422542572 0.13590160012245184 0.2612144514173269
			vertex -0.07999999821186066 0.13856406509876257 0.22999999999999998
			vertex -0.11313708126544952 0.11313708126544958 0.22999999999999998
		endloop
	endfacet
	facet normal -0.7895976988187348 0.6058797619827483 0.09718635727244473
		outer loop
			vertex -0.13590160012245178 0.07846282422542578 0.2612144514173269
			vertex -0.11096318811178207 0.11096318811178213 0.2612144514173269
			vertex -0.1385640650987625 0.07999999821186071 0.23
		endloop
	endfacet
	facet normal -0.7895976996761258 0.6058797605093232 0.0971863594921437
		outer loop
			vertex -0.11096318811178207 0.11096318811178213 0.2612144514173269
			vertex -0.11313708126544952 0.11313708126544958 0.22999999999999998
			vertex -0.1385640650987625 0.07999999821186071 0.23
		endloop
	endfacet
	facet normal -0.9195061049672643 0.380871702117539 0.09718677612730661
		outer loop
			vertex -0.15157853066921234 0.04061534628272062 0.2612144514173269
			vertex -0.13590160012245178 0.07846282422542578 0.2612144514173269
			vertex -0.15454813838005066 0.04141104593873029 0.23
		endloop
	endfacet
	facet normal -0.9195060225361841 0.38087200561384577 0.09718636663325568
		outer loop
			vertex -0.13590160012245178 0.07846282422542578 0.2612144514173269
			vertex -0.1385640650987625 0.07999999821186071 0.23
			vertex -0.15454813838005066 0.04141104593873029 0.23
		endloop
	endfacet
	facet normal -0.9867515461169878 0.12990845139111296 0.09718631844502115
		outer loop
			vertex -0.15692564845085144 9.643695790794177e-17 0.2612144514173269
			vertex -0.15157853066921234 0.04061534628272062 0.2612144514173269
			vertex -0.1599999964237213 9.02589564302491e-17 0.23
		endloop
	endfacet
	facet normal -0.9867515473914604 0.12990807739340948 0.09718680542391944
		outer loop
			vertex -0.15157853066921234 0.04061534628272062 0.2612144514173269
			vertex -0.15454813838005066 0.04141104593873029 0.23
			vertex -0.1599999964237213 9.02589564302491e-17 0.23
		endloop
	endfacet
	facet normal -0.9867515473914603 -0.12990807739340943 -0.09718680542391926
		outer loop
			vertex -0.15454813838005066 -0.04141104593873019 0.23000000000000004
			vertex -0.1599999964237213 5.10702591327572e-17 0.23
			vertex -0.15157853066921234 -0.040615346282720524 0.19878554858267308
		endloop
	endfacet
	facet normal -0.9867515461169879 -0.12990845139111282 -0.09718631844502108
		outer loop
			vertex -0.1599999964237213 5.10702591327572e-17 0.23
			vertex -0.15692564845085144 4.413925859984526e-17 0.19878554858267308
			vertex -0.15157853066921234 -0.040615346282720524 0.19878554858267308
		endloop
	endfacet
	facet normal -0.919506022536184 -0.3808720056138459 -0.09718636663325562
		outer loop
			vertex -0.1385640650987625 -0.0799999982118606 0.23000000000000004
			vertex -0.15454813838005066 -0.04141104593873019 0.23000000000000004
			vertex -0.13590160012245178 -0.07846282422542566 0.1987855485826731
		endloop
	endfacet
	facet normal -0.9195061049672641 -0.3808717021175392 -0.09718677612730642
		outer loop
			vertex -0.15454813838005066 -0.04141104593873019 0.23000000000000004
			vertex -0.15157853066921234 -0.040615346282720524 0.19878554858267308
			vertex -0.13590160012245178 -0.07846282422542566 0.1987855485826731
		endloop
	endfacet
	facet normal -0.7895976996761258 -0.6058797605093231 -0.0971863594921437
		outer loop
			vertex -0.11313708126544952 -0.11313708126544947 0.23000000000000004
			vertex -0.1385640650987625 -0.0799999982118606 0.23000000000000004
			vertex -0.11096318811178207 -0.11096318811178202 0.1987855485826731
		endloop
	endfacet
	facet normal -0.7895976988187347 -0.6058797619827483 -0.09718635727244464
		outer loop
			vertex -0.1385640650987625 -0.0799999982118606 0.23000000000000004
			vertex -0.13590160012245178 -0.07846282422542566 0.1987855485826731
			vertex -0.11096318811178207 -0.11096318811178202 0.1987855485826731
		endloop
	endfacet
	facet normal -0.6058797606399925 -0.7895976998464174 -0.09718635729397698
		outer loop
			vertex -0.07999999821186066 -0.13856406509876246 0.23000000000000004
			vertex -0.11313708126544952 -0.11313708126544947 0.23000000000000004
			vertex -0.07846282422542572 -0.13590160012245173 0.1987855485826731
		endloop
	endfacet
	facet normal -0.605879761849519 -0.789597698645107 -0.09718635951367596
		outer loop
			vertex -0.11313708126544952 -0.11313708126544947 0.23000000000000004
			vertex -0.11096318811178207 -0.11096318811178202 0.1987855485826731
			vertex -0.07846282422542572 -0.13590160012245173 0.1987855485826731
		endloop
	endfacet
	facet normal -0.38087199046006903 -0.9195059859517444 -0.09718677215493642
		outer loop
			vertex -0.04141104593873024 -0.1545481383800506 0.23000000000000007
			vertex -0.07999999821186066 -0.13856406509876246 0.23000000000000004
			vertex -0.040615346282720566 -0.15157853066921229 0.1987855485826731
		endloop
	endfacet
	facet normal -0.3808717175681854 -0.9195061422684435 -0.09718636266094974
		outer loop
			vertex -0.07999999821186066 -0.13856406509876246 0.23000000000000004
			vertex -0.07846282422542572 -0.13590160012245173 0.1987855485826731
			vertex -0.040615346282720566 -0.15157853066921229 0.1987855485826731
		endloop
	endfacet
	facet normal -0.12990808354008918 -0.9867515940802107 -0.09718632316897517
		outer loop
			vertex -9.797174324372975e-18 -0.15999999642372126 0.23000000000000007
			vertex -0.04141104593873024 -0.1545481383800506 0.23000000000000007
			vertex -9.608924560568157e-18 -0.15692564845085138 0.1987855485826731
		endloop
	endfacet
	facet normal -0.12990844512399533 -0.9867514985135578 -0.09718681014784995
		outer loop
			vertex -0.04141104593873024 -0.1545481383800506 0.23000000000000007
			vertex -0.040615346282720566 -0.15157853066921229 0.1987855485826731
			vertex -9.608924560568157e-18 -0.15692564845085138 0.1987855485826731
		endloop
	endfacet
	facet normal 0.12990807739340934 -0.9867515473914603 -0.09718680542391929
		outer loop
			vertex 0.04141104593873024 -0.1545481383800506 0.23000000000000007
			vertex -9.797174324372975e-18 -0.15999999642372126 0.23000000000000007
			vertex 0.040615346282720566 -0.15157853066921229 0.1987855485826731
		endloop
	endfacet
	facet normal 0.1299084513911128 -0.9867515461169879 -0.09718631844502103
		outer loop
			vertex -9.797174324372975e-18 -0.15999999642372126 0.23000000000000007
			vertex -9.608924560568157e-18 -0.15692564845085138 0.1987855485826731
			vertex 0.040615346282720566 -0.15157853066921229 0.1987855485826731
		endloop
	endfacet
	facet normal 0.38087200561384577 -0.9195060225361841 -0.09718636663325561
		outer loop
			vertex 0.07999999821186066 -0.13856406509876246 0.23000000000000004
			vertex 0.04141104593873024 -0.1545481383800506 0.23000000000000007
			vertex 0.07846282422542572 -0.13590160012245173 0.1987855485826731
		endloop
	endfacet
	facet normal 0.38087170211753896 -0.9195061049672641 -0.09718677612730652
		outer loop
			vertex 0.04141104593873024 -0.1545481383800506 0.23000000000000007
			vertex 0.040615346282720566 -0.15157853066921229 0.1987855485826731
			vertex 0.07846282422542572 -0.13590160012245173 0.1987855485826731
		endloop
	endfacet
	facet normal 0.6058797605093231 -0.7895976996761258 -0.0971863594921437
		outer loop
			vertex 0.11313708126544952 -0.11313708126544947 0.23000000000000004
			vertex 0.07999999821186066 -0.13856406509876246 0.23000000000000004
			vertex 0.11096318811178207 -0.11096318811178202 0.1987855485826731
		endloop
	endfacet
	facet normal 0.6058797619827483 -0.7895976988187347 -0.09718635727244464
		outer loop
			vertex 0.07999999821186066 -0.13856406509876246 0.23000000000000004
			vertex 0.07846282422542572 -0.13590160012245173 0.1987855485826731
			vertex 0.11096318811178207 -0.11096318811178202 0.1987855485826731
		endloop
	endfacet
	facet normal 0.7895976998464174 -0.6058797606399925 -0.09718635729397698
		outer loop
			vertex 0.1385640650987625 -0.0799999982118606 0.23000000000000004
			vertex 0.11313708126544952 -0.11313708126544947 0.23000000000000004
			vertex 0.13590160012245178 -0.07846282422542566 0.1987855485826731
		endloop
	endfacet
	facet normal 0.789597698645107 -0.605879761849519 -0.09718635951367596
		outer loop
			vertex 0.11313708126544952 -0.11313708126544947 0.23000000000000004
			vertex 0.11096318811178207 -0.11096318811178202 0.1987855485826731
			vertex 0.13590160012245178 -0.07846282422542566 0.1987855485826731
		endloop
	endfacet
	facet normal 0.9195059859517445 -0.38087199046006925 -0.09718677215493637
		outer loop
			vertex 0.15454813838005066 -0.04141104593873019 0.23000000000000004
			vertex 0.1385640650987625 -0.0799999982118606 0.23000000000000004
			vertex 0.15157853066921234 -0.040615346282720524 0.19878554858267308
		endloop
	endfacet
	facet normal 0.9195061422684435 -0.38087171756818555 -0.09718636266094972
		outer loop
			vertex 0.1385640650987625 -0.0799999982118606 0.23000000000000004
			vertex 0.13590160012245178 -0.07846282422542566 0.1987855485826731
			vertex 0.15157853066921234 -0.040615346282720524 0.19878554858267308
		endloop
	endfacet
	facet normal 0.9867515940802107 -0.12990808354008926 -0.09718632316897521
		outer loop
			vertex 0.1599999964237213 3.147591048401126e-17 0.23
			vertex 0.15454813838005066 -0.04141104593873019 0.23000000000000004
			vertex 0.15692564845085144 2.4921409478708947e-17 0.19878554858267308
		endloop
	endfacet
	facet normal 0.9867514985135578 -0.12990844512399535 -0.09718681014784993
		outer loop
			vertex 0.15454813838005066 -0.04141104593873019 0.23000000000000004
			vertex 0.15157853066921234 -0.040615346282720524 0.19878554858267308
			vertex 0.15692564845085144 2.4921409478708947e-17 0.19878554858267308
		endloop
	endfacet
	facet normal 0.9867515473914604 0.12990807739340932 -0.09718680542391941
		outer loop
			vertex 0.15454813838005066 0.04141104593873029 0.23
			vertex 0.1599999964237213 3.147591048401126e-17 0.23
			vertex 0.15157853066921234 0.04061534628272061 0.19878554858267308
		endloop
	endfacet
	facet normal 0.9867515461169878 0.12990845139111276 -0.09718631844502111
		outer loop
			vertex 0.1599999964237213 3.147591048401126e-17 0.23
			vertex 0.15692564845085144 2.4921409478708947e-17 0.19878554858267308
			vertex 0.15157853066921234 0.04061534628272061 0.19878554858267308
		endloop
	endfacet
	facet normal 0.919506022536184 0.3808720056138457 -0.09718636663325549
		outer loop
			vertex 0.1385640650987625 0.07999999821186071 0.23
			vertex 0.15454813838005066 0.04141104593873029 0.23
			vertex 0.13590160012245178 0.07846282422542578 0.19878554858267306
		endloop
	endfacet
	facet normal 0.9195061049672644 0.38087170211753885 -0.09718677612730671
		outer loop
			vertex 0.15454813838005066 0.04141104593873029 0.23
			vertex 0.15157853066921234 0.04061534628272061 0.19878554858267308
			vertex 0.13590160012245178 0.07846282422542578 0.19878554858267306
		endloop
	endfacet
	facet normal 0.7895976996761258 0.6058797605093231 -0.0971863594921437
		outer loop
			vertex 0.11313708126544952 0.11313708126544958 0.22999999999999998
			vertex 0.1385640650987625 0.07999999821186071 0.23
			vertex 0.11096318811178207 0.11096318811178213 0.19878554858267306
		endloop
	endfacet
	facet normal 0.7895976988187348 0.6058797619827483 -0.09718635727244458
		outer loop
			vertex 0.1385640650987625 0.07999999821186071 0.23
			vertex 0.13590160012245178 0.07846282422542578 0.19878554858267306
			vertex 0.11096318811178207 0.11096318811178213 0.19878554858267306
		endloop
	endfacet
	facet normal 0.6058797606399925 0.7895976998464174 -0.09718635729397698
		outer loop
			vertex 0.07999999821186066 0.13856406509876257 0.22999999999999998
			vertex 0.11313708126544952 0.11313708126544958 0.22999999999999998
			vertex 0.07846282422542572 0.13590160012245184 0.19878554858267306
		endloop
	endfacet
	facet normal 0.605879761849519 0.789597698645107 -0.09718635951367596
		outer loop
			vertex 0.11313708126544952 0.11313708126544958 0.22999999999999998
			vertex 0.11096318811178207 0.11096318811178213 0.19878554858267306
			vertex 0.07846282422542572 0.13590160012245184 0.19878554858267306
		endloop
	endfacet
	facet normal 0.3808719904600692 0.9195059859517445 -0.09718677215493651
		outer loop
			vertex 0.04141104593873024 0.15454813838005071 0.22999999999999998
			vertex 0.07999999821186066 0.13856406509876257 0.22999999999999998
			vertex 0.040615346282720566 0.1515785306692124 0.19878554858267306
		endloop
	endfacet
	facet normal 0.3808717175681854 0.9195061422684435 -0.09718636266094974
		outer loop
			vertex 0.07999999821186066 0.13856406509876257 0.22999999999999998
			vertex 0.07846282422542572 0.13590160012245184 0.19878554858267306
			vertex 0.040615346282720566 0.1515785306692124 0.19878554858267306
		endloop
	endfacet
	facet normal 0.12990808354008923 0.9867515940802107 -0.09718632316897521
		outer loop
			vertex 2.939152380029954e-17 0.15999999642372137 0.22999999999999998
			vertex 0.04141104593873024 0.15454813838005071 0.22999999999999998
			vertex 2.8826774508885084e-17 0.1569256484508515 0.19878554858267306
		endloop
	endfacet
	facet normal 0.1299084451239954 0.9867514985135577 -0.09718681014785005
		outer loop
			vertex 0.04141104593873024 0.15454813838005071 0.22999999999999998
			vertex 0.040615346282720566 0.1515785306692124 0.19878554858267306
			vertex 2.8826774508885084e-17 0.1569256484508515 0.19878554858267306
		endloop
	endfacet
	facet normal -0.1299080773934093 0.9867515473914604 -0.09718680542391937
		outer loop
			vertex -0.04141104593873024 0.15454813838005071 0.22999999999999998
			vertex 2.939152380029954e-17 0.15999999642372137 0.22999999999999998
			vertex -0.040615346282720566 0.1515785306692124 0.19878554858267306
		endloop
	endfacet
	facet normal -0.12990845139111273 0.9867515461169879 -0.0971863184450211
		outer loop
			vertex 2.939152380029954e-17 0.15999999642372137 0.22999999999999998
			vertex 2.8826774508885084e-17 0.1569256484508515 0.19878554858267306
			vertex -0.040615346282720566 0.1515785306692124 0.19878554858267306
		endloop
	endfacet
	facet normal -0.3808720056138458 0.9195060225361841 -0.09718636663325561
		outer loop
			vertex -0.07999999821186066 0.13856406509876257 0.22999999999999998
			vertex -0.04141104593873024 0.15454813838005071 0.22999999999999998
			vertex -0.07846282422542572 0.13590160012245184 0.19878554858267306
		endloop
	endfacet
	facet normal -0.38087170211753896 0.9195061049672641 -0.0971867761273066
		outer loop
			vertex -0.04141104593873024 0.15454813838005071 0.22999999999999998
			vertex -0.040615346282720566 0.1515785306692124 0.19878554858267306
			vertex -0.07846282422542572 0.13590160012245184 0.19878554858267306
		endloop
	endfacet
	facet normal -0.6058797605093231 0.7895976996761258 -0.0971863594921437
		outer loop
			vertex -0.11313708126544952 0.11313708126544958 0.22999999999999998
			vertex -0.07999999821186066 0.13856406509876257 0.22999999999999998
			vertex -0.11096318811178207 0.11096318811178213 0.19878554858267306
		endloop
	endfacet
	facet normal -0.6058797619827483 0.7895976988187347 -0.09718635727244464
		outer loop
			vertex -0.07999999821186066 0.13856406509876257 0.22999999999999998
			vertex -0.07846282422542572 0.13590160012245184 0.19878554858267306
			vertex -0.11096318811178207 0.11096318811178213 0.19878554858267306
		endloop
	endfacet
	facet normal -0.7895976998464174 0.6058797606399925 -0.0971863572939769
		outer loop
			vertex -0.1385640650987625 0.07999999821186071 0.23
			vertex -0.11313708126544952 0.11313708126544958 0.22999999999999998
			vertex -0.13590160012245178 0.07846282422542578 0.19878554858267306
		endloop
	endfacet
	facet normal -0.789597698645107 0.605879761849519 -0.09718635951367596
		outer loop
			vertex -0.11313708126544952 0.11313708126544958 0.22999999999999998
			vertex -0.11096318811178207 0.11096318811178213 0.19878554858267306
			vertex -0.13590160012245178 0.07846282422542578 0.19878554858267306
		endloop
	endfacet
	facet normal -0.9195059859517444 0.3808719904600691 -0.09718677215493657
		outer loop
			vertex -0.15454813838005066 0.04141104593873029 0.23
			vertex -0.1385640650987625 0.07999999821186071 0.23
			vertex -0.15157853066921234 0.04061534628272061 0.19878554858267308
		endloop
	endfacet
	facet normal -0.9195061422684435 0.38087171756818516 -0.09718636266094964
		outer loop
			vertex -0.1385640650987625 0.07999999821186071 0.23
			vertex -0.13590160012245178 0.07846282422542578 0.19878554858267306
			vertex -0.15157853066921234 0.04061534628272061 0.19878554858267308
		endloop
	endfacet
	facet normal -0.9867515940802107 0.1299080835400893 -0.09718632316897524
		outer loop
			vertex -0.1599999964237213 9.02589564302491e-17 0.23
			vertex -0.15454813838005066 0.04141104593873029 0.23
			vertex -0.15692564845085144 8.257495684211788e-17 0.19878554858267308
		endloop
	endfacet
	facet normal -0.9867514985135578 0.12990844512399544 -0.09718681014785009
		outer loop
			vertex -0.15454813838005066 0.04141104593873029 0.23
			vertex -0.15157853066921234 0.04061534628272061 0.19878554858267308
			vertex -0.15692564845085144 8.257495684211788e-17 0.19878554858267308
		endloop
	endfacet
	facet normal -0.9494352955062616 -0.12499566828209362 -0.2880081640468731
		outer loop
			vertex -0.15157853066921234 -0.040615346282720524 0.19878554858267308
			vertex -0.15692564845085144 4.413925859984526e-17 0.19878554858267308
			vertex -0.14278385043144226 -0.038258820772170986 0.1687706518173218
		endloop
	endfacet
	facet normal -0.949435299164857 -0.12499568467937594 -0.28800814486967674
		outer loop
			vertex -0.15692564845085144 4.413925859984526e-17 0.19878554858267308
			vertex -0.14782072603702545 3.7474612705717233e-17 0.1687706518173218
			vertex -0.14278385043144226 -0.038258820772170986 0.1687706518173218
		endloop
	endfacet
	facet normal -0.8847329060365774 -0.3664681789726071 -0.2880082616463882
		outer loop
			vertex -0.13590160012245178 -0.07846282422542566 0.1987855485826731
			vertex -0.15157853066921234 -0.040615346282720524 0.19878554858267308
			vertex -0.12801650166511536 -0.07391036301851268 0.16877065181732182
		endloop
	endfacet
	facet normal -0.8847329018111014 -0.36646827887031025 -0.28800814751451176
		outer loop
			vertex -0.15157853066921234 -0.040615346282720524 0.19878554858267308
			vertex -0.14278385043144226 -0.038258820772170986 0.1687706518173218
			vertex -0.12801650166511536 -0.07391036301851268 0.16877065181732182
		endloop
	endfacet
	facet normal -0.7597372873900651 -0.5829670572013447 -0.28800809774586217
		outer loop
			vertex -0.11096318811178207 -0.11096318811178202 0.1987855485826731
			vertex -0.13590160012245178 -0.07846282422542566 0.1987855485826731
			vertex -0.10452503710985184 -0.1045250371098518 0.16877065181732182
		endloop
	endfacet
	facet normal -0.759737327903213 -0.5829669280979854 -0.2880082521985864
		outer loop
			vertex -0.13590160012245178 -0.07846282422542566 0.1987855485826731
			vertex -0.12801650166511536 -0.07391036301851268 0.16877065181732182
			vertex -0.10452503710985184 -0.1045250371098518 0.16877065181732182
		endloop
	endfacet
	facet normal -0.5829670297680791 -0.7597372516383455 -0.28800824758398363
		outer loop
			vertex -0.07846282422542572 -0.13590160012245173 0.1987855485826731
			vertex -0.11096318811178207 -0.11096318811178202 0.1987855485826731
			vertex -0.07391036301851273 -0.1280165016651153 0.16877065181732182
		endloop
	endfacet
	facet normal -0.5829669572209817 -0.7597373658570429 -0.28800809313127274
		outer loop
			vertex -0.11096318811178207 -0.11096318811178202 0.1987855485826731
			vertex -0.10452503710985184 -0.1045250371098518 0.16877065181732182
			vertex -0.07391036301851273 -0.1280165016651153 0.16877065181732182
		endloop
	endfacet
	facet normal -0.3664681917158874 -0.8847329368015943 -0.2880081509244378
		outer loop
			vertex -0.040615346282720566 -0.15157853066921229 0.1987855485826731
			vertex -0.07846282422542572 -0.13590160012245173 0.1987855485826731
			vertex -0.03825882077217102 -0.1427838504314422 0.16877065181732182
		endloop
	endfacet
	facet normal -0.36646826534211174 -0.8847328691511339 -0.28800826505631066
		outer loop
			vertex -0.07846282422542572 -0.13590160012245173 0.1987855485826731
			vertex -0.07391036301851273 -0.1280165016651153 0.16877065181732182
			vertex -0.03825882077217102 -0.1427838504314422 0.16877065181732182
		endloop
	endfacet
	facet normal -0.12499566901242172 -0.9494353010536478 -0.2880081454426354
		outer loop
			vertex -9.608924560568157e-18 -0.15692564845085138 0.1987855485826731
			vertex -0.040615346282720566 -0.15157853066921229 0.1987855485826731
			vertex -9.05140896361048e-18 -0.1478207260370254 0.16877065181732182
		endloop
	endfacet
	facet normal -0.12499568390406372 -0.9494352932757832 -0.28800816461982953
		outer loop
			vertex -0.040615346282720566 -0.15157853066921229 0.1987855485826731
			vertex -0.03825882077217102 -0.1427838504314422 0.16877065181732182
			vertex -9.05140896361048e-18 -0.1478207260370254 0.16877065181732182
		endloop
	endfacet
	facet normal 0.1249956682820936 -0.9494352955062616 -0.2880081640468732
		outer loop
			vertex 0.040615346282720566 -0.15157853066921229 0.1987855485826731
			vertex -9.608924560568157e-18 -0.15692564845085138 0.1987855485826731
			vertex 0.03825882077217102 -0.1427838504314422 0.16877065181732182
		endloop
	endfacet
	facet normal 0.1249956846793759 -0.9494352991648569 -0.28800814486967674
		outer loop
			vertex -9.608924560568157e-18 -0.15692564845085138 0.1987855485826731
			vertex -9.05140896361048e-18 -0.1478207260370254 0.16877065181732182
			vertex 0.03825882077217102 -0.1427838504314422 0.16877065181732182
		endloop
	endfacet
	facet normal 0.3664681789726067 -0.8847329060365773 -0.28800826164638826
		outer loop
			vertex 0.07846282422542572 -0.13590160012245173 0.1987855485826731
			vertex 0.040615346282720566 -0.15157853066921229 0.1987855485826731
			vertex 0.07391036301851273 -0.1280165016651153 0.16877065181732182
		endloop
	endfacet
	facet normal 0.36646827887030997 -0.8847329018111014 -0.28800814751451187
		outer loop
			vertex 0.040615346282720566 -0.15157853066921229 0.1987855485826731
			vertex 0.03825882077217102 -0.1427838504314422 0.16877065181732182
			vertex 0.07391036301851273 -0.1280165016651153 0.16877065181732182
		endloop
	endfacet
	facet normal 0.5829670572013447 -0.7597372873900651 -0.2880080977458621
		outer loop
			vertex 0.11096318811178207 -0.11096318811178202 0.1987855485826731
			vertex 0.07846282422542572 -0.13590160012245173 0.1987855485826731
			vertex 0.10452503710985184 -0.1045250371098518 0.16877065181732182
		endloop
	endfacet
	facet normal 0.5829669280979851 -0.7597373279032131 -0.2880082521985866
		outer loop
			vertex 0.07846282422542572 -0.13590160012245173 0.1987855485826731
			vertex 0.07391036301851273 -0.1280165016651153 0.16877065181732182
			vertex 0.10452503710985184 -0.1045250371098518 0.16877065181732182
		endloop
	endfacet
	facet normal 0.7597372516383455 -0.5829670297680791 -0.2880082475839834
		outer loop
			vertex 0.13590160012245178 -0.07846282422542566 0.1987855485826731
			vertex 0.11096318811178207 -0.11096318811178202 0.1987855485826731
			vertex 0.12801650166511536 -0.07391036301851268 0.16877065181732182
		endloop
	endfacet
	facet normal 0.7597373658570428 -0.5829669572209819 -0.2880080931312729
		outer loop
			vertex 0.11096318811178207 -0.11096318811178202 0.1987855485826731
			vertex 0.10452503710985184 -0.1045250371098518 0.16877065181732182
			vertex 0.12801650166511536 -0.07391036301851268 0.16877065181732182
		endloop
	endfacet
	facet normal 0.8847329368015943 -0.36646819171588774 -0.28800815092443777
		outer loop
			vertex 0.15157853066921234 -0.040615346282720524 0.19878554858267308
			vertex 0.13590160012245178 -0.07846282422542566 0.1987855485826731
			vertex 0.14278385043144226 -0.038258820772170986 0.1687706518173218
		endloop
	endfacet
	facet normal 0.8847328691511339 -0.3664682653421121 -0.28800826505631055
		outer loop
			vertex 0.13590160012245178 -0.07846282422542566 0.1987855485826731
			vertex 0.12801650166511536 -0.07391036301851268 0.16877065181732182
			vertex 0.14278385043144226 -0.038258820772170986 0.1687706518173218
		endloop
	endfacet
	facet normal 0.9494353010536478 -0.12499566901242173 -0.2880081454426354
		outer loop
			vertex 0.15692564845085144 2.4921409478708947e-17 0.19878554858267308
			vertex 0.15157853066921234 -0.040615346282720524 0.19878554858267308
			vertex 0.14782072603702545 1.9371794778496275e-17 0.1687706518173218
		endloop
	endfacet
	facet normal 0.9494352932757834 -0.12499568390406376 -0.28800816461982953
		outer loop
			vertex 0.15157853066921234 -0.040615346282720524 0.19878554858267308
			vertex 0.14278385043144226 -0.038258820772170986 0.1687706518173218
			vertex 0.14782072603702545 1.9371794778496275e-17 0.1687706518173218
		endloop
	endfacet
	facet normal 0.9494352955062616 0.12499566828209359 -0.28800816404687324
		outer loop
			vertex 0.15157853066921234 0.04061534628272061 0.19878554858267308
			vertex 0.15692564845085144 2.4921409478708947e-17 0.19878554858267308
			vertex 0.14278385043144226 0.038258820772171055 0.1687706518173218
		endloop
	endfacet
	facet normal 0.9494352991648569 0.12499568467937588 -0.2880081448696768
		outer loop
			vertex 0.15692564845085144 2.4921409478708947e-17 0.19878554858267308
			vertex 0.14782072603702545 1.9371794778496275e-17 0.1687706518173218
			vertex 0.14278385043144226 0.038258820772171055 0.1687706518173218
		endloop
	endfacet
	facet normal 0.8847329060365774 0.36646817897260636 -0.2880082616463884
		outer loop
			vertex 0.13590160012245178 0.07846282422542578 0.19878554858267306
			vertex 0.15157853066921234 0.04061534628272061 0.19878554858267308
			vertex 0.12801650166511536 0.07391036301851277 0.16877065181732176
		endloop
	endfacet
	facet normal 0.8847329018111016 0.36646827887030975 -0.288008147514512
		outer loop
			vertex 0.15157853066921234 0.04061534628272061 0.19878554858267308
			vertex 0.14278385043144226 0.038258820772171055 0.1687706518173218
			vertex 0.12801650166511536 0.07391036301851277 0.16877065181732176
		endloop
	endfacet
	facet normal 0.759737287390065 0.5829670572013446 -0.28800809774586267
		outer loop
			vertex 0.11096318811178207 0.11096318811178213 0.19878554858267306
			vertex 0.13590160012245178 0.07846282422542578 0.19878554858267306
			vertex 0.10452503710985184 0.10452503710985188 0.16877065181732176
		endloop
	endfacet
	facet normal 0.7597373279032128 0.5829669280979853 -0.28800825219858683
		outer loop
			vertex 0.13590160012245178 0.07846282422542578 0.19878554858267306
			vertex 0.12801650166511536 0.07391036301851277 0.16877065181732176
			vertex 0.10452503710985184 0.10452503710985188 0.16877065181732176
		endloop
	endfacet
	facet normal 0.5829670297680791 0.7597372516383455 -0.28800824758398363
		outer loop
			vertex 0.07846282422542572 0.13590160012245184 0.19878554858267306
			vertex 0.11096318811178207 0.11096318811178213 0.19878554858267306
			vertex 0.07391036301851273 0.1280165016651154 0.16877065181732176
		endloop
	endfacet
	facet normal 0.5829669572209821 0.7597373658570425 -0.2880080931312735
		outer loop
			vertex 0.11096318811178207 0.11096318811178213 0.19878554858267306
			vertex 0.10452503710985184 0.10452503710985188 0.16877065181732176
			vertex 0.07391036301851273 0.1280165016651154 0.16877065181732176
		endloop
	endfacet
	facet normal 0.3664681917158874 0.8847329368015943 -0.2880081509244378
		outer loop
			vertex 0.040615346282720566 0.1515785306692124 0.19878554858267306
			vertex 0.07846282422542572 0.13590160012245184 0.19878554858267306
			vertex 0.03825882077217102 0.14278385043144232 0.16877065181732176
		endloop
	endfacet
	facet normal 0.36646826534211174 0.8847328691511339 -0.28800826505631066
		outer loop
			vertex 0.07846282422542572 0.13590160012245184 0.19878554858267306
			vertex 0.07391036301851273 0.1280165016651154 0.16877065181732176
			vertex 0.03825882077217102 0.14278385043144232 0.16877065181732176
		endloop
	endfacet
	facet normal 0.12499566901242179 0.9494353010536479 -0.2880081454426355
		outer loop
			vertex 2.8826774508885084e-17 0.1569256484508515 0.19878554858267306
			vertex 0.040615346282720566 0.1515785306692124 0.19878554858267306
			vertex 2.7154226890831438e-17 0.1478207260370255 0.16877065181732176
		endloop
	endfacet
	facet normal 0.12499568390406379 0.9494352932757832 -0.28800816461982953
		outer loop
			vertex 0.040615346282720566 0.1515785306692124 0.19878554858267306
			vertex 0.03825882077217102 0.14278385043144232 0.16877065181732176
			vertex 2.7154226890831438e-17 0.1478207260370255 0.16877065181732176
		endloop
	endfacet
	facet normal -0.12499566828209355 0.9494352955062617 -0.28800816404687324
		outer loop
			vertex -0.040615346282720566 0.1515785306692124 0.19878554858267306
			vertex 2.8826774508885084e-17 0.1569256484508515 0.19878554858267306
			vertex -0.03825882077217102 0.14278385043144232 0.16877065181732176
		endloop
	endfacet
	facet normal -0.12499568467937583 0.9494352991648569 -0.2880081448696768
		outer loop
			vertex 2.8826774508885084e-17 0.1569256484508515 0.19878554858267306
			vertex 2.7154226890831438e-17 0.1478207260370255 0.16877065181732176
			vertex -0.03825882077217102 0.14278385043144232 0.16877065181732176
		endloop
	endfacet
	facet normal -0.3664681789726067 0.8847329060365773 -0.28800826164638826
		outer loop
			vertex -0.07846282422542572 0.13590160012245184 0.19878554858267306
			vertex -0.040615346282720566 0.1515785306692124 0.19878554858267306
			vertex -0.07391036301851273 0.1280165016651154 0.16877065181732176
		endloop
	endfacet
	facet normal -0.36646827887030997 0.8847329018111014 -0.28800814751451187
		outer loop
			vertex -0.040615346282720566 0.1515785306692124 0.19878554858267306
			vertex -0.03825882077217102 0.14278385043144232 0.16877065181732176
			vertex -0.07391036301851273 0.1280165016651154 0.16877065181732176
		endloop
	endfacet
	facet normal -0.5829670572013446 0.759737287390065 -0.2880080977458627
		outer loop
			vertex -0.11096318811178207 0.11096318811178213 0.19878554858267306
			vertex -0.07846282422542572 0.13590160012245184 0.19878554858267306
			vertex -0.10452503710985184 0.10452503710985188 0.16877065181732176
		endloop
	endfacet
	facet normal -0.5829669280979856 0.7597373279032127 -0.28800825219858656
		outer loop
			vertex -0.07846282422542572 0.13590160012245184 0.19878554858267306
			vertex -0.07391036301851273 0.1280165016651154 0.16877065181732176
			vertex -0.10452503710985184 0.10452503710985188 0.16877065181732176
		endloop
	endfacet
	facet normal -0.7597372516383453 0.582967029768079 -0.28800824758398386
		outer loop
			vertex -0.13590160012245178 0.07846282422542578 0.19878554858267306
			vertex -0.11096318811178207 0.11096318811178213 0.19878554858267306
			vertex -0.12801650166511536 0.07391036301851277 0.16877065181732176
		endloop
	endfacet
	facet normal -0.7597373658570427 0.5829669572209819 -0.2880080931312734
		outer loop
			vertex -0.11096318811178207 0.11096318811178213 0.19878554858267306
			vertex -0.10452503710985184 0.10452503710985188 0.16877065181732176
			vertex -0.12801650166511536 0.07391036301851277 0.16877065181732176
		endloop
	endfacet
	facet normal -0.8847329368015945 0.3664681917158872 -0.28800815092443793
		outer loop
			vertex -0.15157853066921234 0.04061534628272061 0.19878554858267308
			vertex -0.13590160012245178 0.07846282422542578 0.19878554858267306
			vertex -0.14278385043144226 0.038258820772171055 0.1687706518173218
		endloop
	endfacet
	facet normal -0.8847328691511341 0.36646826534211147 -0.28800826505631083
		outer loop
			vertex -0.13590160012245178 0.07846282422542578 0.19878554858267306
			vertex -0.12801650166511536 0.07391036301851277 0.16877065181732176
			vertex -0.14278385043144226 0.038258820772171055 0.1687706518173218
		endloop
	endfacet
	facet normal -0.9494353010536478 0.12499566901242183 -0.2880081454426355
		outer loop
			vertex -0.15692564845085144 8.257495684211788e-17 0.19878554858267308
			vertex -0.15157853066921234 0.04061534628272061 0.19878554858267308
			vertex -0.14782072603702545 7.368024856015914e-17 0.1687706518173218
		endloop
	endfacet
	facet normal -0.9494352932757832 0.12499568390406383 -0.2880081646198296
		outer loop
			vertex -0.15157853066921234 0.04061534628272061 0.19878554858267308
			vertex -0.14278385043144226 0.038258820772171055 0.1687706518173218
			vertex -0.14782072603702545 7.368024856015914e-17 0.1687706518173218
		endloop
	endfacet
	facet normal -0.8760361678527693 -0.11533249364224475 -0.4682510528809264
		outer loop
			vertex -0.14278385043144226 -0.038258820772170986 0.1687706518173218
			vertex -0.14782072603702545 3.7474612705717233e-17 0.1687706518173218
			vertex -0.12850207090377808 -0.03443202748894689 0.14110876202583317
		endloop
	endfacet
	facet normal -0.8760361601759952 -0.11533247388787163 -0.4682510721087582
		outer loop
			vertex -0.14782072603702545 3.7474612705717233e-17 0.1687706518173218
			vertex -0.13303513824939728 3.133243931548638e-17 0.14110876202583314
			vertex -0.12850207090377808 -0.03443202748894689 0.14110876202583317
		endloop
	endfacet
	facet normal -0.8163357879503408 -0.33813727349576256 -0.4682510710979186
		outer loop
			vertex -0.12801650166511536 -0.07391036301851268 0.16877065181732182
			vertex -0.14278385043144226 -0.038258820772170986 0.1687706518173218
			vertex -0.11521180719137192 -0.0665175691246986 0.14110876202583317
		endloop
	endfacet
	facet normal -0.8163357891361229 -0.3381372843463323 -0.46825106119515775
		outer loop
			vertex -0.14278385043144226 -0.038258820772170986 0.1687706518173218
			vertex -0.12850207090377808 -0.03443202748894689 0.14110876202583317
			vertex -0.11521180719137192 -0.0665175691246986 0.14110876202583317
		endloop
	endfacet
	facet normal -0.7010034093680239 -0.5378988094126568 -0.4682510981160143
		outer loop
			vertex -0.10452503710985184 -0.1045250371098518 0.16877065181732182
			vertex -0.12801650166511536 -0.07391036301851268 0.16877065181732182
			vertex -0.09407004714012146 -0.09407004714012142 0.14110876202583317
		endloop
	endfacet
	facet normal -0.7010034055901883 -0.537898833919811 -0.46825107561933677
		outer loop
			vertex -0.12801650166511536 -0.07391036301851268 0.16877065181732182
			vertex -0.11521180719137192 -0.0665175691246986 0.14110876202583317
			vertex -0.09407004714012146 -0.09407004714012142 0.14110876202583317
		endloop
	endfacet
	facet normal -0.5378988162881472 -0.7010034183283383 -0.46825107680366845
		outer loop
			vertex -0.07391036301851273 -0.1280165016651153 0.16877065181732182
			vertex -0.10452503710985184 -0.1045250371098518 0.16877065181732182
			vertex -0.06651756912469864 -0.11521180719137188 0.14110876202583317
		endloop
	endfacet
	facet normal -0.5378988262801749 -0.7010033956340207 -0.4682510993003466
		outer loop
			vertex -0.10452503710985184 -0.1045250371098518 0.16877065181732182
			vertex -0.09407004714012146 -0.09407004714012142 0.14110876202583317
			vertex -0.06651756912469864 -0.11521180719137188 0.14110876202583317
		endloop
	endfacet
	facet normal -0.3381372753983037 -0.8163357925434834 -0.4682510617164845
		outer loop
			vertex -0.03825882077217102 -0.1427838504314422 0.16877065181732182
			vertex -0.07391036301851273 -0.1280165016651153 0.16877065181732182
			vertex -0.034432027488946915 -0.12850207090377805 0.14110876202583317
		endloop
	endfacet
	facet normal -0.338137282232342 -0.8163357840324975 -0.4682510716192473
		outer loop
			vertex -0.07391036301851273 -0.1280165016651153 0.16877065181732182
			vertex -0.06651756912469864 -0.11521180719137188 0.14110876202583317
			vertex -0.034432027488946915 -0.12850207090377805 0.14110876202583317
		endloop
	endfacet
	facet normal -0.11533249238225612 -0.8760361582822174 -0.468251071096512
		outer loop
			vertex -9.05140896361048e-18 -0.1478207260370254 0.16877065181732182
			vertex -0.03825882077217102 -0.1427838504314422 0.16877065181732182
			vertex -8.14605316572629e-18 -0.13303513824939725 0.14110876202583317
		endloop
	endfacet
	facet normal -0.11533247528789567 -0.8760361708102244 -0.46825105186868116
		outer loop
			vertex -0.03825882077217102 -0.1427838504314422 0.16877065181732182
			vertex -0.034432027488946915 -0.12850207090377805 0.14110876202583317
			vertex -8.14605316572629e-18 -0.13303513824939725 0.14110876202583317
		endloop
	endfacet
	facet normal 0.1153324936422448 -0.8760361678527699 -0.46825105288092533
		outer loop
			vertex 0.03825882077217102 -0.1427838504314422 0.16877065181732182
			vertex -9.05140896361048e-18 -0.1478207260370254 0.16877065181732182
			vertex 0.034432027488946915 -0.12850207090377805 0.14110876202583317
		endloop
	endfacet
	facet normal 0.11533247388787132 -0.8760361601759957 -0.4682510721087576
		outer loop
			vertex -9.05140896361048e-18 -0.1478207260370254 0.16877065181732182
			vertex -8.14605316572629e-18 -0.13303513824939725 0.14110876202583317
			vertex 0.034432027488946915 -0.12850207090377805 0.14110876202583317
		endloop
	endfacet
	facet normal 0.33813727349576234 -0.8163357879503411 -0.4682510710979184
		outer loop
			vertex 0.07391036301851273 -0.1280165016651153 0.16877065181732182
			vertex 0.03825882077217102 -0.1427838504314422 0.16877065181732182
			vertex 0.06651756912469864 -0.11521180719137188 0.14110876202583317
		endloop
	endfacet
	facet normal 0.3381372843463326 -0.8163357891361233 -0.4682510611951568
		outer loop
			vertex 0.03825882077217102 -0.1427838504314422 0.16877065181732182
			vertex 0.034432027488946915 -0.12850207090377805 0.14110876202583317
			vertex 0.06651756912469864 -0.11521180719137188 0.14110876202583317
		endloop
	endfacet
	facet normal 0.5378988094126566 -0.7010034093680241 -0.4682510981160143
		outer loop
			vertex 0.10452503710985184 -0.1045250371098518 0.16877065181732182
			vertex 0.07391036301851273 -0.1280165016651153 0.16877065181732182
			vertex 0.09407004714012146 -0.09407004714012142 0.14110876202583317
		endloop
	endfacet
	facet normal 0.5378988339198111 -0.7010034055901884 -0.4682510756193365
		outer loop
			vertex 0.07391036301851273 -0.1280165016651153 0.16877065181732182
			vertex 0.06651756912469864 -0.11521180719137188 0.14110876202583317
			vertex 0.09407004714012146 -0.09407004714012142 0.14110876202583317
		endloop
	endfacet
	facet normal 0.701003418328338 -0.5378988162881473 -0.46825107680366873
		outer loop
			vertex 0.12801650166511536 -0.07391036301851268 0.16877065181732182
			vertex 0.10452503710985184 -0.1045250371098518 0.16877065181732182
			vertex 0.11521180719137192 -0.0665175691246986 0.14110876202583317
		endloop
	endfacet
	facet normal 0.7010033956340207 -0.5378988262801749 -0.4682510993003466
		outer loop
			vertex 0.10452503710985184 -0.1045250371098518 0.16877065181732182
			vertex 0.09407004714012146 -0.09407004714012142 0.14110876202583317
			vertex 0.11521180719137192 -0.0665175691246986 0.14110876202583317
		endloop
	endfacet
	facet normal 0.8163357925434828 -0.33813727539830385 -0.4682510617164854
		outer loop
			vertex 0.14278385043144226 -0.038258820772170986 0.1687706518173218
			vertex 0.12801650166511536 -0.07391036301851268 0.16877065181732182
			vertex 0.12850207090377808 -0.03443202748894689 0.14110876202583317
		endloop
	endfacet
	facet normal 0.8163357840324973 -0.3381372822323418 -0.4682510716192475
		outer loop
			vertex 0.12801650166511536 -0.07391036301851268 0.16877065181732182
			vertex 0.11521180719137192 -0.0665175691246986 0.14110876202583317
			vertex 0.12850207090377808 -0.03443202748894689 0.14110876202583317
		endloop
	endfacet
	facet normal 0.876036158282217 -0.11533249238225611 -0.46825107109651276
		outer loop
			vertex 0.14782072603702545 1.9371794778496275e-17 0.1687706518173218
			vertex 0.14278385043144226 -0.038258820772170986 0.1687706518173218
			vertex 0.13303513824939728 1.50403329840338e-17 0.14110876202583314
		endloop
	endfacet
	facet normal 0.8760361708102239 -0.11533247528789599 -0.4682510518686822
		outer loop
			vertex 0.14278385043144226 -0.038258820772170986 0.1687706518173218
			vertex 0.12850207090377808 -0.03443202748894689 0.14110876202583317
			vertex 0.13303513824939728 1.50403329840338e-17 0.14110876202583314
		endloop
	endfacet
	facet normal 0.8760361678527698 0.11533249364224475 -0.46825105288092567
		outer loop
			vertex 0.14278385043144226 0.038258820772171055 0.1687706518173218
			vertex 0.14782072603702545 1.9371794778496275e-17 0.1687706518173218
			vertex 0.12850207090377808 0.03443202748894694 0.1411087620258331
		endloop
	endfacet
	facet normal 0.8760361601759954 0.11533247388787088 -0.46825107210875827
		outer loop
			vertex 0.14782072603702545 1.9371794778496275e-17 0.1687706518173218
			vertex 0.13303513824939728 1.50403329840338e-17 0.14110876202583314
			vertex 0.12850207090377808 0.03443202748894694 0.1411087620258331
		endloop
	endfacet
	facet normal 0.816335787950341 0.338137273495762 -0.4682510710979187
		outer loop
			vertex 0.12801650166511536 0.07391036301851277 0.16877065181732176
			vertex 0.14278385043144226 0.038258820772171055 0.1687706518173218
			vertex 0.11521180719137192 0.06651756912469868 0.1411087620258331
		endloop
	endfacet
	facet normal 0.8163357891361233 0.3381372843463321 -0.4682510611951572
		outer loop
			vertex 0.14278385043144226 0.038258820772171055 0.1687706518173218
			vertex 0.12850207090377808 0.03443202748894694 0.1411087620258331
			vertex 0.11521180719137192 0.06651756912469868 0.1411087620258331
		endloop
	endfacet
	facet normal 0.7010034093680239 0.5378988094126568 -0.4682510981160143
		outer loop
			vertex 0.10452503710985184 0.10452503710985188 0.16877065181732176
			vertex 0.12801650166511536 0.07391036301851277 0.16877065181732176
			vertex 0.09407004714012146 0.0940700471401215 0.1411087620258331
		endloop
	endfacet
	facet normal 0.7010034055901883 0.537898833919811 -0.46825107561933677
		outer loop
			vertex 0.12801650166511536 0.07391036301851277 0.16877065181732176
			vertex 0.11521180719137192 0.06651756912469868 0.1411087620258331
			vertex 0.09407004714012146 0.0940700471401215 0.1411087620258331
		endloop
	endfacet
	facet normal 0.5378988162881474 0.7010034183283378 -0.468251076803669
		outer loop
			vertex 0.07391036301851273 0.1280165016651154 0.16877065181732176
			vertex 0.10452503710985184 0.10452503710985188 0.16877065181732176
			vertex 0.06651756912469864 0.11521180719137196 0.1411087620258331
		endloop
	endfacet
	facet normal 0.5378988262801749 0.7010033956340207 -0.4682510993003466
		outer loop
			vertex 0.10452503710985184 0.10452503710985188 0.16877065181732176
			vertex 0.09407004714012146 0.0940700471401215 0.1411087620258331
			vertex 0.06651756912469864 0.11521180719137196 0.1411087620258331
		endloop
	endfacet
	facet normal 0.3381372753983034 0.8163357925434825 -0.4682510617164857
		outer loop
			vertex 0.03825882077217102 0.14278385043144232 0.16877065181732176
			vertex 0.07391036301851273 0.1280165016651154 0.16877065181732176
			vertex 0.034432027488946915 0.1285020709037781 0.1411087620258331
		endloop
	endfacet
	facet normal 0.33813728223234135 0.8163357840324975 -0.46825107161924784
		outer loop
			vertex 0.07391036301851273 0.1280165016651154 0.16877065181732176
			vertex 0.06651756912469864 0.11521180719137196 0.1411087620258331
			vertex 0.034432027488946915 0.1285020709037781 0.1411087620258331
		endloop
	endfacet
	facet normal 0.1153324923822561 0.8760361582822166 -0.46825107109651337
		outer loop
			vertex 2.7154226890831438e-17 0.1478207260370255 0.16877065181732176
			vertex 0.03825882077217102 0.14278385043144232 0.16877065181732176
			vertex 2.4438157842817645e-17 0.1330351382493973 0.1411087620258331
		endloop
	endfacet
	facet normal 0.11533247528789564 0.8760361708102237 -0.46825105186868254
		outer loop
			vertex 0.03825882077217102 0.14278385043144232 0.16877065181732176
			vertex 0.034432027488946915 0.1285020709037781 0.1411087620258331
			vertex 2.4438157842817645e-17 0.1330351382493973 0.1411087620258331
		endloop
	endfacet
	facet normal -0.11533249364224464 0.8760361678527693 -0.4682510528809267
		outer loop
			vertex -0.03825882077217102 0.14278385043144232 0.16877065181732176
			vertex 2.7154226890831438e-17 0.1478207260370255 0.16877065181732176
			vertex -0.034432027488946915 0.1285020709037781 0.1411087620258331
		endloop
	endfacet
	facet normal -0.11533247388787117 0.8760361601759951 -0.46825107210875905
		outer loop
			vertex 2.7154226890831438e-17 0.1478207260370255 0.16877065181732176
			vertex 2.4438157842817645e-17 0.1330351382493973 0.1411087620258331
			vertex -0.034432027488946915 0.1285020709037781 0.1411087620258331
		endloop
	endfacet
	facet normal -0.3381372734957622 0.8163357879503408 -0.46825107109791897
		outer loop
			vertex -0.07391036301851273 0.1280165016651154 0.16877065181732176
			vertex -0.03825882077217102 0.14278385043144232 0.16877065181732176
			vertex -0.06651756912469864 0.11521180719137196 0.1411087620258331
		endloop
	endfacet
	facet normal -0.3381372843463318 0.8163357891361229 -0.4682510611951582
		outer loop
			vertex -0.03825882077217102 0.14278385043144232 0.16877065181732176
			vertex -0.034432027488946915 0.1285020709037781 0.1411087620258331
			vertex -0.06651756912469864 0.11521180719137196 0.1411087620258331
		endloop
	endfacet
	facet normal -0.5378988094126569 0.7010034093680236 -0.4682510981160143
		outer loop
			vertex -0.10452503710985184 0.10452503710985188 0.16877065181732176
			vertex -0.07391036301851273 0.1280165016651154 0.16877065181732176
			vertex -0.09407004714012146 0.0940700471401215 0.1411087620258331
		endloop
	endfacet
	facet normal -0.5378988339198109 0.701003405590188 -0.46825107561933704
		outer loop
			vertex -0.07391036301851273 0.1280165016651154 0.16877065181732176
			vertex -0.06651756912469864 0.11521180719137196 0.1411087620258331
			vertex -0.09407004714012146 0.0940700471401215 0.1411087620258331
		endloop
	endfacet
	facet normal -0.701003418328338 0.5378988162881473 -0.46825107680366873
		outer loop
			vertex -0.12801650166511536 0.07391036301851277 0.16877065181732176
			vertex -0.10452503710985184 0.10452503710985188 0.16877065181732176
			vertex -0.11521180719137192 0.06651756912469868 0.1411087620258331
		endloop
	endfacet
	facet normal -0.7010033956340207 0.5378988262801749 -0.4682510993003466
		outer loop
			vertex -0.10452503710985184 0.10452503710985188 0.16877065181732176
			vertex -0.09407004714012146 0.0940700471401215 0.1411087620258331
			vertex -0.11521180719137192 0.06651756912469868 0.1411087620258331
		endloop
	endfacet
	facet normal -0.8163357925434832 0.33813727539830324 -0.4682510617164848
		outer loop
			vertex -0.14278385043144226 0.038258820772171055 0.1687706518173218
			vertex -0.12801650166511536 0.07391036301851277 0.16877065181732176
			vertex -0.12850207090377808 0.03443202748894694 0.1411087620258331
		endloop
	endfacet
	facet normal -0.8163357840324975 0.3381372822323416 -0.46825107161924756
		outer loop
			vertex -0.12801650166511536 0.07391036301851277 0.16877065181732176
			vertex -0.11521180719137192 0.06651756912469868 0.1411087620258331
			vertex -0.12850207090377808 0.03443202748894694 0.1411087620258331
		endloop
	endfacet
	facet normal -0.876036158282217 0.11533249238225617 -0.4682510710965127
		outer loop
			vertex -0.14782072603702545 7.368024856015914e-17 0.1687706518173218
			vertex -0.14278385043144226 0.038258820772171055 0.1687706518173218
			vertex -0.13303513824939728 6.391665197839153e-17 0.14110876202583314
		endloop
	endfacet
	facet normal -0.8760361708102244 0.11533247528789539 -0.46825105186868154
		outer loop
			vertex -0.14278385043144226 0.038258820772171055 0.1687706518173218
			vertex -0.12850207090377808 0.03443202748894694 0.1411087620258331
			vertex -0.13303513824939728 6.391665197839153e-17 0.14110876202583314
		endloop
	endfacet
	facet normal -0.7690382774845484 -0.10124592007588115 -0.6311334180912838
		outer loop
			vertex -0.12850207090377808 -0.03443202748894689 0.14110876202583317
			vertex -0.13303513824939728 3.133243931548638e-17 0.14110876202583314
			vertex -0.10928203165531158 -0.02928203158080575 0.11686291873455049
		endloop
	endfacet
	facet normal -0.7690381817072298 -0.10124571904754652 -0.6311335670450298
		outer loop
			vertex -0.13303513824939728 3.133243931548638e-17 0.14110876202583314
			vertex -0.11313708126544952 2.5948780620799302e-17 0.11686291873455049
			vertex -0.10928203165531158 -0.02928203158080575 0.11686291873455049
		endloop
	endfacet
	facet normal -0.7166295990506518 -0.29683763682787884 -0.6311334527078584
		outer loop
			vertex -0.11521180719137192 -0.0665175691246986 0.14110876202583317
			vertex -0.12850207090377808 -0.03443202748894689 0.14110876202583317
			vertex -0.0979795902967453 -0.05656854063272474 0.1168629187345505
		endloop
	endfacet
	facet normal -0.7166296075243531 -0.2968376826601332 -0.631133421530229
		outer loop
			vertex -0.12850207090377808 -0.03443202748894689 0.14110876202583317
			vertex -0.10928203165531158 -0.02928203158080575 0.11686291873455049
			vertex -0.0979795902967453 -0.05656854063272474 0.1168629187345505
		endloop
	endfacet
	facet normal -0.6153837338493064 -0.4722005488291089 -0.631133505527297
		outer loop
			vertex -0.09407004714012146 -0.09407004714012142 0.14110876202583317
			vertex -0.11521180719137192 -0.0665175691246986 0.14110876202583317
			vertex -0.07999999821186066 -0.07999999821186063 0.1168629187345505
		endloop
	endfacet
	facet normal -0.6153837294500699 -0.4722006044147812 -0.6311334682287404
		outer loop
			vertex -0.11521180719137192 -0.0665175691246986 0.14110876202583317
			vertex -0.0979795902967453 -0.05656854063272474 0.1168629187345505
			vertex -0.07999999821186066 -0.07999999821186063 0.1168629187345505
		endloop
	endfacet
	facet normal -0.472200565810645 -0.6153837559800752 -0.631133471243573
		outer loop
			vertex -0.06651756912469864 -0.11521180719137188 0.14110876202583317
			vertex -0.09407004714012146 -0.09407004714012142 0.14110876202583317
			vertex -0.05656854063272476 -0.09797959029674527 0.11686291873455051
		endloop
	endfacet
	facet normal -0.4722005844466069 -0.6153837034270427 -0.6311335085421312
		outer loop
			vertex -0.09407004714012146 -0.09407004714012142 0.14110876202583317
			vertex -0.07999999821186066 -0.07999999821186063 0.1168629187345505
			vertex -0.05656854063272476 -0.09797959029674527 0.11686291873455051
		endloop
	endfacet
	facet normal -0.29683764575107513 -0.7166296205931574 -0.6311334240503085
		outer loop
			vertex -0.034432027488946915 -0.12850207090377805 0.14110876202583317
			vertex -0.06651756912469864 -0.11521180719137188 0.14110876202583317
			vertex -0.02928203158080578 -0.10928203165531156 0.11686291873455051
		endloop
	endfacet
	facet normal -0.2968376721675626 -0.7166295821930458 -0.6311334552279441
		outer loop
			vertex -0.06651756912469864 -0.11521180719137188 0.14110876202583317
			vertex -0.05656854063272476 -0.09797959029674527 0.11686291873455051
			vertex -0.02928203158080578 -0.10928203165531156 0.11686291873455051
		endloop
	endfacet
	facet normal -0.10124590553511263 -0.7690381670365698 -0.6311335550051257
		outer loop
			vertex -8.14605316572629e-18 -0.13303513824939725 0.14110876202583317
			vertex -0.034432027488946915 -0.12850207090377805 0.14110876202583317
			vertex -6.92764838347957e-18 -0.1131370812654495 0.11686291873455051
		endloop
	endfacet
	facet normal -0.10124573614565063 -0.7690383115803247 -0.6311334060513742
		outer loop
			vertex -0.034432027488946915 -0.12850207090377805 0.14110876202583317
			vertex -0.02928203158080578 -0.10928203165531156 0.11686291873455051
			vertex -6.92764838347957e-18 -0.1131370812654495 0.11686291873455051
		endloop
	endfacet
	facet normal 0.1012459200758806 -0.7690382774845481 -0.6311334180912841
		outer loop
			vertex 0.034432027488946915 -0.12850207090377805 0.14110876202583317
			vertex -8.14605316572629e-18 -0.13303513824939725 0.14110876202583317
			vertex 0.02928203158080578 -0.10928203165531156 0.11686291873455051
		endloop
	endfacet
	facet normal 0.1012457190475465 -0.76903818170723 -0.6311335670450298
		outer loop
			vertex -8.14605316572629e-18 -0.13303513824939725 0.14110876202583317
			vertex -6.92764838347957e-18 -0.1131370812654495 0.11686291873455051
			vertex 0.02928203158080578 -0.10928203165531156 0.11686291873455051
		endloop
	endfacet
	facet normal 0.29683763682787895 -0.7166295990506516 -0.6311334527078585
		outer loop
			vertex 0.06651756912469864 -0.11521180719137188 0.14110876202583317
			vertex 0.034432027488946915 -0.12850207090377805 0.14110876202583317
			vertex 0.05656854063272476 -0.09797959029674527 0.11686291873455051
		endloop
	endfacet
	facet normal 0.2968376826601329 -0.7166296075243529 -0.6311334215302296
		outer loop
			vertex 0.034432027488946915 -0.12850207090377805 0.14110876202583317
			vertex 0.02928203158080578 -0.10928203165531156 0.11686291873455051
			vertex 0.05656854063272476 -0.09797959029674527 0.11686291873455051
		endloop
	endfacet
	facet normal 0.47220054882910883 -0.6153837338493064 -0.6311335055272967
		outer loop
			vertex 0.09407004714012146 -0.09407004714012142 0.14110876202583317
			vertex 0.06651756912469864 -0.11521180719137188 0.14110876202583317
			vertex 0.07999999821186066 -0.07999999821186063 0.1168629187345505
		endloop
	endfacet
	facet normal 0.47220060441478084 -0.6153837294500701 -0.6311334682287407
		outer loop
			vertex 0.06651756912469864 -0.11521180719137188 0.14110876202583317
			vertex 0.05656854063272476 -0.09797959029674527 0.11686291873455051
			vertex 0.07999999821186066 -0.07999999821186063 0.1168629187345505
		endloop
	endfacet
	facet normal 0.6153837559800753 -0.4722005658106451 -0.6311334712435728
		outer loop
			vertex 0.11521180719137192 -0.0665175691246986 0.14110876202583317
			vertex 0.09407004714012146 -0.09407004714012142 0.14110876202583317
			vertex 0.0979795902967453 -0.05656854063272474 0.1168629187345505
		endloop
	endfacet
	facet normal 0.6153837034270424 -0.47220058444660723 -0.6311335085421312
		outer loop
			vertex 0.09407004714012146 -0.09407004714012142 0.14110876202583317
			vertex 0.07999999821186066 -0.07999999821186063 0.1168629187345505
			vertex 0.0979795902967453 -0.05656854063272474 0.1168629187345505
		endloop
	endfacet
	facet normal 0.7166296205931578 -0.2968376457510752 -0.631133424050308
		outer loop
			vertex 0.12850207090377808 -0.03443202748894689 0.14110876202583317
			vertex 0.11521180719137192 -0.0665175691246986 0.14110876202583317
			vertex 0.10928203165531158 -0.02928203158080575 0.11686291873455049
		endloop
	endfacet
	facet normal 0.7166295821930458 -0.29683767216756285 -0.631133455227944
		outer loop
			vertex 0.11521180719137192 -0.0665175691246986 0.14110876202583317
			vertex 0.0979795902967453 -0.05656854063272474 0.1168629187345505
			vertex 0.10928203165531158 -0.02928203158080575 0.11686291873455049
		endloop
	endfacet
	facet normal 0.7690381670365699 -0.10124590553511316 -0.6311335550051257
		outer loop
			vertex 0.13303513824939728 1.50403329840338e-17 0.14110876202583314
			vertex 0.12850207090377808 -0.03443202748894689 0.14110876202583317
			vertex 0.11313708126544952 1.2093483853840162e-17 0.11686291873455049
		endloop
	endfacet
	facet normal 0.7690383115803251 -0.1012457361456507 -0.6311334060513737
		outer loop
			vertex 0.12850207090377808 -0.03443202748894689 0.14110876202583317
			vertex 0.10928203165531158 -0.02928203158080575 0.11686291873455049
			vertex 0.11313708126544952 1.2093483853840162e-17 0.11686291873455049
		endloop
	endfacet
	facet normal 0.7690382774845479 0.10124592007588003 -0.6311334180912844
		outer loop
			vertex 0.12850207090377808 0.03443202748894694 0.1411087620258331
			vertex 0.13303513824939728 1.50403329840338e-17 0.14110876202583314
			vertex 0.10928203165531158 0.029282031580805806 0.11686291873455049
		endloop
	endfacet
	facet normal 0.7690381817072299 0.10124571904754646 -0.6311335670450298
		outer loop
			vertex 0.13303513824939728 1.50403329840338e-17 0.14110876202583314
			vertex 0.11313708126544952 1.2093483853840162e-17 0.11686291873455049
			vertex 0.10928203165531158 0.029282031580805806 0.11686291873455049
		endloop
	endfacet
	facet normal 0.7166295990506513 0.2968376368278784 -0.631133452707859
		outer loop
			vertex 0.11521180719137192 0.06651756912469868 0.1411087620258331
			vertex 0.12850207090377808 0.03443202748894694 0.1411087620258331
			vertex 0.0979795902967453 0.05656854063272478 0.11686291873455047
		endloop
	endfacet
	facet normal 0.7166296075243526 0.2968376826601325 -0.6311334215302299
		outer loop
			vertex 0.12850207090377808 0.03443202748894694 0.1411087620258331
			vertex 0.10928203165531158 0.029282031580805806 0.11686291873455049
			vertex 0.0979795902967453 0.05656854063272478 0.11686291873455047
		endloop
	endfacet
	facet normal 0.6153837338493059 0.4722005488291084 -0.6311335055272976
		outer loop
			vertex 0.09407004714012146 0.0940700471401215 0.1411087620258331
			vertex 0.11521180719137192 0.06651756912469868 0.1411087620258331
			vertex 0.07999999821186066 0.07999999821186068 0.11686291873455047
		endloop
	endfacet
	facet normal 0.6153837294500696 0.4722006044147805 -0.6311334682287412
		outer loop
			vertex 0.11521180719137192 0.06651756912469868 0.1411087620258331
			vertex 0.0979795902967453 0.05656854063272478 0.11686291873455047
			vertex 0.07999999821186066 0.07999999821186068 0.11686291873455047
		endloop
	endfacet
	facet normal 0.4722005658106448 0.6153837559800749 -0.6311334712435736
		outer loop
			vertex 0.06651756912469864 0.11521180719137196 0.1411087620258331
			vertex 0.09407004714012146 0.0940700471401215 0.1411087620258331
			vertex 0.05656854063272476 0.09797959029674533 0.11686291873455046
		endloop
	endfacet
	facet normal 0.472200584446607 0.6153837034270417 -0.6311335085421321
		outer loop
			vertex 0.09407004714012146 0.0940700471401215 0.1411087620258331
			vertex 0.07999999821186066 0.07999999821186068 0.11686291873455047
			vertex 0.05656854063272476 0.09797959029674533 0.11686291873455046
		endloop
	endfacet
	facet normal 0.29683764575107463 0.7166296205931576 -0.6311334240503085
		outer loop
			vertex 0.034432027488946915 0.1285020709037781 0.1411087620258331
			vertex 0.06651756912469864 0.11521180719137196 0.1411087620258331
			vertex 0.02928203158080578 0.10928203165531161 0.11686291873455046
		endloop
	endfacet
	facet normal 0.29683767216756246 0.7166295821930454 -0.6311334552279446
		outer loop
			vertex 0.06651756912469864 0.11521180719137196 0.1411087620258331
			vertex 0.05656854063272476 0.09797959029674533 0.11686291873455046
			vertex 0.02928203158080578 0.10928203165531161 0.11686291873455046
		endloop
	endfacet
	facet normal 0.1012459055351127 0.7690381670365699 -0.6311335550051257
		outer loop
			vertex 2.4438157842817645e-17 0.1330351382493973 0.1411087620258331
			vertex 0.034432027488946915 0.1285020709037781 0.1411087620258331
			vertex 2.0782945977619322e-17 0.11313708126544955 0.11686291873455046
		endloop
	endfacet
	facet normal 0.10124573614565067 0.7690383115803247 -0.6311334060513741
		outer loop
			vertex 0.034432027488946915 0.1285020709037781 0.1411087620258331
			vertex 0.02928203158080578 0.10928203165531161 0.11686291873455046
			vertex 2.0782945977619322e-17 0.11313708126544955 0.11686291873455046
		endloop
	endfacet
	facet normal -0.10124592007588054 0.7690382774845482 -0.6311334180912841
		outer loop
			vertex -0.034432027488946915 0.1285020709037781 0.1411087620258331
			vertex 2.4438157842817645e-17 0.1330351382493973 0.1411087620258331
			vertex -0.02928203158080578 0.10928203165531161 0.11686291873455046
		endloop
	endfacet
	facet normal -0.10124571904754644 0.7690381817072298 -0.6311335670450298
		outer loop
			vertex 2.4438157842817645e-17 0.1330351382493973 0.1411087620258331
			vertex 2.0782945977619322e-17 0.11313708126544955 0.11686291873455046
			vertex -0.02928203158080578 0.10928203165531161 0.11686291873455046
		endloop
	endfacet
	facet normal -0.2968376368278783 0.7166295990506515 -0.631133452707859
		outer loop
			vertex -0.06651756912469864 0.11521180719137196 0.1411087620258331
			vertex -0.034432027488946915 0.1285020709037781 0.1411087620258331
			vertex -0.05656854063272476 0.09797959029674533 0.11686291873455046
		endloop
	endfacet
	facet normal -0.2968376826601329 0.7166296075243529 -0.6311334215302296
		outer loop
			vertex -0.034432027488946915 0.1285020709037781 0.1411087620258331
			vertex -0.02928203158080578 0.10928203165531161 0.11686291873455046
			vertex -0.05656854063272476 0.09797959029674533 0.11686291873455046
		endloop
	endfacet
	facet normal -0.47220054882910845 0.6153837338493059 -0.6311335055272979
		outer loop
			vertex -0.09407004714012146 0.0940700471401215 0.1411087620258331
			vertex -0.06651756912469864 0.11521180719137196 0.1411087620258331
			vertex -0.07999999821186066 0.07999999821186068 0.11686291873455047
		endloop
	endfacet
	facet normal -0.472200604414781 0.6153837294500696 -0.6311334682287411
		outer loop
			vertex -0.06651756912469864 0.11521180719137196 0.1411087620258331
			vertex -0.05656854063272476 0.09797959029674533 0.11686291873455046
			vertex -0.07999999821186066 0.07999999821186068 0.11686291873455047
		endloop
	endfacet
	facet normal -0.6153837559800748 0.4722005658106447 -0.6311334712435738
		outer loop
			vertex -0.11521180719137192 0.06651756912469868 0.1411087620258331
			vertex -0.09407004714012146 0.0940700471401215 0.1411087620258331
			vertex -0.0979795902967453 0.05656854063272478 0.11686291873455047
		endloop
	endfacet
	facet normal -0.6153837034270421 0.4722005844466067 -0.6311335085421321
		outer loop
			vertex -0.09407004714012146 0.0940700471401215 0.1411087620258331
			vertex -0.07999999821186066 0.07999999821186068 0.11686291873455047
			vertex -0.0979795902967453 0.05656854063272478 0.11686291873455047
		endloop
	endfacet
	facet normal -0.7166296205931573 0.29683764575107463 -0.631133424050309
		outer loop
			vertex -0.12850207090377808 0.03443202748894694 0.1411087620258331
			vertex -0.11521180719137192 0.06651756912469868 0.1411087620258331
			vertex -0.10928203165531158 0.029282031580805806 0.11686291873455049
		endloop
	endfacet
	facet normal -0.7166295821930454 0.2968376721675623 -0.6311334552279447
		outer loop
			vertex -0.11521180719137192 0.06651756912469868 0.1411087620258331
			vertex -0.0979795902967453 0.05656854063272478 0.11686291873455047
			vertex -0.10928203165531158 0.029282031580805806 0.11686291873455049
		endloop
	endfacet
	facet normal -0.7690381670365699 0.10124590553511222 -0.6311335550051258
		outer loop
			vertex -0.13303513824939728 6.391665197839153e-17 0.14110876202583314
			vertex -0.12850207090377808 0.03443202748894694 0.1411087620258331
			vertex -0.11313708126544952 5.365937415471758e-17 0.11686291873455049
		endloop
	endfacet
	facet normal -0.7690383115803243 0.10124573614565063 -0.6311334060513747
		outer loop
			vertex -0.12850207090377808 0.03443202748894694 0.1411087620258331
			vertex -0.10928203165531158 0.029282031580805806 0.11686291873455049
			vertex -0.11313708126544952 5.365937415471758e-17 0.11686291873455049
		endloop
	endfacet
	facet normal -0.6321922361282885 -0.08322962246294818 -0.7703283757747663
		outer loop
			vertex -0.10928203165531158 -0.02928203158080575 0.11686291873455049
			vertex -0.11313708126544952 2.5948780620799302e-17 0.11686291873455049
			vertex -0.08586233854293823 -0.023006744682788828 0.09696486175060273
		endloop
	endfacet
	facet normal -0.6321923255524823 -0.08322980941869208 -0.7703282821866745
		outer loop
			vertex -0.11313708126544952 2.5948780620799302e-17 0.11686291873455049
			vertex -0.08889123797416687 2.1530524419022863e-17 0.09696486175060273
			vertex -0.08586233854293823 -0.023006744682788828 0.09696486175060273
		endloop
	endfacet
	facet normal -0.5891093676908388 -0.24401707339838377 -0.7703283850339336
		outer loop
			vertex -0.0979795902967453 -0.05656854063272474 0.1168629187345505
			vertex -0.10928203165531158 -0.02928203158080575 0.11686291873455049
			vertex -0.07698206603527069 -0.044445618987083414 0.09696486175060273
		endloop
	endfacet
	facet normal -0.5891093710579507 -0.24401709145555667 -0.7703283767389568
		outer loop
			vertex -0.10928203165531158 -0.02928203158080575 0.11686291873455049
			vertex -0.08586233854293823 -0.023006744682788828 0.09696486175060273
			vertex -0.07698206603527069 -0.044445618987083414 0.09696486175060273
		endloop
	endfacet
	facet normal -0.5058796701730397 -0.3881751736113151 -0.7703283675793344
		outer loop
			vertex -0.07999999821186066 -0.07999999821186063 0.1168629187345505
			vertex -0.0979795902967453 -0.05656854063272474 0.1168629187345505
			vertex -0.06285559386014938 -0.06285559386014936 0.09696486175060276
		endloop
	endfacet
	facet normal -0.5058796706021965 -0.3881751680811154 -0.7703283700842201
		outer loop
			vertex -0.0979795902967453 -0.05656854063272474 0.1168629187345505
			vertex -0.07698206603527069 -0.044445618987083414 0.09696486175060273
			vertex -0.06285559386014938 -0.06285559386014936 0.09696486175060276
		endloop
	endfacet
	facet normal -0.38817517199022517 -0.5058796680603952 -0.7703283697836033
		outer loop
			vertex -0.05656854063272476 -0.09797959029674527 0.11686291873455051
			vertex -0.07999999821186066 -0.07999999821186063 0.1168629187345505
			vertex -0.044445618987083435 -0.07698206603527066 0.09696486175060276
		endloop
	endfacet
	facet normal -0.38817517014437036 -0.5058796732910842 -0.7703283672787177
		outer loop
			vertex -0.07999999821186066 -0.07999999821186063 0.1168629187345505
			vertex -0.06285559386014938 -0.06285559386014936 0.09696486175060276
			vertex -0.044445618987083435 -0.07698206603527066 0.09696486175060276
		endloop
	endfacet
	facet normal -0.24401707677301832 -0.5891093758379286 -0.770328377734455
		outer loop
			vertex -0.02928203158080578 -0.10928203165531156 0.11686291873455051
			vertex -0.05656854063272476 -0.09797959029674527 0.11686291873455051
			vertex -0.02300674468278885 -0.0858623385429382 0.09696486175060276
		endloop
	endfacet
	facet normal -0.2440170871604612 -0.5891093606886729 -0.7703283860294303
		outer loop
			vertex -0.05656854063272476 -0.09797959029674527 0.11686291873455051
			vertex -0.044445618987083435 -0.07698206603527066 0.09696486175060276
			vertex -0.02300674468278885 -0.0858623385429382 0.09696486175060276
		endloop
	endfacet
	facet normal -0.08322963544938047 -0.6321923347701112 -0.7703282934183834
		outer loop
			vertex -6.92764838347957e-18 -0.1131370812654495 0.11686291873455051
			vertex -0.02928203158080578 -0.10928203165531156 0.11686291873455051
			vertex -5.443018416214802e-18 -0.08889123797416684 0.09696486175060276
		endloop
	endfacet
	facet normal -0.08322979289006545 -0.6321922000052654 -0.7703283870064634
		outer loop
			vertex -0.02928203158080578 -0.10928203165531156 0.11686291873455051
			vertex -0.02300674468278885 -0.0858623385429382 0.09696486175060276
			vertex -5.443018416214802e-18 -0.08889123797416684 0.09696486175060276
		endloop
	endfacet
	facet normal 0.08322962246294816 -0.6321922361282883 -0.7703283757747663
		outer loop
			vertex 0.02928203158080578 -0.10928203165531156 0.11686291873455051
			vertex -6.92764838347957e-18 -0.1131370812654495 0.11686291873455051
			vertex 0.02300674468278885 -0.0858623385429382 0.09696486175060276
		endloop
	endfacet
	facet normal 0.08322980941869206 -0.6321923255524823 -0.7703282821866745
		outer loop
			vertex -6.92764838347957e-18 -0.1131370812654495 0.11686291873455051
			vertex -5.443018416214802e-18 -0.08889123797416684 0.09696486175060276
			vertex 0.02300674468278885 -0.0858623385429382 0.09696486175060276
		endloop
	endfacet
	facet normal 0.24401707339838338 -0.5891093676908387 -0.7703283850339339
		outer loop
			vertex 0.05656854063272476 -0.09797959029674527 0.11686291873455051
			vertex 0.02928203158080578 -0.10928203165531156 0.11686291873455051
			vertex 0.044445618987083435 -0.07698206603527066 0.09696486175060276
		endloop
	endfacet
	facet normal 0.24401709145555667 -0.5891093710579507 -0.7703283767389569
		outer loop
			vertex 0.02928203158080578 -0.10928203165531156 0.11686291873455051
			vertex 0.02300674468278885 -0.0858623385429382 0.09696486175060276
			vertex 0.044445618987083435 -0.07698206603527066 0.09696486175060276
		endloop
	endfacet
	facet normal 0.3881751736113148 -0.50587967017304 -0.7703283675793343
		outer loop
			vertex 0.07999999821186066 -0.07999999821186063 0.1168629187345505
			vertex 0.05656854063272476 -0.09797959029674527 0.11686291873455051
			vertex 0.06285559386014938 -0.06285559386014936 0.09696486175060276
		endloop
	endfacet
	facet normal 0.3881751680811143 -0.5058796706021967 -0.7703283700842204
		outer loop
			vertex 0.05656854063272476 -0.09797959029674527 0.11686291873455051
			vertex 0.044445618987083435 -0.07698206603527066 0.09696486175060276
			vertex 0.06285559386014938 -0.06285559386014936 0.09696486175060276
		endloop
	endfacet
	facet normal 0.5058796680603951 -0.3881751719902257 -0.770328369783603
		outer loop
			vertex 0.0979795902967453 -0.05656854063272474 0.1168629187345505
			vertex 0.07999999821186066 -0.07999999821186063 0.1168629187345505
			vertex 0.07698206603527069 -0.044445618987083414 0.09696486175060273
		endloop
	endfacet
	facet normal 0.5058796732910835 -0.38817517014437114 -0.7703283672787178
		outer loop
			vertex 0.07999999821186066 -0.07999999821186063 0.1168629187345505
			vertex 0.06285559386014938 -0.06285559386014936 0.09696486175060276
			vertex 0.07698206603527069 -0.044445618987083414 0.09696486175060273
		endloop
	endfacet
	facet normal 0.5891093758379286 -0.2440170767730186 -0.7703283777344548
		outer loop
			vertex 0.10928203165531158 -0.02928203158080575 0.11686291873455049
			vertex 0.0979795902967453 -0.05656854063272474 0.1168629187345505
			vertex 0.08586233854293823 -0.023006744682788828 0.09696486175060273
		endloop
	endfacet
	facet normal 0.5891093606886731 -0.24401708716046128 -0.7703283860294301
		outer loop
			vertex 0.0979795902967453 -0.05656854063272474 0.1168629187345505
			vertex 0.07698206603527069 -0.044445618987083414 0.09696486175060273
			vertex 0.08586233854293823 -0.023006744682788828 0.09696486175060273
		endloop
	endfacet
	facet normal 0.6321923347701112 -0.08322963544938052 -0.7703282934183834
		outer loop
			vertex 0.11313708126544952 1.2093483853840162e-17 0.11686291873455049
			vertex 0.10928203165531158 -0.02928203158080575 0.11686291873455049
			vertex 0.08889123797416687 1.064448758659326e-17 0.09696486175060273
		endloop
	endfacet
	facet normal 0.6321922000052654 -0.08322979289006545 -0.7703283870064631
		outer loop
			vertex 0.10928203165531158 -0.02928203158080575 0.11686291873455049
			vertex 0.08586233854293823 -0.023006744682788828 0.09696486175060273
			vertex 0.08889123797416687 1.064448758659326e-17 0.09696486175060273
		endloop
	endfacet
	facet normal 0.6321922361282885 0.08322962246294813 -0.7703283757747664
		outer loop
			vertex 0.10928203165531158 0.029282031580805806 0.11686291873455049
			vertex 0.11313708126544952 1.2093483853840162e-17 0.11686291873455049
			vertex 0.08586233854293823 0.02300674468278887 0.09696486175060273
		endloop
	endfacet
	facet normal 0.6321923255524823 0.08322980941869204 -0.7703282821866743
		outer loop
			vertex 0.11313708126544952 1.2093483853840162e-17 0.11686291873455049
			vertex 0.08889123797416687 1.064448758659326e-17 0.09696486175060273
			vertex 0.08586233854293823 0.02300674468278887 0.09696486175060273
		endloop
	endfacet
	facet normal 0.5891093676908385 0.244017073398383 -0.7703283850339341
		outer loop
			vertex 0.0979795902967453 0.05656854063272478 0.11686291873455047
			vertex 0.10928203165531158 0.029282031580805806 0.11686291873455049
			vertex 0.07698206603527069 0.044445618987083456 0.09696486175060273
		endloop
	endfacet
	facet normal 0.5891093710579506 0.24401709145555664 -0.7703283767389569
		outer loop
			vertex 0.10928203165531158 0.029282031580805806 0.11686291873455049
			vertex 0.08586233854293823 0.02300674468278887 0.09696486175060273
			vertex 0.07698206603527069 0.044445618987083456 0.09696486175060273
		endloop
	endfacet
	facet normal 0.5058796701730403 0.3881751736113153 -0.7703283675793338
		outer loop
			vertex 0.07999999821186066 0.07999999821186068 0.11686291873455047
			vertex 0.0979795902967453 0.05656854063272478 0.11686291873455047
			vertex 0.06285559386014938 0.06285559386014941 0.0969648617506027
		endloop
	endfacet
	facet normal 0.5058796706021972 0.38817516808111324 -0.7703283700842208
		outer loop
			vertex 0.0979795902967453 0.05656854063272478 0.11686291873455047
			vertex 0.07698206603527069 0.044445618987083456 0.09696486175060273
			vertex 0.06285559386014938 0.06285559386014941 0.0969648617506027
		endloop
	endfacet
	facet normal 0.3881751719902258 0.5058796680603947 -0.7703283697836031
		outer loop
			vertex 0.05656854063272476 0.09797959029674533 0.11686291873455046
			vertex 0.07999999821186066 0.07999999821186068 0.11686291873455047
			vertex 0.044445618987083435 0.07698206603527072 0.0969648617506027
		endloop
	endfacet
	facet normal 0.38817517014437075 0.5058796732910846 -0.7703283672787173
		outer loop
			vertex 0.07999999821186066 0.07999999821186068 0.11686291873455047
			vertex 0.06285559386014938 0.06285559386014941 0.0969648617506027
			vertex 0.044445618987083435 0.07698206603527072 0.0969648617506027
		endloop
	endfacet
	facet normal 0.24401707677301832 0.5891093758379286 -0.770328377734455
		outer loop
			vertex 0.02928203158080578 0.10928203165531161 0.11686291873455046
			vertex 0.05656854063272476 0.09797959029674533 0.11686291873455046
			vertex 0.02300674468278885 0.08586233854293826 0.0969648617506027
		endloop
	endfacet
	facet normal 0.2440170871604612 0.5891093606886729 -0.7703283860294303
		outer loop
			vertex 0.05656854063272476 0.09797959029674533 0.11686291873455046
			vertex 0.044445618987083435 0.07698206603527072 0.0969648617506027
			vertex 0.02300674468278885 0.08586233854293826 0.0969648617506027
		endloop
	endfacet
	facet normal 0.08322963544938053 0.6321923347701112 -0.7703282934183834
		outer loop
			vertex 2.0782945977619322e-17 0.11313708126544955 0.11686291873455046
			vertex 0.02928203158080578 0.10928203165531161 0.11686291873455046
			vertex 1.63290548350541e-17 0.0888912379741669 0.0969648617506027
		endloop
	endfacet
	facet normal 0.08322979289006548 0.6321922000052654 -0.7703283870064631
		outer loop
			vertex 0.02928203158080578 0.10928203165531161 0.11686291873455046
			vertex 0.02300674468278885 0.08586233854293826 0.0969648617506027
			vertex 1.63290548350541e-17 0.0888912379741669 0.0969648617506027
		endloop
	endfacet
	facet normal -0.08322962246294813 0.6321922361282886 -0.7703283757747664
		outer loop
			vertex -0.02928203158080578 0.10928203165531161 0.11686291873455046
			vertex 2.0782945977619322e-17 0.11313708126544955 0.11686291873455046
			vertex -0.02300674468278885 0.08586233854293826 0.0969648617506027
		endloop
	endfacet
	facet normal -0.08322980941869201 0.6321923255524822 -0.7703282821866743
		outer loop
			vertex 2.0782945977619322e-17 0.11313708126544955 0.11686291873455046
			vertex 1.63290548350541e-17 0.0888912379741669 0.0969648617506027
			vertex -0.02300674468278885 0.08586233854293826 0.0969648617506027
		endloop
	endfacet
	facet normal -0.24401707339838338 0.5891093676908387 -0.7703283850339339
		outer loop
			vertex -0.05656854063272476 0.09797959029674533 0.11686291873455046
			vertex -0.02928203158080578 0.10928203165531161 0.11686291873455046
			vertex -0.044445618987083435 0.07698206603527072 0.0969648617506027
		endloop
	endfacet
	facet normal -0.24401709145555667 0.5891093710579507 -0.7703283767389569
		outer loop
			vertex -0.02928203158080578 0.10928203165531161 0.11686291873455046
			vertex -0.02300674468278885 0.08586233854293826 0.0969648617506027
			vertex -0.044445618987083435 0.07698206603527072 0.0969648617506027
		endloop
	endfacet
	facet normal -0.3881751736113156 0.5058796701730399 -0.7703283675793339
		outer loop
			vertex -0.07999999821186066 0.07999999821186068 0.11686291873455047
			vertex -0.05656854063272476 0.09797959029674533 0.11686291873455046
			vertex -0.06285559386014938 0.06285559386014941 0.0969648617506027
		endloop
	endfacet
	facet normal -0.3881751680811143 0.5058796706021967 -0.7703283700842204
		outer loop
			vertex -0.05656854063272476 0.09797959029674533 0.11686291873455046
			vertex -0.044445618987083435 0.07698206603527072 0.0969648617506027
			vertex -0.06285559386014938 0.06285559386014941 0.0969648617506027
		endloop
	endfacet
	facet normal -0.5058796680603947 0.38817517199022517 -0.7703283697836034
		outer loop
			vertex -0.0979795902967453 0.05656854063272478 0.11686291873455047
			vertex -0.07999999821186066 0.07999999821186068 0.11686291873455047
			vertex -0.07698206603527069 0.044445618987083456 0.09696486175060273
		endloop
	endfacet
	facet normal -0.5058796732910853 0.38817517014437 -0.7703283672787172
		outer loop
			vertex -0.07999999821186066 0.07999999821186068 0.11686291873455047
			vertex -0.06285559386014938 0.06285559386014941 0.0969648617506027
			vertex -0.07698206603527069 0.044445618987083456 0.09696486175060273
		endloop
	endfacet
	facet normal -0.5891093758379287 0.244017076773018 -0.770328377734455
		outer loop
			vertex -0.10928203165531158 0.029282031580805806 0.11686291873455049
			vertex -0.0979795902967453 0.05656854063272478 0.11686291873455047
			vertex -0.08586233854293823 0.02300674468278887 0.09696486175060273
		endloop
	endfacet
	facet normal -0.5891093606886727 0.24401708716046108 -0.7703283860294305
		outer loop
			vertex -0.0979795902967453 0.05656854063272478 0.11686291873455047
			vertex -0.07698206603527069 0.044445618987083456 0.09696486175060273
			vertex -0.08586233854293823 0.02300674468278887 0.09696486175060273
		endloop
	endfacet
	facet normal -0.6321923347701113 0.08322963544938054 -0.7703282934183835
		outer loop
			vertex -0.11313708126544952 5.365937415471758e-17 0.11686291873455049
			vertex -0.10928203165531158 0.029282031580805806 0.11686291873455049
			vertex -0.08889123797416687 4.330259808388207e-17 0.09696486175060273
		endloop
	endfacet
	facet normal -0.6321922000052654 0.08322979289006549 -0.7703283870064633
		outer loop
			vertex -0.10928203165531158 0.029282031580805806 0.11686291873455049
			vertex -0.08586233854293823 0.02300674468278887 0.09696486175060273
			vertex -0.08889123797416687 4.330259808388207e-17 0.09696486175060273
		endloop
	endfacet
	facet normal -0.470491604963816 -0.06194147735028482 -0.8802277563461839
		outer loop
			vertex -0.08586233854293823 -0.023006744682788828 0.09696486175060273
			vertex -0.08889123797416687 2.1530524419022863e-17 0.09696486175060273
			vertex -0.05914301052689552 -0.015847321599721888 0.08217927396297456
		endloop
	endfacet
	facet normal -0.47049154844120117 -0.06194133362306559 -0.8802277966722009
		outer loop
			vertex -0.08889123797416687 2.1530524419022863e-17 0.09696486175060273
			vertex -0.06122934818267822 1.8247464420134598e-17 0.08217927396297456
			vertex -0.05914301052689552 -0.015847321599721888 0.08217927396297456
		endloop
	endfacet
	facet normal -0.43842839983275306 -0.18160298952056264 -0.8802277503108421
		outer loop
			vertex -0.07698206603527069 -0.044445618987083414 0.09696486175060273
			vertex -0.08586233854293823 -0.023006744682788828 0.09696486175060273
			vertex -0.05302617326378822 -0.03061467409133909 0.08217927396297456
		endloop
	endfacet
	facet normal -0.43842839833062125 -0.18160297627049501 -0.8802277537927011
		outer loop
			vertex -0.08586233854293823 -0.023006744682788828 0.09696486175060273
			vertex -0.05914301052689552 -0.015847321599721888 0.08217927396297456
			vertex -0.05302617326378822 -0.03061467409133909 0.08217927396297456
		endloop
	endfacet
	facet normal -0.37648699361476856 -0.2888886636871552 -0.8802277453204729
		outer loop
			vertex -0.06285559386014938 -0.06285559386014936 0.09696486175060276
			vertex -0.07698206603527069 -0.044445618987083414 0.09696486175060273
			vertex -0.043295688927173615 -0.0432956889271736 0.08217927396297456
		endloop
	endfacet
	facet normal -0.37648700036030036 -0.28888861872416854 -0.8802277571920494
		outer loop
			vertex -0.07698206603527069 -0.044445618987083414 0.09696486175060273
			vertex -0.05302617326378822 -0.03061467409133909 0.08217927396297456
			vertex -0.043295688927173615 -0.0432956889271736 0.08217927396297456
		endloop
	endfacet
	facet normal -0.28888865275220593 -0.3764869793640686 -0.8802277550045413
		outer loop
			vertex -0.044445618987083435 -0.07698206603527066 0.09696486175060276
			vertex -0.06285559386014938 -0.06285559386014936 0.09696486175060276
			vertex -0.03061467409133911 -0.05302617326378821 0.08217927396297456
		endloop
	endfacet
	facet normal -0.2888886345992485 -0.3764870210491084 -0.8802277431329635
		outer loop
			vertex -0.06285559386014938 -0.06285559386014936 0.09696486175060276
			vertex -0.043295688927173615 -0.0432956889271736 0.08217927396297456
			vertex -0.03061467409133911 -0.05302617326378821 0.08217927396297456
		endloop
	endfacet
	facet normal -0.18160298750446327 -0.4384283949654586 -0.8802277531511181
		outer loop
			vertex -0.02300674468278885 -0.0858623385429382 0.09696486175060276
			vertex -0.044445618987083435 -0.07698206603527066 0.09696486175060276
			vertex -0.01584732159972191 -0.05914301052689551 0.08217927396297456
		endloop
	endfacet
	facet normal -0.1816029791974185 -0.43842840539684 -0.8802277496692581
		outer loop
			vertex -0.044445618987083435 -0.07698206603527066 0.09696486175060276
			vertex -0.03061467409133911 -0.05302617326378821 0.08217927396297456
			vertex -0.01584732159972191 -0.05914301052689551 0.08217927396297456
		endloop
	endfacet
	facet normal -0.06194146938603799 -0.47049154446943586 -0.8802277892415483
		outer loop
			vertex -5.443018416214802e-18 -0.08889123797416684 0.09696486175060276
			vertex -0.02300674468278885 -0.0858623385429382 0.09696486175060276
			vertex -3.7492163923216055e-18 -0.06122934818267821 0.08217927396297456
		endloop
	endfacet
	facet normal -0.061941345185335436 -0.4704916362654361 -0.8802277489155315
		outer loop
			vertex -0.02300674468278885 -0.0858623385429382 0.09696486175060276
			vertex -0.01584732159972191 -0.05914301052689551 0.08217927396297456
			vertex -3.7492163923216055e-18 -0.06122934818267821 0.08217927396297456
		endloop
	endfacet
	facet normal 0.06194147735028491 -0.47049160496381687 -0.8802277563461834
		outer loop
			vertex 0.02300674468278885 -0.0858623385429382 0.09696486175060276
			vertex -5.443018416214802e-18 -0.08889123797416684 0.09696486175060276
			vertex 0.01584732159972191 -0.05914301052689551 0.08217927396297456
		endloop
	endfacet
	facet normal 0.06194133362306567 -0.4704915484412019 -0.8802277966722002
		outer loop
			vertex -5.443018416214802e-18 -0.08889123797416684 0.09696486175060276
			vertex -3.7492163923216055e-18 -0.06122934818267821 0.08217927396297456
			vertex 0.01584732159972191 -0.05914301052689551 0.08217927396297456
		endloop
	endfacet
	facet normal 0.18160298952056297 -0.4384283998327539 -0.8802277503108418
		outer loop
			vertex 0.044445618987083435 -0.07698206603527066 0.09696486175060276
			vertex 0.02300674468278885 -0.0858623385429382 0.09696486175060276
			vertex 0.03061467409133911 -0.05302617326378821 0.08217927396297456
		endloop
	endfacet
	facet normal 0.18160297627049538 -0.4384283983306221 -0.8802277537927007
		outer loop
			vertex 0.02300674468278885 -0.0858623385429382 0.09696486175060276
			vertex 0.01584732159972191 -0.05914301052689551 0.08217927396297456
			vertex 0.03061467409133911 -0.05302617326378821 0.08217927396297456
		endloop
	endfacet
	facet normal 0.2888886636871544 -0.3764869936147693 -0.8802277453204727
		outer loop
			vertex 0.06285559386014938 -0.06285559386014936 0.09696486175060276
			vertex 0.044445618987083435 -0.07698206603527066 0.09696486175060276
			vertex 0.043295688927173615 -0.0432956889271736 0.08217927396297456
		endloop
	endfacet
	facet normal 0.28888861872416915 -0.3764870003603009 -0.8802277571920489
		outer loop
			vertex 0.044445618987083435 -0.07698206603527066 0.09696486175060276
			vertex 0.03061467409133911 -0.05302617326378821 0.08217927396297456
			vertex 0.043295688927173615 -0.0432956889271736 0.08217927396297456
		endloop
	endfacet
	facet normal 0.37648697936406744 -0.28888865275220643 -0.8802277550045418
		outer loop
			vertex 0.07698206603527069 -0.044445618987083414 0.09696486175060273
			vertex 0.06285559386014938 -0.06285559386014936 0.09696486175060276
			vertex 0.05302617326378822 -0.03061467409133909 0.08217927396297456
		endloop
	endfacet
	facet normal 0.3764870210491084 -0.2888886345992484 -0.8802277431329634
		outer loop
			vertex 0.06285559386014938 -0.06285559386014936 0.09696486175060276
			vertex 0.043295688927173615 -0.0432956889271736 0.08217927396297456
			vertex 0.05302617326378822 -0.03061467409133909 0.08217927396297456
		endloop
	endfacet
	facet normal 0.4384283949654579 -0.18160298750446296 -0.8802277531511187
		outer loop
			vertex 0.08586233854293823 -0.023006744682788828 0.09696486175060273
			vertex 0.07698206603527069 -0.044445618987083414 0.09696486175060273
			vertex 0.05914301052689552 -0.015847321599721888 0.08217927396297456
		endloop
	endfacet
	facet normal 0.4384284053968393 -0.18160297919741816 -0.8802277496692588
		outer loop
			vertex 0.07698206603527069 -0.044445618987083414 0.09696486175060273
			vertex 0.05302617326378822 -0.03061467409133909 0.08217927396297456
			vertex 0.05914301052689552 -0.015847321599721888 0.08217927396297456
		endloop
	endfacet
	facet normal 0.47049154446943486 -0.06194146938603788 -0.8802277892415488
		outer loop
			vertex 0.08889123797416687 1.064448758659326e-17 0.09696486175060273
			vertex 0.08586233854293823 -0.023006744682788828 0.09696486175060273
			vertex 0.06122934818267822 1.0749031635491387e-17 0.08217927396297456
		endloop
	endfacet
	facet normal 0.4704916362654352 -0.06194134518533533 -0.8802277489155319
		outer loop
			vertex 0.08586233854293823 -0.023006744682788828 0.09696486175060273
			vertex 0.05914301052689552 -0.015847321599721888 0.08217927396297456
			vertex 0.06122934818267822 1.0749031635491387e-17 0.08217927396297456
		endloop
	endfacet
	facet normal 0.470491604963816 0.06194147735028479 -0.880227756346184
		outer loop
			vertex 0.08586233854293823 0.02300674468278887 0.09696486175060273
			vertex 0.08889123797416687 1.064448758659326e-17 0.09696486175060273
			vertex 0.05914301052689552 0.01584732159972193 0.08217927396297456
		endloop
	endfacet
	facet normal 0.4704915484412011 0.06194133362306553 -0.8802277966722007
		outer loop
			vertex 0.08889123797416687 1.064448758659326e-17 0.09696486175060273
			vertex 0.06122934818267822 1.0749031635491387e-17 0.08217927396297456
			vertex 0.05914301052689552 0.01584732159972193 0.08217927396297456
		endloop
	endfacet
	facet normal 0.43842839983275306 0.18160298952056264 -0.8802277503108421
		outer loop
			vertex 0.07698206603527069 0.044445618987083456 0.09696486175060273
			vertex 0.08586233854293823 0.02300674468278887 0.09696486175060273
			vertex 0.05302617326378822 0.030614674091339132 0.08217927396297456
		endloop
	endfacet
	facet normal 0.43842839833062125 0.18160297627049501 -0.8802277537927011
		outer loop
			vertex 0.08586233854293823 0.02300674468278887 0.09696486175060273
			vertex 0.05914301052689552 0.01584732159972193 0.08217927396297456
			vertex 0.05302617326378822 0.030614674091339132 0.08217927396297456
		endloop
	endfacet
	facet normal 0.37648699361476884 0.2888886636871526 -0.8802277453204734
		outer loop
			vertex 0.06285559386014938 0.06285559386014941 0.0969648617506027
			vertex 0.07698206603527069 0.044445618987083456 0.09696486175060273
			vertex 0.043295688927173615 0.04329568892717363 0.08217927396297456
		endloop
	endfacet
	facet normal 0.3764870003603002 0.28888861872416877 -0.8802277571920494
		outer loop
			vertex 0.07698206603527069 0.044445618987083456 0.09696486175060273
			vertex 0.05302617326378822 0.030614674091339132 0.08217927396297456
			vertex 0.043295688927173615 0.04329568892717363 0.08217927396297456
		endloop
	endfacet
	facet normal 0.288888652752205 0.37648697936406744 -0.8802277550045422
		outer loop
			vertex 0.044445618987083435 0.07698206603527072 0.0969648617506027
			vertex 0.06285559386014938 0.06285559386014941 0.0969648617506027
			vertex 0.03061467409133911 0.05302617326378824 0.08217927396297456
		endloop
	endfacet
	facet normal 0.2888886345992475 0.37648702104910703 -0.8802277431329644
		outer loop
			vertex 0.06285559386014938 0.06285559386014941 0.0969648617506027
			vertex 0.043295688927173615 0.04329568892717363 0.08217927396297456
			vertex 0.03061467409133911 0.05302617326378824 0.08217927396297456
		endloop
	endfacet
	facet normal 0.18160298750446266 0.43842839496545716 -0.8802277531511191
		outer loop
			vertex 0.02300674468278885 0.08586233854293826 0.0969648617506027
			vertex 0.044445618987083435 0.07698206603527072 0.0969648617506027
			vertex 0.01584732159972191 0.05914301052689554 0.08217927396297456
		endloop
	endfacet
	facet normal 0.18160297919741777 0.4384284053968384 -0.880227749669259
		outer loop
			vertex 0.044445618987083435 0.07698206603527072 0.0969648617506027
			vertex 0.03061467409133911 0.05302617326378824 0.08217927396297456
			vertex 0.01584732159972191 0.05914301052689554 0.08217927396297456
		endloop
	endfacet
	facet normal 0.061941469386037784 0.470491544469434 -0.8802277892415492
		outer loop
			vertex 1.63290548350541e-17 0.0888912379741669 0.0969648617506027
			vertex 0.02300674468278885 0.08586233854293826 0.0969648617506027
			vertex 1.124764876337451e-17 0.06122934818267824 0.08217927396297456
		endloop
	endfacet
	facet normal 0.06194134518533523 0.47049163626543444 -0.8802277489155325
		outer loop
			vertex 0.02300674468278885 0.08586233854293826 0.0969648617506027
			vertex 0.01584732159972191 0.05914301052689554 0.08217927396297456
			vertex 1.124764876337451e-17 0.06122934818267824 0.08217927396297456
		endloop
	endfacet
	facet normal -0.06194147735028466 0.4704916049638151 -0.8802277563461844
		outer loop
			vertex -0.02300674468278885 0.08586233854293826 0.0969648617506027
			vertex 1.63290548350541e-17 0.0888912379741669 0.0969648617506027
			vertex -0.01584732159972191 0.05914301052689554 0.08217927396297456
		endloop
	endfacet
	facet normal -0.061941333623065406 0.47049154844120017 -0.8802277966722012
		outer loop
			vertex 1.63290548350541e-17 0.0888912379741669 0.0969648617506027
			vertex 1.124764876337451e-17 0.06122934818267824 0.08217927396297456
			vertex -0.01584732159972191 0.05914301052689554 0.08217927396297456
		endloop
	endfacet
	facet normal -0.1816029895205623 0.4384283998327522 -0.8802277503108425
		outer loop
			vertex -0.044445618987083435 0.07698206603527072 0.0969648617506027
			vertex -0.02300674468278885 0.08586233854293826 0.0969648617506027
			vertex -0.03061467409133911 0.05302617326378824 0.08217927396297456
		endloop
	endfacet
	facet normal -0.18160297627049468 0.43842839833062053 -0.8802277537927018
		outer loop
			vertex -0.02300674468278885 0.08586233854293826 0.0969648617506027
			vertex -0.01584732159972191 0.05914301052689554 0.08217927396297456
			vertex -0.03061467409133911 0.05302617326378824 0.08217927396297456
		endloop
	endfacet
	facet normal -0.28888866368715344 0.37648699361476806 -0.8802277453204735
		outer loop
			vertex -0.06285559386014938 0.06285559386014941 0.0969648617506027
			vertex -0.044445618987083435 0.07698206603527072 0.0969648617506027
			vertex -0.043295688927173615 0.04329568892717363 0.08217927396297456
		endloop
	endfacet
	facet normal -0.28888861872416816 0.3764870003602996 -0.8802277571920498
		outer loop
			vertex -0.044445618987083435 0.07698206603527072 0.0969648617506027
			vertex -0.03061467409133911 0.05302617326378824 0.08217927396297456
			vertex -0.043295688927173615 0.04329568892717363 0.08217927396297456
		endloop
	endfacet
	facet normal -0.37648697936406855 0.2888886527522045 -0.8802277550045418
		outer loop
			vertex -0.07698206603527069 0.044445618987083456 0.09696486175060273
			vertex -0.06285559386014938 0.06285559386014941 0.0969648617506027
			vertex -0.05302617326378822 0.030614674091339132 0.08217927396297456
		endloop
	endfacet
	facet normal -0.37648702104910703 0.28888863459924763 -0.8802277431329644
		outer loop
			vertex -0.06285559386014938 0.06285559386014941 0.0969648617506027
			vertex -0.043295688927173615 0.04329568892717363 0.08217927396297456
			vertex -0.05302617326378822 0.030614674091339132 0.08217927396297456
		endloop
	endfacet
	facet normal -0.4384283949654579 0.18160298750446296 -0.8802277531511187
		outer loop
			vertex -0.08586233854293823 0.02300674468278887 0.09696486175060273
			vertex -0.07698206603527069 0.044445618987083456 0.09696486175060273
			vertex -0.05914301052689552 0.01584732159972193 0.08217927396297456
		endloop
	endfacet
	facet normal -0.4384284053968393 0.18160297919741816 -0.8802277496692588
		outer loop
			vertex -0.07698206603527069 0.044445618987083456 0.09696486175060273
			vertex -0.05302617326378822 0.030614674091339132 0.08217927396297456
			vertex -0.05914301052689552 0.01584732159972193 0.08217927396297456
		endloop
	endfacet
	facet normal -0.47049154446943486 0.06194146938603791 -0.8802277892415488
		outer loop
			vertex -0.08889123797416687 4.330259808388207e-17 0.09696486175060273
			vertex -0.08586233854293823 0.02300674468278887 0.09696486175060273
			vertex -0.06122934818267822 3.324432998942102e-17 0.08217927396297456
		endloop
	endfacet
	facet normal -0.4704916362654353 0.06194134518533536 -0.880227748915532
		outer loop
			vertex -0.08586233854293823 0.02300674468278887 0.09696486175060273
			vertex -0.05914301052689552 0.01584732159972193 0.08217927396297456
			vertex -0.06122934818267822 3.324432998942102e-17 0.08217927396297456
		endloop
	endfacet
	facet normal -0.290073014391209 -0.038188803643727176 -0.9562422609350929
		outer loop
			vertex -0.05914301052689552 -0.015847321599721888 0.08217927396297456
			vertex -0.06122934818267822 1.8247464420134598e-17 0.08217927396297456
			vertex -0.030150845646858215 -0.008078894577920421 0.07307435154914857
		endloop
	endfacet
	facet normal -0.2900730147772579 -0.038188805336999886 -0.9562422607503631
		outer loop
			vertex -0.06122934818267822 1.8247464420134598e-17 0.08217927396297456
			vertex -0.031214451417326927 1.6225765519883544e-17 0.07307435154914857
			vertex -0.030150845646858215 -0.008078894577920421 0.07307435154914857
		endloop
	endfacet
	facet normal -0.27030500149373193 -0.11196398992166709 -0.9562422659181586
		outer loop
			vertex -0.05302617326378822 -0.03061467409133909 0.08217927396297456
			vertex -0.05914301052689552 -0.015847321599721888 0.08217927396297456
			vertex -0.027032507583498955 -0.015607225708663448 0.07307435154914857
		endloop
	endfacet
	facet normal -0.27030499960223553 -0.11196404014879836 -0.9562422605718667
		outer loop
			vertex -0.05914301052689552 -0.015847321599721888 0.08217927396297456
			vertex -0.030150845646858215 -0.008078894577920421 0.07307435154914857
			vertex -0.027032507583498955 -0.015607225708663448 0.07307435154914857
		endloop
	endfacet
	facet normal -0.23211616947938352 -0.17810899053691465 -0.9562422660372942
		outer loop
			vertex -0.043295688927173615 -0.0432956889271736 0.08217927396297456
			vertex -0.05302617326378822 -0.03061467409133909 0.08217927396297456
			vertex -0.022071950137615204 -0.022071950137615187 0.07307435154914857
		endloop
	endfacet
	facet normal -0.2321161675226432 -0.17810899687508452 -0.9562422653317263
		outer loop
			vertex -0.05302617326378822 -0.03061467409133909 0.08217927396297456
			vertex -0.027032507583498955 -0.015607225708663448 0.07307435154914857
			vertex -0.022071950137615204 -0.022071950137615187 0.07307435154914857
		endloop
	endfacet
	facet normal -0.17810899148494688 -0.2321161707148831 -0.9562422655608119
		outer loop
			vertex -0.03061467409133911 -0.05302617326378821 0.08217927396297456
			vertex -0.043295688927173615 -0.0432956889271736 0.08217927396297456
			vertex -0.015607225708663464 -0.027032507583498937 0.07307435154914857
		endloop
	endfacet
	facet normal -0.17810899501545216 -0.2321161650991231 -0.9562422662663799
		outer loop
			vertex -0.043295688927173615 -0.0432956889271736 0.08217927396297456
			vertex -0.022071950137615204 -0.022071950137615187 0.07307435154914857
			vertex -0.015607225708663464 -0.027032507583498937 0.07307435154914857
		endloop
	endfacet
	facet normal -0.11196399443741138 -0.2703050123957038 -0.9562422623077156
		outer loop
			vertex -0.01584732159972191 -0.05914301052689551 0.08217927396297456
			vertex -0.03061467409133911 -0.05302617326378821 0.08217927396297456
			vertex -0.008078894577920437 -0.030150845646858198 0.07307435154914857
		endloop
	endfacet
	facet normal -0.11196403129084456 -0.2703049782172516 -0.9562422676540052
		outer loop
			vertex -0.03061467409133911 -0.05302617326378821 0.08217927396297456
			vertex -0.015607225708663464 -0.027032507583498937 0.07307435154914857
			vertex -0.008078894577920437 -0.030150845646858198 0.07307435154914857
		endloop
	endfacet
	facet normal -0.03818880369694675 -0.29007301479545217 -0.9562422608103417
		outer loop
			vertex -3.7492163923216055e-18 -0.06122934818267821 0.08217927396297456
			vertex -0.01584732159972191 -0.05914301052689551 0.08217927396297456
			vertex -1.9113339813823915e-18 -0.03121445141732691 0.07307435154914857
		endloop
	endfacet
	facet normal -0.038188805232605934 -0.2900730139843064 -0.9562422609950716
		outer loop
			vertex -0.01584732159972191 -0.05914301052689551 0.08217927396297456
			vertex -0.008078894577920437 -0.030150845646858198 0.07307435154914857
			vertex -1.9113339813823915e-18 -0.03121445141732691 0.07307435154914857
		endloop
	endfacet
	facet normal 0.03818880364372715 -0.2900730143912089 -0.9562422609350929
		outer loop
			vertex 0.01584732159972191 -0.05914301052689551 0.08217927396297456
			vertex -3.7492163923216055e-18 -0.06122934818267821 0.08217927396297456
			vertex 0.008078894577920437 -0.030150845646858198 0.07307435154914857
		endloop
	endfacet
	facet normal 0.03818880533699988 -0.2900730147772579 -0.9562422607503632
		outer loop
			vertex -3.7492163923216055e-18 -0.06122934818267821 0.08217927396297456
			vertex -1.9113339813823915e-18 -0.03121445141732691 0.07307435154914857
			vertex 0.008078894577920437 -0.030150845646858198 0.07307435154914857
		endloop
	endfacet
	facet normal 0.11196398992166709 -0.27030500149373193 -0.9562422659181588
		outer loop
			vertex 0.03061467409133911 -0.05302617326378821 0.08217927396297456
			vertex 0.01584732159972191 -0.05914301052689551 0.08217927396297456
			vertex 0.015607225708663464 -0.027032507583498937 0.07307435154914857
		endloop
	endfacet
	facet normal 0.11196404014879835 -0.2703049996022355 -0.9562422605718667
		outer loop
			vertex 0.01584732159972191 -0.05914301052689551 0.08217927396297456
			vertex 0.008078894577920437 -0.030150845646858198 0.07307435154914857
			vertex 0.015607225708663464 -0.027032507583498937 0.07307435154914857
		endloop
	endfacet
	facet normal 0.17810899053691473 -0.2321161694793835 -0.9562422660372943
		outer loop
			vertex 0.043295688927173615 -0.0432956889271736 0.08217927396297456
			vertex 0.03061467409133911 -0.05302617326378821 0.08217927396297456
			vertex 0.022071950137615204 -0.022071950137615187 0.07307435154914857
		endloop
	endfacet
	facet normal 0.17810899687508444 -0.23211616752264314 -0.9562422653317263
		outer loop
			vertex 0.03061467409133911 -0.05302617326378821 0.08217927396297456
			vertex 0.015607225708663464 -0.027032507583498937 0.07307435154914857
			vertex 0.022071950137615204 -0.022071950137615187 0.07307435154914857
		endloop
	endfacet
	facet normal 0.23211617071488325 -0.17810899148494688 -0.956242265560812
		outer loop
			vertex 0.05302617326378822 -0.03061467409133909 0.08217927396297456
			vertex 0.043295688927173615 -0.0432956889271736 0.08217927396297456
			vertex 0.027032507583498955 -0.015607225708663448 0.07307435154914857
		endloop
	endfacet
	facet normal 0.2321161650991231 -0.1781089950154522 -0.95624226626638
		outer loop
			vertex 0.043295688927173615 -0.0432956889271736 0.08217927396297456
			vertex 0.022071950137615204 -0.022071950137615187 0.07307435154914857
			vertex 0.027032507583498955 -0.015607225708663448 0.07307435154914857
		endloop
	endfacet
	facet normal 0.27030501239570387 -0.11196399443741141 -0.9562422623077156
		outer loop
			vertex 0.05914301052689552 -0.015847321599721888 0.08217927396297456
			vertex 0.05302617326378822 -0.03061467409133909 0.08217927396297456
			vertex 0.030150845646858215 -0.008078894577920421 0.07307435154914857
		endloop
	endfacet
	facet normal 0.2703049782172516 -0.11196403129084455 -0.9562422676540051
		outer loop
			vertex 0.05302617326378822 -0.03061467409133909 0.08217927396297456
			vertex 0.027032507583498955 -0.015607225708663448 0.07307435154914857
			vertex 0.030150845646858215 -0.008078894577920421 0.07307435154914857
		endloop
	endfacet
	facet normal 0.2900730147954522 -0.03818880369694677 -0.9562422608103417
		outer loop
			vertex 0.06122934818267822 1.0749031635491387e-17 0.08217927396297456
			vertex 0.05914301052689552 -0.015847321599721888 0.08217927396297456
			vertex 0.031214451417326927 1.240309755711876e-17 0.07307435154914857
		endloop
	endfacet
	facet normal 0.2900730139843064 -0.03818880523260594 -0.9562422609950716
		outer loop
			vertex 0.05914301052689552 -0.015847321599721888 0.08217927396297456
			vertex 0.030150845646858215 -0.008078894577920421 0.07307435154914857
			vertex 0.031214451417326927 1.240309755711876e-17 0.07307435154914857
		endloop
	endfacet
	facet normal 0.29007301439120897 0.03818880364372714 -0.9562422609350929
		outer loop
			vertex 0.05914301052689552 0.01584732159972193 0.08217927396297456
			vertex 0.06122934818267822 1.0749031635491387e-17 0.08217927396297456
			vertex 0.030150845646858215 0.008078894577920452 0.07307435154914857
		endloop
	endfacet
	facet normal 0.2900730147772579 0.03818880533699987 -0.9562422607503631
		outer loop
			vertex 0.06122934818267822 1.0749031635491387e-17 0.08217927396297456
			vertex 0.031214451417326927 1.240309755711876e-17 0.07307435154914857
			vertex 0.030150845646858215 0.008078894577920452 0.07307435154914857
		endloop
	endfacet
	facet normal 0.2703050014937319 0.11196398992166706 -0.9562422659181586
		outer loop
			vertex 0.05302617326378822 0.030614674091339132 0.08217927396297456
			vertex 0.05914301052689552 0.01584732159972193 0.08217927396297456
			vertex 0.027032507583498955 0.01560722570866348 0.07307435154914857
		endloop
	endfacet
	facet normal 0.2703049996022355 0.11196404014879835 -0.9562422605718667
		outer loop
			vertex 0.05914301052689552 0.01584732159972193 0.08217927396297456
			vertex 0.030150845646858215 0.008078894577920452 0.07307435154914857
			vertex 0.027032507583498955 0.01560722570866348 0.07307435154914857
		endloop
	endfacet
	facet normal 0.23211616947938346 0.1781089905369148 -0.9562422660372942
		outer loop
			vertex 0.043295688927173615 0.04329568892717363 0.08217927396297456
			vertex 0.05302617326378822 0.030614674091339132 0.08217927396297456
			vertex 0.022071950137615204 0.02207195013761522 0.07307435154914857
		endloop
	endfacet
	facet normal 0.23211616752264314 0.17810899687508439 -0.9562422653317262
		outer loop
			vertex 0.05302617326378822 0.030614674091339132 0.08217927396297456
			vertex 0.027032507583498955 0.01560722570866348 0.07307435154914857
			vertex 0.022071950137615204 0.02207195013761522 0.07307435154914857
		endloop
	endfacet
	facet normal 0.17810899148494694 0.23211617071488316 -0.9562422655608119
		outer loop
			vertex 0.03061467409133911 0.05302617326378824 0.08217927396297456
			vertex 0.043295688927173615 0.04329568892717363 0.08217927396297456
			vertex 0.015607225708663464 0.027032507583498972 0.07307435154914857
		endloop
	endfacet
	facet normal 0.1781089950154522 0.2321161650991232 -0.95624226626638
		outer loop
			vertex 0.043295688927173615 0.04329568892717363 0.08217927396297456
			vertex 0.022071950137615204 0.02207195013761522 0.07307435154914857
			vertex 0.015607225708663464 0.027032507583498972 0.07307435154914857
		endloop
	endfacet
	facet normal 0.11196399443741141 0.27030501239570387 -0.9562422623077156
		outer loop
			vertex 0.01584732159972191 0.05914301052689554 0.08217927396297456
			vertex 0.03061467409133911 0.05302617326378824 0.08217927396297456
			vertex 0.008078894577920437 0.030150845646858233 0.07307435154914857
		endloop
	endfacet
	facet normal 0.11196403129084458 0.27030497821725163 -0.9562422676540052
		outer loop
			vertex 0.03061467409133911 0.05302617326378824 0.08217927396297456
			vertex 0.015607225708663464 0.027032507583498972 0.07307435154914857
			vertex 0.008078894577920437 0.030150845646858233 0.07307435154914857
		endloop
	endfacet
	facet normal 0.03818880369694678 0.2900730147954523 -0.9562422608103418
		outer loop
			vertex 1.124764876337451e-17 0.06122934818267824 0.08217927396297456
			vertex 0.01584732159972191 0.05914301052689554 0.08217927396297456
			vertex 5.734001530556868e-18 0.031214451417326945 0.07307435154914857
		endloop
	endfacet
	facet normal 0.038188805232605955 0.29007301398430646 -0.9562422609950715
		outer loop
			vertex 0.01584732159972191 0.05914301052689554 0.08217927396297456
			vertex 0.008078894577920437 0.030150845646858233 0.07307435154914857
			vertex 5.734001530556868e-18 0.031214451417326945 0.07307435154914857
		endloop
	endfacet
	facet normal -0.03818880364372715 0.290073014391209 -0.9562422609350929
		outer loop
			vertex -0.01584732159972191 0.05914301052689554 0.08217927396297456
			vertex 1.124764876337451e-17 0.06122934818267824 0.08217927396297456
			vertex -0.008078894577920437 0.030150845646858233 0.07307435154914857
		endloop
	endfacet
	facet normal -0.038188805336999865 0.29007301477725794 -0.9562422607503632
		outer loop
			vertex 1.124764876337451e-17 0.06122934818267824 0.08217927396297456
			vertex 5.734001530556868e-18 0.031214451417326945 0.07307435154914857
			vertex -0.008078894577920437 0.030150845646858233 0.07307435154914857
		endloop
	endfacet
	facet normal -0.11196398992166709 0.27030500149373193 -0.9562422659181588
		outer loop
			vertex -0.03061467409133911 0.05302617326378824 0.08217927396297456
			vertex -0.01584732159972191 0.05914301052689554 0.08217927396297456
			vertex -0.015607225708663464 0.027032507583498972 0.07307435154914857
		endloop
	endfacet
	facet normal -0.11196404014879836 0.27030499960223553 -0.9562422605718667
		outer loop
			vertex -0.01584732159972191 0.05914301052689554 0.08217927396297456
			vertex -0.008078894577920437 0.030150845646858233 0.07307435154914857
			vertex -0.015607225708663464 0.027032507583498972 0.07307435154914857
		endloop
	endfacet
	facet normal -0.17810899053691476 0.23211616947938354 -0.9562422660372943
		outer loop
			vertex -0.043295688927173615 0.04329568892717363 0.08217927396297456
			vertex -0.03061467409133911 0.05302617326378824 0.08217927396297456
			vertex -0.022071950137615204 0.02207195013761522 0.07307435154914857
		endloop
	endfacet
	facet normal -0.17810899687508447 0.2321161675226432 -0.9562422653317263
		outer loop
			vertex -0.03061467409133911 0.05302617326378824 0.08217927396297456
			vertex -0.015607225708663464 0.027032507583498972 0.07307435154914857
			vertex -0.022071950137615204 0.02207195013761522 0.07307435154914857
		endloop
	endfacet
	facet normal -0.23211617071488308 0.17810899148494697 -0.956242265560812
		outer loop
			vertex -0.05302617326378822 0.030614674091339132 0.08217927396297456
			vertex -0.043295688927173615 0.04329568892717363 0.08217927396297456
			vertex -0.027032507583498955 0.01560722570866348 0.07307435154914857
		endloop
	endfacet
	facet normal -0.23211616509912322 0.1781089950154522 -0.95624226626638
		outer loop
			vertex -0.043295688927173615 0.04329568892717363 0.08217927396297456
			vertex -0.022071950137615204 0.02207195013761522 0.07307435154914857
			vertex -0.027032507583498955 0.01560722570866348 0.07307435154914857
		endloop
	endfacet
	facet normal -0.2703050123957038 0.11196399443741138 -0.9562422623077156
		outer loop
			vertex -0.05914301052689552 0.01584732159972193 0.08217927396297456
			vertex -0.05302617326378822 0.030614674091339132 0.08217927396297456
			vertex -0.030150845646858215 0.008078894577920452 0.07307435154914857
		endloop
	endfacet
	facet normal -0.2703049782172516 0.11196403129084455 -0.9562422676540051
		outer loop
			vertex -0.05302617326378822 0.030614674091339132 0.08217927396297456
			vertex -0.027032507583498955 0.01560722570866348 0.07307435154914857
			vertex -0.030150845646858215 0.008078894577920452 0.07307435154914857
		endloop
	endfacet
	facet normal -0.29007301479545217 0.03818880369694678 -0.9562422608103418
		outer loop
			vertex -0.06122934818267822 3.324432998942102e-17 0.08217927396297456
			vertex -0.05914301052689552 0.01584732159972193 0.08217927396297456
			vertex -0.031214451417326927 2.387110144541311e-17 0.07307435154914857
		endloop
	endfacet
	facet normal -0.2900730139843064 0.03818880523260597 -0.9562422609950717
		outer loop
			vertex -0.05914301052689552 0.01584732159972193 0.08217927396297456
			vertex -0.030150845646858215 0.008078894577920452 0.07307435154914857
			vertex -0.031214451417326927 2.387110144541311e-17 0.07307435154914857
		endloop
	endfacet
	facet normal -0.09800875475075489 -0.012903086691371144 -0.9951019014885066
		outer loop
			vertex -0.030150845646858215 -0.008078894577920421 0.07307435154914857
			vertex -0.031214451417326927 1.6225765519883544e-17 0.07307435154914857
			vertex -1.892668816296255e-17 1.0471732570022785e-17 0.0700000035762787
		endloop
	endfacet
	facet normal -0.0913296140974339 -0.03782997944776002 -0.9951019014371323
		outer loop
			vertex -0.027032507583498955 -0.015607225708663448 0.07307435154914857
			vertex -0.030150845646858215 -0.008078894577920421 0.07307435154914857
			vertex -1.6969203293663987e-17 5.7459488144726065e-18 0.0700000035762787
		endloop
	endfacet
	facet normal -0.07842652371865189 -0.0601787872728274 -0.9951019012843758
		outer loop
			vertex -0.022071950137615204 -0.022071950137615187 0.07307435154914857
			vertex -0.027032507583498955 -0.015607225708663448 0.07307435154914857
			vertex -1.385529676695914e-17 1.6878263718864419e-18 0.0700000035762787
		endloop
	endfacet
	facet normal -0.06017878727282738 -0.0784265237186519 -0.9951019012843758
		outer loop
			vertex -0.015607225708663464 -0.027032507583498937 0.07307435154914857
			vertex -0.022071950137615204 -0.022071950137615187 0.07307435154914857
			vertex -9.797174324372975e-18 -1.4260801548184048e-18 0.0700000035762787
		endloop
	endfacet
	facet normal -0.03782997944776002 -0.0913296140974339 -0.9951019014371323
		outer loop
			vertex -0.008078894577920437 -0.030150845646858198 0.07307435154914857
			vertex -0.015607225708663464 -0.027032507583498937 0.07307435154914857
			vertex -5.071390568822797e-18 -3.3835650241169674e-18 0.0700000035762787
		endloop
	endfacet
	facet normal -0.012903086691371147 -0.09800875475075489 -0.9951019014885066
		outer loop
			vertex -1.9113339813823915e-18 -0.03121445141732691 0.07307435154914857
			vertex -0.008078894577920437 -0.030150845646858198 0.07307435154914857
			vertex -1.1998077984301157e-33 -4.051225509900369e-18 0.0700000035762787
		endloop
	endfacet
	facet normal 0.01290308669137114 -0.0980087547507549 -0.9951019014885066
		outer loop
			vertex 0.008078894577920437 -0.030150845646858198 0.07307435154914857
			vertex -1.9113339813823915e-18 -0.03121445141732691 0.07307435154914857
			vertex 5.071390568822797e-18 -3.3835650241169674e-18 0.0700000035762787
		endloop
	endfacet
	facet normal 0.03782997944776002 -0.0913296140974339 -0.9951019014371323
		outer loop
			vertex 0.015607225708663464 -0.027032507583498937 0.07307435154914857
			vertex 0.008078894577920437 -0.030150845646858198 0.07307435154914857
			vertex 9.797174324372975e-18 -1.4260801548184048e-18 0.0700000035762787
		endloop
	endfacet
	facet normal 0.06017878727282738 -0.0784265237186519 -0.9951019012843758
		outer loop
			vertex 0.022071950137615204 -0.022071950137615187 0.07307435154914857
			vertex 0.015607225708663464 -0.027032507583498937 0.07307435154914857
			vertex 1.385529676695914e-17 1.6878263718864419e-18 0.0700000035762787
		endloop
	endfacet
	facet normal 0.07842652371865189 -0.0601787872728274 -0.9951019012843758
		outer loop
			vertex 0.027032507583498955 -0.015607225708663448 0.07307435154914857
			vertex 0.022071950137615204 -0.022071950137615187 0.07307435154914857
			vertex 1.6969203293663987e-17 5.7459488144726065e-18 0.0700000035762787
		endloop
	endfacet
	facet normal 0.0913296140974339 -0.03782997944776002 -0.9951019014371323
		outer loop
			vertex 0.030150845646858215 -0.008078894577920421 0.07307435154914857
			vertex 0.027032507583498955 -0.015607225708663448 0.07307435154914857
			vertex 1.892668816296255e-17 1.0471732570022785e-17 0.0700000035762787
		endloop
	endfacet
	facet normal 0.09800875475075489 -0.012903086691371149 -0.9951019014885065
		outer loop
			vertex 0.031214451417326927 1.240309755711876e-17 0.07307435154914857
			vertex 0.030150845646858215 -0.008078894577920421 0.07307435154914857
			vertex 1.959434864874595e-17 1.5543123138845582e-17 0.0700000035762787
		endloop
	endfacet
	facet normal 0.09800875475075489 0.012903086691371139 -0.9951019014885065
		outer loop
			vertex 0.030150845646858215 0.008078894577920452 0.07307435154914857
			vertex 0.031214451417326927 1.240309755711876e-17 0.07307435154914857
			vertex 1.892668816296255e-17 2.061451370766838e-17 0.0700000035762787
		endloop
	endfacet
	facet normal 0.0913296140974339 0.03782997944776002 -0.9951019014371323
		outer loop
			vertex 0.027032507583498955 0.01560722570866348 0.07307435154914857
			vertex 0.030150845646858215 0.008078894577920452 0.07307435154914857
			vertex 1.6969203293663987e-17 2.5340297463218557e-17 0.0700000035762787
		endloop
	endfacet
	facet normal 0.0784265237186519 0.06017878727282737 -0.9951019012843758
		outer loop
			vertex 0.022071950137615204 0.02207195013761522 0.07307435154914857
			vertex 0.027032507583498955 0.01560722570866348 0.07307435154914857
			vertex 1.385529676695914e-17 2.939841990580472e-17 0.0700000035762787
		endloop
	endfacet
	facet normal 0.06017878727282737 0.07842652371865187 -0.9951019012843758
		outer loop
			vertex 0.015607225708663464 0.027032507583498972 0.07307435154914857
			vertex 0.022071950137615204 0.02207195013761522 0.07307435154914857
			vertex 9.797174324372975e-18 3.251232643250957e-17 0.0700000035762787
		endloop
	endfacet
	facet normal 0.03782997944776002 0.0913296140974339 -0.9951019014371323
		outer loop
			vertex 0.008078894577920437 0.030150845646858233 0.07307435154914857
			vertex 0.015607225708663464 0.027032507583498972 0.07307435154914857
			vertex 5.071390568822797e-18 3.446981130180813e-17 0.0700000035762787
		endloop
	endfacet
	facet normal 0.01290308669137115 0.09800875475075489 -0.9951019014885065
		outer loop
			vertex 5.734001530556868e-18 0.031214451417326945 0.07307435154914857
			vertex 0.008078894577920437 0.030150845646858233 0.07307435154914857
			vertex 3.5994235789613394e-33 3.513747178759153e-17 0.0700000035762787
		endloop
	endfacet
	facet normal -0.012903086691371135 0.09800875475075489 -0.9951019014885065
		outer loop
			vertex -0.008078894577920437 0.030150845646858233 0.07307435154914857
			vertex 5.734001530556868e-18 0.031214451417326945 0.07307435154914857
			vertex -5.071390568822797e-18 3.446981130180813e-17 0.0700000035762787
		endloop
	endfacet
	facet normal -0.03782997944776002 0.0913296140974339 -0.9951019014371323
		outer loop
			vertex -0.015607225708663464 0.027032507583498972 0.07307435154914857
			vertex -0.008078894577920437 0.030150845646858233 0.07307435154914857
			vertex -9.797174324372975e-18 3.251232643250957e-17 0.0700000035762787
		endloop
	endfacet
	facet normal -0.06017878727282737 0.07842652371865187 -0.9951019012843758
		outer loop
			vertex -0.022071950137615204 0.02207195013761522 0.07307435154914857
			vertex -0.015607225708663464 0.027032507583498972 0.07307435154914857
			vertex -1.385529676695914e-17 2.939841990580472e-17 0.0700000035762787
		endloop
	endfacet
	facet normal -0.0784265237186519 0.06017878727282737 -0.9951019012843758
		outer loop
			vertex -0.027032507583498955 0.01560722570866348 0.07307435154914857
			vertex -0.022071950137615204 0.02207195013761522 0.07307435154914857
			vertex -1.6969203293663987e-17 2.5340297463218557e-17 0.0700000035762787
		endloop
	endfacet
	facet normal -0.0913296140974339 0.03782997944776002 -0.9951019014371323
		outer loop
			vertex -0.030150845646858215 0.008078894577920452 0.07307435154914857
			vertex -0.027032507583498955 0.01560722570866348 0.07307435154914857
			vertex -1.892668816296255e-17 2.061451370766838e-17 0.0700000035762787
		endloop
	endfacet
	facet normal -0.09800875475075489 0.012903086691371158 -0.9951019014885065
		outer loop
			vertex -0.031214451417326927 2.387110144541311e-17 0.07307435154914857
			vertex -0.030150845646858215 0.008078894577920452 0.07307435154914857
			vertex -1.959434864874595e-17 1.5543123138845588e-17 0.0700000035762787
		endloop
	endfacet
	facet normal 0.7071067811865477 -0.7071067811865475 0
		outer loop
			vertex -0.007772820747863368 -0.024046985669936696 0.24750000007450582
			vertex -0.007772820747863368 -0.024046985669936696 0.2124999999254942
			vertex 0.024046985669936724 0.00777282074786341 0.24750000007450582
		endloop
	endfacet
	facet normal 0.7071067811865477 -0.7071067811865475 0
		outer loop
			vertex -0.007772820747863368 -0.024046985669936696 0.2124999999254942
			vertex 0.024046985669936724 0.00777282074786341 0.2124999999254942
			vertex 0.024046985669936724 0.00777282074786341 0.24750000007450582
		endloop
	endfacet
	facet normal -0.7071067811865481 0.7071067811865469 0
		outer loop
			vertex -0.20222717925213662 0.2340469856699368 0.24750000007450576
			vertex -0.20222717925213662 0.2340469856699368 0.21249999992549415
			vertex -0.2340469856699367 0.20222717925213668 0.24750000007450576
		endloop
	endfacet
	facet normal -0.7071067811865481 0.7071067811865469 0
		outer loop
			vertex -0.20222717925213662 0.2340469856699368 0.21249999992549415
			vertex -0.2340469856699367 0.20222717925213668 0.21249999992549415
			vertex -0.2340469856699367 0.20222717925213668 0.24750000007450576
		endloop
	endfacet
	facet normal -1.2266347607641239e-16 1.2266347607641216e-16 1
		outer loop
			vertex -0.20222717925213662 0.2340469856699368 0.24750000007450576
			vertex -0.2340469856699367 0.20222717925213668 0.24750000007450576
			vertex 0.024046985669936724 0.00777282074786341 0.24750000007450582
		endloop
	endfacet
	facet normal -1.226634760764123e-16 1.2266347607641226e-16 1
		outer loop
			vertex -0.2340469856699367 0.20222717925213668 0.24750000007450576
			vertex -0.007772820747863368 -0.024046985669936696 0.24750000007450582
			vertex 0.024046985669936724 0.00777282074786341 0.24750000007450582
		endloop
	endfacet
	facet normal 1.226634760764124e-16 -1.226634760764122e-16 -1
		outer loop
			vertex -0.2340469856699367 0.20222717925213668 0.21249999992549415
			vertex -0.20222717925213662 0.2340469856699368 0.21249999992549415
			vertex -0.007772820747863368 -0.024046985669936696 0.2124999999254942
		endloop
	endfacet
	facet normal 1.2266347607641229e-16 -1.2266347607641224e-16 -1
		outer loop
			vertex -0.20222717925213662 0.2340469856699368 0.21249999992549415
			vertex 0.024046985669936724 0.00777282074786341 0.2124999999254942
			vertex -0.007772820747863368 -0.024046985669936696 0.2124999999254942
		endloop
	endfacet
	facet normal -0.7071067811865476 -0.7071067811865476 0
		outer loop
			vertex -0.2340469856699367 0.20222717925213668 0.24750000007450576
			vertex -0.2340469856699367 0.20222717925213668 0.21249999992549415
			vertex -0.007772820747863368 -0.024046985669936696 0.24750000007450582
		endloop
	endfacet
	facet normal -0.7071067811865476 -0.7071067811865476 0
		outer loop
			vertex -0.2340469856699367 0.20222717925213668 0.21249999992549415
			vertex -0.007772820747863368 -0.024046985669936696 0.2124999999254942
			vertex -0.007772820747863368 -0.024046985669936696 0.24750000007450582
		endloop
	endfacet
	facet normal 0.7071067811865477 0.7071067811865475 0
		outer loop
			vertex 0.024046985669936724 0.00777282074786341 0.24750000007450582
			vertex 0.024046985669936724 0.00777282074786341 0.2124999999254942
			vertex -0.20222717925213662 0.2340469856699368 0.24750000007450576
		endloop
	endfacet
	facet normal 0.7071067811865477 0.7071067811865475 0
		outer loop
			vertex 0.024046985669936724 0.00777282074786341 0.2124999999254942
			vertex -0.20222717925213662 0.2340469856699368 0.21249999992549415
			vertex -0.20222717925213662 0.2340469856699368 0.24750000007450576
		endloop
	endfacet
	facet normal 0.9171205161344694 -0.12074111602852634 -0.3798835897816997
		outer loop
			vertex -0.10227207750082015 0.21000000000000005 0.23727207817137236
			vertex -0.09700000196695327 0.21000000000000005 0.24999999999999994
			vertex -0.10594281464815139 0.18211796231567864 0.23727207817137236
		endloop
	endfacet
	facet normal 0.9171205033843045 -0.1207410948087268 -0.379883627307772
		outer loop
			vertex -0.09700000196695327 0.21000000000000005 0.24999999999999994
			vertex -0.10085038006305694 0.18075344808399682 0.24999999999999994
			vertex -0.10594281464815139 0.18211796231567864 0.23727207817137236
		endloop
	endfacet
	facet normal 0.8546202326478131 -0.35399530853220057 -0.3798836394031604
		outer loop
			vertex -0.10594281464815139 0.18211796231567864 0.23727207817137236
			vertex -0.10085038006305694 0.18075344808399682 0.24999999999999994
			vertex -0.11670488029718398 0.15613603875041013 0.23727207817137239
		endloop
	endfacet
	facet normal 0.8546202247214472 -0.353995280889758 -0.3798836829936822
		outer loop
			vertex -0.10085038006305694 0.18075344808399682 0.24999999999999994
			vertex -0.11213912725448608 0.1535000009834767 0.24999999999999997
			vertex -0.11670488029718398 0.15613603875041013 0.23727207817137239
		endloop
	endfacet
	facet normal 0.7338790289417273 -0.5631251800453312 -0.37988366966541315
		outer loop
			vertex -0.11670488029718398 0.15613603875041013 0.23727207817137239
			vertex -0.11213912725448608 0.1535000009834767 0.24999999999999997
			vertex -0.13382485419511794 0.133824854195118 0.23727207817137239
		endloop
	endfacet
	facet normal 0.7338790298960526 -0.5631252347162187 -0.37988358677972983
		outer loop
			vertex -0.11213912725448608 0.1535000009834767 0.24999999999999997
			vertex -0.13009693384170531 0.13009693384170537 0.24999999999999997
			vertex -0.13382485419511794 0.133824854195118 0.23727207817137239
		endloop
	endfacet
	facet normal 0.5631252012616751 -0.7338790565914058 -0.37988358480000967
		outer loop
			vertex -0.13382485419511794 0.133824854195118 0.23727207817137239
			vertex -0.13009693384170531 0.13009693384170537 0.24999999999999997
			vertex -0.15613603875041007 0.11670488029718404 0.2372720781713724
		endloop
	endfacet
	facet normal 0.5631252144897335 -0.7338790035363869 -0.37988366768568976
		outer loop
			vertex -0.13009693384170531 0.13009693384170537 0.24999999999999997
			vertex -0.15350000098347663 0.11213912725448613 0.25
			vertex -0.15613603875041007 0.11670488029718404 0.2372720781713724
		endloop
	endfacet
	facet normal 0.3539953015180399 -0.854620215714133 -0.3798836840348387
		outer loop
			vertex -0.15613603875041007 0.11670488029718404 0.2372720781713724
			vertex -0.15350000098347663 0.11213912725448613 0.25
			vertex -0.1821179623156786 0.10594281464815145 0.2372720781713724
		endloop
	endfacet
	facet normal 0.3539952875766685 -0.8546202408650784 -0.3798836404443173
		outer loop
			vertex -0.15350000098347663 0.11213912725448613 0.25
			vertex -0.18075344808399676 0.100850380063057 0.25
			vertex -0.1821179623156786 0.10594281464815145 0.2372720781713724
		endloop
	endfacet
	facet normal 0.12074111396896677 -0.9171205004905495 -0.37988362820408184
		outer loop
			vertex -0.1821179623156786 0.10594281464815145 0.2372720781713724
			vertex -0.18075344808399676 0.100850380063057 0.25
			vertex -0.21 0.10227207750082021 0.2372720781713724
		endloop
	endfacet
	facet normal 0.12074109677219616 -0.9171205182983485 -0.3798835906780074
		outer loop
			vertex -0.18075344808399676 0.100850380063057 0.25
			vertex -0.21 0.09700000196695333 0.25
			vertex -0.21 0.10227207750082021 0.2372720781713724
		endloop
	endfacet
	facet normal -0.12074111602852634 -0.9171205161344694 -0.3798835897816997
		outer loop
			vertex -0.21 0.10227207750082021 0.2372720781713724
			vertex -0.21 0.09700000196695333 0.25
			vertex -0.2378820376843214 0.10594281464815145 0.2372720781713724
		endloop
	endfacet
	facet normal -0.1207410948087268 -0.9171205033843045 -0.379883627307772
		outer loop
			vertex -0.21 0.09700000196695333 0.25
			vertex -0.23924655191600322 0.100850380063057 0.25
			vertex -0.2378820376843214 0.10594281464815145 0.2372720781713724
		endloop
	endfacet
	facet normal -0.3539953085322005 -0.854620232647813 -0.3798836394031604
		outer loop
			vertex -0.2378820376843214 0.10594281464815145 0.2372720781713724
			vertex -0.23924655191600322 0.100850380063057 0.25
			vertex -0.2638639612495899 0.11670488029718404 0.2372720781713724
		endloop
	endfacet
	facet normal -0.353995280889758 -0.8546202247214472 -0.3798836829936822
		outer loop
			vertex -0.23924655191600322 0.100850380063057 0.25
			vertex -0.2664999990165233 0.11213912725448613 0.25
			vertex -0.2638639612495899 0.11670488029718404 0.2372720781713724
		endloop
	endfacet
	facet normal -0.5631251800453309 -0.7338790289417275 -0.3798836696654132
		outer loop
			vertex -0.2638639612495899 0.11670488029718404 0.2372720781713724
			vertex -0.2664999990165233 0.11213912725448613 0.25
			vertex -0.286175145804882 0.133824854195118 0.23727207817137239
		endloop
	endfacet
	facet normal -0.5631252347162183 -0.7338790298960528 -0.3798835867797297
		outer loop
			vertex -0.2664999990165233 0.11213912725448613 0.25
			vertex -0.28990306615829464 0.13009693384170537 0.24999999999999997
			vertex -0.286175145804882 0.133824854195118 0.23727207817137239
		endloop
	endfacet
	facet normal -0.7338790565914056 -0.5631252012616753 -0.3798835848000096
		outer loop
			vertex -0.286175145804882 0.133824854195118 0.23727207817137239
			vertex -0.28990306615829464 0.13009693384170537 0.24999999999999997
			vertex -0.303295119702816 0.15613603875041013 0.23727207817137239
		endloop
	endfacet
	facet normal -0.7338790035363867 -0.5631252144897338 -0.37988366768568976
		outer loop
			vertex -0.28990306615829464 0.13009693384170537 0.24999999999999997
			vertex -0.3078608727455139 0.1535000009834767 0.24999999999999997
			vertex -0.303295119702816 0.15613603875041013 0.23727207817137239
		endloop
	endfacet
	facet normal -0.8546202157141328 -0.3539953015180402 -0.3798836840348387
		outer loop
			vertex -0.303295119702816 0.15613603875041013 0.23727207817137239
			vertex -0.3078608727455139 0.1535000009834767 0.24999999999999997
			vertex -0.31405718535184857 0.18211796231567864 0.23727207817137236
		endloop
	endfacet
	facet normal -0.8546202408650783 -0.3539952875766688 -0.3798836404443173
		outer loop
			vertex -0.3078608727455139 0.1535000009834767 0.24999999999999997
			vertex -0.319149619936943 0.18075344808399682 0.24999999999999994
			vertex -0.31405718535184857 0.18211796231567864 0.23727207817137236
		endloop
	endfacet
	facet normal -0.9171205004905495 -0.12074111396896689 -0.3798836282040819
		outer loop
			vertex -0.31405718535184857 0.18211796231567864 0.23727207817137236
			vertex -0.319149619936943 0.18075344808399682 0.24999999999999994
			vertex -0.3177279224991798 0.21000000000000002 0.23727207817137236
		endloop
	endfacet
	facet normal -0.9171205182983485 -0.12074109677219615 -0.3798835906780071
		outer loop
			vertex -0.319149619936943 0.18075344808399682 0.24999999999999994
			vertex -0.3229999980330467 0.21000000000000005 0.24999999999999994
			vertex -0.3177279224991798 0.21000000000000002 0.23727207817137236
		endloop
	endfacet
	facet normal -0.9171205161344692 0.12074111602852619 -0.3798835897816999
		outer loop
			vertex -0.3177279224991798 0.21000000000000002 0.23727207817137236
			vertex -0.3229999980330467 0.21000000000000005 0.24999999999999994
			vertex -0.31405718535184857 0.23788203768432145 0.23727207817137236
		endloop
	endfacet
	facet normal -0.9171205033843045 0.1207410948087268 -0.379883627307772
		outer loop
			vertex -0.3229999980330467 0.21000000000000005 0.24999999999999994
			vertex -0.319149619936943 0.23924655191600327 0.24999999999999994
			vertex -0.31405718535184857 0.23788203768432145 0.23727207817137236
		endloop
	endfacet
	facet normal -0.8546202326478131 0.3539953085322002 -0.37988363940316033
		outer loop
			vertex -0.31405718535184857 0.23788203768432145 0.23727207817137236
			vertex -0.319149619936943 0.23924655191600327 0.24999999999999994
			vertex -0.303295119702816 0.26386396124958994 0.23727207817137233
		endloop
	endfacet
	facet normal -0.8546202247214473 0.3539952808897569 -0.3798836829936836
		outer loop
			vertex -0.319149619936943 0.23924655191600327 0.24999999999999994
			vertex -0.3078608727455139 0.26649999901652344 0.24999999999999992
			vertex -0.303295119702816 0.26386396124958994 0.23727207817137233
		endloop
	endfacet
	facet normal -0.7338790289417273 0.5631251800453297 -0.37988366966541526
		outer loop
			vertex -0.303295119702816 0.26386396124958994 0.23727207817137233
			vertex -0.3078608727455139 0.26649999901652344 0.24999999999999992
			vertex -0.286175145804882 0.2861751458048821 0.23727207817137233
		endloop
	endfacet
	facet normal -0.7338790298960526 0.5631252347162187 -0.37988358677972983
		outer loop
			vertex -0.3078608727455139 0.26649999901652344 0.24999999999999992
			vertex -0.28990306615829464 0.28990306615829475 0.24999999999999992
			vertex -0.286175145804882 0.2861751458048821 0.23727207817137233
		endloop
	endfacet
	facet normal -0.5631252012616758 0.7338790565914054 -0.3798835848000097
		outer loop
			vertex -0.286175145804882 0.2861751458048821 0.23727207817137233
			vertex -0.28990306615829464 0.28990306615829475 0.24999999999999992
			vertex -0.2638639612495899 0.3032951197028161 0.2372720781713723
		endloop
	endfacet
	facet normal -0.5631252144897342 0.7338790035363865 -0.3798836676856897
		outer loop
			vertex -0.28990306615829464 0.28990306615829475 0.24999999999999992
			vertex -0.2664999990165233 0.307860872745514 0.2499999999999999
			vertex -0.2638639612495899 0.3032951197028161 0.2372720781713723
		endloop
	endfacet
	facet normal -0.3539953015180402 0.8546202157141327 -0.37988368403483863
		outer loop
			vertex -0.2638639612495899 0.3032951197028161 0.2372720781713723
			vertex -0.2664999990165233 0.307860872745514 0.2499999999999999
			vertex -0.2378820376843214 0.3140571853518487 0.2372720781713723
		endloop
	endfacet
	facet normal -0.3539952875766688 0.8546202408650783 -0.3798836404443174
		outer loop
			vertex -0.2664999990165233 0.307860872745514 0.2499999999999999
			vertex -0.23924655191600322 0.31914961993694313 0.2499999999999999
			vertex -0.2378820376843214 0.3140571853518487 0.2372720781713723
		endloop
	endfacet
	facet normal -0.12074111396896689 0.9171205004905495 -0.3798836282040819
		outer loop
			vertex -0.2378820376843214 0.3140571853518487 0.2372720781713723
			vertex -0.23924655191600322 0.31914961993694313 0.2499999999999999
			vertex -0.21000000000000002 0.3177279224991799 0.2372720781713723
		endloop
	endfacet
	facet normal -0.12074109677219627 0.9171205182983484 -0.3798835906780074
		outer loop
			vertex -0.23924655191600322 0.31914961993694313 0.2499999999999999
			vertex -0.21000000000000002 0.3229999980330468 0.2499999999999999
			vertex -0.21000000000000002 0.3177279224991799 0.2372720781713723
		endloop
	endfacet
	facet normal 0.12074111602852622 0.9171205161344694 -0.37988358978169967
		outer loop
			vertex -0.21000000000000002 0.3177279224991799 0.2372720781713723
			vertex -0.21000000000000002 0.3229999980330468 0.2499999999999999
			vertex -0.1821179623156786 0.3140571853518487 0.2372720781713723
		endloop
	endfacet
	facet normal 0.12074109480872669 0.9171205033843046 -0.379883627307772
		outer loop
			vertex -0.21000000000000002 0.3229999980330468 0.2499999999999999
			vertex -0.18075344808399676 0.31914961993694313 0.2499999999999999
			vertex -0.1821179623156786 0.3140571853518487 0.2372720781713723
		endloop
	endfacet
	facet normal 0.35399530853220024 0.8546202326478132 -0.3798836394031604
		outer loop
			vertex -0.1821179623156786 0.3140571853518487 0.2372720781713723
			vertex -0.18075344808399676 0.31914961993694313 0.2499999999999999
			vertex -0.15613603875041007 0.3032951197028161 0.2372720781713723
		endloop
	endfacet
	facet normal 0.3539952808897577 0.8546202247214473 -0.3798836829936822
		outer loop
			vertex -0.18075344808399676 0.31914961993694313 0.2499999999999999
			vertex -0.15350000098347663 0.307860872745514 0.2499999999999999
			vertex -0.15613603875041007 0.3032951197028161 0.2372720781713723
		endloop
	endfacet
	facet normal 0.5631251800453315 0.7338790289417271 -0.37988366966541315
		outer loop
			vertex -0.15613603875041007 0.3032951197028161 0.2372720781713723
			vertex -0.15350000098347663 0.307860872745514 0.2499999999999999
			vertex -0.13382485419511794 0.2861751458048821 0.23727207817137233
		endloop
	endfacet
	facet normal 0.563125234716219 0.7338790298960524 -0.3798835867797298
		outer loop
			vertex -0.15350000098347663 0.307860872745514 0.2499999999999999
			vertex -0.13009693384170531 0.28990306615829475 0.24999999999999992
			vertex -0.13382485419511794 0.2861751458048821 0.23727207817137233
		endloop
	endfacet
	facet normal 0.7338790565914064 0.5631252012616745 -0.3798835848000096
		outer loop
			vertex -0.13382485419511794 0.2861751458048821 0.23727207817137233
			vertex -0.13009693384170531 0.28990306615829475 0.24999999999999992
			vertex -0.11670488029718398 0.26386396124958994 0.23727207817137233
		endloop
	endfacet
	facet normal 0.7338790035363859 0.5631252144897333 -0.3798836676856918
		outer loop
			vertex -0.13009693384170531 0.28990306615829475 0.24999999999999992
			vertex -0.11213912725448608 0.26649999901652344 0.24999999999999992
			vertex -0.11670488029718398 0.26386396124958994 0.23727207817137233
		endloop
	endfacet
	facet normal 0.8546202157141324 0.3539953015180396 -0.37988368403483996
		outer loop
			vertex -0.11670488029718398 0.26386396124958994 0.23727207817137233
			vertex -0.11213912725448608 0.26649999901652344 0.24999999999999992
			vertex -0.10594281464815139 0.23788203768432145 0.23727207817137236
		endloop
	endfacet
	facet normal 0.8546202408650786 0.3539952875766678 -0.37988364044431727
		outer loop
			vertex -0.11213912725448608 0.26649999901652344 0.24999999999999992
			vertex -0.10085038006305694 0.23924655191600327 0.24999999999999994
			vertex -0.10594281464815139 0.23788203768432145 0.23727207817137236
		endloop
	endfacet
	facet normal 0.9171205004905495 0.12074111396896689 -0.3798836282040819
		outer loop
			vertex -0.10594281464815139 0.23788203768432145 0.23727207817137236
			vertex -0.10085038006305694 0.23924655191600327 0.24999999999999994
			vertex -0.10227207750082015 0.21000000000000008 0.23727207817137236
		endloop
	endfacet
	facet normal 0.9171205182983484 0.12074109677219627 -0.3798835906780074
		outer loop
			vertex -0.10085038006305694 0.23924655191600327 0.24999999999999994
			vertex -0.09700000196695327 0.21000000000000008 0.24999999999999994
			vertex -0.10227207750082015 0.21000000000000008 0.23727207817137236
		endloop
	endfacet
	facet normal 0.3821986033423592 -0.05031739603273562 -0.9227092647522485
		outer loop
			vertex -0.11500000119209289 0.21000000000000005 0.23200000077486033
			vertex -0.10227207750082015 0.21000000000000005 0.23727207817137236
			vertex -0.11823704749345779 0.18541218996047978 0.23200000077486033
		endloop
	endfacet
	facet normal 0.3821985496250016 -0.05031735591382263 -0.9227092891904726
		outer loop
			vertex -0.10227207750082015 0.21000000000000005 0.23727207817137236
			vertex -0.10594281464815139 0.18211796231567864 0.23727207817137236
			vertex -0.11823704749345779 0.18541218996047978 0.23200000077486033
		endloop
	endfacet
	facet normal 0.3561523443279879 -0.1475231707020339 -0.922709283434223
		outer loop
			vertex -0.11823704749345779 0.18541218996047978 0.23200000077486033
			vertex -0.10594281464815139 0.18211796231567864 0.23727207817137236
			vertex -0.12772758960723876 0.1625000005960465 0.23200000077486035
		endloop
	endfacet
	facet normal 0.3561523067362403 -0.14752312300978107 -0.9227093055691462
		outer loop
			vertex -0.10594281464815139 0.18211796231567864 0.23727207817137236
			vertex -0.11670488029718398 0.15613603875041013 0.23727207817137239
			vertex -0.12772758960723876 0.1625000005960465 0.23200000077486035
		endloop
	endfacet
	facet normal 0.3058349351361066 -0.23467539432878795 -0.9227092996967796
		outer loop
			vertex -0.12772758960723876 0.1625000005960465 0.23200000077486035
			vertex -0.11670488029718398 0.15613603875041013 0.23727207817137239
			vertex -0.14282485753297805 0.14282485753297808 0.23200000077486035
		endloop
	endfacet
	facet normal 0.3058349372368505 -0.23467539921941163 -0.9227092977566345
		outer loop
			vertex -0.11670488029718398 0.15613603875041013 0.23727207817137239
			vertex -0.13382485419511794 0.133824854195118 0.23727207817137239
			vertex -0.14282485753297805 0.14282485753297808 0.23200000077486035
		endloop
	endfacet
	facet normal 0.23467539733327653 -0.305834939051632 -0.9227092976348259
		outer loop
			vertex -0.14282485753297805 0.14282485753297808 0.23200000077486035
			vertex -0.13382485419511794 0.133824854195118 0.23727207817137239
			vertex -0.16250000059604644 0.1277275896072388 0.23200000077486035
		endloop
	endfacet
	facet normal 0.23467539656990088 -0.3058349337839424 -0.9227092995749699
		outer loop
			vertex -0.13382485419511794 0.133824854195118 0.23727207817137239
			vertex -0.15613603875041007 0.11670488029718404 0.2372720781713724
			vertex -0.16250000059604644 0.1277275896072388 0.23200000077486035
		endloop
	endfacet
	facet normal 0.14752314915403605 -0.3561522923065391 -0.9227093069588459
		outer loop
			vertex -0.16250000059604644 0.1277275896072388 0.23200000077486035
			vertex -0.15613603875041007 0.11670488029718404 0.2372720781713724
			vertex -0.18541218996047973 0.11823704749345783 0.23200000077486038
		endloop
	endfacet
	facet normal 0.14752314201190328 -0.3561523526114216 -0.9227092848239286
		outer loop
			vertex -0.15613603875041007 0.11670488029718404 0.2372720781713724
			vertex -0.1821179623156786 0.10594281464815145 0.2372720781713724
			vertex -0.18541218996047973 0.11823704749345783 0.23200000077486038
		endloop
	endfacet
	facet normal 0.050317387918336745 -0.3821985417073748 -0.9227092907247828
		outer loop
			vertex -0.18541218996047973 0.11823704749345783 0.23200000077486038
			vertex -0.1821179623156786 0.10594281464815145 0.2372720781713724
			vertex -0.21 0.11500000119209293 0.23200000077486038
		endloop
	endfacet
	facet normal 0.05031736306951104 -0.382198603977892 -0.9227092662865598
		outer loop
			vertex -0.1821179623156786 0.10594281464815145 0.2372720781713724
			vertex -0.21 0.10227207750082021 0.2372720781713724
			vertex -0.21 0.11500000119209293 0.23200000077486038
		endloop
	endfacet
	facet normal -0.050317396032735655 -0.3821986033423595 -0.9227092647522482
		outer loop
			vertex -0.21 0.11500000119209293 0.23200000077486038
			vertex -0.21 0.10227207750082021 0.2372720781713724
			vertex -0.23458781003952026 0.11823704749345783 0.23200000077486038
		endloop
	endfacet
	facet normal -0.050317355913822664 -0.3821985496250019 -0.9227092891904723
		outer loop
			vertex -0.21 0.10227207750082021 0.2372720781713724
			vertex -0.2378820376843214 0.10594281464815145 0.2372720781713724
			vertex -0.23458781003952026 0.11823704749345783 0.23200000077486038
		endloop
	endfacet
	facet normal -0.147523170702032 -0.3561523443279888 -0.9227092834342229
		outer loop
			vertex -0.23458781003952026 0.11823704749345783 0.23200000077486038
			vertex -0.2378820376843214 0.10594281464815145 0.2372720781713724
			vertex -0.2574999994039535 0.1277275896072388 0.23200000077486035
		endloop
	endfacet
	facet normal -0.14752312300978132 -0.3561523067362429 -0.9227093055691452
		outer loop
			vertex -0.2378820376843214 0.10594281464815145 0.2372720781713724
			vertex -0.2638639612495899 0.11670488029718404 0.2372720781713724
			vertex -0.2574999994039535 0.1277275896072388 0.23200000077486035
		endloop
	endfacet
	facet normal -0.23467539432878956 -0.30583493513610827 -0.9227092996967786
		outer loop
			vertex -0.2574999994039535 0.1277275896072388 0.23200000077486035
			vertex -0.2638639612495899 0.11670488029718404 0.2372720781713724
			vertex -0.2771751424670219 0.14282485753297808 0.23200000077486035
		endloop
	endfacet
	facet normal -0.23467539921941108 -0.30583493723685123 -0.9227092977566344
		outer loop
			vertex -0.2638639612495899 0.11670488029718404 0.2372720781713724
			vertex -0.286175145804882 0.133824854195118 0.23727207817137239
			vertex -0.2771751424670219 0.14282485753297808 0.23200000077486035
		endloop
	endfacet
	facet normal -0.30583493905163206 -0.23467539733327622 -0.9227092976348258
		outer loop
			vertex -0.2771751424670219 0.14282485753297808 0.23200000077486035
			vertex -0.286175145804882 0.133824854195118 0.23727207817137239
			vertex -0.2922724103927612 0.1625000005960465 0.23200000077486035
		endloop
	endfacet
	facet normal -0.30583493378394006 -0.2346753965699003 -0.9227092995749708
		outer loop
			vertex -0.286175145804882 0.133824854195118 0.23727207817137239
			vertex -0.303295119702816 0.15613603875041013 0.23727207817137239
			vertex -0.2922724103927612 0.1625000005960465 0.23200000077486035
		endloop
	endfacet
	facet normal -0.3561522923065358 -0.14752314915403714 -0.9227093069588469
		outer loop
			vertex -0.2922724103927612 0.1625000005960465 0.23200000077486035
			vertex -0.303295119702816 0.15613603875041013 0.23727207817137239
			vertex -0.30176295250654217 0.18541218996047978 0.23200000077486033
		endloop
	endfacet
	facet normal -0.35615235261142103 -0.14752314201190403 -0.9227092848239287
		outer loop
			vertex -0.303295119702816 0.15613603875041013 0.23727207817137239
			vertex -0.31405718535184857 0.18211796231567864 0.23727207817137236
			vertex -0.30176295250654217 0.18541218996047978 0.23200000077486033
		endloop
	endfacet
	facet normal -0.3821985417073744 -0.05031738791833673 -0.9227092907247829
		outer loop
			vertex -0.30176295250654217 0.18541218996047978 0.23200000077486033
			vertex -0.31405718535184857 0.18211796231567864 0.23727207817137236
			vertex -0.30499999880790707 0.21000000000000002 0.23200000077486033
		endloop
	endfacet
	facet normal -0.38219860397789174 -0.05031736306951105 -0.9227092662865599
		outer loop
			vertex -0.31405718535184857 0.18211796231567864 0.23727207817137236
			vertex -0.3177279224991798 0.21000000000000002 0.23727207817137236
			vertex -0.30499999880790707 0.21000000000000002 0.23200000077486033
		endloop
	endfacet
	facet normal -0.38219860334235917 0.05031739603273556 -0.9227092647522485
		outer loop
			vertex -0.30499999880790707 0.21000000000000002 0.23200000077486033
			vertex -0.3177279224991798 0.21000000000000002 0.23727207817137236
			vertex -0.30176295250654217 0.2345878100395203 0.23200000077486033
		endloop
	endfacet
	facet normal -0.3821985496250016 0.050317355913822574 -0.9227092891904726
		outer loop
			vertex -0.3177279224991798 0.21000000000000002 0.23727207817137236
			vertex -0.31405718535184857 0.23788203768432145 0.23727207817137236
			vertex -0.30176295250654217 0.2345878100395203 0.23200000077486033
		endloop
	endfacet
	facet normal -0.35615234432798837 0.14752317070203205 -0.9227092834342229
		outer loop
			vertex -0.30176295250654217 0.2345878100395203 0.23200000077486033
			vertex -0.31405718535184857 0.23788203768432145 0.23727207817137236
			vertex -0.2922724103927612 0.25749999940395357 0.2320000007748603
		endloop
	endfacet
	facet normal -0.35615230673624126 0.1475231230097796 -0.9227093055691462
		outer loop
			vertex -0.31405718535184857 0.23788203768432145 0.23727207817137236
			vertex -0.303295119702816 0.26386396124958994 0.23727207817137233
			vertex -0.2922724103927612 0.25749999940395357 0.2320000007748603
		endloop
	endfacet
	facet normal -0.3058349351361065 0.23467539432878823 -0.9227092996967797
		outer loop
			vertex -0.2922724103927612 0.25749999940395357 0.2320000007748603
			vertex -0.303295119702816 0.26386396124958994 0.23727207817137233
			vertex -0.2771751424670219 0.27717514246702196 0.2320000007748603
		endloop
	endfacet
	facet normal -0.30583493723684985 0.23467539921941055 -0.9227092977566351
		outer loop
			vertex -0.303295119702816 0.26386396124958994 0.23727207817137233
			vertex -0.286175145804882 0.2861751458048821 0.23727207817137233
			vertex -0.2771751424670219 0.27717514246702196 0.2320000007748603
		endloop
	endfacet
	facet normal -0.23467539733327544 0.3058349390516306 -0.9227092976348263
		outer loop
			vertex -0.2771751424670219 0.27717514246702196 0.2320000007748603
			vertex -0.286175145804882 0.2861751458048821 0.23727207817137233
			vertex -0.2574999994039535 0.29227241039276125 0.2320000007748603
		endloop
	endfacet
	facet normal -0.23467539656989933 0.3058349337839373 -0.9227092995749719
		outer loop
			vertex -0.286175145804882 0.2861751458048821 0.23727207817137233
			vertex -0.2638639612495899 0.3032951197028161 0.2372720781713723
			vertex -0.2574999994039535 0.29227241039276125 0.2320000007748603
		endloop
	endfacet
	facet normal -0.14752314915403614 0.356152292306533 -0.9227093069588482
		outer loop
			vertex -0.2574999994039535 0.29227241039276125 0.2320000007748603
			vertex -0.2638639612495899 0.3032951197028161 0.2372720781713723
			vertex -0.23458781003952026 0.3017629525065422 0.23200000077486027
		endloop
	endfacet
	facet normal -0.14752314201190278 0.35615235261142003 -0.9227092848239292
		outer loop
			vertex -0.2638639612495899 0.3032951197028161 0.2372720781713723
			vertex -0.2378820376843214 0.3140571853518487 0.2372720781713723
			vertex -0.23458781003952026 0.3017629525065422 0.23200000077486027
		endloop
	endfacet
	facet normal -0.05031738791833658 0.3821985417073731 -0.9227092907247837
		outer loop
			vertex -0.23458781003952026 0.3017629525065422 0.23200000077486027
			vertex -0.2378820376843214 0.3140571853518487 0.2372720781713723
			vertex -0.21000000000000002 0.3049999988079071 0.23200000077486027
		endloop
	endfacet
	facet normal -0.05031736306951085 0.3821986039778903 -0.9227092662865605
		outer loop
			vertex -0.2378820376843214 0.3140571853518487 0.2372720781713723
			vertex -0.21000000000000002 0.3177279224991799 0.2372720781713723
			vertex -0.21000000000000002 0.3049999988079071 0.23200000077486027
		endloop
	endfacet
	facet normal 0.05031739603273537 0.3821986033423577 -0.922709264752249
		outer loop
			vertex -0.21000000000000002 0.3049999988079071 0.23200000077486027
			vertex -0.21000000000000002 0.3177279224991799 0.2372720781713723
			vertex -0.18541218996047973 0.3017629525065422 0.23200000077486027
		endloop
	endfacet
	facet normal 0.05031735591382239 0.3821985496250001 -0.9227092891904731
		outer loop
			vertex -0.21000000000000002 0.3177279224991799 0.2372720781713723
			vertex -0.1821179623156786 0.3140571853518487 0.2372720781713723
			vertex -0.18541218996047973 0.3017629525065422 0.23200000077486027
		endloop
	endfacet
	facet normal 0.14752317070203347 0.3561523443279867 -0.9227092834342235
		outer loop
			vertex -0.18541218996047973 0.3017629525065422 0.23200000077486027
			vertex -0.1821179623156786 0.3140571853518487 0.2372720781713723
			vertex -0.16250000059604644 0.29227241039276125 0.2320000007748603
		endloop
	endfacet
	facet normal 0.1475231230097791 0.3561523067362379 -0.9227093055691474
		outer loop
			vertex -0.1821179623156786 0.3140571853518487 0.2372720781713723
			vertex -0.15613603875041007 0.3032951197028161 0.2372720781713723
			vertex -0.16250000059604644 0.29227241039276125 0.2320000007748603
		endloop
	endfacet
	facet normal 0.23467539432878645 0.3058349351361042 -0.9227092996967808
		outer loop
			vertex -0.16250000059604644 0.29227241039276125 0.2320000007748603
			vertex -0.15613603875041007 0.3032951197028161 0.2372720781713723
			vertex -0.14282485753297805 0.27717514246702196 0.2320000007748603
		endloop
	endfacet
	facet normal 0.23467539921941136 0.3058349372368487 -0.9227092977566353
		outer loop
			vertex -0.15613603875041007 0.3032951197028161 0.2372720781713723
			vertex -0.13382485419511794 0.2861751458048821 0.23727207817137233
			vertex -0.14282485753297805 0.27717514246702196 0.2320000007748603
		endloop
	endfacet
	facet normal 0.30583493905163084 0.23467539733327564 -0.9227092976348263
		outer loop
			vertex -0.14282485753297805 0.27717514246702196 0.2320000007748603
			vertex -0.13382485419511794 0.2861751458048821 0.23727207817137233
			vertex -0.12772758960723876 0.25749999940395357 0.2320000007748603
		endloop
	endfacet
	facet normal 0.30583493378394033 0.23467539656989989 -0.9227092995749707
		outer loop
			vertex -0.13382485419511794 0.2861751458048821 0.23727207817137233
			vertex -0.11670488029718398 0.26386396124958994 0.23727207817137233
			vertex -0.12772758960723876 0.25749999940395357 0.2320000007748603
		endloop
	endfacet
	facet normal 0.3561522923065368 0.1475231491540355 -0.9227093069588468
		outer loop
			vertex -0.12772758960723876 0.25749999940395357 0.2320000007748603
			vertex -0.11670488029718398 0.26386396124958994 0.23727207817137233
			vertex -0.11823704749345779 0.2345878100395203 0.23200000077486033
		endloop
	endfacet
	facet normal 0.3561523526114214 0.1475231420119024 -0.9227092848239286
		outer loop
			vertex -0.11670488029718398 0.26386396124958994 0.23727207817137233
			vertex -0.10594281464815139 0.23788203768432145 0.23727207817137236
			vertex -0.11823704749345779 0.2345878100395203 0.23200000077486033
		endloop
	endfacet
	facet normal 0.3821985417073744 0.05031738791833673 -0.9227092907247829
		outer loop
			vertex -0.11823704749345779 0.2345878100395203 0.23200000077486033
			vertex -0.10594281464815139 0.23788203768432145 0.23727207817137236
			vertex -0.11500000119209289 0.21000000000000008 0.23200000077486033
		endloop
	endfacet
	facet normal 0.38219860397789174 0.05031736306951105 -0.9227092662865599
		outer loop
			vertex -0.10594281464815139 0.23788203768432145 0.23727207817137236
			vertex -0.10227207750082015 0.21000000000000008 0.23727207817137236
			vertex -0.11500000119209289 0.21000000000000008 0.23200000077486033
		endloop
	endfacet
	facet normal -0.38219860499734204 0.050317310193540785 -0.9227092687477313
		outer loop
			vertex -0.12772792488336562 0.21000000000000005 0.23727207817137236
			vertex -0.11500000119209289 0.21000000000000005 0.23200000077486033
			vertex -0.13053127288818359 0.18870641946792607 0.23727207817137236
		endloop
	endfacet
	facet normal -0.38219872591897097 0.0503174121702512 -0.9227092130993406
		outer loop
			vertex -0.11500000119209289 0.21000000000000005 0.23200000077486033
			vertex -0.11823704749345779 0.18541218996047978 0.23200000077486033
			vertex -0.13053127288818359 0.18870641946792607 0.23727207817137236
		endloop
	endfacet
	facet normal -0.3561524853282637 0.14752325731792665 -0.9227092151619651
		outer loop
			vertex -0.13053127288818359 0.18870641946792607 0.23727207817137236
			vertex -0.11823704749345779 0.18541218996047978 0.23200000077486033
			vertex -0.13875029146671294 0.16886396244168286 0.23727207817137239
		endloop
	endfacet
	facet normal -0.3561524577101197 0.14752321766646095 -0.9227092321616682
		outer loop
			vertex -0.11823704749345779 0.18541218996047978 0.23200000077486033
			vertex -0.12772758960723876 0.1625000005960465 0.23200000077486035
			vertex -0.13875029146671294 0.16886396244168286 0.23727207817137239
		endloop
	endfacet
	facet normal -0.3058350524588921 0.23467549561834913 -0.9227092350484789
		outer loop
			vertex -0.13875029146671294 0.16886396244168286 0.23727207817137239
			vertex -0.12772758960723876 0.1625000005960465 0.23200000077486035
			vertex -0.15182485714554786 0.15182485714554791 0.23727207817137239
		endloop
	endfacet
	facet normal -0.30583504683071394 0.23467548003507266 -0.9227092408773
		outer loop
			vertex -0.12772758960723876 0.1625000005960465 0.23200000077486035
			vertex -0.14282485753297805 0.14282485753297808 0.23200000077486035
			vertex -0.15182485714554786 0.15182485714554791 0.23727207817137239
		endloop
	endfacet
	facet normal -0.23467548651533102 0.3058350405956083 -0.9227092412958023
		outer loop
			vertex -0.15182485714554786 0.15182485714554791 0.23727207817137239
			vertex -0.14282485753297805 0.14282485753297808 0.23200000077486035
			vertex -0.1688639624416828 0.138750291466713 0.23727207817137239
		endloop
	endfacet
	facet normal -0.2346754879184856 0.30583505710457753 -0.922709235466981
		outer loop
			vertex -0.14282485753297805 0.14282485753297808 0.23200000077486035
			vertex -0.16250000059604644 0.1277275896072388 0.23200000077486035
			vertex -0.1688639624416828 0.138750291466713 0.23727207817137239
		endloop
	endfacet
	facet normal -0.14752324062860714 0.3561524450366976 -0.9227092333822267
		outer loop
			vertex -0.1688639624416828 0.138750291466713 0.23727207817137239
			vertex -0.16250000059604644 0.1277275896072388 0.23200000077486035
			vertex -0.18870641946792602 0.13053127288818364 0.23727207817137239
		endloop
	endfacet
	facet normal -0.14752323211977636 0.35615249260349563 -0.9227092163825242
		outer loop
			vertex -0.16250000059604644 0.1277275896072388 0.23200000077486035
			vertex -0.18541218996047973 0.11823704749345783 0.23200000077486038
			vertex -0.18870641946792602 0.13053127288818364 0.23727207817137239
		endloop
	endfacet
	facet normal -0.050317328827584294 0.38219874653721003 -0.9227092091038446
		outer loop
			vertex -0.18870641946792602 0.13053127288818364 0.23727207817137239
			vertex -0.18541218996047973 0.11823704749345783 0.23200000077486038
			vertex -0.21 0.12772792488336568 0.23727207817137239
		endloop
	endfacet
	facet normal -0.05031739603273534 0.38219860334235717 -0.9227092647522492
		outer loop
			vertex -0.18541218996047973 0.11823704749345783 0.23200000077486038
			vertex -0.21 0.11500000119209293 0.23200000077486038
			vertex -0.21 0.12772792488336568 0.23727207817137239
		endloop
	endfacet
	facet normal 0.05031731019354055 0.38219860499734 -0.9227092687477322
		outer loop
			vertex -0.21 0.12772792488336568 0.23727207817137239
			vertex -0.21 0.11500000119209293 0.23200000077486038
			vertex -0.23129358053207397 0.13053127288818364 0.23727207817137239
		endloop
	endfacet
	facet normal 0.05031741217025092 0.3821987259189689 -0.9227092130993415
		outer loop
			vertex -0.21 0.11500000119209293 0.23200000077486038
			vertex -0.23458781003952026 0.11823704749345783 0.23200000077486038
			vertex -0.23129358053207397 0.13053127288818364 0.23727207817137239
		endloop
	endfacet
	facet normal 0.14752325731792718 0.35615248532826144 -0.922709215161966
		outer loop
			vertex -0.23129358053207397 0.13053127288818364 0.23727207817137239
			vertex -0.23458781003952026 0.11823704749345783 0.23200000077486038
			vertex -0.25113603755831715 0.138750291466713 0.23727207817137239
		endloop
	endfacet
	facet normal 0.1475232176664625 0.3561524577101182 -0.9227092321616688
		outer loop
			vertex -0.23458781003952026 0.11823704749345783 0.23200000077486038
			vertex -0.2574999994039535 0.1277275896072388 0.23200000077486035
			vertex -0.25113603755831715 0.138750291466713 0.23727207817137239
		endloop
	endfacet
	facet normal 0.23467549561834875 0.30583505245889164 -0.9227092350484792
		outer loop
			vertex -0.25113603755831715 0.138750291466713 0.23727207817137239
			vertex -0.2574999994039535 0.1277275896072388 0.23200000077486035
			vertex -0.2681751428544521 0.15182485714554791 0.23727207817137239
		endloop
	endfacet
	facet normal 0.23467548003507274 0.3058350468307136 -0.9227092408773001
		outer loop
			vertex -0.2574999994039535 0.1277275896072388 0.23200000077486035
			vertex -0.2771751424670219 0.14282485753297808 0.23200000077486035
			vertex -0.2681751428544521 0.15182485714554791 0.23727207817137239
		endloop
	endfacet
	facet normal 0.3058350405956084 0.23467548651533116 -0.9227092412958026
		outer loop
			vertex -0.2681751428544521 0.15182485714554791 0.23727207817137239
			vertex -0.2771751424670219 0.14282485753297808 0.23200000077486035
			vertex -0.281249708533287 0.16886396244168286 0.23727207817137239
		endloop
	endfacet
	facet normal 0.3058350571045781 0.23467548791848572 -0.9227092354669808
		outer loop
			vertex -0.2771751424670219 0.14282485753297808 0.23200000077486035
			vertex -0.2922724103927612 0.1625000005960465 0.23200000077486035
			vertex -0.281249708533287 0.16886396244168286 0.23727207817137239
		endloop
	endfacet
	facet normal 0.3561524450366988 0.14752324062860636 -0.9227092333822263
		outer loop
			vertex -0.281249708533287 0.16886396244168286 0.23727207817137239
			vertex -0.2922724103927612 0.1625000005960465 0.23200000077486035
			vertex -0.28946872711181637 0.18870641946792607 0.23727207817137236
		endloop
	endfacet
	facet normal 0.356152492603498 0.14752323211977533 -0.9227092163825232
		outer loop
			vertex -0.2922724103927612 0.1625000005960465 0.23200000077486035
			vertex -0.30176295250654217 0.18541218996047978 0.23200000077486033
			vertex -0.28946872711181637 0.18870641946792607 0.23727207817137236
		endloop
	endfacet
	facet normal 0.382198746537212 0.050317328827584634 -0.9227092091038437
		outer loop
			vertex -0.28946872711181637 0.18870641946792607 0.23727207817137236
			vertex -0.30176295250654217 0.18541218996047978 0.23200000077486033
			vertex -0.29227207511663433 0.21000000000000002 0.23727207817137236
		endloop
	endfacet
	facet normal 0.3821986033423592 0.050317396032735676 -0.9227092647522483
		outer loop
			vertex -0.30176295250654217 0.18541218996047978 0.23200000077486033
			vertex -0.30499999880790707 0.21000000000000002 0.23200000077486033
			vertex -0.29227207511663433 0.21000000000000002 0.23727207817137236
		endloop
	endfacet
	facet normal 0.38219860499734204 -0.050317310193540715 -0.9227092687477313
		outer loop
			vertex -0.29227207511663433 0.21000000000000002 0.23727207817137236
			vertex -0.30499999880790707 0.21000000000000002 0.23200000077486033
			vertex -0.28946872711181637 0.23129358053207402 0.23727207817137236
		endloop
	endfacet
	facet normal 0.38219872591897097 -0.05031741217025115 -0.9227092130993406
		outer loop
			vertex -0.30499999880790707 0.21000000000000002 0.23200000077486033
			vertex -0.30176295250654217 0.2345878100395203 0.23200000077486033
			vertex -0.28946872711181637 0.23129358053207402 0.23727207817137236
		endloop
	endfacet
	facet normal 0.356152485328263 -0.14752325731792912 -0.9227092151619651
		outer loop
			vertex -0.28946872711181637 0.23129358053207402 0.23727207817137236
			vertex -0.30176295250654217 0.2345878100395203 0.23200000077486033
			vertex -0.281249708533287 0.2511360375583172 0.23727207817137233
		endloop
	endfacet
	facet normal 0.3561524577101187 -0.14752321766646295 -0.9227092321616684
		outer loop
			vertex -0.30176295250654217 0.2345878100395203 0.23200000077486033
			vertex -0.2922724103927612 0.25749999940395357 0.2320000007748603
			vertex -0.281249708533287 0.2511360375583172 0.23727207817137233
		endloop
	endfacet
	facet normal 0.3058350524588921 -0.23467549561834913 -0.9227092350484789
		outer loop
			vertex -0.281249708533287 0.2511360375583172 0.23727207817137233
			vertex -0.2922724103927612 0.25749999940395357 0.2320000007748603
			vertex -0.2681751428544521 0.26817514285445215 0.23727207817137233
		endloop
	endfacet
	facet normal 0.3058350468307141 -0.23467548003507313 -0.9227092408773
		outer loop
			vertex -0.2922724103927612 0.25749999940395357 0.2320000007748603
			vertex -0.2771751424670219 0.27717514246702196 0.2320000007748603
			vertex -0.2681751428544521 0.26817514285445215 0.23727207817137233
		endloop
	endfacet
	facet normal 0.234675486515332 -0.3058350405956082 -0.9227092412958022
		outer loop
			vertex -0.2681751428544521 0.26817514285445215 0.23727207817137233
			vertex -0.2771751424670219 0.27717514246702196 0.2320000007748603
			vertex -0.25113603755831715 0.2812497085332871 0.23727207817137233
		endloop
	endfacet
	facet normal 0.2346754879184866 -0.3058350571045788 -0.9227092354669802
		outer loop
			vertex -0.2771751424670219 0.27717514246702196 0.2320000007748603
			vertex -0.2574999994039535 0.29227241039276125 0.2320000007748603
			vertex -0.25113603755831715 0.2812497085332871 0.23727207817137233
		endloop
	endfacet
	facet normal 0.14752324062860808 -0.35615244503669935 -0.9227092333822258
		outer loop
			vertex -0.25113603755831715 0.2812497085332871 0.23727207817137233
			vertex -0.2574999994039535 0.29227241039276125 0.2320000007748603
			vertex -0.23129358053207397 0.2894687271118165 0.23727207817137233
		endloop
	endfacet
	facet normal 0.1475232321197767 -0.3561524926035009 -0.9227092163825221
		outer loop
			vertex -0.2574999994039535 0.29227241039276125 0.2320000007748603
			vertex -0.23458781003952026 0.3017629525065422 0.23200000077486027
			vertex -0.23129358053207397 0.2894687271118165 0.23727207817137233
		endloop
	endfacet
	facet normal 0.05031732882758507 -0.3821987465372152 -0.9227092091038426
		outer loop
			vertex -0.23129358053207397 0.2894687271118165 0.23727207817137233
			vertex -0.23458781003952026 0.3017629525065422 0.23200000077486027
			vertex -0.21000000000000002 0.29227207511663444 0.23727207817137233
		endloop
	endfacet
	facet normal 0.05031739603273609 -0.3821986033423624 -0.922709264752247
		outer loop
			vertex -0.23458781003952026 0.3017629525065422 0.23200000077486027
			vertex -0.21000000000000002 0.3049999988079071 0.23200000077486027
			vertex -0.21000000000000002 0.29227207511663444 0.23727207817137233
		endloop
	endfacet
	facet normal -0.05031731019354113 -0.3821986049973451 -0.9227092687477298
		outer loop
			vertex -0.21000000000000002 0.29227207511663444 0.23727207817137233
			vertex -0.21000000000000002 0.3049999988079071 0.23200000077486027
			vertex -0.18870641946792602 0.2894687271118165 0.23727207817137233
		endloop
	endfacet
	facet normal -0.05031741217025157 -0.38219872591897414 -0.9227092130993393
		outer loop
			vertex -0.21000000000000002 0.3049999988079071 0.23200000077486027
			vertex -0.18541218996047973 0.3017629525065422 0.23200000077486027
			vertex -0.18870641946792602 0.2894687271118165 0.23727207817137233
		endloop
	endfacet
	facet normal -0.14752325731792892 -0.3561524853282662 -0.9227092151619639
		outer loop
			vertex -0.18870641946792602 0.2894687271118165 0.23727207817137233
			vertex -0.18541218996047973 0.3017629525065422 0.23200000077486027
			vertex -0.1688639624416828 0.2812497085332871 0.23727207817137233
		endloop
	endfacet
	facet normal -0.14752321766646148 -0.356152457710121 -0.9227092321616678
		outer loop
			vertex -0.18541218996047973 0.3017629525065422 0.23200000077486027
			vertex -0.16250000059604644 0.29227241039276125 0.2320000007748603
			vertex -0.1688639624416828 0.2812497085332871 0.23727207817137233
		endloop
	endfacet
	facet normal -0.23467549561835055 -0.30583505245889264 -0.9227092350484783
		outer loop
			vertex -0.1688639624416828 0.2812497085332871 0.23727207817137233
			vertex -0.16250000059604644 0.29227241039276125 0.2320000007748603
			vertex -0.15182485714554786 0.26817514285445215 0.23727207817137233
		endloop
	endfacet
	facet normal -0.23467548003507313 -0.3058350468307141 -0.9227092408773
		outer loop
			vertex -0.16250000059604644 0.29227241039276125 0.2320000007748603
			vertex -0.14282485753297805 0.27717514246702196 0.2320000007748603
			vertex -0.15182485714554786 0.26817514285445215 0.23727207817137233
		endloop
	endfacet
	facet normal -0.3058350405956088 -0.23467548651533143 -0.9227092412958022
		outer loop
			vertex -0.15182485714554786 0.26817514285445215 0.23727207817137233
			vertex -0.14282485753297805 0.27717514246702196 0.2320000007748603
			vertex -0.13875029146671294 0.2511360375583172 0.23727207817137233
		endloop
	endfacet
	facet normal -0.305835057104578 -0.23467548791848597 -0.9227092354669809
		outer loop
			vertex -0.14282485753297805 0.27717514246702196 0.2320000007748603
			vertex -0.12772758960723876 0.25749999940395357 0.2320000007748603
			vertex -0.13875029146671294 0.2511360375583172 0.23727207817137233
		endloop
	endfacet
	facet normal -0.3561524450366976 -0.1475232406286086 -0.9227092333822263
		outer loop
			vertex -0.13875029146671294 0.2511360375583172 0.23727207817137233
			vertex -0.12772758960723876 0.25749999940395357 0.2320000007748603
			vertex -0.13053127288818359 0.23129358053207402 0.23727207817137236
		endloop
	endfacet
	facet normal -0.3561524926034974 -0.1475232321197775 -0.9227092163825232
		outer loop
			vertex -0.12772758960723876 0.25749999940395357 0.2320000007748603
			vertex -0.11823704749345779 0.2345878100395203 0.23200000077486033
			vertex -0.13053127288818359 0.23129358053207402 0.23727207817137236
		endloop
	endfacet
	facet normal -0.382198746537212 -0.050317328827584634 -0.9227092091038437
		outer loop
			vertex -0.13053127288818359 0.23129358053207402 0.23727207817137236
			vertex -0.11823704749345779 0.2345878100395203 0.23200000077486033
			vertex -0.12772792488336562 0.21000000000000008 0.23727207817137236
		endloop
	endfacet
	facet normal -0.3821986033423592 -0.050317396032735676 -0.9227092647522483
		outer loop
			vertex -0.11823704749345779 0.2345878100395203 0.23200000077486033
			vertex -0.11500000119209289 0.21000000000000008 0.23200000077486033
			vertex -0.12772792488336562 0.21000000000000008 0.23727207817137236
		endloop
	endfacet
	facet normal -0.9171204900415744 0.12074134822858179 -0.3798835789736735
		outer loop
			vertex -0.1330000004172325 0.21000000000000005 0.24999999999999994
			vertex -0.12772792488336562 0.21000000000000005 0.23727207817137236
			vertex -0.13562371492385863 0.1900709336996079 0.24999999999999994
		endloop
	endfacet
	facet normal -0.9171203322866069 0.12074096462175556 -0.37988408175219923
		outer loop
			vertex -0.12772792488336562 0.21000000000000005 0.23727207817137236
			vertex -0.13053127288818359 0.18870641946792607 0.23727207817137236
			vertex -0.13562371492385863 0.1900709336996079 0.24999999999999994
		endloop
	endfacet
	facet normal -0.8546201216534883 0.35399511012153934 -0.37988407399497054
		outer loop
			vertex -0.13562371492385863 0.1900709336996079 0.24999999999999994
			vertex -0.13053127288818359 0.18870641946792607 0.23727207817137236
			vertex -0.14331604450941085 0.1715000002086163 0.24999999999999997
		endloop
	endfacet
	facet normal -0.8546201621809376 0.3539954241181379 -0.37988369022274115
		outer loop
			vertex -0.13053127288818359 0.18870641946792607 0.23727207817137236
			vertex -0.13875029146671294 0.16886396244168286 0.23727207817137239
			vertex -0.14331604450941085 0.1715000002086163 0.24999999999999997
		endloop
	endfacet
	facet normal -0.7338790565810245 0.5631251425721411 -0.37988367181921806
		outer loop
			vertex -0.14331604450941085 0.1715000002086163 0.24999999999999997
			vertex -0.13875029146671294 0.16886396244168286 0.23727207817137239
			vertex -0.1555527774989605 0.15555277749896054 0.24999999999999997
		endloop
	endfacet
	facet normal -0.7338790471072194 0.563125213147232 -0.37988358550335444
		outer loop
			vertex -0.13875029146671294 0.16886396244168286 0.23727207817137239
			vertex -0.15182485714554786 0.15182485714554791 0.23727207817137239
			vertex -0.1555527774989605 0.15555277749896054 0.24999999999999997
		endloop
	endfacet
	facet normal -0.5631251648653853 0.7338790856341494 -0.37988358264620675
		outer loop
			vertex -0.1555527774989605 0.15555277749896054 0.24999999999999997
			vertex -0.15182485714554786 0.15182485714554791 0.23727207817137239
			vertex -0.17150000020861625 0.1433160445094109 0.24999999999999997
		endloop
	endfacet
	facet normal -0.5631251922825599 0.73387901991585 -0.3798836689620674
		outer loop
			vertex -0.15182485714554786 0.15182485714554791 0.23727207817137239
			vertex -0.1688639624416828 0.138750291466713 0.23727207817137239
			vertex -0.17150000020861625 0.1433160445094109 0.24999999999999997
		endloop
	endfacet
	facet normal -0.3539951724302757 0.8546202720801407 -0.379883677519482
		outer loop
			vertex -0.17150000020861625 0.1433160445094109 0.24999999999999997
			vertex -0.1688639624416828 0.138750291466713 0.23727207817137239
			vertex -0.19007093369960784 0.1356237149238587 0.24999999999999997
		endloop
	endfacet
	facet normal -0.35399536580217095 0.8546200213938028 -0.3798840612916574
		outer loop
			vertex -0.1688639624416828 0.138750291466713 0.23727207817137239
			vertex -0.18870641946792602 0.13053127288818364 0.23727207817137239
			vertex -0.19007093369960784 0.1356237149238587 0.24999999999999997
		endloop
	endfacet
	facet normal -0.12074132038592128 0.9171202785558255 -0.37988409839469434
		outer loop
			vertex -0.19007093369960784 0.1356237149238587 0.24999999999999997
			vertex -0.18870641946792602 0.13053127288818364 0.23727207817137239
			vertex -0.21 0.13300000041723256 0.24999999999999997
		endloop
	endfacet
	facet normal -0.12074099068015454 0.917120530220155 -0.37988359561617924
		outer loop
			vertex -0.18870641946792602 0.13053127288818364 0.23727207817137239
			vertex -0.21 0.12772792488336568 0.23727207817137239
			vertex -0.21 0.13300000041723256 0.24999999999999997
		endloop
	endfacet
	facet normal 0.12074134822858179 0.9171204900415744 -0.3798835789736735
		outer loop
			vertex -0.21 0.13300000041723256 0.24999999999999997
			vertex -0.21 0.12772792488336568 0.23727207817137239
			vertex -0.22992906630039214 0.1356237149238587 0.24999999999999997
		endloop
	endfacet
	facet normal 0.12074096462175556 0.9171203322866069 -0.37988408175219923
		outer loop
			vertex -0.21 0.12772792488336568 0.23727207817137239
			vertex -0.23129358053207397 0.13053127288818364 0.23727207817137239
			vertex -0.22992906630039214 0.1356237149238587 0.24999999999999997
		endloop
	endfacet
	facet normal 0.3539951101215398 0.8546201216534882 -0.37988407399497054
		outer loop
			vertex -0.22992906630039214 0.1356237149238587 0.24999999999999997
			vertex -0.23129358053207397 0.13053127288818364 0.23727207817137239
			vertex -0.24849999979138374 0.1433160445094109 0.24999999999999997
		endloop
	endfacet
	facet normal 0.35399542411813884 0.8546201621809375 -0.3798836902227406
		outer loop
			vertex -0.23129358053207397 0.13053127288818364 0.23727207817137239
			vertex -0.25113603755831715 0.138750291466713 0.23727207817137239
			vertex -0.24849999979138374 0.1433160445094109 0.24999999999999997
		endloop
	endfacet
	facet normal 0.563125142572142 0.7338790565810244 -0.37988367181921706
		outer loop
			vertex -0.24849999979138374 0.1433160445094109 0.24999999999999997
			vertex -0.25113603755831715 0.138750291466713 0.23727207817137239
			vertex -0.26444722250103947 0.15555277749896054 0.24999999999999997
		endloop
	endfacet
	facet normal 0.563125213147232 0.7338790471072194 -0.37988358550335444
		outer loop
			vertex -0.25113603755831715 0.138750291466713 0.23727207817137239
			vertex -0.2681751428544521 0.15182485714554791 0.23727207817137239
			vertex -0.26444722250103947 0.15555277749896054 0.24999999999999997
		endloop
	endfacet
	facet normal 0.7338790856341494 0.5631251648653853 -0.37988358264620675
		outer loop
			vertex -0.26444722250103947 0.15555277749896054 0.24999999999999997
			vertex -0.2681751428544521 0.15182485714554791 0.23727207817137239
			vertex -0.2766839554905891 0.1715000002086163 0.24999999999999997
		endloop
	endfacet
	facet normal 0.73387901991585 0.5631251922825599 -0.3798836689620674
		outer loop
			vertex -0.2681751428544521 0.15182485714554791 0.23727207817137239
			vertex -0.281249708533287 0.16886396244168286 0.23727207817137239
			vertex -0.2766839554905891 0.1715000002086163 0.24999999999999997
		endloop
	endfacet
	facet normal 0.8546202720801409 0.3539951724302752 -0.379883677519482
		outer loop
			vertex -0.2766839554905891 0.1715000002086163 0.24999999999999997
			vertex -0.281249708533287 0.16886396244168286 0.23727207817137239
			vertex -0.2843762850761413 0.1900709336996079 0.24999999999999994
		endloop
	endfacet
	facet normal 0.8546200213938028 0.3539953658021704 -0.3798840612916573
		outer loop
			vertex -0.281249708533287 0.16886396244168286 0.23727207817137239
			vertex -0.28946872711181637 0.18870641946792607 0.23727207817137236
			vertex -0.2843762850761413 0.1900709336996079 0.24999999999999994
		endloop
	endfacet
	facet normal 0.9171202785558255 0.12074132038592128 -0.37988409839469434
		outer loop
			vertex -0.2843762850761413 0.1900709336996079 0.24999999999999994
			vertex -0.28946872711181637 0.18870641946792607 0.23727207817137236
			vertex -0.28699999958276745 0.21000000000000005 0.24999999999999994
		endloop
	endfacet
	facet normal 0.9171205302201548 0.12074099068015468 -0.3798835956161794
		outer loop
			vertex -0.28946872711181637 0.18870641946792607 0.23727207817137236
			vertex -0.29227207511663433 0.21000000000000002 0.23727207817137236
			vertex -0.28699999958276745 0.21000000000000005 0.24999999999999994
		endloop
	endfacet
	facet normal 0.9171204900415744 -0.1207413482285818 -0.3798835789736732
		outer loop
			vertex -0.28699999958276745 0.21000000000000005 0.24999999999999994
			vertex -0.29227207511663433 0.21000000000000002 0.23727207817137236
			vertex -0.2843762850761413 0.2299290663003922 0.24999999999999994
		endloop
	endfacet
	facet normal 0.917120332286607 -0.12074096462175539 -0.3798840817521992
		outer loop
			vertex -0.29227207511663433 0.21000000000000002 0.23727207817137236
			vertex -0.28946872711181637 0.23129358053207402 0.23727207817137236
			vertex -0.2843762850761413 0.2299290663003922 0.24999999999999994
		endloop
	endfacet
	facet normal 0.8546201216534881 -0.3539951101215403 -0.37988407399497054
		outer loop
			vertex -0.2843762850761413 0.2299290663003922 0.24999999999999994
			vertex -0.28946872711181637 0.23129358053207402 0.23727207817137236
			vertex -0.2766839554905891 0.2484999997913838 0.24999999999999992
		endloop
	endfacet
	facet normal 0.8546201621809374 -0.3539954241181393 -0.3798836902227406
		outer loop
			vertex -0.28946872711181637 0.23129358053207402 0.23727207817137236
			vertex -0.281249708533287 0.2511360375583172 0.23727207817137233
			vertex -0.2766839554905891 0.2484999997913838 0.24999999999999992
		endloop
	endfacet
	facet normal 0.7338790565810253 -0.5631251425721407 -0.3798836718192171
		outer loop
			vertex -0.2766839554905891 0.2484999997913838 0.24999999999999992
			vertex -0.281249708533287 0.2511360375583172 0.23727207817137233
			vertex -0.26444722250103947 0.2644472225010396 0.24999999999999992
		endloop
	endfacet
	facet normal 0.7338790471072201 -0.5631252131472325 -0.3798835855033523
		outer loop
			vertex -0.281249708533287 0.2511360375583172 0.23727207817137233
			vertex -0.2681751428544521 0.26817514285445215 0.23727207817137233
			vertex -0.26444722250103947 0.2644472225010396 0.24999999999999992
		endloop
	endfacet
	facet normal 0.5631251648653868 -0.7338790856341497 -0.37988358264620414
		outer loop
			vertex -0.26444722250103947 0.2644472225010396 0.24999999999999992
			vertex -0.2681751428544521 0.26817514285445215 0.23727207817137233
			vertex -0.24849999979138374 0.2766839554905892 0.24999999999999992
		endloop
	endfacet
	facet normal 0.5631251922825616 -0.7338790199158493 -0.37988366896206627
		outer loop
			vertex -0.2681751428544521 0.26817514285445215 0.23727207817137233
			vertex -0.25113603755831715 0.2812497085332871 0.23727207817137233
			vertex -0.24849999979138374 0.2766839554905892 0.24999999999999992
		endloop
	endfacet
	facet normal 0.3539951724302758 -0.8546202720801409 -0.3798836775194814
		outer loop
			vertex -0.24849999979138374 0.2766839554905892 0.24999999999999992
			vertex -0.25113603755831715 0.2812497085332871 0.23727207817137233
			vertex -0.22992906630039214 0.28437628507614143 0.24999999999999992
		endloop
	endfacet
	facet normal 0.35399536580217134 -0.8546200213938026 -0.3798840612916574
		outer loop
			vertex -0.25113603755831715 0.2812497085332871 0.23727207817137233
			vertex -0.23129358053207397 0.2894687271118165 0.23727207817137233
			vertex -0.22992906630039214 0.28437628507614143 0.24999999999999992
		endloop
	endfacet
	facet normal 0.12074132038592145 -0.9171202785558253 -0.37988409839469434
		outer loop
			vertex -0.22992906630039214 0.28437628507614143 0.24999999999999992
			vertex -0.23129358053207397 0.2894687271118165 0.23727207817137233
			vertex -0.21000000000000002 0.28699999958276756 0.24999999999999992
		endloop
	endfacet
	facet normal 0.1207409906801547 -0.917120530220155 -0.37988359561617924
		outer loop
			vertex -0.23129358053207397 0.2894687271118165 0.23727207817137233
			vertex -0.21000000000000002 0.29227207511663444 0.23727207817137233
			vertex -0.21000000000000002 0.28699999958276756 0.24999999999999992
		endloop
	endfacet
	facet normal -0.1207413482285816 -0.9171204900415743 -0.37988357897367336
		outer loop
			vertex -0.21000000000000002 0.28699999958276756 0.24999999999999992
			vertex -0.21000000000000002 0.29227207511663444 0.23727207817137233
			vertex -0.19007093369960784 0.28437628507614143 0.24999999999999992
		endloop
	endfacet
	facet normal -0.12074096462175539 -0.917120332286607 -0.3798840817521992
		outer loop
			vertex -0.21000000000000002 0.29227207511663444 0.23727207817137233
			vertex -0.18870641946792602 0.2894687271118165 0.23727207817137233
			vertex -0.19007093369960784 0.28437628507614143 0.24999999999999992
		endloop
	endfacet
	facet normal -0.3539951101215398 -0.8546201216534882 -0.37988407399497054
		outer loop
			vertex -0.19007093369960784 0.28437628507614143 0.24999999999999992
			vertex -0.18870641946792602 0.2894687271118165 0.23727207817137233
			vertex -0.17150000020861625 0.2766839554905892 0.24999999999999992
		endloop
	endfacet
	facet normal -0.3539954241181383 -0.8546201621809375 -0.37988369022274115
		outer loop
			vertex -0.18870641946792602 0.2894687271118165 0.23727207817137233
			vertex -0.1688639624416828 0.2812497085332871 0.23727207817137233
			vertex -0.17150000020861625 0.2766839554905892 0.24999999999999992
		endloop
	endfacet
	facet normal -0.5631251425721411 -0.7338790565810245 -0.37988367181921806
		outer loop
			vertex -0.17150000020861625 0.2766839554905892 0.24999999999999992
			vertex -0.1688639624416828 0.2812497085332871 0.23727207817137233
			vertex -0.1555527774989605 0.2644472225010396 0.24999999999999992
		endloop
	endfacet
	facet normal -0.5631252131472341 -0.7338790471072191 -0.3798835855033518
		outer loop
			vertex -0.1688639624416828 0.2812497085332871 0.23727207817137233
			vertex -0.15182485714554786 0.26817514285445215 0.23727207817137233
			vertex -0.1555527774989605 0.2644472225010396 0.24999999999999992
		endloop
	endfacet
	facet normal -0.7338790856341506 -0.5631251648653854 -0.3798835826462047
		outer loop
			vertex -0.1555527774989605 0.2644472225010396 0.24999999999999992
			vertex -0.15182485714554786 0.26817514285445215 0.23727207817137233
			vertex -0.14331604450941085 0.2484999997913838 0.24999999999999992
		endloop
	endfacet
	facet normal -0.7338790199158504 -0.5631251922825602 -0.37988366896206643
		outer loop
			vertex -0.15182485714554786 0.26817514285445215 0.23727207817137233
			vertex -0.13875029146671294 0.2511360375583172 0.23727207817137233
			vertex -0.14331604450941085 0.2484999997913838 0.24999999999999992
		endloop
	endfacet
	facet normal -0.8546202720801408 -0.35399517243027634 -0.3798836775194815
		outer loop
			vertex -0.14331604450941085 0.2484999997913838 0.24999999999999992
			vertex -0.13875029146671294 0.2511360375583172 0.23727207817137233
			vertex -0.13562371492385863 0.2299290663003922 0.24999999999999994
		endloop
	endfacet
	facet normal -0.8546200213938023 -0.35399536580217184 -0.3798840612916574
		outer loop
			vertex -0.13875029146671294 0.2511360375583172 0.23727207817137233
			vertex -0.13053127288818359 0.23129358053207402 0.23727207817137236
			vertex -0.13562371492385863 0.2299290663003922 0.24999999999999994
		endloop
	endfacet
	facet normal -0.9171202785558253 -0.12074132038592145 -0.37988409839469434
		outer loop
			vertex -0.13562371492385863 0.2299290663003922 0.24999999999999994
			vertex -0.13053127288818359 0.23129358053207402 0.23727207817137236
			vertex -0.1330000004172325 0.21000000000000008 0.24999999999999994
		endloop
	endfacet
	facet normal -0.917120530220155 -0.1207409906801547 -0.37988359561617924
		outer loop
			vertex -0.13053127288818359 0.23129358053207402 0.23727207817137236
			vertex -0.12772792488336562 0.21000000000000008 0.23727207817137236
			vertex -0.1330000004172325 0.21000000000000008 0.24999999999999994
		endloop
	endfacet
	facet normal -0.917120530220155 0.12074099068015454 0.37988359561617924
		outer loop
			vertex -0.12772792488336562 0.21000000000000005 0.26272792182862753
			vertex -0.1330000004172325 0.21000000000000005 0.24999999999999994
			vertex -0.13053127288818359 0.18870641946792607 0.26272792182862753
		endloop
	endfacet
	facet normal -0.9171202785558255 0.12074132038592128 0.37988409839469434
		outer loop
			vertex -0.1330000004172325 0.21000000000000005 0.24999999999999994
			vertex -0.13562371492385863 0.1900709336996079 0.24999999999999994
			vertex -0.13053127288818359 0.18870641946792607 0.26272792182862753
		endloop
	endfacet
	facet normal -0.8546200213938028 0.35399536580217095 0.3798840612916574
		outer loop
			vertex -0.13053127288818359 0.18870641946792607 0.26272792182862753
			vertex -0.13562371492385863 0.1900709336996079 0.24999999999999994
			vertex -0.13875029146671294 0.16886396244168286 0.26272792182862753
		endloop
	endfacet
	facet normal -0.8546202720801404 0.35399517243027606 0.3798836775194828
		outer loop
			vertex -0.13562371492385863 0.1900709336996079 0.24999999999999994
			vertex -0.14331604450941085 0.1715000002086163 0.24999999999999997
			vertex -0.13875029146671294 0.16886396244168286 0.26272792182862753
		endloop
	endfacet
	facet normal -0.7338790199158497 0.5631251922825598 0.3798836689620681
		outer loop
			vertex -0.13875029146671294 0.16886396244168286 0.26272792182862753
			vertex -0.14331604450941085 0.1715000002086163 0.24999999999999997
			vertex -0.15182485714554786 0.15182485714554791 0.26272792182862753
		endloop
	endfacet
	facet normal -0.7338790856341492 0.5631251648653852 0.37988358264620753
		outer loop
			vertex -0.14331604450941085 0.1715000002086163 0.24999999999999997
			vertex -0.1555527774989605 0.15555277749896054 0.24999999999999997
			vertex -0.15182485714554786 0.15182485714554791 0.26272792182862753
		endloop
	endfacet
	facet normal -0.5631252131472311 0.7338790471072197 0.3798835855033551
		outer loop
			vertex -0.15182485714554786 0.15182485714554791 0.26272792182862753
			vertex -0.1555527774989605 0.15555277749896054 0.24999999999999997
			vertex -0.1688639624416828 0.138750291466713 0.2627279218286276
		endloop
	endfacet
	facet normal -0.5631251425721413 0.7338790565810247 0.37988367181921734
		outer loop
			vertex -0.1555527774989605 0.15555277749896054 0.24999999999999997
			vertex -0.17150000020861625 0.1433160445094109 0.24999999999999997
			vertex -0.1688639624416828 0.138750291466713 0.2627279218286276
		endloop
	endfacet
	facet normal -0.35399542411813834 0.8546201621809377 0.37988369022274043
		outer loop
			vertex -0.1688639624416828 0.138750291466713 0.2627279218286276
			vertex -0.17150000020861625 0.1433160445094109 0.24999999999999997
			vertex -0.18870641946792602 0.13053127288818364 0.2627279218286276
		endloop
	endfacet
	facet normal -0.3539951101215399 0.8546201216534884 0.3798840739949698
		outer loop
			vertex -0.17150000020861625 0.1433160445094109 0.24999999999999997
			vertex -0.19007093369960784 0.1356237149238587 0.24999999999999997
			vertex -0.18870641946792602 0.13053127288818364 0.2627279218286276
		endloop
	endfacet
	facet normal -0.12074096462175561 0.9171203322866073 0.3798840817521985
		outer loop
			vertex -0.18870641946792602 0.13053127288818364 0.2627279218286276
			vertex -0.19007093369960784 0.1356237149238587 0.24999999999999997
			vertex -0.21 0.12772792488336568 0.2627279218286276
		endloop
	endfacet
	facet normal -0.12074134822858183 0.9171204900415745 0.3798835789736727
		outer loop
			vertex -0.19007093369960784 0.1356237149238587 0.24999999999999997
			vertex -0.21 0.13300000041723256 0.24999999999999997
			vertex -0.21 0.12772792488336568 0.2627279218286276
		endloop
	endfacet
	facet normal 0.12074099068015458 0.9171205302201554 0.3798835956161785
		outer loop
			vertex -0.21 0.12772792488336568 0.2627279218286276
			vertex -0.21 0.13300000041723256 0.24999999999999997
			vertex -0.23129358053207397 0.13053127288818364 0.2627279218286276
		endloop
	endfacet
	facet normal 0.12074132038592134 0.9171202785558258 0.37988409839469367
		outer loop
			vertex -0.21 0.13300000041723256 0.24999999999999997
			vertex -0.22992906630039214 0.1356237149238587 0.24999999999999997
			vertex -0.23129358053207397 0.13053127288818364 0.2627279218286276
		endloop
	endfacet
	facet normal 0.3539953658021714 0.8546200213938027 0.37988406129165664
		outer loop
			vertex -0.23129358053207397 0.13053127288818364 0.2627279218286276
			vertex -0.22992906630039214 0.1356237149238587 0.24999999999999997
			vertex -0.25113603755831715 0.138750291466713 0.2627279218286276
		endloop
	endfacet
	facet normal 0.35399517243027595 0.8546202720801414 0.37988367751948066
		outer loop
			vertex -0.22992906630039214 0.1356237149238587 0.24999999999999997
			vertex -0.24849999979138374 0.1433160445094109 0.24999999999999997
			vertex -0.25113603755831715 0.138750291466713 0.2627279218286276
		endloop
	endfacet
	facet normal 0.5631251922825594 0.7338790199158511 0.3798836689620656
		outer loop
			vertex -0.25113603755831715 0.138750291466713 0.2627279218286276
			vertex -0.24849999979138374 0.1433160445094109 0.24999999999999997
			vertex -0.2681751428544521 0.15182485714554791 0.26272792182862753
		endloop
	endfacet
	facet normal 0.5631251648653858 0.7338790856341487 0.3798835826462075
		outer loop
			vertex -0.24849999979138374 0.1433160445094109 0.24999999999999997
			vertex -0.26444722250103947 0.15555277749896054 0.24999999999999997
			vertex -0.2681751428544521 0.15182485714554791 0.26272792182862753
		endloop
	endfacet
	facet normal 0.7338790471072191 0.5631252131472319 0.3798835855033551
		outer loop
			vertex -0.2681751428544521 0.15182485714554791 0.26272792182862753
			vertex -0.26444722250103947 0.15555277749896054 0.24999999999999997
			vertex -0.281249708533287 0.16886396244168286 0.26272792182862753
		endloop
	endfacet
	facet normal 0.7338790565810243 0.5631251425721409 0.37988367181921884
		outer loop
			vertex -0.26444722250103947 0.15555277749896054 0.24999999999999997
			vertex -0.2766839554905891 0.1715000002086163 0.24999999999999997
			vertex -0.281249708533287 0.16886396244168286 0.26272792182862753
		endloop
	endfacet
	facet normal 0.8546201621809372 0.35399542411813817 0.3798836902227418
		outer loop
			vertex -0.281249708533287 0.16886396244168286 0.26272792182862753
			vertex -0.2766839554905891 0.1715000002086163 0.24999999999999997
			vertex -0.28946872711181637 0.18870641946792607 0.26272792182862753
		endloop
	endfacet
	facet normal 0.8546201216534881 0.3539951101215403 0.37988407399497054
		outer loop
			vertex -0.2766839554905891 0.1715000002086163 0.24999999999999997
			vertex -0.2843762850761413 0.1900709336996079 0.24999999999999994
			vertex -0.28946872711181637 0.18870641946792607 0.26272792182862753
		endloop
	endfacet
	facet normal 0.9171203322866069 0.12074096462175556 0.37988408175219923
		outer loop
			vertex -0.28946872711181637 0.18870641946792607 0.26272792182862753
			vertex -0.2843762850761413 0.1900709336996079 0.24999999999999994
			vertex -0.29227207511663433 0.21000000000000005 0.26272792182862753
		endloop
	endfacet
	facet normal 0.9171204900415744 0.12074134822858179 0.3798835789736735
		outer loop
			vertex -0.2843762850761413 0.1900709336996079 0.24999999999999994
			vertex -0.28699999958276745 0.21000000000000005 0.24999999999999994
			vertex -0.29227207511663433 0.21000000000000005 0.26272792182862753
		endloop
	endfacet
	facet normal 0.917120530220155 -0.12074099068015454 0.37988359561617924
		outer loop
			vertex -0.29227207511663433 0.21000000000000005 0.26272792182862753
			vertex -0.28699999958276745 0.21000000000000005 0.24999999999999994
			vertex -0.28946872711181637 0.23129358053207402 0.26272792182862753
		endloop
	endfacet
	facet normal 0.9171202785558255 -0.12074132038592128 0.37988409839469434
		outer loop
			vertex -0.28699999958276745 0.21000000000000005 0.24999999999999994
			vertex -0.2843762850761413 0.2299290663003922 0.24999999999999994
			vertex -0.28946872711181637 0.23129358053207402 0.26272792182862753
		endloop
	endfacet
	facet normal 0.8546200213938029 -0.35399536580217045 0.37988406129165736
		outer loop
			vertex -0.28946872711181637 0.23129358053207402 0.26272792182862753
			vertex -0.2843762850761413 0.2299290663003922 0.24999999999999994
			vertex -0.281249708533287 0.25113603755831726 0.26272792182862753
		endloop
	endfacet
	facet normal 0.8546202720801409 -0.35399517243027523 0.3798836775194819
		outer loop
			vertex -0.2843762850761413 0.2299290663003922 0.24999999999999994
			vertex -0.2766839554905891 0.2484999997913838 0.24999999999999992
			vertex -0.281249708533287 0.25113603755831726 0.26272792182862753
		endloop
	endfacet
	facet normal 0.7338790199158499 -0.5631251922825598 0.37988366896206766
		outer loop
			vertex -0.281249708533287 0.25113603755831726 0.26272792182862753
			vertex -0.2766839554905891 0.2484999997913838 0.24999999999999992
			vertex -0.2681751428544521 0.2681751428544522 0.26272792182862753
		endloop
	endfacet
	facet normal 0.73387908563415 -0.563125164865385 0.37988358264620603
		outer loop
			vertex -0.2766839554905891 0.2484999997913838 0.24999999999999992
			vertex -0.26444722250103947 0.2644472225010396 0.24999999999999992
			vertex -0.2681751428544521 0.2681751428544522 0.26272792182862753
		endloop
	endfacet
	facet normal 0.563125213147233 -0.733879047107219 0.37988358550335377
		outer loop
			vertex -0.2681751428544521 0.2681751428544522 0.26272792182862753
			vertex -0.26444722250103947 0.2644472225010396 0.24999999999999992
			vertex -0.25113603755831715 0.2812497085332871 0.2627279218286275
		endloop
	endfacet
	facet normal 0.5631251425721417 -0.7338790565810241 0.37988367181921767
		outer loop
			vertex -0.26444722250103947 0.2644472225010396 0.24999999999999992
			vertex -0.24849999979138374 0.2766839554905892 0.24999999999999992
			vertex -0.25113603755831715 0.2812497085332871 0.2627279218286275
		endloop
	endfacet
	facet normal 0.3539954241181387 -0.8546201621809373 0.3798836902227413
		outer loop
			vertex -0.25113603755831715 0.2812497085332871 0.2627279218286275
			vertex -0.24849999979138374 0.2766839554905892 0.24999999999999992
			vertex -0.23129358053207397 0.2894687271118165 0.2627279218286275
		endloop
	endfacet
	facet normal 0.35399511012153967 -0.8546201216534879 0.3798840739949712
		outer loop
			vertex -0.24849999979138374 0.2766839554905892 0.24999999999999992
			vertex -0.22992906630039214 0.28437628507614143 0.24999999999999992
			vertex -0.23129358053207397 0.2894687271118165 0.2627279218286275
		endloop
	endfacet
	facet normal 0.1207409646217557 -0.9171203322866068 0.3798840817522001
		outer loop
			vertex -0.23129358053207397 0.2894687271118165 0.2627279218286275
			vertex -0.22992906630039214 0.28437628507614143 0.24999999999999992
			vertex -0.21000000000000002 0.29227207511663444 0.2627279218286275
		endloop
	endfacet
	facet normal 0.12074134822858192 -0.9171204900415739 0.3798835789736741
		outer loop
			vertex -0.22992906630039214 0.28437628507614143 0.24999999999999992
			vertex -0.21000000000000002 0.28699999958276756 0.24999999999999992
			vertex -0.21000000000000002 0.29227207511663444 0.2627279218286275
		endloop
	endfacet
	facet normal -0.12074099068015433 -0.9171205302201548 0.37988359561617996
		outer loop
			vertex -0.21000000000000002 0.29227207511663444 0.2627279218286275
			vertex -0.21000000000000002 0.28699999958276756 0.24999999999999992
			vertex -0.18870641946792602 0.2894687271118165 0.2627279218286275
		endloop
	endfacet
	facet normal -0.12074132038592106 -0.917120278555825 0.37988409839469495
		outer loop
			vertex -0.21000000000000002 0.28699999958276756 0.24999999999999992
			vertex -0.19007093369960784 0.28437628507614143 0.24999999999999992
			vertex -0.18870641946792602 0.2894687271118165 0.2627279218286275
		endloop
	endfacet
	facet normal -0.3539953658021708 -0.8546200213938023 0.379884061291658
		outer loop
			vertex -0.18870641946792602 0.2894687271118165 0.2627279218286275
			vertex -0.19007093369960784 0.28437628507614143 0.24999999999999992
			vertex -0.1688639624416828 0.2812497085332871 0.2627279218286275
		endloop
	endfacet
	facet normal -0.35399517243027556 -0.8546202720801405 0.3798836775194827
		outer loop
			vertex -0.19007093369960784 0.28437628507614143 0.24999999999999992
			vertex -0.17150000020861625 0.2766839554905892 0.24999999999999992
			vertex -0.1688639624416828 0.2812497085332871 0.2627279218286275
		endloop
	endfacet
	facet normal -0.5631251922825605 -0.7338790199158491 0.3798836689620681
		outer loop
			vertex -0.1688639624416828 0.2812497085332871 0.2627279218286275
			vertex -0.17150000020861625 0.2766839554905892 0.24999999999999992
			vertex -0.15182485714554786 0.2681751428544522 0.26272792182862753
		endloop
	endfacet
	facet normal -0.5631251648653856 -0.7338790856341496 0.37988358264620603
		outer loop
			vertex -0.17150000020861625 0.2766839554905892 0.24999999999999992
			vertex -0.1555527774989605 0.2644472225010396 0.24999999999999992
			vertex -0.15182485714554786 0.2681751428544522 0.26272792182862753
		endloop
	endfacet
	facet normal -0.7338790471072196 -0.5631252131472321 0.3798835855033537
		outer loop
			vertex -0.15182485714554786 0.2681751428544522 0.26272792182862753
			vertex -0.1555527774989605 0.2644472225010396 0.24999999999999992
			vertex -0.13875029146671294 0.25113603755831726 0.26272792182862753
		endloop
	endfacet
	facet normal -0.7338790565810247 -0.5631251425721404 0.3798836718192184
		outer loop
			vertex -0.1555527774989605 0.2644472225010396 0.24999999999999992
			vertex -0.14331604450941085 0.2484999997913838 0.24999999999999992
			vertex -0.13875029146671294 0.25113603755831726 0.26272792182862753
		endloop
	endfacet
	facet normal -0.8546201621809377 -0.35399542411813784 0.3798836902227411
		outer loop
			vertex -0.13875029146671294 0.25113603755831726 0.26272792182862753
			vertex -0.14331604450941085 0.2484999997913838 0.24999999999999992
			vertex -0.13053127288818359 0.23129358053207402 0.26272792182862753
		endloop
	endfacet
	facet normal -0.8546201216534883 -0.35399511012153934 0.37988407399497054
		outer loop
			vertex -0.14331604450941085 0.2484999997913838 0.24999999999999992
			vertex -0.13562371492385863 0.2299290663003922 0.24999999999999994
			vertex -0.13053127288818359 0.23129358053207402 0.26272792182862753
		endloop
	endfacet
	facet normal -0.917120332286607 -0.12074096462175574 0.37988408175219934
		outer loop
			vertex -0.13053127288818359 0.23129358053207402 0.26272792182862753
			vertex -0.13562371492385863 0.2299290663003922 0.24999999999999994
			vertex -0.12772792488336562 0.21000000000000008 0.26272792182862753
		endloop
	endfacet
	facet normal -0.9171204900415743 -0.12074134822858197 0.3798835789736734
		outer loop
			vertex -0.13562371492385863 0.2299290663003922 0.24999999999999994
			vertex -0.1330000004172325 0.21000000000000008 0.24999999999999994
			vertex -0.12772792488336562 0.21000000000000008 0.26272792182862753
		endloop
	endfacet
	facet normal -0.3821986033423592 0.05031739603273562 0.9227092647522485
		outer loop
			vertex -0.11500000119209289 0.21000000000000005 0.26799999922513956
			vertex -0.12772792488336562 0.21000000000000005 0.26272792182862753
			vertex -0.11823704749345779 0.18541218996047978 0.26799999922513956
		endloop
	endfacet
	facet normal -0.382198746537212 0.05031732882758457 0.9227092091038437
		outer loop
			vertex -0.12772792488336562 0.21000000000000005 0.26272792182862753
			vertex -0.13053127288818359 0.18870641946792607 0.26272792182862753
			vertex -0.11823704749345779 0.18541218996047978 0.26799999922513956
		endloop
	endfacet
	facet normal -0.35615249260349774 0.14752323211977633 0.9227092163825232
		outer loop
			vertex -0.11823704749345779 0.18541218996047978 0.26799999922513956
			vertex -0.13053127288818359 0.18870641946792607 0.26272792182862753
			vertex -0.12772758960723876 0.1625000005960465 0.26799999922513956
		endloop
	endfacet
	facet normal -0.3561524450366982 0.1475232406286074 0.9227092333822263
		outer loop
			vertex -0.13053127288818359 0.18870641946792607 0.26272792182862753
			vertex -0.13875029146671294 0.16886396244168286 0.26272792182862753
			vertex -0.12772758960723876 0.1625000005960465 0.26799999922513956
		endloop
	endfacet
	facet normal -0.3058350571045768 0.234675487918488 0.9227092354669808
		outer loop
			vertex -0.12772758960723876 0.1625000005960465 0.26799999922513956
			vertex -0.13875029146671294 0.16886396244168286 0.26272792182862753
			vertex -0.14282485753297805 0.14282485753297813 0.2679999992251396
		endloop
	endfacet
	facet normal -0.3058350405956119 0.23467548651533382 0.9227092412958006
		outer loop
			vertex -0.13875029146671294 0.16886396244168286 0.26272792182862753
			vertex -0.15182485714554786 0.15182485714554791 0.26272792182862753
			vertex -0.14282485753297805 0.14282485753297813 0.2679999992251396
		endloop
	endfacet
	facet normal -0.23467548003507555 0.30583504683071727 0.9227092408772982
		outer loop
			vertex -0.14282485753297805 0.14282485753297813 0.2679999992251396
			vertex -0.15182485714554786 0.15182485714554791 0.26272792182862753
			vertex -0.16250000059604644 0.12772758960723885 0.2679999992251396
		endloop
	endfacet
	facet normal -0.23467549561834739 0.30583505245889375 0.9227092350484787
		outer loop
			vertex -0.15182485714554786 0.15182485714554791 0.26272792182862753
			vertex -0.1688639624416828 0.138750291466713 0.2627279218286276
			vertex -0.16250000059604644 0.12772758960723885 0.2679999992251396
		endloop
	endfacet
	facet normal -0.14752321766646231 0.3561524577101198 0.922709232161668
		outer loop
			vertex -0.16250000059604644 0.12772758960723885 0.2679999992251396
			vertex -0.1688639624416828 0.138750291466713 0.2627279218286276
			vertex -0.18541218996047973 0.11823704749345786 0.2679999992251396
		endloop
	endfacet
	facet normal -0.14752325731792792 0.3561524853282637 0.9227092151619651
		outer loop
			vertex -0.1688639624416828 0.138750291466713 0.2627279218286276
			vertex -0.18870641946792602 0.13053127288818364 0.2627279218286276
			vertex -0.18541218996047973 0.11823704749345786 0.2679999992251396
		endloop
	endfacet
	facet normal -0.05031741217025125 0.3821987259189713 0.9227092130993405
		outer loop
			vertex -0.18541218996047973 0.11823704749345786 0.2679999992251396
			vertex -0.18870641946792602 0.13053127288818364 0.2627279218286276
			vertex -0.21 0.11500000119209296 0.2679999992251396
		endloop
	endfacet
	facet normal -0.050317310193540826 0.3821986049973424 0.9227092687477312
		outer loop
			vertex -0.18870641946792602 0.13053127288818364 0.2627279218286276
			vertex -0.21 0.12772792488336568 0.2627279218286276
			vertex -0.21 0.11500000119209296 0.2679999992251396
		endloop
	endfacet
	facet normal 0.050317396032735676 0.3821986033423595 0.9227092647522482
		outer loop
			vertex -0.21 0.11500000119209296 0.2679999992251396
			vertex -0.21 0.12772792488336568 0.2627279218286276
			vertex -0.23458781003952026 0.11823704749345786 0.2679999992251396
		endloop
	endfacet
	facet normal 0.05031732882758462 0.38219874653721236 0.9227092091038436
		outer loop
			vertex -0.21 0.12772792488336568 0.2627279218286276
			vertex -0.23129358053207397 0.13053127288818364 0.2627279218286276
			vertex -0.23458781003952026 0.11823704749345786 0.2679999992251396
		endloop
	endfacet
	facet normal 0.14752323211977686 0.356152492603498 0.9227092163825232
		outer loop
			vertex -0.23458781003952026 0.11823704749345786 0.2679999992251396
			vertex -0.23129358053207397 0.13053127288818364 0.2627279218286276
			vertex -0.2574999994039535 0.12772758960723885 0.2679999992251396
		endloop
	endfacet
	facet normal 0.14752324062860783 0.35615244503669874 0.922709233382226
		outer loop
			vertex -0.23129358053207397 0.13053127288818364 0.2627279218286276
			vertex -0.25113603755831715 0.138750291466713 0.2627279218286276
			vertex -0.2574999994039535 0.12772758960723885 0.2679999992251396
		endloop
	endfacet
	facet normal 0.23467548791848628 0.3058350571045784 0.9227092354669805
		outer loop
			vertex -0.2574999994039535 0.12772758960723885 0.2679999992251396
			vertex -0.25113603755831715 0.138750291466713 0.2627279218286276
			vertex -0.2771751424670219 0.14282485753297813 0.2679999992251396
		endloop
	endfacet
	facet normal 0.23467548651533218 0.3058350405956136 0.9227092412958006
		outer loop
			vertex -0.25113603755831715 0.138750291466713 0.2627279218286276
			vertex -0.2681751428544521 0.15182485714554791 0.26272792182862753
			vertex -0.2771751424670219 0.14282485753297813 0.2679999992251396
		endloop
	endfacet
	facet normal 0.3058350468307155 0.2346754800350771 0.9227092408772983
		outer loop
			vertex -0.2771751424670219 0.14282485753297813 0.2679999992251396
			vertex -0.2681751428544521 0.15182485714554791 0.26272792182862753
			vertex -0.2922724103927612 0.1625000005960465 0.26799999922513956
		endloop
	endfacet
	facet normal 0.3058350524588921 0.23467549561834913 0.9227092350484789
		outer loop
			vertex -0.2681751428544521 0.15182485714554791 0.26272792182862753
			vertex -0.281249708533287 0.16886396244168286 0.26272792182862753
			vertex -0.2922724103927612 0.1625000005960465 0.26799999922513956
		endloop
	endfacet
	facet normal 0.3561524577101193 0.14752321766646187 0.9227092321616683
		outer loop
			vertex -0.2922724103927612 0.1625000005960465 0.26799999922513956
			vertex -0.281249708533287 0.16886396244168286 0.26272792182862753
			vertex -0.30176295250654217 0.18541218996047978 0.26799999922513956
		endloop
	endfacet
	facet normal 0.3561524853282634 0.1475232573179278 0.9227092151619651
		outer loop
			vertex -0.281249708533287 0.16886396244168286 0.26272792182862753
			vertex -0.28946872711181637 0.18870641946792607 0.26272792182862753
			vertex -0.30176295250654217 0.18541218996047978 0.26799999922513956
		endloop
	endfacet
	facet normal 0.38219872591897097 0.0503174121702512 0.9227092130993406
		outer loop
			vertex -0.30176295250654217 0.18541218996047978 0.26799999922513956
			vertex -0.28946872711181637 0.18870641946792607 0.26272792182862753
			vertex -0.30499999880790707 0.21000000000000005 0.26799999922513956
		endloop
	endfacet
	facet normal 0.38219860499734204 0.050317310193540785 0.9227092687477313
		outer loop
			vertex -0.28946872711181637 0.18870641946792607 0.26272792182862753
			vertex -0.29227207511663433 0.21000000000000005 0.26272792182862753
			vertex -0.30499999880790707 0.21000000000000005 0.26799999922513956
		endloop
	endfacet
	facet normal 0.3821986033423592 -0.05031739603273562 0.9227092647522485
		outer loop
			vertex -0.30499999880790707 0.21000000000000005 0.26799999922513956
			vertex -0.29227207511663433 0.21000000000000005 0.26272792182862753
			vertex -0.30176295250654217 0.2345878100395203 0.26799999922513956
		endloop
	endfacet
	facet normal 0.382198746537212 -0.05031732882758457 0.9227092091038437
		outer loop
			vertex -0.29227207511663433 0.21000000000000005 0.26272792182862753
			vertex -0.28946872711181637 0.23129358053207402 0.26272792182862753
			vertex -0.30176295250654217 0.2345878100395203 0.26799999922513956
		endloop
	endfacet
	facet normal 0.3561524926034978 -0.1475232321197762 0.9227092163825233
		outer loop
			vertex -0.30176295250654217 0.2345878100395203 0.26799999922513956
			vertex -0.28946872711181637 0.23129358053207402 0.26272792182862753
			vertex -0.2922724103927612 0.2574999994039536 0.26799999922513956
		endloop
	endfacet
	facet normal 0.3561524450366983 -0.14752324062860722 0.9227092333822263
		outer loop
			vertex -0.28946872711181637 0.23129358053207402 0.26272792182862753
			vertex -0.281249708533287 0.25113603755831726 0.26272792182862753
			vertex -0.2922724103927612 0.2574999994039536 0.26799999922513956
		endloop
	endfacet
	facet normal 0.30583505710457903 -0.23467548791848417 0.9227092354669808
		outer loop
			vertex -0.2922724103927612 0.2574999994039536 0.26799999922513956
			vertex -0.281249708533287 0.25113603755831726 0.26272792182862753
			vertex -0.2771751424670219 0.277175142467022 0.2679999992251395
		endloop
	endfacet
	facet normal 0.305835040595606 -0.23467548651532927 0.9227092412958036
		outer loop
			vertex -0.281249708533287 0.25113603755831726 0.26272792182862753
			vertex -0.2681751428544521 0.2681751428544522 0.26272792182862753
			vertex -0.2771751424670219 0.277175142467022 0.2679999992251395
		endloop
	endfacet
	facet normal 0.23467548003507105 -0.3058350468307114 0.9227092408773013
		outer loop
			vertex -0.2771751424670219 0.277175142467022 0.2679999992251395
			vertex -0.2681751428544521 0.2681751428544522 0.26272792182862753
			vertex -0.2574999994039535 0.2922724103927613 0.2679999992251395
		endloop
	endfacet
	facet normal 0.23467549561835116 -0.30583505245889087 0.9227092350484787
		outer loop
			vertex -0.2681751428544521 0.2681751428544522 0.26272792182862753
			vertex -0.25113603755831715 0.2812497085332871 0.2627279218286275
			vertex -0.2574999994039535 0.2922724103927613 0.2679999992251395
		endloop
	endfacet
	facet normal 0.14752321766646204 -0.3561524577101192 0.9227092321616684
		outer loop
			vertex -0.2574999994039535 0.2922724103927613 0.2679999992251395
			vertex -0.25113603755831715 0.2812497085332871 0.2627279218286275
			vertex -0.23458781003952026 0.3017629525065423 0.2679999992251395
		endloop
	endfacet
	facet normal 0.14752325731792798 -0.3561524853282633 0.9227092151619651
		outer loop
			vertex -0.25113603755831715 0.2812497085332871 0.2627279218286275
			vertex -0.23129358053207397 0.2894687271118165 0.2627279218286275
			vertex -0.23458781003952026 0.3017629525065423 0.2679999992251395
		endloop
	endfacet
	facet normal 0.050317412170251256 -0.3821987259189709 0.9227092130993407
		outer loop
			vertex -0.23458781003952026 0.3017629525065423 0.2679999992251395
			vertex -0.23129358053207397 0.2894687271118165 0.2627279218286275
			vertex -0.21000000000000002 0.3049999988079072 0.2679999992251395
		endloop
	endfacet
	facet normal 0.050317310193540854 -0.3821986049973421 0.9227092687477313
		outer loop
			vertex -0.23129358053207397 0.2894687271118165 0.2627279218286275
			vertex -0.21000000000000002 0.29227207511663444 0.2627279218286275
			vertex -0.21000000000000002 0.3049999988079072 0.2679999992251395
		endloop
	endfacet
	facet normal -0.05031739603273556 -0.38219860334235917 0.9227092647522485
		outer loop
			vertex -0.21000000000000002 0.3049999988079072 0.2679999992251395
			vertex -0.21000000000000002 0.29227207511663444 0.2627279218286275
			vertex -0.18541218996047973 0.3017629525065423 0.2679999992251395
		endloop
	endfacet
	facet normal -0.05031732882758451 -0.38219874653721203 0.9227092091038437
		outer loop
			vertex -0.21000000000000002 0.29227207511663444 0.2627279218286275
			vertex -0.18870641946792602 0.2894687271118165 0.2627279218286275
			vertex -0.18541218996047973 0.3017629525065423 0.2679999992251395
		endloop
	endfacet
	facet normal -0.14752323211977633 -0.35615249260349774 0.9227092163825232
		outer loop
			vertex -0.18541218996047973 0.3017629525065423 0.2679999992251395
			vertex -0.18870641946792602 0.2894687271118165 0.2627279218286275
			vertex -0.16250000059604644 0.2922724103927613 0.2679999992251395
		endloop
	endfacet
	facet normal -0.1475232406286074 -0.3561524450366982 0.9227092333822263
		outer loop
			vertex -0.18870641946792602 0.2894687271118165 0.2627279218286275
			vertex -0.1688639624416828 0.2812497085332871 0.2627279218286275
			vertex -0.16250000059604644 0.2922724103927613 0.2679999992251395
		endloop
	endfacet
	facet normal -0.23467548791848597 -0.305835057104578 0.9227092354669809
		outer loop
			vertex -0.16250000059604644 0.2922724103927613 0.2679999992251395
			vertex -0.1688639624416828 0.2812497085332871 0.2627279218286275
			vertex -0.14282485753297805 0.277175142467022 0.2679999992251395
		endloop
	endfacet
	facet normal -0.23467548651533107 -0.3058350405956044 0.9227092412958039
		outer loop
			vertex -0.1688639624416828 0.2812497085332871 0.2627279218286275
			vertex -0.15182485714554786 0.2681751428544522 0.26272792182862753
			vertex -0.14282485753297805 0.277175142467022 0.2679999992251395
		endloop
	endfacet
	facet normal -0.3058350468307128 -0.23467548003506952 0.9227092408773012
		outer loop
			vertex -0.14282485753297805 0.277175142467022 0.2679999992251395
			vertex -0.15182485714554786 0.2681751428544522 0.26272792182862753
			vertex -0.12772758960723876 0.2574999994039536 0.26799999922513956
		endloop
	endfacet
	facet normal -0.3058350524588921 -0.23467549561834913 0.9227092350484789
		outer loop
			vertex -0.15182485714554786 0.2681751428544522 0.26272792182862753
			vertex -0.13875029146671294 0.25113603755831726 0.26272792182862753
			vertex -0.12772758960723876 0.2574999994039536 0.26799999922513956
		endloop
	endfacet
	facet normal -0.35615245771011933 -0.1475232176664617 0.9227092321616683
		outer loop
			vertex -0.12772758960723876 0.2574999994039536 0.26799999922513956
			vertex -0.13875029146671294 0.25113603755831726 0.26272792182862753
			vertex -0.11823704749345779 0.2345878100395203 0.26799999922513956
		endloop
	endfacet
	facet normal -0.3561524853282635 -0.14752325731792762 0.9227092151619651
		outer loop
			vertex -0.13875029146671294 0.25113603755831726 0.26272792182862753
			vertex -0.13053127288818359 0.23129358053207402 0.26272792182862753
			vertex -0.11823704749345779 0.2345878100395203 0.26799999922513956
		endloop
	endfacet
	facet normal -0.3821987259189709 -0.050317412170251256 0.9227092130993407
		outer loop
			vertex -0.11823704749345779 0.2345878100395203 0.26799999922513956
			vertex -0.13053127288818359 0.23129358053207402 0.26272792182862753
			vertex -0.11500000119209289 0.21000000000000008 0.26799999922513956
		endloop
	endfacet
	facet normal -0.3821986049973421 -0.050317310193540854 0.9227092687477313
		outer loop
			vertex -0.13053127288818359 0.23129358053207402 0.26272792182862753
			vertex -0.12772792488336562 0.21000000000000008 0.26272792182862753
			vertex -0.11500000119209289 0.21000000000000008 0.26799999922513956
		endloop
	endfacet
	facet normal 0.3821986039778917 -0.050317363069511 0.9227092662865599
		outer loop
			vertex -0.10227207750082015 0.21000000000000005 0.26272792182862753
			vertex -0.11500000119209289 0.21000000000000005 0.26799999922513956
			vertex -0.10594281464815139 0.18211796231567864 0.26272792182862753
		endloop
	endfacet
	facet normal 0.38219854170737444 -0.05031738791833669 0.922709290724783
		outer loop
			vertex -0.11500000119209289 0.21000000000000005 0.26799999922513956
			vertex -0.11823704749345779 0.18541218996047978 0.26799999922513956
			vertex -0.10594281464815139 0.18211796231567864 0.26272792182862753
		endloop
	endfacet
	facet normal 0.35615235261142125 -0.14752314201190314 0.9227092848239287
		outer loop
			vertex -0.10594281464815139 0.18211796231567864 0.26272792182862753
			vertex -0.11823704749345779 0.18541218996047978 0.26799999922513956
			vertex -0.11670488029718398 0.15613603875041013 0.26272792182862753
		endloop
	endfacet
	facet normal 0.35615229230653633 -0.14752314915403625 0.922709306958847
		outer loop
			vertex -0.11823704749345779 0.18541218996047978 0.26799999922513956
			vertex -0.12772758960723876 0.1625000005960465 0.26799999922513956
			vertex -0.11670488029718398 0.15613603875041013 0.26272792182862753
		endloop
	endfacet
	facet normal 0.305834933783941 -0.2346753965698987 0.9227092995749708
		outer loop
			vertex -0.11670488029718398 0.15613603875041013 0.26272792182862753
			vertex -0.12772758960723876 0.1625000005960465 0.26799999922513956
			vertex -0.13382485419511794 0.133824854195118 0.2627279218286276
		endloop
	endfacet
	facet normal 0.3058349390516324 -0.23467539733327458 0.922709297634826
		outer loop
			vertex -0.12772758960723876 0.1625000005960465 0.26799999922513956
			vertex -0.14282485753297805 0.14282485753297813 0.2679999992251396
			vertex -0.13382485419511794 0.133824854195118 0.2627279218286276
		endloop
	endfacet
	facet normal 0.234675399219411 -0.30583493723684974 0.9227092977566349
		outer loop
			vertex -0.13382485419511794 0.133824854195118 0.2627279218286276
			vertex -0.14282485753297805 0.14282485753297813 0.2679999992251396
			vertex -0.15613603875041007 0.11670488029718404 0.2627279218286276
		endloop
	endfacet
	facet normal 0.23467539432878784 -0.30583493513610605 0.9227092996967798
		outer loop
			vertex -0.14282485753297805 0.14282485753297813 0.2679999992251396
			vertex -0.16250000059604644 0.12772758960723885 0.2679999992251396
			vertex -0.15613603875041007 0.11670488029718404 0.2627279218286276
		endloop
	endfacet
	facet normal 0.14752312300978 -0.3561523067362401 0.9227093055691464
		outer loop
			vertex -0.15613603875041007 0.11670488029718404 0.2627279218286276
			vertex -0.16250000059604644 0.12772758960723885 0.2679999992251396
			vertex -0.1821179623156786 0.10594281464815145 0.2627279218286276
		endloop
	endfacet
	facet normal 0.14752317070203297 -0.3561523443279878 0.9227092834342231
		outer loop
			vertex -0.16250000059604644 0.12772758960723885 0.2679999992251396
			vertex -0.18541218996047973 0.11823704749345786 0.2679999992251396
			vertex -0.1821179623156786 0.10594281464815145 0.2627279218286276
		endloop
	endfacet
	facet normal 0.050317355913822574 -0.3821985496250012 0.9227092891904727
		outer loop
			vertex -0.1821179623156786 0.10594281464815145 0.2627279218286276
			vertex -0.18541218996047973 0.11823704749345786 0.2679999992251396
			vertex -0.21 0.10227207750082021 0.2627279218286276
		endloop
	endfacet
	facet normal 0.05031739603273557 -0.3821986033423589 0.9227092647522486
		outer loop
			vertex -0.18541218996047973 0.11823704749345786 0.2679999992251396
			vertex -0.21 0.11500000119209296 0.2679999992251396
			vertex -0.21 0.10227207750082021 0.2627279218286276
		endloop
	endfacet
	facet normal -0.050317363069510936 -0.38219860397789135 0.9227092662865601
		outer loop
			vertex -0.21 0.10227207750082021 0.2627279218286276
			vertex -0.21 0.11500000119209296 0.2679999992251396
			vertex -0.2378820376843214 0.10594281464815145 0.2627279218286276
		endloop
	endfacet
	facet normal -0.05031738791833664 -0.3821985417073741 0.9227092907247831
		outer loop
			vertex -0.21 0.11500000119209296 0.2679999992251396
			vertex -0.23458781003952026 0.11823704749345786 0.2679999992251396
			vertex -0.2378820376843214 0.10594281464815145 0.2627279218286276
		endloop
	endfacet
	facet normal -0.1475231420119031 -0.3561523526114209 0.9227092848239287
		outer loop
			vertex -0.2378820376843214 0.10594281464815145 0.2627279218286276
			vertex -0.23458781003952026 0.11823704749345786 0.2679999992251396
			vertex -0.2638639612495899 0.11670488029718404 0.2627279218286276
		endloop
	endfacet
	facet normal -0.1475231491540363 -0.3561522923065355 0.9227093069588472
		outer loop
			vertex -0.23458781003952026 0.11823704749345786 0.2679999992251396
			vertex -0.2574999994039535 0.12772758960723885 0.2679999992251396
			vertex -0.2638639612495899 0.11670488029718404 0.2627279218286276
		endloop
	endfacet
	facet normal -0.2346753965698999 -0.3058349337839396 0.922709299574971
		outer loop
			vertex -0.2638639612495899 0.11670488029718404 0.2627279218286276
			vertex -0.2574999994039535 0.12772758960723885 0.2679999992251396
			vertex -0.286175145804882 0.133824854195118 0.2627279218286276
		endloop
	endfacet
	facet normal -0.2346753973332758 -0.30583493905163106 0.9227092976348261
		outer loop
			vertex -0.2574999994039535 0.12772758960723885 0.2679999992251396
			vertex -0.2771751424670219 0.14282485753297813 0.2679999992251396
			vertex -0.286175145804882 0.133824854195118 0.2627279218286276
		endloop
	endfacet
	facet normal -0.305834937236851 -0.23467539921940977 0.9227092977566348
		outer loop
			vertex -0.286175145804882 0.133824854195118 0.2627279218286276
			vertex -0.2771751424670219 0.14282485753297813 0.2679999992251396
			vertex -0.303295119702816 0.15613603875041013 0.26272792182862753
		endloop
	endfacet
	facet normal -0.30583493513610743 -0.23467539432878667 0.9227092996967797
		outer loop
			vertex -0.2771751424670219 0.14282485753297813 0.2679999992251396
			vertex -0.2922724103927612 0.1625000005960465 0.26799999922513956
			vertex -0.303295119702816 0.15613603875041013 0.26272792182862753
		endloop
	endfacet
	facet normal -0.35615230673624076 -0.14752312300978027 0.9227093055691462
		outer loop
			vertex -0.303295119702816 0.15613603875041013 0.26272792182862753
			vertex -0.2922724103927612 0.1625000005960465 0.26799999922513956
			vertex -0.31405718535184857 0.18211796231567864 0.26272792182862753
		endloop
	endfacet
	facet normal -0.3561523443279882 -0.1475231707020329 0.922709283434223
		outer loop
			vertex -0.2922724103927612 0.1625000005960465 0.26799999922513956
			vertex -0.30176295250654217 0.18541218996047978 0.26799999922513956
			vertex -0.31405718535184857 0.18211796231567864 0.26272792182862753
		endloop
	endfacet
	facet normal -0.3821985496250016 -0.05031735591382263 0.9227092891904726
		outer loop
			vertex -0.31405718535184857 0.18211796231567864 0.26272792182862753
			vertex -0.30176295250654217 0.18541218996047978 0.26799999922513956
			vertex -0.3177279224991798 0.21000000000000005 0.26272792182862753
		endloop
	endfacet
	facet normal -0.3821986033423592 -0.05031739603273562 0.9227092647522485
		outer loop
			vertex -0.30176295250654217 0.18541218996047978 0.26799999922513956
			vertex -0.30499999880790707 0.21000000000000005 0.26799999922513956
			vertex -0.3177279224991798 0.21000000000000005 0.26272792182862753
		endloop
	endfacet
	facet normal -0.3821986039778917 0.050317363069511 0.9227092662865599
		outer loop
			vertex -0.3177279224991798 0.21000000000000005 0.26272792182862753
			vertex -0.30499999880790707 0.21000000000000005 0.26799999922513956
			vertex -0.31405718535184857 0.23788203768432145 0.26272792182862753
		endloop
	endfacet
	facet normal -0.38219854170737444 0.05031738791833669 0.922709290724783
		outer loop
			vertex -0.30499999880790707 0.21000000000000005 0.26799999922513956
			vertex -0.30176295250654217 0.2345878100395203 0.26799999922513956
			vertex -0.31405718535184857 0.23788203768432145 0.26272792182862753
		endloop
	endfacet
	facet normal -0.35615235261142125 0.14752314201190297 0.9227092848239286
		outer loop
			vertex -0.31405718535184857 0.23788203768432145 0.26272792182862753
			vertex -0.30176295250654217 0.2345878100395203 0.26799999922513956
			vertex -0.303295119702816 0.26386396124959 0.26272792182862753
		endloop
	endfacet
	facet normal -0.3561522923065364 0.14752314915403608 0.9227093069588469
		outer loop
			vertex -0.30176295250654217 0.2345878100395203 0.26799999922513956
			vertex -0.2922724103927612 0.2574999994039536 0.26799999922513956
			vertex -0.303295119702816 0.26386396124959 0.26272792182862753
		endloop
	endfacet
	facet normal -0.3058349337839391 0.23467539656990183 0.9227092995749706
		outer loop
			vertex -0.303295119702816 0.26386396124959 0.26272792182862753
			vertex -0.2922724103927612 0.2574999994039536 0.26799999922513956
			vertex -0.286175145804882 0.2861751458048821 0.2627279218286275
		endloop
	endfacet
	facet normal -0.30583493905163006 0.2346753973332777 0.9227092976348262
		outer loop
			vertex -0.2922724103927612 0.2574999994039536 0.26799999922513956
			vertex -0.2771751424670219 0.277175142467022 0.2679999992251395
			vertex -0.286175145804882 0.2861751458048821 0.2627279218286275
		endloop
	endfacet
	facet normal -0.23467539921941136 0.3058349372368501 0.9227092977566347
		outer loop
			vertex -0.286175145804882 0.2861751458048821 0.2627279218286275
			vertex -0.2771751424670219 0.277175142467022 0.2679999992251395
			vertex -0.2638639612495899 0.3032951197028161 0.2627279218286275
		endloop
	endfacet
	facet normal -0.23467539432878823 0.3058349351361065 0.9227092996967797
		outer loop
			vertex -0.2771751424670219 0.277175142467022 0.2679999992251395
			vertex -0.2574999994039535 0.2922724103927613 0.2679999992251395
			vertex -0.2638639612495899 0.3032951197028161 0.2627279218286275
		endloop
	endfacet
	facet normal -0.1475231230097804 0.35615230673624065 0.9227093055691462
		outer loop
			vertex -0.2638639612495899 0.3032951197028161 0.2627279218286275
			vertex -0.2574999994039535 0.2922724103927613 0.2679999992251395
			vertex -0.2378820376843214 0.3140571853518487 0.2627279218286275
		endloop
	endfacet
	facet normal -0.14752317070203305 0.3561523443279881 0.9227092834342229
		outer loop
			vertex -0.2574999994039535 0.2922724103927613 0.2679999992251395
			vertex -0.23458781003952026 0.3017629525065423 0.2679999992251395
			vertex -0.2378820376843214 0.3140571853518487 0.2627279218286275
		endloop
	endfacet
	facet normal -0.050317355913822664 0.38219854962500155 0.9227092891904725
		outer loop
			vertex -0.2378820376843214 0.3140571853518487 0.2627279218286275
			vertex -0.23458781003952026 0.3017629525065423 0.2679999992251395
			vertex -0.21000000000000002 0.3177279224991799 0.2627279218286275
		endloop
	endfacet
	facet normal -0.050317396032735676 0.3821986033423592 0.9227092647522483
		outer loop
			vertex -0.23458781003952026 0.3017629525065423 0.2679999992251395
			vertex -0.21000000000000002 0.3049999988079072 0.2679999992251395
			vertex -0.21000000000000002 0.3177279224991799 0.2627279218286275
		endloop
	endfacet
	facet normal 0.05031736306951095 0.3821986039778917 0.92270926628656
		outer loop
			vertex -0.21000000000000002 0.3177279224991799 0.2627279218286275
			vertex -0.21000000000000002 0.3049999988079072 0.2679999992251395
			vertex -0.1821179623156786 0.3140571853518487 0.2627279218286275
		endloop
	endfacet
	facet normal 0.050317387918336634 0.38219854170737444 0.922709290724783
		outer loop
			vertex -0.21000000000000002 0.3049999988079072 0.2679999992251395
			vertex -0.18541218996047973 0.3017629525065423 0.2679999992251395
			vertex -0.1821179623156786 0.3140571853518487 0.2627279218286275
		endloop
	endfacet
	facet normal 0.14752314201190314 0.35615235261142125 0.9227092848239287
		outer loop
			vertex -0.1821179623156786 0.3140571853518487 0.2627279218286275
			vertex -0.18541218996047973 0.3017629525065423 0.2679999992251395
			vertex -0.15613603875041007 0.3032951197028161 0.2627279218286275
		endloop
	endfacet
	facet normal 0.14752314915403625 0.35615229230653633 0.922709306958847
		outer loop
			vertex -0.18541218996047973 0.3017629525065423 0.2679999992251395
			vertex -0.16250000059604644 0.2922724103927613 0.2679999992251395
			vertex -0.15613603875041007 0.3032951197028161 0.2627279218286275
		endloop
	endfacet
	facet normal 0.2346753965699003 0.30583493378394006 0.9227092995749708
		outer loop
			vertex -0.15613603875041007 0.3032951197028161 0.2627279218286275
			vertex -0.16250000059604644 0.2922724103927613 0.2679999992251395
			vertex -0.13382485419511794 0.2861751458048821 0.2627279218286275
		endloop
	endfacet
	facet normal 0.23467539733327616 0.3058349390516315 0.922709297634826
		outer loop
			vertex -0.16250000059604644 0.2922724103927613 0.2679999992251395
			vertex -0.14282485753297805 0.277175142467022 0.2679999992251395
			vertex -0.13382485419511794 0.2861751458048821 0.2627279218286275
		endloop
	endfacet
	facet normal 0.3058349372368489 0.2346753992194127 0.9227092977566348
		outer loop
			vertex -0.13382485419511794 0.2861751458048821 0.2627279218286275
			vertex -0.14282485753297805 0.277175142467022 0.2679999992251395
			vertex -0.11670488029718398 0.26386396124959 0.26272792182862753
		endloop
	endfacet
	facet normal 0.30583493513610543 0.23467539432878998 0.9227092996967795
		outer loop
			vertex -0.14282485753297805 0.277175142467022 0.2679999992251395
			vertex -0.12772758960723876 0.2574999994039536 0.26799999922513956
			vertex -0.11670488029718398 0.26386396124959 0.26272792182862753
		endloop
	endfacet
	facet normal 0.3561523067362409 0.14752312300978015 0.9227093055691463
		outer loop
			vertex -0.11670488029718398 0.26386396124959 0.26272792182862753
			vertex -0.12772758960723876 0.2574999994039536 0.26799999922513956
			vertex -0.10594281464815139 0.23788203768432145 0.26272792182862753
		endloop
	endfacet
	facet normal 0.35615234432798826 0.14752317070203275 0.9227092834342229
		outer loop
			vertex -0.12772758960723876 0.2574999994039536 0.26799999922513956
			vertex -0.11823704749345779 0.2345878100395203 0.26799999922513956
			vertex -0.10594281464815139 0.23788203768432145 0.26272792182862753
		endloop
	endfacet
	facet normal 0.38219854962500155 0.050317355913822664 0.9227092891904725
		outer loop
			vertex -0.10594281464815139 0.23788203768432145 0.26272792182862753
			vertex -0.11823704749345779 0.2345878100395203 0.26799999922513956
			vertex -0.10227207750082015 0.21000000000000008 0.26272792182862753
		endloop
	endfacet
	facet normal 0.3821986033423592 0.050317396032735676 0.9227092647522483
		outer loop
			vertex -0.11823704749345779 0.2345878100395203 0.26799999922513956
			vertex -0.11500000119209289 0.21000000000000008 0.26799999922513956
			vertex -0.10227207750082015 0.21000000000000008 0.26272792182862753
		endloop
	endfacet
	facet normal 0.9171205182983485 -0.12074109677219579 0.3798835906780074
		outer loop
			vertex -0.09700000196695327 0.21000000000000005 0.24999999999999994
			vertex -0.10227207750082015 0.21000000000000005 0.26272792182862753
			vertex -0.10085038006305694 0.18075344808399682 0.24999999999999997
		endloop
	endfacet
	facet normal 0.9171205004905493 -0.12074111396896672 0.37988362820408256
		outer loop
			vertex -0.10227207750082015 0.21000000000000005 0.26272792182862753
			vertex -0.10594281464815139 0.18211796231567864 0.26272792182862753
			vertex -0.10085038006305694 0.18075344808399682 0.24999999999999997
		endloop
	endfacet
	facet normal 0.854620240865078 -0.3539952875766683 0.379883640444318
		outer loop
			vertex -0.10085038006305694 0.18075344808399682 0.24999999999999997
			vertex -0.10594281464815139 0.18211796231567864 0.26272792182862753
			vertex -0.11213912725448608 0.1535000009834767 0.24999999999999997
		endloop
	endfacet
	facet normal 0.8546202157141326 -0.35399530151803976 0.3798836840348393
		outer loop
			vertex -0.10594281464815139 0.18211796231567864 0.26272792182862753
			vertex -0.11670488029718398 0.15613603875041013 0.26272792182862753
			vertex -0.11213912725448608 0.1535000009834767 0.24999999999999997
		endloop
	endfacet
	facet normal 0.7338790035363865 -0.5631252144897336 0.3798836676856905
		outer loop
			vertex -0.11213912725448608 0.1535000009834767 0.24999999999999997
			vertex -0.11670488029718398 0.15613603875041013 0.26272792182862753
			vertex -0.13009693384170531 0.13009693384170537 0.24999999999999997
		endloop
	endfacet
	facet normal 0.7338790565914063 -0.563125201261675 0.3798835848000089
		outer loop
			vertex -0.11670488029718398 0.15613603875041013 0.26272792182862753
			vertex -0.13382485419511794 0.133824854195118 0.2627279218286276
			vertex -0.13009693384170531 0.13009693384170537 0.24999999999999997
		endloop
	endfacet
	facet normal 0.5631252347162191 -0.7338790298960526 0.37988358677972905
		outer loop
			vertex -0.13009693384170531 0.13009693384170537 0.24999999999999997
			vertex -0.13382485419511794 0.133824854195118 0.2627279218286276
			vertex -0.15350000098347663 0.11213912725448613 0.25
		endloop
	endfacet
	facet normal 0.5631251800453312 -0.7338790289417273 0.37988366966541315
		outer loop
			vertex -0.13382485419511794 0.133824854195118 0.2627279218286276
			vertex -0.15613603875041007 0.11670488029718404 0.2627279218286276
			vertex -0.15350000098347663 0.11213912725448613 0.25
		endloop
	endfacet
	facet normal 0.3539952808897577 -0.8546202247214473 0.3798836829936822
		outer loop
			vertex -0.15350000098347663 0.11213912725448613 0.25
			vertex -0.15613603875041007 0.11670488029718404 0.2627279218286276
			vertex -0.18075344808399676 0.100850380063057 0.25
		endloop
	endfacet
	facet normal 0.35399530853220024 -0.8546202326478132 0.3798836394031604
		outer loop
			vertex -0.15613603875041007 0.11670488029718404 0.2627279218286276
			vertex -0.1821179623156786 0.10594281464815145 0.2627279218286276
			vertex -0.18075344808399676 0.100850380063057 0.25
		endloop
	endfacet
	facet normal 0.1207410948087268 -0.9171205033843045 0.379883627307772
		outer loop
			vertex -0.18075344808399676 0.100850380063057 0.25
			vertex -0.1821179623156786 0.10594281464815145 0.2627279218286276
			vertex -0.21 0.09700000196695333 0.25
		endloop
	endfacet
	facet normal 0.12074111602852634 -0.9171205161344694 0.3798835897816997
		outer loop
			vertex -0.1821179623156786 0.10594281464815145 0.2627279218286276
			vertex -0.21 0.10227207750082021 0.2627279218286276
			vertex -0.21 0.09700000196695333 0.25
		endloop
	endfacet
	facet normal -0.12074109677219616 -0.9171205182983485 0.3798835906780074
		outer loop
			vertex -0.21 0.09700000196695333 0.25
			vertex -0.21 0.10227207750082021 0.2627279218286276
			vertex -0.23924655191600322 0.100850380063057 0.25
		endloop
	endfacet
	facet normal -0.12074111396896677 -0.9171205004905495 0.37988362820408184
		outer loop
			vertex -0.21 0.10227207750082021 0.2627279218286276
			vertex -0.2378820376843214 0.10594281464815145 0.2627279218286276
			vertex -0.23924655191600322 0.100850380063057 0.25
		endloop
	endfacet
	facet normal -0.3539952875766688 -0.8546202408650783 0.3798836404443174
		outer loop
			vertex -0.23924655191600322 0.100850380063057 0.25
			vertex -0.2378820376843214 0.10594281464815145 0.2627279218286276
			vertex -0.2664999990165233 0.11213912725448613 0.25
		endloop
	endfacet
	facet normal -0.3539953015180402 -0.8546202157141327 0.3798836840348387
		outer loop
			vertex -0.2378820376843214 0.10594281464815145 0.2627279218286276
			vertex -0.2638639612495899 0.11670488029718404 0.2627279218286276
			vertex -0.2664999990165233 0.11213912725448613 0.25
		endloop
	endfacet
	facet normal -0.5631252144897342 -0.7338790035363865 0.3798836676856897
		outer loop
			vertex -0.2664999990165233 0.11213912725448613 0.25
			vertex -0.2638639612495899 0.11670488029718404 0.2627279218286276
			vertex -0.28990306615829464 0.13009693384170537 0.24999999999999997
		endloop
	endfacet
	facet normal -0.5631252012616756 -0.7338790565914058 0.379883584800009
		outer loop
			vertex -0.2638639612495899 0.11670488029718404 0.2627279218286276
			vertex -0.286175145804882 0.133824854195118 0.2627279218286276
			vertex -0.28990306615829464 0.13009693384170537 0.24999999999999997
		endloop
	endfacet
	facet normal -0.7338790298960529 -0.5631252347162189 0.37988358677972905
		outer loop
			vertex -0.28990306615829464 0.13009693384170537 0.24999999999999997
			vertex -0.286175145804882 0.133824854195118 0.2627279218286276
			vertex -0.3078608727455139 0.1535000009834767 0.24999999999999997
		endloop
	endfacet
	facet normal -0.7338790289417276 -0.5631251800453304 0.37988366966541387
		outer loop
			vertex -0.286175145804882 0.133824854195118 0.2627279218286276
			vertex -0.303295119702816 0.15613603875041013 0.26272792182862753
			vertex -0.3078608727455139 0.1535000009834767 0.24999999999999997
		endloop
	endfacet
	facet normal -0.854620224721447 -0.3539952808897576 0.3798836829936829
		outer loop
			vertex -0.3078608727455139 0.1535000009834767 0.24999999999999997
			vertex -0.303295119702816 0.15613603875041013 0.26272792182862753
			vertex -0.319149619936943 0.18075344808399682 0.24999999999999997
		endloop
	endfacet
	facet normal -0.8546202326478128 -0.35399530853220007 0.37988363940316106
		outer loop
			vertex -0.303295119702816 0.15613603875041013 0.26272792182862753
			vertex -0.31405718535184857 0.18211796231567864 0.26272792182862753
			vertex -0.319149619936943 0.18075344808399682 0.24999999999999997
		endloop
	endfacet
	facet normal -0.9171205033843042 -0.1207410948087264 0.3798836273077726
		outer loop
			vertex -0.319149619936943 0.18075344808399682 0.24999999999999997
			vertex -0.31405718535184857 0.18211796231567864 0.26272792182862753
			vertex -0.3229999980330467 0.21000000000000005 0.24999999999999994
		endloop
	endfacet
	facet normal -0.9171205161344694 -0.12074111602852634 0.3798835897816997
		outer loop
			vertex -0.31405718535184857 0.18211796231567864 0.26272792182862753
			vertex -0.3177279224991798 0.21000000000000005 0.26272792182862753
			vertex -0.3229999980330467 0.21000000000000005 0.24999999999999994
		endloop
	endfacet
	facet normal -0.9171205182983485 0.12074109677219616 0.3798835906780074
		outer loop
			vertex -0.3229999980330467 0.21000000000000005 0.24999999999999994
			vertex -0.3177279224991798 0.21000000000000005 0.26272792182862753
			vertex -0.319149619936943 0.23924655191600327 0.24999999999999994
		endloop
	endfacet
	facet normal -0.9171205004905495 0.12074111396896677 0.37988362820408184
		outer loop
			vertex -0.3177279224991798 0.21000000000000005 0.26272792182862753
			vertex -0.31405718535184857 0.23788203768432145 0.26272792182862753
			vertex -0.319149619936943 0.23924655191600327 0.24999999999999994
		endloop
	endfacet
	facet normal -0.8546202408650784 0.3539952875766685 0.37988364044431727
		outer loop
			vertex -0.319149619936943 0.23924655191600327 0.24999999999999994
			vertex -0.31405718535184857 0.23788203768432145 0.26272792182862753
			vertex -0.3078608727455139 0.26649999901652344 0.24999999999999992
		endloop
	endfacet
	facet normal -0.8546202157141333 0.35399530151803965 0.37988368403483785
		outer loop
			vertex -0.31405718535184857 0.23788203768432145 0.26272792182862753
			vertex -0.303295119702816 0.26386396124959 0.26272792182862753
			vertex -0.3078608727455139 0.26649999901652344 0.24999999999999992
		endloop
	endfacet
	facet normal -0.7338790035363868 0.5631252144897341 0.379883667685689
		outer loop
			vertex -0.3078608727455139 0.26649999901652344 0.24999999999999992
			vertex -0.303295119702816 0.26386396124959 0.26272792182862753
			vertex -0.28990306615829464 0.28990306615829475 0.24999999999999992
		endloop
	endfacet
	facet normal -0.733879056591405 0.5631252012616758 0.37988358480001033
		outer loop
			vertex -0.303295119702816 0.26386396124959 0.26272792182862753
			vertex -0.286175145804882 0.2861751458048821 0.2627279218286275
			vertex -0.28990306615829464 0.28990306615829475 0.24999999999999992
		endloop
	endfacet
	facet normal -0.5631252347162186 0.7338790298960524 0.3798835867797305
		outer loop
			vertex -0.28990306615829464 0.28990306615829475 0.24999999999999992
			vertex -0.286175145804882 0.2861751458048821 0.2627279218286275
			vertex -0.2664999990165233 0.307860872745514 0.24999999999999992
		endloop
	endfacet
	facet normal -0.563125180045331 0.7338790289417272 0.37988366966541387
		outer loop
			vertex -0.286175145804882 0.2861751458048821 0.2627279218286275
			vertex -0.2638639612495899 0.3032951197028161 0.2627279218286275
			vertex -0.2664999990165233 0.307860872745514 0.24999999999999992
		endloop
	endfacet
	facet normal -0.3539952808897576 0.8546202247214472 0.37988368299368297
		outer loop
			vertex -0.2664999990165233 0.307860872745514 0.24999999999999992
			vertex -0.2638639612495899 0.3032951197028161 0.2627279218286275
			vertex -0.23924655191600322 0.31914961993694313 0.2499999999999999
		endloop
	endfacet
	facet normal -0.3539953085322005 0.854620232647813 0.3798836394031604
		outer loop
			vertex -0.2638639612495899 0.3032951197028161 0.2627279218286275
			vertex -0.2378820376843214 0.3140571853518487 0.2627279218286275
			vertex -0.23924655191600322 0.31914961993694313 0.2499999999999999
		endloop
	endfacet
	facet normal -0.12074109480872691 0.9171205033843044 0.379883627307772
		outer loop
			vertex -0.23924655191600322 0.31914961993694313 0.2499999999999999
			vertex -0.2378820376843214 0.3140571853518487 0.2627279218286275
			vertex -0.21000000000000002 0.3229999980330468 0.2499999999999999
		endloop
	endfacet
	facet normal -0.12074111602852644 0.9171205161344692 0.37988358978169967
		outer loop
			vertex -0.2378820376843214 0.3140571853518487 0.2627279218286275
			vertex -0.21000000000000002 0.3177279224991799 0.2627279218286275
			vertex -0.21000000000000002 0.3229999980330468 0.2499999999999999
		endloop
	endfacet
	facet normal 0.12074109677219605 0.9171205182983486 0.3798835906780074
		outer loop
			vertex -0.21000000000000002 0.3229999980330468 0.2499999999999999
			vertex -0.21000000000000002 0.3177279224991799 0.2627279218286275
			vertex -0.18075344808399676 0.31914961993694313 0.2499999999999999
		endloop
	endfacet
	facet normal 0.12074111396896663 0.9171205004905495 0.3798836282040818
		outer loop
			vertex -0.21000000000000002 0.3177279224991799 0.2627279218286275
			vertex -0.1821179623156786 0.3140571853518487 0.2627279218286275
			vertex -0.18075344808399676 0.31914961993694313 0.2499999999999999
		endloop
	endfacet
	facet normal 0.35399528757666815 0.8546202408650785 0.3798836404443173
		outer loop
			vertex -0.18075344808399676 0.31914961993694313 0.2499999999999999
			vertex -0.1821179623156786 0.3140571853518487 0.2627279218286275
			vertex -0.15350000098347663 0.307860872745514 0.24999999999999992
		endloop
	endfacet
	facet normal 0.35399530151803976 0.8546202157141326 0.3798836840348393
		outer loop
			vertex -0.1821179623156786 0.3140571853518487 0.2627279218286275
			vertex -0.15613603875041007 0.3032951197028161 0.2627279218286275
			vertex -0.15350000098347663 0.307860872745514 0.24999999999999992
		endloop
	endfacet
	facet normal 0.5631252144897336 0.7338790035363865 0.3798836676856905
		outer loop
			vertex -0.15350000098347663 0.307860872745514 0.24999999999999992
			vertex -0.15613603875041007 0.3032951197028161 0.2627279218286275
			vertex -0.13009693384170531 0.28990306615829475 0.24999999999999992
		endloop
	endfacet
	facet normal 0.5631252012616752 0.7338790565914055 0.37988358480001033
		outer loop
			vertex -0.15613603875041007 0.3032951197028161 0.2627279218286275
			vertex -0.13382485419511794 0.2861751458048821 0.2627279218286275
			vertex -0.13009693384170531 0.28990306615829475 0.24999999999999992
		endloop
	endfacet
	facet normal 0.7338790298960524 0.5631252347162186 0.3798835867797305
		outer loop
			vertex -0.13009693384170531 0.28990306615829475 0.24999999999999992
			vertex -0.13382485419511794 0.2861751458048821 0.2627279218286275
			vertex -0.11213912725448608 0.26649999901652344 0.24999999999999992
		endloop
	endfacet
	facet normal 0.7338790289417271 0.5631251800453321 0.3798836696654125
		outer loop
			vertex -0.13382485419511794 0.2861751458048821 0.2627279218286275
			vertex -0.11670488029718398 0.26386396124959 0.26272792182862753
			vertex -0.11213912725448608 0.26649999901652344 0.24999999999999992
		endloop
	endfacet
	facet normal 0.8546202247214476 0.35399528088975785 0.37988368299368147
		outer loop
			vertex -0.11213912725448608 0.26649999901652344 0.24999999999999992
			vertex -0.11670488029718398 0.26386396124959 0.26272792182862753
			vertex -0.10085038006305694 0.23924655191600327 0.24999999999999994
		endloop
	endfacet
	facet normal 0.8546202326478132 0.35399530853219985 0.37988363940316033
		outer loop
			vertex -0.11670488029718398 0.26386396124959 0.26272792182862753
			vertex -0.10594281464815139 0.23788203768432145 0.26272792182862753
			vertex -0.10085038006305694 0.23924655191600327 0.24999999999999994
		endloop
	endfacet
	facet normal 0.9171205033843044 0.12074109480872691 0.379883627307772
		outer loop
			vertex -0.10085038006305694 0.23924655191600327 0.24999999999999994
			vertex -0.10594281464815139 0.23788203768432145 0.26272792182862753
			vertex -0.09700000196695327 0.21000000000000008 0.24999999999999994
		endloop
	endfacet
	facet normal 0.9171205161344692 0.12074111602852644 0.37988358978169967
		outer loop
			vertex -0.10594281464815139 0.23788203768432145 0.26272792182862753
			vertex -0.10227207750082015 0.21000000000000008 0.26272792182862753
			vertex -0.09700000196695327 0.21000000000000008 0.24999999999999994
		endloop
	endfacet
	facet normal 0.3088057824763202 -0.950406716864474 0.03696026580098626
		outer loop
			vertex -0.105 0.08700000077486042 0.19000000357627866
			vertex -0.105 0.07999999962747098 0.009999996423721291
			vertex -0.09441986542195081 0.0904376940056682 0.19000000357627866
		endloop
	endfacet
	facet normal 0.3088059116089372 -0.9504066752956597 0.03696025580030307
		outer loop
			vertex -0.105 0.07999999962747098 0.009999996423721291
			vertex -0.09030536890029907 0.08477457568049432 0.009999996423721291
			vertex -0.09441986542195081 0.0904376940056682 0.19000000357627866
		endloop
	endfacet
	facet normal 0.8084642604319248 -0.5873835877530703 0.03696025490431864
		outer loop
			vertex -0.09441986542195081 0.0904376940056682 0.19000000357627866
			vertex -0.09030536890029907 0.08477457568049432 0.009999996423721291
			vertex -0.08788098350167274 0.0994376940838993 0.19000000357627866
		endloop
	endfacet
	facet normal 0.808464226908254 -0.5873836336308734 0.03696025909312934
		outer loop
			vertex -0.09030536890029907 0.08477457568049432 0.009999996423721291
			vertex -0.08122358798980713 0.09727457493543626 0.009999996423721291
			vertex -0.08788098350167274 0.0994376940838993 0.19000000357627866
		endloop
	endfacet
	facet normal 0.9993167362292592 0 0.036960258279691655
		outer loop
			vertex -0.08788098350167274 0.0994376940838993 0.19000000357627866
			vertex -0.08122358798980713 0.09727457493543626 0.009999996423721291
			vertex -0.08788098350167274 0.11056230591610078 0.19000000357627866
		endloop
	endfacet
	facet normal 0.9993167362292592 0 0.036960258279691655
		outer loop
			vertex -0.08122358798980713 0.09727457493543626 0.009999996423721291
			vertex -0.08122358798980713 0.11272542506456376 0.009999996423721291
			vertex -0.08788098350167274 0.11056230591610078 0.19000000357627866
		endloop
	endfacet
	facet normal 0.8084642602861836 0.5873835876471833 0.03696025977502845
		outer loop
			vertex -0.08788098350167274 0.11056230591610078 0.19000000357627866
			vertex -0.08122358798980713 0.11272542506456376 0.009999996423721291
			vertex -0.09441986542195081 0.11956230599433187 0.19000000357627866
		endloop
	endfacet
	facet normal 0.8084642270131874 0.587383633707112 0.03696025558621786
		outer loop
			vertex -0.08122358798980713 0.11272542506456376 0.009999996423721291
			vertex -0.09030536890029907 0.1252254243195057 0.009999996423721291
			vertex -0.09441986542195081 0.11956230599433187 0.19000000357627866
		endloop
	endfacet
	facet normal 0.3088057826092264 0.9504067172735174 0.03696025417228458
		outer loop
			vertex -0.09441986542195081 0.11956230599433187 0.19000000357627866
			vertex -0.09030536890029907 0.1252254243195057 0.009999996423721291
			vertex -0.105 0.12299999922513966 0.19000000357627866
		endloop
	endfacet
	facet normal 0.30880591151324466 0.9504066750011484 0.03696026417296755
		outer loop
			vertex -0.09030536890029907 0.1252254243195057 0.009999996423721291
			vertex -0.105 0.13000000037252904 0.009999996423721291
			vertex -0.105 0.12299999922513966 0.19000000357627866
		endloop
	endfacet
	facet normal -0.3088057824763202 0.950406716864474 0.036960265800985964
		outer loop
			vertex -0.105 0.12299999922513966 0.19000000357627866
			vertex -0.105 0.13000000037252904 0.009999996423721291
			vertex -0.11558013457804918 0.11956230599433187 0.19000000357627866
		endloop
	endfacet
	facet normal -0.3088059116089372 0.9504066752956597 0.03696025580030278
		outer loop
			vertex -0.105 0.13000000037252904 0.009999996423721291
			vertex -0.11969463109970092 0.1252254243195057 0.009999996423721291
			vertex -0.11558013457804918 0.11956230599433187 0.19000000357627866
		endloop
	endfacet
	facet normal -0.8084642604319247 0.5873835877530704 0.03696025490431846
		outer loop
			vertex -0.11558013457804918 0.11956230599433187 0.19000000357627866
			vertex -0.11969463109970092 0.1252254243195057 0.009999996423721291
			vertex -0.12211901649832725 0.11056230591610078 0.19000000357627866
		endloop
	endfacet
	facet normal -0.8084642269082544 0.5873836336308728 0.036960259093129104
		outer loop
			vertex -0.11969463109970092 0.1252254243195057 0.009999996423721291
			vertex -0.12877641201019285 0.11272542506456376 0.009999996423721291
			vertex -0.12211901649832725 0.11056230591610078 0.19000000357627866
		endloop
	endfacet
	facet normal -0.9993167362292592 0 0.03696025827969158
		outer loop
			vertex -0.12211901649832725 0.11056230591610078 0.19000000357627866
			vertex -0.12877641201019285 0.11272542506456376 0.009999996423721291
			vertex -0.12211901649832725 0.0994376940838993 0.19000000357627866
		endloop
	endfacet
	facet normal -0.9993167362292592 0 0.03696025827969157
		outer loop
			vertex -0.12877641201019285 0.11272542506456376 0.009999996423721291
			vertex -0.12877641201019285 0.09727457493543626 0.009999996423721291
			vertex -0.12211901649832725 0.0994376940838993 0.19000000357627866
		endloop
	endfacet
	facet normal -0.8084642602861836 -0.5873835876471833 0.03696025977502858
		outer loop
			vertex -0.12211901649832725 0.0994376940838993 0.19000000357627866
			vertex -0.12877641201019285 0.09727457493543626 0.009999996423721291
			vertex -0.11558013457804918 0.0904376940056682 0.19000000357627866
		endloop
	endfacet
	facet normal -0.8084642270131879 -0.5873836337071114 0.03696025558621804
		outer loop
			vertex -0.12877641201019285 0.09727457493543626 0.009999996423721291
			vertex -0.11969463109970092 0.08477457568049432 0.009999996423721291
			vertex -0.11558013457804918 0.0904376940056682 0.19000000357627866
		endloop
	endfacet
	facet normal -0.3088057826092264 -0.9504067172735174 0.03696025417228488
		outer loop
			vertex -0.11558013457804918 0.0904376940056682 0.19000000357627866
			vertex -0.11969463109970092 0.08477457568049432 0.009999996423721291
			vertex -0.105 0.08700000077486042 0.19000000357627866
		endloop
	endfacet
	facet normal -0.30880591151324466 -0.9504066750011484 0.03696026417296784
		outer loop
			vertex -0.11969463109970092 0.08477457568049432 0.009999996423721291
			vertex -0.105 0.07999999962747098 0.009999996423721291
			vertex -0.105 0.08700000077486042 0.19000000357627866
		endloop
	endfacet
	facet normal 0 0 1
		outer loop
			vertex -0.105 0.08700000077486042 0.19000000357627866
			vertex -0.09441986542195081 0.0904376940056682 0.19000000357627866
			vertex -0.105 0.10500000000000004 0.19000000357627866
		endloop
	endfacet
	facet normal 0 0 1
		outer loop
			vertex -0.09441986542195081 0.0904376940056682 0.19000000357627866
			vertex -0.08788098350167274 0.0994376940838993 0.19000000357627866
			vertex -0.105 0.10500000000000004 0.19000000357627866
		endloop
	endfacet
	facet normal 0 0 1
		outer loop
			vertex -0.08788098350167274 0.0994376940838993 0.19000000357627866
			vertex -0.08788098350167274 0.11056230591610078 0.19000000357627866
			vertex -0.105 0.10500000000000004 0.19000000357627866
		endloop
	endfacet
	facet normal 0 0 1
		outer loop
			vertex -0.08788098350167274 0.11056230591610078 0.19000000357627866
			vertex -0.09441986542195081 0.11956230599433187 0.19000000357627866
			vertex -0.105 0.10500000000000004 0.19000000357627866
		endloop
	endfacet
	facet normal 0 0 1
		outer loop
			vertex -0.09441986542195081 0.11956230599433187 0.19000000357627866
			vertex -0.105 0.12299999922513966 0.19000000357627866
			vertex -0.105 0.10500000000000004 0.19000000357627866
		endloop
	endfacet
	facet normal 0 0 1
		outer loop
			vertex -0.105 0.12299999922513966 0.19000000357627866
			vertex -0.11558013457804918 0.11956230599433187 0.19000000357627866
			vertex -0.105 0.10500000000000004 0.19000000357627866
		endloop
	endfacet
	facet normal 0 0 1
		outer loop
			vertex -0.11558013457804918 0.11956230599433187 0.19000000357627866
			vertex -0.12211901649832725 0.11056230591610078 0.19000000357627866
			vertex -0.105 0.10500000000000004 0.19000000357627866
		endloop
	endfacet
	facet normal 0 0 1
		outer loop
			vertex -0.12211901649832725 0.11056230591610078 0.19000000357627866
			vertex -0.12211901649832725 0.0994376940838993 0.19000000357627866
			vertex -0.105 0.10500000000000004 0.19000000357627866
		endloop
	endfacet
	facet normal 0 0 1
		outer loop
			vertex -0.12211901649832725 0.0994376940838993 0.19000000357627866
			vertex -0.11558013457804918 0.0904376940056682 0.19000000357627866
			vertex -0.105 0.10500000000000004 0.19000000357627866
		endloop
	endfacet
	facet normal 0 0 1
		outer loop
			vertex -0.11558013457804918 0.0904376940056682 0.19000000357627866
			vertex -0.105 0.08700000077486042 0.19000000357627866
			vertex -0.105 0.10500000000000004 0.19000000357627866
		endloop
	endfacet
	facet normal 0 0 -1
		outer loop
			vertex -0.09030536890029907 0.08477457568049432 0.009999996423721291
			vertex -0.105 0.07999999962747098 0.009999996423721291
			vertex -0.105 0.10500000000000001 0.009999996423721291
		endloop
	endfacet
	facet normal 0 0 -1
		outer loop
			vertex -0.08122358798980713 0.09727457493543626 0.009999996423721291
			vertex -0.09030536890029907 0.08477457568049432 0.009999996423721291
			vertex -0.105 0.10500000000000001 0.009999996423721291
		endloop
	endfacet
	facet normal 0 0 -1
		outer loop
			vertex -0.08122358798980713 0.11272542506456376 0.009999996423721291
			vertex -0.08122358798980713 0.09727457493543626 0.009999996423721291
			vertex -0.105 0.10500000000000001 0.009999996423721291
		endloop
	endfacet
	facet normal 0 0 -1
		outer loop
			vertex -0.09030536890029907 0.1252254243195057 0.009999996423721291
			vertex -0.08122358798980713 0.11272542506456376 0.009999996423721291
			vertex -0.105 0.10500000000000001 0.009999996423721291
		endloop
	endfacet
	facet normal 0 0 -1
		outer loop
			vertex -0.105 0.13000000037252904 0.009999996423721291
			vertex -0.09030536890029907 0.1252254243195057 0.009999996423721291
			vertex -0.105 0.10500000000000001 0.009999996423721291
		endloop
	endfacet
	facet normal 0 0 -1
		outer loop
			vertex -0.11969463109970092 0.1252254243195057 0.009999996423721291
			vertex -0.105 0.13000000037252904 0.009999996423721291
			vertex -0.105 0.10500000000000001 0.009999996423721291
		endloop
	endfacet
	facet normal 0 0 -1
		outer loop
			vertex -0.12877641201019285 0.11272542506456376 0.009999996423721291
			vertex -0.11969463109970092 0.1252254243195057 0.009999996423721291
			vertex -0.105 0.10500000000000001 0.009999996423721291
		endloop
	endfacet
	facet normal 0 0 -1
		outer loop
			vertex -0.12877641201019285 0.09727457493543626 0.009999996423721291
			vertex -0.12877641201019285 0.11272542506456376 0.009999996423721291
			vertex -0.105 0.10500000000000001 0.009999996423721291
		endloop
	endfacet
	facet normal 0 0 -1
		outer loop
			vertex -0.11969463109970092 0.08477457568049432 0.009999996423721291
			vertex -0.12877641201019285 0.09727457493543626 0.009999996423721291
			vertex -0.105 0.10500000000000001 0.009999996423721291
		endloop
	endfacet
	facet normal 0 0 -1
		outer loop
			vertex -0.105 0.07999999962747098 0.009999996423721291
			vertex -0.11969463109970092 0.08477457568049432 0.009999996423721291
			vertex -0.105 0.10500000000000001 0.009999996423721291
		endloop
	endfacet
	facet normal 0.7071067811865477 0.7071067811865475 0
		outer loop
			vertex 0.024046985669936724 -0.007772820747863299 0.24750000007450582
			vertex 0.024046985669936724 -0.007772820747863299 0.2124999999254942
			vertex -0.007772820747863368 0.024046985669936807 0.24750000007450582
		endloop
	endfacet
	facet normal 0.7071067811865477 0.7071067811865475 0
		outer loop
			vertex 0.024046985669936724 -0.007772820747863299 0.2124999999254942
			vertex -0.007772820747863368 0.024046985669936807 0.2124999999254942
			vertex -0.007772820747863368 0.024046985669936807 0.24750000007450582
		endloop
	endfacet
	facet normal -0.7071067811865481 -0.7071067811865469 0
		outer loop
			vertex -0.2340469856699367 -0.20222717925213657 0.24750000007450587
			vertex -0.2340469856699367 -0.20222717925213657 0.21249999992549426
			vertex -0.20222717925213662 -0.2340469856699367 0.24750000007450587
		endloop
	endfacet
	facet normal -0.7071067811865481 -0.7071067811865469 0
		outer loop
			vertex -0.2340469856699367 -0.20222717925213657 0.21249999992549426
			vertex -0.20222717925213662 -0.2340469856699367 0.21249999992549426
			vertex -0.20222717925213662 -0.2340469856699367 0.24750000007450587
		endloop
	endfacet
	facet normal 1.226634760764124e-16 1.226634760764122e-16 1
		outer loop
			vertex -0.2340469856699367 -0.20222717925213657 0.24750000007450587
			vertex -0.20222717925213662 -0.2340469856699367 0.24750000007450587
			vertex -0.007772820747863368 0.024046985669936807 0.24750000007450582
		endloop
	endfacet
	facet normal 1.2266347607641229e-16 1.2266347607641224e-16 1
		outer loop
			vertex -0.20222717925213662 -0.2340469856699367 0.24750000007450587
			vertex 0.024046985669936724 -0.007772820747863299 0.24750000007450582
			vertex -0.007772820747863368 0.024046985669936807 0.24750000007450582
		endloop
	endfacet
	facet normal -1.2266347607641239e-16 -1.2266347607641216e-16 -1
		outer loop
			vertex -0.20222717925213662 -0.2340469856699367 0.21249999992549426
			vertex -0.2340469856699367 -0.20222717925213657 0.21249999992549426
			vertex 0.024046985669936724 -0.007772820747863299 0.2124999999254942
		endloop
	endfacet
	facet normal -1.226634760764123e-16 -1.2266347607641226e-16 -1
		outer loop
			vertex -0.2340469856699367 -0.20222717925213657 0.21249999992549426
			vertex -0.007772820747863368 0.024046985669936807 0.2124999999254942
			vertex 0.024046985669936724 -0.007772820747863299 0.2124999999254942
		endloop
	endfacet
	facet normal 0.7071067811865477 -0.7071067811865475 0
		outer loop
			vertex -0.20222717925213662 -0.2340469856699367 0.24750000007450587
			vertex -0.20222717925213662 -0.2340469856699367 0.21249999992549426
			vertex 0.024046985669936724 -0.007772820747863299 0.24750000007450582
		endloop
	endfacet
	facet normal 0.7071067811865477 -0.7071067811865475 0
		outer loop
			vertex -0.20222717925213662 -0.2340469856699367 0.21249999992549426
			vertex 0.024046985669936724 -0.007772820747863299 0.2124999999254942
			vertex 0.024046985669936724 -0.007772820747863299 0.24750000007450582
		endloop
	endfacet
	facet normal -0.7071067811865476 0.7071067811865476 0
		outer loop
			vertex -0.007772820747863368 0.024046985669936807 0.24750000007450582
			vertex -0.007772820747863368 0.024046985669936807 0.2124999999254942
			vertex -0.2340469856699367 -0.20222717925213657 0.24750000007450587
		endloop
	endfacet
	facet normal -0.7071067811865476 0.7071067811865476 0
		outer loop
			vertex -0.007772820747863368 0.024046985669936807 0.2124999999254942
			vertex -0.2340469856699367 -0.20222717925213657 0.21249999992549426
			vertex -0.2340469856699367 -0.20222717925213657 0.24750000007450587
		endloop
	endfacet
	facet normal 0.9171205161344694 -0.12074111602852634 -0.3798835897816997
		outer loop
			vertex -0.10227207750082015 -0.20999999999999994 0.23727207817137247
			vertex -0.09700000196695327 -0.20999999999999994 0.25000000000000006
			vertex -0.10594281464815139 -0.23788203768432134 0.23727207817137247
		endloop
	endfacet
	facet normal 0.9171205033843045 -0.1207410948087268 -0.379883627307772
		outer loop
			vertex -0.09700000196695327 -0.20999999999999994 0.25000000000000006
			vertex -0.10085038006305694 -0.23924655191600316 0.25000000000000006
			vertex -0.10594281464815139 -0.23788203768432134 0.23727207817137247
		endloop
	endfacet
	facet normal 0.8546202326478131 -0.3539953085322002 -0.37988363940316033
		outer loop
			vertex -0.10594281464815139 -0.23788203768432134 0.23727207817137247
			vertex -0.10085038006305694 -0.23924655191600316 0.25000000000000006
			vertex -0.11670488029718398 -0.2638639612495899 0.2372720781713725
		endloop
	endfacet
	facet normal 0.8546202247214474 -0.3539952808897573 -0.37988368299368297
		outer loop
			vertex -0.10085038006305694 -0.23924655191600316 0.25000000000000006
			vertex -0.11213912725448608 -0.2664999990165233 0.25000000000000006
			vertex -0.11670488029718398 -0.2638639612495899 0.2372720781713725
		endloop
	endfacet
	facet normal 0.7338790289417271 -0.563125180045331 -0.3798836696654138
		outer loop
			vertex -0.11670488029718398 -0.2638639612495899 0.2372720781713725
			vertex -0.11213912725448608 -0.2664999990165233 0.25000000000000006
			vertex -0.13382485419511794 -0.286175145804882 0.2372720781713725
		endloop
	endfacet
	facet normal 0.7338790298960524 -0.5631252347162194 -0.37988358677972905
		outer loop
			vertex -0.11213912725448608 -0.2664999990165233 0.25000000000000006
			vertex -0.13009693384170531 -0.28990306615829464 0.2500000000000001
			vertex -0.13382485419511794 -0.286175145804882 0.2372720781713725
		endloop
	endfacet
	facet normal 0.5631252012616753 -0.7338790565914061 -0.379883584800009
		outer loop
			vertex -0.13382485419511794 -0.286175145804882 0.2372720781713725
			vertex -0.13009693384170531 -0.28990306615829464 0.2500000000000001
			vertex -0.15613603875041007 -0.303295119702816 0.23727207817137252
		endloop
	endfacet
	facet normal 0.5631252144897338 -0.7338790035363867 -0.37988366768568976
		outer loop
			vertex -0.13009693384170531 -0.28990306615829464 0.2500000000000001
			vertex -0.15350000098347663 -0.3078608727455139 0.2500000000000001
			vertex -0.15613603875041007 -0.303295119702816 0.23727207817137252
		endloop
	endfacet
	facet normal 0.3539953015180399 -0.854620215714133 -0.3798836840348387
		outer loop
			vertex -0.15613603875041007 -0.303295119702816 0.23727207817137252
			vertex -0.15350000098347663 -0.3078608727455139 0.2500000000000001
			vertex -0.1821179623156786 -0.31405718535184857 0.23727207817137252
		endloop
	endfacet
	facet normal 0.3539952875766685 -0.8546202408650784 -0.3798836404443173
		outer loop
			vertex -0.15350000098347663 -0.3078608727455139 0.2500000000000001
			vertex -0.18075344808399676 -0.319149619936943 0.2500000000000001
			vertex -0.1821179623156786 -0.31405718535184857 0.23727207817137252
		endloop
	endfacet
	facet normal 0.12074111396896677 -0.9171205004905495 -0.37988362820408184
		outer loop
			vertex -0.1821179623156786 -0.31405718535184857 0.23727207817137252
			vertex -0.18075344808399676 -0.319149619936943 0.2500000000000001
			vertex -0.21 -0.3177279224991798 0.23727207817137252
		endloop
	endfacet
	facet normal 0.12074109677219616 -0.9171205182983485 -0.3798835906780074
		outer loop
			vertex -0.18075344808399676 -0.319149619936943 0.2500000000000001
			vertex -0.21 -0.3229999980330467 0.2500000000000001
			vertex -0.21 -0.3177279224991798 0.23727207817137252
		endloop
	endfacet
	facet normal -0.12074111602852634 -0.9171205161344694 -0.3798835897816997
		outer loop
			vertex -0.21 -0.3177279224991798 0.23727207817137252
			vertex -0.21 -0.3229999980330467 0.2500000000000001
			vertex -0.2378820376843214 -0.31405718535184857 0.23727207817137252
		endloop
	endfacet
	facet normal -0.1207410948087268 -0.9171205033843045 -0.379883627307772
		outer loop
			vertex -0.21 -0.3229999980330467 0.2500000000000001
			vertex -0.23924655191600322 -0.319149619936943 0.2500000000000001
			vertex -0.2378820376843214 -0.31405718535184857 0.23727207817137252
		endloop
	endfacet
	facet normal -0.3539953085322005 -0.854620232647813 -0.3798836394031604
		outer loop
			vertex -0.2378820376843214 -0.31405718535184857 0.23727207817137252
			vertex -0.23924655191600322 -0.319149619936943 0.2500000000000001
			vertex -0.2638639612495899 -0.303295119702816 0.23727207817137252
		endloop
	endfacet
	facet normal -0.353995280889758 -0.8546202247214472 -0.3798836829936822
		outer loop
			vertex -0.23924655191600322 -0.319149619936943 0.2500000000000001
			vertex -0.2664999990165233 -0.3078608727455139 0.2500000000000001
			vertex -0.2638639612495899 -0.303295119702816 0.23727207817137252
		endloop
	endfacet
	facet normal -0.5631251800453309 -0.7338790289417275 -0.3798836696654132
		outer loop
			vertex -0.2638639612495899 -0.303295119702816 0.23727207817137252
			vertex -0.2664999990165233 -0.3078608727455139 0.2500000000000001
			vertex -0.286175145804882 -0.286175145804882 0.2372720781713725
		endloop
	endfacet
	facet normal -0.5631252347162189 -0.7338790298960529 -0.37988358677972905
		outer loop
			vertex -0.2664999990165233 -0.3078608727455139 0.2500000000000001
			vertex -0.28990306615829464 -0.28990306615829464 0.2500000000000001
			vertex -0.286175145804882 -0.286175145804882 0.2372720781713725
		endloop
	endfacet
	facet normal -0.7338790565914058 -0.5631252012616756 -0.379883584800009
		outer loop
			vertex -0.286175145804882 -0.286175145804882 0.2372720781713725
			vertex -0.28990306615829464 -0.28990306615829464 0.2500000000000001
			vertex -0.303295119702816 -0.2638639612495899 0.2372720781713725
		endloop
	endfacet
	facet normal -0.733879003536386 -0.5631252144897343 -0.3798836676856905
		outer loop
			vertex -0.28990306615829464 -0.28990306615829464 0.2500000000000001
			vertex -0.3078608727455139 -0.2664999990165233 0.25000000000000006
			vertex -0.303295119702816 -0.2638639612495899 0.2372720781713725
		endloop
	endfacet
	facet normal -0.8546202157141325 -0.35399530151803976 -0.3798836840348393
		outer loop
			vertex -0.303295119702816 -0.2638639612495899 0.2372720781713725
			vertex -0.3078608727455139 -0.2664999990165233 0.25000000000000006
			vertex -0.31405718535184857 -0.23788203768432134 0.23727207817137247
		endloop
	endfacet
	facet normal -0.8546202408650785 -0.35399528757666815 -0.37988364044431727
		outer loop
			vertex -0.3078608727455139 -0.2664999990165233 0.25000000000000006
			vertex -0.319149619936943 -0.23924655191600316 0.25000000000000006
			vertex -0.31405718535184857 -0.23788203768432134 0.23727207817137247
		endloop
	endfacet
	facet normal -0.9171205004905495 -0.12074111396896689 -0.3798836282040819
		outer loop
			vertex -0.31405718535184857 -0.23788203768432134 0.23727207817137247
			vertex -0.319149619936943 -0.23924655191600316 0.25000000000000006
			vertex -0.3177279224991798 -0.20999999999999996 0.23727207817137247
		endloop
	endfacet
	facet normal -0.9171205182983485 -0.12074109677219615 -0.3798835906780071
		outer loop
			vertex -0.319149619936943 -0.23924655191600316 0.25000000000000006
			vertex -0.3229999980330467 -0.20999999999999994 0.25000000000000006
			vertex -0.3177279224991798 -0.20999999999999996 0.23727207817137247
		endloop
	endfacet
	facet normal -0.9171205161344692 0.12074111602852619 -0.3798835897816999
		outer loop
			vertex -0.3177279224991798 -0.20999999999999996 0.23727207817137247
			vertex -0.3229999980330467 -0.20999999999999994 0.25000000000000006
			vertex -0.31405718535184857 -0.18211796231567853 0.23727207817137247
		endloop
	endfacet
	facet normal -0.9171205033843045 0.1207410948087268 -0.379883627307772
		outer loop
			vertex -0.3229999980330467 -0.20999999999999994 0.25000000000000006
			vertex -0.319149619936943 -0.1807534480839967 0.25000000000000006
			vertex -0.31405718535184857 -0.18211796231567853 0.23727207817137247
		endloop
	endfacet
	facet normal -0.8546202326478133 0.35399530853219985 -0.3798836394031604
		outer loop
			vertex -0.31405718535184857 -0.18211796231567853 0.23727207817137247
			vertex -0.319149619936943 -0.1807534480839967 0.25000000000000006
			vertex -0.303295119702816 -0.15613603875041002 0.23727207817137244
		endloop
	endfacet
	facet normal -0.8546202247214476 0.35399528088975785 -0.37988368299368147
		outer loop
			vertex -0.319149619936943 -0.1807534480839967 0.25000000000000006
			vertex -0.3078608727455139 -0.15350000098347658 0.25000000000000006
			vertex -0.303295119702816 -0.15613603875041002 0.23727207817137244
		endloop
	endfacet
	facet normal -0.7338790289417275 0.5631251800453314 -0.3798836696654125
		outer loop
			vertex -0.303295119702816 -0.15613603875041002 0.23727207817137244
			vertex -0.3078608727455139 -0.15350000098347658 0.25000000000000006
			vertex -0.286175145804882 -0.1338248541951179 0.23727207817137244
		endloop
	endfacet
	facet normal -0.7338790298960528 0.5631252347162179 -0.3798835867797304
		outer loop
			vertex -0.3078608727455139 -0.15350000098347658 0.25000000000000006
			vertex -0.28990306615829464 -0.13009693384170526 0.25
			vertex -0.286175145804882 -0.1338248541951179 0.23727207817137244
		endloop
	endfacet
	facet normal -0.5631252012616754 0.7338790565914052 -0.37988358480001033
		outer loop
			vertex -0.286175145804882 -0.1338248541951179 0.23727207817137244
			vertex -0.28990306615829464 -0.13009693384170526 0.25
			vertex -0.2638639612495899 -0.11670488029718393 0.2372720781713724
		endloop
	endfacet
	facet normal -0.5631252144897338 0.7338790035363867 -0.37988366768568976
		outer loop
			vertex -0.28990306615829464 -0.13009693384170526 0.25
			vertex -0.2664999990165233 -0.11213912725448602 0.25
			vertex -0.2638639612495899 -0.11670488029718393 0.2372720781713724
		endloop
	endfacet
	facet normal -0.3539953015180402 0.8546202157141327 -0.37988368403483863
		outer loop
			vertex -0.2638639612495899 -0.11670488029718393 0.2372720781713724
			vertex -0.2664999990165233 -0.11213912725448602 0.25
			vertex -0.2378820376843214 -0.10594281464815133 0.2372720781713724
		endloop
	endfacet
	facet normal -0.3539952875766688 0.8546202408650783 -0.3798836404443174
		outer loop
			vertex -0.2664999990165233 -0.11213912725448602 0.25
			vertex -0.23924655191600322 -0.10085038006305688 0.25
			vertex -0.2378820376843214 -0.10594281464815133 0.2372720781713724
		endloop
	endfacet
	facet normal -0.12074111396896689 0.9171205004905495 -0.3798836282040819
		outer loop
			vertex -0.2378820376843214 -0.10594281464815133 0.2372720781713724
			vertex -0.23924655191600322 -0.10085038006305688 0.25
			vertex -0.21000000000000002 -0.1022720775008201 0.2372720781713724
		endloop
	endfacet
	facet normal -0.12074109677219627 0.9171205182983484 -0.3798835906780074
		outer loop
			vertex -0.23924655191600322 -0.10085038006305688 0.25
			vertex -0.21000000000000002 -0.09700000196695321 0.25
			vertex -0.21000000000000002 -0.1022720775008201 0.2372720781713724
		endloop
	endfacet
	facet normal 0.12074111602852622 0.9171205161344694 -0.37988358978169967
		outer loop
			vertex -0.21000000000000002 -0.1022720775008201 0.2372720781713724
			vertex -0.21000000000000002 -0.09700000196695321 0.25
			vertex -0.1821179623156786 -0.10594281464815133 0.2372720781713724
		endloop
	endfacet
	facet normal 0.12074109480872669 0.9171205033843046 -0.379883627307772
		outer loop
			vertex -0.21000000000000002 -0.09700000196695321 0.25
			vertex -0.18075344808399676 -0.10085038006305688 0.25
			vertex -0.1821179623156786 -0.10594281464815133 0.2372720781713724
		endloop
	endfacet
	facet normal 0.35399530853220024 0.8546202326478132 -0.3798836394031604
		outer loop
			vertex -0.1821179623156786 -0.10594281464815133 0.2372720781713724
			vertex -0.18075344808399676 -0.10085038006305688 0.25
			vertex -0.15613603875041007 -0.11670488029718393 0.2372720781713724
		endloop
	endfacet
	facet normal 0.3539952808897577 0.8546202247214473 -0.3798836829936822
		outer loop
			vertex -0.18075344808399676 -0.10085038006305688 0.25
			vertex -0.15350000098347663 -0.11213912725448602 0.25
			vertex -0.15613603875041007 -0.11670488029718393 0.2372720781713724
		endloop
	endfacet
	facet normal 0.5631251800453315 0.7338790289417271 -0.37988366966541315
		outer loop
			vertex -0.15613603875041007 -0.11670488029718393 0.2372720781713724
			vertex -0.15350000098347663 -0.11213912725448602 0.25
			vertex -0.13382485419511794 -0.1338248541951179 0.23727207817137244
		endloop
	endfacet
	facet normal 0.5631252347162186 0.7338790298960524 -0.3798835867797305
		outer loop
			vertex -0.15350000098347663 -0.11213912725448602 0.25
			vertex -0.13009693384170531 -0.13009693384170526 0.25
			vertex -0.13382485419511794 -0.1338248541951179 0.23727207817137244
		endloop
	endfacet
	facet normal 0.7338790565914055 0.5631252012616752 -0.37988358480001033
		outer loop
			vertex -0.13382485419511794 -0.1338248541951179 0.23727207817137244
			vertex -0.13009693384170531 -0.13009693384170526 0.25
			vertex -0.11670488029718398 -0.15613603875041002 0.23727207817137244
		endloop
	endfacet
	facet normal 0.7338790035363874 0.5631252144897334 -0.37988366768568904
		outer loop
			vertex -0.13009693384170531 -0.13009693384170526 0.25
			vertex -0.11213912725448608 -0.15350000098347658 0.25000000000000006
			vertex -0.11670488029718398 -0.15613603875041002 0.23727207817137244
		endloop
	endfacet
	facet normal 0.8546202157141335 0.3539953015180396 -0.37988368403483797
		outer loop
			vertex -0.11670488029718398 -0.15613603875041002 0.23727207817137244
			vertex -0.11213912725448608 -0.15350000098347658 0.25000000000000006
			vertex -0.10594281464815139 -0.18211796231567853 0.23727207817137247
		endloop
	endfacet
	facet normal 0.8546202408650784 0.3539952875766685 -0.3798836404443173
		outer loop
			vertex -0.11213912725448608 -0.15350000098347658 0.25000000000000006
			vertex -0.10085038006305694 -0.1807534480839967 0.25000000000000006
			vertex -0.10594281464815139 -0.18211796231567853 0.23727207817137247
		endloop
	endfacet
	facet normal 0.9171205004905495 0.12074111396896689 -0.3798836282040819
		outer loop
			vertex -0.10594281464815139 -0.18211796231567853 0.23727207817137247
			vertex -0.10085038006305694 -0.1807534480839967 0.25000000000000006
			vertex -0.10227207750082015 -0.2099999999999999 0.23727207817137247
		endloop
	endfacet
	facet normal 0.9171205182983484 0.12074109677219627 -0.3798835906780074
		outer loop
			vertex -0.10085038006305694 -0.1807534480839967 0.25000000000000006
			vertex -0.09700000196695327 -0.2099999999999999 0.25000000000000006
			vertex -0.10227207750082015 -0.2099999999999999 0.23727207817137247
		endloop
	endfacet
	facet normal 0.3821986033423592 -0.05031739603273562 -0.9227092647522485
		outer loop
			vertex -0.11500000119209289 -0.20999999999999994 0.23200000077486044
			vertex -0.10227207750082015 -0.20999999999999994 0.23727207817137247
			vertex -0.11823704749345779 -0.2345878100395202 0.23200000077486044
		endloop
	endfacet
	facet normal 0.3821985496250016 -0.05031735591382263 -0.9227092891904726
		outer loop
			vertex -0.10227207750082015 -0.20999999999999994 0.23727207817137247
			vertex -0.10594281464815139 -0.23788203768432134 0.23727207817137247
			vertex -0.11823704749345779 -0.2345878100395202 0.23200000077486044
		endloop
	endfacet
	facet normal 0.356152344327988 -0.14752317070203375 -0.922709283434223
		outer loop
			vertex -0.11823704749345779 -0.2345878100395202 0.23200000077486044
			vertex -0.10594281464815139 -0.23788203768432134 0.23727207817137247
			vertex -0.12772758960723876 -0.2574999994039535 0.23200000077486047
		endloop
	endfacet
	facet normal 0.3561523067362403 -0.14752312300978093 -0.9227093055691462
		outer loop
			vertex -0.10594281464815139 -0.23788203768432134 0.23727207817137247
			vertex -0.11670488029718398 -0.2638639612495899 0.2372720781713725
			vertex -0.12772758960723876 -0.2574999994039535 0.23200000077486047
		endloop
	endfacet
	facet normal 0.3058349351361065 -0.23467539432878823 -0.9227092996967797
		outer loop
			vertex -0.12772758960723876 -0.2574999994039535 0.23200000077486047
			vertex -0.11670488029718398 -0.2638639612495899 0.2372720781713725
			vertex -0.14282485753297805 -0.2771751424670219 0.23200000077486047
		endloop
	endfacet
	facet normal 0.3058349372368501 -0.23467539921941136 -0.9227092977566347
		outer loop
			vertex -0.11670488029718398 -0.2638639612495899 0.2372720781713725
			vertex -0.13382485419511794 -0.286175145804882 0.2372720781713725
			vertex -0.14282485753297805 -0.2771751424670219 0.23200000077486047
		endloop
	endfacet
	facet normal 0.23467539733327616 -0.3058349390516315 -0.922709297634826
		outer loop
			vertex -0.14282485753297805 -0.2771751424670219 0.23200000077486047
			vertex -0.13382485419511794 -0.286175145804882 0.2372720781713725
			vertex -0.16250000059604644 -0.2922724103927612 0.23200000077486047
		endloop
	endfacet
	facet normal 0.23467539656990055 -0.30583493378394194 -0.9227092995749702
		outer loop
			vertex -0.13382485419511794 -0.286175145804882 0.2372720781713725
			vertex -0.15613603875041007 -0.303295119702816 0.23727207817137252
			vertex -0.16250000059604644 -0.2922724103927612 0.23200000077486047
		endloop
	endfacet
	facet normal 0.147523149154036 -0.3561522923065384 -0.9227093069588461
		outer loop
			vertex -0.16250000059604644 -0.2922724103927612 0.23200000077486047
			vertex -0.15613603875041007 -0.303295119702816 0.23727207817137252
			vertex -0.18541218996047973 -0.30176295250654217 0.2320000007748605
		endloop
	endfacet
	facet normal 0.14752314201190314 -0.35615235261142125 -0.9227092848239287
		outer loop
			vertex -0.15613603875041007 -0.303295119702816 0.23727207817137252
			vertex -0.1821179623156786 -0.31405718535184857 0.23727207817137252
			vertex -0.18541218996047973 -0.30176295250654217 0.2320000007748605
		endloop
	endfacet
	facet normal 0.05031738791833669 -0.38219854170737444 -0.922709290724783
		outer loop
			vertex -0.18541218996047973 -0.30176295250654217 0.2320000007748605
			vertex -0.1821179623156786 -0.31405718535184857 0.23727207817137252
			vertex -0.21 -0.30499999880790707 0.2320000007748605
		endloop
	endfacet
	facet normal 0.050317363069511 -0.3821986039778917 -0.9227092662865599
		outer loop
			vertex -0.1821179623156786 -0.31405718535184857 0.23727207817137252
			vertex -0.21 -0.3177279224991798 0.23727207817137252
			vertex -0.21 -0.30499999880790707 0.2320000007748605
		endloop
	endfacet
	facet normal -0.05031739603273562 -0.3821986033423592 -0.9227092647522485
		outer loop
			vertex -0.21 -0.30499999880790707 0.2320000007748605
			vertex -0.21 -0.3177279224991798 0.23727207817137252
			vertex -0.23458781003952026 -0.30176295250654217 0.2320000007748605
		endloop
	endfacet
	facet normal -0.05031735591382263 -0.3821985496250016 -0.9227092891904726
		outer loop
			vertex -0.21 -0.3177279224991798 0.23727207817137252
			vertex -0.2378820376843214 -0.31405718535184857 0.23727207817137252
			vertex -0.23458781003952026 -0.30176295250654217 0.2320000007748605
		endloop
	endfacet
	facet normal -0.14752317070203205 -0.35615234432798837 -0.9227092834342229
		outer loop
			vertex -0.23458781003952026 -0.30176295250654217 0.2320000007748605
			vertex -0.2378820376843214 -0.31405718535184857 0.23727207817137252
			vertex -0.2574999994039535 -0.2922724103927612 0.23200000077486047
		endloop
	endfacet
	facet normal -0.14752312300978107 -0.3561523067362423 -0.9227093055691455
		outer loop
			vertex -0.2378820376843214 -0.31405718535184857 0.23727207817137252
			vertex -0.2638639612495899 -0.303295119702816 0.23727207817137252
			vertex -0.2574999994039535 -0.2922724103927612 0.23200000077486047
		endloop
	endfacet
	facet normal -0.23467539432878928 -0.3058349351361078 -0.9227092996967788
		outer loop
			vertex -0.2574999994039535 -0.2922724103927612 0.23200000077486047
			vertex -0.2638639612495899 -0.303295119702816 0.23727207817137252
			vertex -0.2771751424670219 -0.2771751424670219 0.23200000077486047
		endloop
	endfacet
	facet normal -0.23467539921941072 -0.3058349372368508 -0.9227092977566347
		outer loop
			vertex -0.2638639612495899 -0.303295119702816 0.23727207817137252
			vertex -0.286175145804882 -0.286175145804882 0.2372720781713725
			vertex -0.2771751424670219 -0.2771751424670219 0.23200000077486047
		endloop
	endfacet
	facet normal -0.3058349390516315 -0.23467539733327616 -0.922709297634826
		outer loop
			vertex -0.2771751424670219 -0.2771751424670219 0.23200000077486047
			vertex -0.286175145804882 -0.286175145804882 0.2372720781713725
			vertex -0.2922724103927612 -0.2574999994039535 0.23200000077486047
		endloop
	endfacet
	facet normal -0.30583493378394006 -0.2346753965699003 -0.9227092995749708
		outer loop
			vertex -0.286175145804882 -0.286175145804882 0.2372720781713725
			vertex -0.303295119702816 -0.2638639612495899 0.2372720781713725
			vertex -0.2922724103927612 -0.2574999994039535 0.23200000077486047
		endloop
	endfacet
	facet normal -0.3561522923065359 -0.147523149154037 -0.922709306958847
		outer loop
			vertex -0.2922724103927612 -0.2574999994039535 0.23200000077486047
			vertex -0.303295119702816 -0.2638639612495899 0.2372720781713725
			vertex -0.30176295250654217 -0.2345878100395202 0.23200000077486044
		endloop
	endfacet
	facet normal -0.35615235261142103 -0.14752314201190386 -0.9227092848239286
		outer loop
			vertex -0.303295119702816 -0.2638639612495899 0.2372720781713725
			vertex -0.31405718535184857 -0.23788203768432134 0.23727207817137247
			vertex -0.30176295250654217 -0.2345878100395202 0.23200000077486044
		endloop
	endfacet
	facet normal -0.3821985417073744 -0.05031738791833673 -0.9227092907247829
		outer loop
			vertex -0.30176295250654217 -0.2345878100395202 0.23200000077486044
			vertex -0.31405718535184857 -0.23788203768432134 0.23727207817137247
			vertex -0.30499999880790707 -0.20999999999999996 0.23200000077486044
		endloop
	endfacet
	facet normal -0.38219860397789174 -0.05031736306951105 -0.9227092662865599
		outer loop
			vertex -0.31405718535184857 -0.23788203768432134 0.23727207817137247
			vertex -0.3177279224991798 -0.20999999999999996 0.23727207817137247
			vertex -0.30499999880790707 -0.20999999999999996 0.23200000077486044
		endloop
	endfacet
	facet normal -0.38219860334235917 0.05031739603273556 -0.9227092647522485
		outer loop
			vertex -0.30499999880790707 -0.20999999999999996 0.23200000077486044
			vertex -0.3177279224991798 -0.20999999999999996 0.23727207817137247
			vertex -0.30176295250654217 -0.18541218996047967 0.23200000077486044
		endloop
	endfacet
	facet normal -0.3821985496250016 0.050317355913822574 -0.9227092891904726
		outer loop
			vertex -0.3177279224991798 -0.20999999999999996 0.23727207817137247
			vertex -0.31405718535184857 -0.18211796231567853 0.23727207817137247
			vertex -0.30176295250654217 -0.18541218996047967 0.23200000077486044
		endloop
	endfacet
	facet normal -0.3561523443279885 0.1475231707020319 -0.922709283434223
		outer loop
			vertex -0.30176295250654217 -0.18541218996047967 0.23200000077486044
			vertex -0.31405718535184857 -0.18211796231567853 0.23727207817137247
			vertex -0.2922724103927612 -0.16250000059604638 0.2320000007748604
		endloop
	endfacet
	facet normal -0.35615230673624126 0.1475231230097795 -0.9227093055691462
		outer loop
			vertex -0.31405718535184857 -0.18211796231567853 0.23727207817137247
			vertex -0.303295119702816 -0.15613603875041002 0.23727207817137244
			vertex -0.2922724103927612 -0.16250000059604638 0.2320000007748604
		endloop
	endfacet
	facet normal -0.3058349351361063 0.23467539432878845 -0.9227092996967796
		outer loop
			vertex -0.2922724103927612 -0.16250000059604638 0.2320000007748604
			vertex -0.303295119702816 -0.15613603875041002 0.23727207817137244
			vertex -0.2771751424670219 -0.14282485753297802 0.2320000007748604
		endloop
	endfacet
	facet normal -0.3058349372368498 0.23467539921941108 -0.9227092977566348
		outer loop
			vertex -0.303295119702816 -0.15613603875041002 0.23727207817137244
			vertex -0.286175145804882 -0.1338248541951179 0.23727207817137244
			vertex -0.2771751424670219 -0.14282485753297802 0.2320000007748604
		endloop
	endfacet
	facet normal -0.2346753973332758 0.30583493905163106 -0.9227092976348261
		outer loop
			vertex -0.2771751424670219 -0.14282485753297802 0.2320000007748604
			vertex -0.286175145804882 -0.1338248541951179 0.23727207817137244
			vertex -0.2574999994039535 -0.12772758960723873 0.2320000007748604
		endloop
	endfacet
	facet normal -0.2346753965698997 0.3058349337839378 -0.9227092995749717
		outer loop
			vertex -0.286175145804882 -0.1338248541951179 0.23727207817137244
			vertex -0.2638639612495899 -0.11670488029718393 0.2372720781713724
			vertex -0.2574999994039535 -0.12772758960723873 0.2320000007748604
		endloop
	endfacet
	facet normal -0.14752314915403658 0.35615229230653345 -0.9227093069588479
		outer loop
			vertex -0.2574999994039535 -0.12772758960723873 0.2320000007748604
			vertex -0.2638639612495899 -0.11670488029718393 0.2372720781713724
			vertex -0.23458781003952026 -0.11823704749345774 0.23200000077486038
		endloop
	endfacet
	facet normal -0.14752314201190314 0.3561523526114209 -0.9227092848239287
		outer loop
			vertex -0.2638639612495899 -0.11670488029718393 0.2372720781713724
			vertex -0.2378820376843214 -0.10594281464815133 0.2372720781713724
			vertex -0.23458781003952026 -0.11823704749345774 0.23200000077486038
		endloop
	endfacet
	facet normal -0.05031738791833668 0.38219854170737416 -0.9227092907247832
		outer loop
			vertex -0.23458781003952026 -0.11823704749345774 0.23200000077486038
			vertex -0.2378820376843214 -0.10594281464815133 0.2372720781713724
			vertex -0.21000000000000002 -0.11500000119209285 0.23200000077486038
		endloop
	endfacet
	facet normal -0.050317363069511 0.38219860397789135 -0.92270926628656
		outer loop
			vertex -0.2378820376843214 -0.10594281464815133 0.2372720781713724
			vertex -0.21000000000000002 -0.1022720775008201 0.2372720781713724
			vertex -0.21000000000000002 -0.11500000119209285 0.23200000077486038
		endloop
	endfacet
	facet normal 0.0503173960327355 0.3821986033423588 -0.9227092647522485
		outer loop
			vertex -0.21000000000000002 -0.11500000119209285 0.23200000077486038
			vertex -0.21000000000000002 -0.1022720775008201 0.2372720781713724
			vertex -0.18541218996047973 -0.11823704749345774 0.23200000077486038
		endloop
	endfacet
	facet normal 0.05031735591382254 0.38219854962500127 -0.9227092891904728
		outer loop
			vertex -0.21000000000000002 -0.1022720775008201 0.2372720781713724
			vertex -0.1821179623156786 -0.10594281464815133 0.2372720781713724
			vertex -0.18541218996047973 -0.11823704749345774 0.23200000077486038
		endloop
	endfacet
	facet normal 0.14752317070203397 0.3561523443279875 -0.922709283434223
		outer loop
			vertex -0.18541218996047973 -0.11823704749345774 0.23200000077486038
			vertex -0.1821179623156786 -0.10594281464815133 0.2372720781713724
			vertex -0.16250000059604644 -0.12772758960723873 0.2320000007748604
		endloop
	endfacet
	facet normal 0.14752312300977938 0.35615230673623854 -0.9227093055691473
		outer loop
			vertex -0.1821179623156786 -0.10594281464815133 0.2372720781713724
			vertex -0.15613603875041007 -0.11670488029718393 0.2372720781713724
			vertex -0.16250000059604644 -0.12772758960723873 0.2320000007748604
		endloop
	endfacet
	facet normal 0.23467539432878684 0.30583493513610466 -0.9227092996967805
		outer loop
			vertex -0.16250000059604644 -0.12772758960723873 0.2320000007748604
			vertex -0.15613603875041007 -0.11670488029718393 0.2372720781713724
			vertex -0.14282485753297805 -0.14282485753297802 0.2320000007748604
		endloop
	endfacet
	facet normal 0.23467539921941163 0.305834937236849 -0.9227092977566349
		outer loop
			vertex -0.15613603875041007 -0.11670488029718393 0.2372720781713724
			vertex -0.13382485419511794 -0.1338248541951179 0.23727207817137244
			vertex -0.14282485753297805 -0.14282485753297802 0.2320000007748604
		endloop
	endfacet
	facet normal 0.30583493905163095 0.23467539733327608 -0.9227092976348261
		outer loop
			vertex -0.14282485753297805 -0.14282485753297802 0.2320000007748604
			vertex -0.13382485419511794 -0.1338248541951179 0.23727207817137244
			vertex -0.12772758960723876 -0.16250000059604638 0.2320000007748604
		endloop
	endfacet
	facet normal 0.30583493378394006 0.2346753965699003 -0.9227092995749708
		outer loop
			vertex -0.13382485419511794 -0.1338248541951179 0.23727207817137244
			vertex -0.11670488029718398 -0.15613603875041002 0.23727207817137244
			vertex -0.12772758960723876 -0.16250000059604638 0.2320000007748604
		endloop
	endfacet
	facet normal 0.35615229230653683 0.14752314915403536 -0.922709306958847
		outer loop
			vertex -0.12772758960723876 -0.16250000059604638 0.2320000007748604
			vertex -0.11670488029718398 -0.15613603875041002 0.23727207817137244
			vertex -0.11823704749345779 -0.18541218996047967 0.23200000077486044
		endloop
	endfacet
	facet normal 0.3561523526114215 0.14752314201190225 -0.9227092848239287
		outer loop
			vertex -0.11670488029718398 -0.15613603875041002 0.23727207817137244
			vertex -0.10594281464815139 -0.18211796231567853 0.23727207817137247
			vertex -0.11823704749345779 -0.18541218996047967 0.23200000077486044
		endloop
	endfacet
	facet normal 0.3821985417073744 0.05031738791833673 -0.9227092907247829
		outer loop
			vertex -0.11823704749345779 -0.18541218996047967 0.23200000077486044
			vertex -0.10594281464815139 -0.18211796231567853 0.23727207817137247
			vertex -0.11500000119209289 -0.2099999999999999 0.23200000077486044
		endloop
	endfacet
	facet normal 0.38219860397789174 0.05031736306951105 -0.9227092662865599
		outer loop
			vertex -0.10594281464815139 -0.18211796231567853 0.23727207817137247
			vertex -0.10227207750082015 -0.2099999999999999 0.23727207817137247
			vertex -0.11500000119209289 -0.2099999999999999 0.23200000077486044
		endloop
	endfacet
	facet normal -0.38219860499734204 0.050317310193540785 -0.9227092687477313
		outer loop
			vertex -0.12772792488336562 -0.20999999999999994 0.23727207817137247
			vertex -0.11500000119209289 -0.20999999999999994 0.23200000077486044
			vertex -0.13053127288818359 -0.2312935805320739 0.23727207817137247
		endloop
	endfacet
	facet normal -0.38219872591897097 0.0503174121702512 -0.9227092130993406
		outer loop
			vertex -0.11500000119209289 -0.20999999999999994 0.23200000077486044
			vertex -0.11823704749345779 -0.2345878100395202 0.23200000077486044
			vertex -0.13053127288818359 -0.2312935805320739 0.23727207817137247
		endloop
	endfacet
	facet normal -0.3561524853282638 0.14752325731792648 -0.9227092151619652
		outer loop
			vertex -0.13053127288818359 -0.2312935805320739 0.23727207817137247
			vertex -0.11823704749345779 -0.2345878100395202 0.23200000077486044
			vertex -0.13875029146671294 -0.25113603755831715 0.2372720781713725
		endloop
	endfacet
	facet normal -0.35615245771011983 0.14752321766646082 -0.9227092321616683
		outer loop
			vertex -0.11823704749345779 -0.2345878100395202 0.23200000077486044
			vertex -0.12772758960723876 -0.2574999994039535 0.23200000077486047
			vertex -0.13875029146671294 -0.25113603755831715 0.2372720781713725
		endloop
	endfacet
	facet normal -0.3058350524588921 0.23467549561834913 -0.9227092350484789
		outer loop
			vertex -0.13875029146671294 -0.25113603755831715 0.2372720781713725
			vertex -0.12772758960723876 -0.2574999994039535 0.23200000077486047
			vertex -0.15182485714554786 -0.2681751428544521 0.2372720781713725
		endloop
	endfacet
	facet normal -0.3058350468307141 0.23467548003507313 -0.9227092408773
		outer loop
			vertex -0.12772758960723876 -0.2574999994039535 0.23200000077486047
			vertex -0.14282485753297805 -0.2771751424670219 0.23200000077486047
			vertex -0.15182485714554786 -0.2681751428544521 0.2372720781713725
		endloop
	endfacet
	facet normal -0.23467548651533143 0.3058350405956088 -0.9227092412958022
		outer loop
			vertex -0.15182485714554786 -0.2681751428544521 0.2372720781713725
			vertex -0.14282485753297805 -0.2771751424670219 0.23200000077486047
			vertex -0.1688639624416828 -0.281249708533287 0.2372720781713725
		endloop
	endfacet
	facet normal -0.23467548791848597 0.305835057104578 -0.9227092354669809
		outer loop
			vertex -0.14282485753297805 -0.2771751424670219 0.23200000077486047
			vertex -0.16250000059604644 -0.2922724103927612 0.23200000077486047
			vertex -0.1688639624416828 -0.281249708533287 0.2372720781713725
		endloop
	endfacet
	facet normal -0.1475232406286074 0.3561524450366982 -0.9227092333822263
		outer loop
			vertex -0.1688639624416828 -0.281249708533287 0.2372720781713725
			vertex -0.16250000059604644 -0.2922724103927612 0.23200000077486047
			vertex -0.18870641946792602 -0.28946872711181637 0.2372720781713725
		endloop
	endfacet
	facet normal -0.14752323211977666 0.35615249260349585 -0.9227092163825239
		outer loop
			vertex -0.16250000059604644 -0.2922724103927612 0.23200000077486047
			vertex -0.18541218996047973 -0.30176295250654217 0.2320000007748605
			vertex -0.18870641946792602 -0.28946872711181637 0.2372720781713725
		endloop
	endfacet
	facet normal -0.05031732882758435 0.38219874653721025 -0.9227092091038444
		outer loop
			vertex -0.18870641946792602 -0.28946872711181637 0.2372720781713725
			vertex -0.18541218996047973 -0.30176295250654217 0.2320000007748605
			vertex -0.21 -0.29227207511663433 0.2372720781713725
		endloop
	endfacet
	facet normal -0.05031739603273539 0.38219860334235756 -0.9227092647522492
		outer loop
			vertex -0.18541218996047973 -0.30176295250654217 0.2320000007748605
			vertex -0.21 -0.30499999880790707 0.2320000007748605
			vertex -0.21 -0.29227207511663433 0.2372720781713725
		endloop
	endfacet
	facet normal 0.05031731019354054 0.38219860499734026 -0.922709268747732
		outer loop
			vertex -0.21 -0.29227207511663433 0.2372720781713725
			vertex -0.21 -0.30499999880790707 0.2320000007748605
			vertex -0.23129358053207397 -0.28946872711181637 0.2372720781713725
		endloop
	endfacet
	facet normal 0.05031741217025097 0.38219872591896925 -0.9227092130993414
		outer loop
			vertex -0.21 -0.30499999880790707 0.2320000007748605
			vertex -0.23458781003952026 -0.30176295250654217 0.2320000007748605
			vertex -0.23129358053207397 -0.28946872711181637 0.2372720781713725
		endloop
	endfacet
	facet normal 0.14752325731792731 0.3561524853282617 -0.9227092151619659
		outer loop
			vertex -0.23129358053207397 -0.28946872711181637 0.2372720781713725
			vertex -0.23458781003952026 -0.30176295250654217 0.2320000007748605
			vertex -0.25113603755831715 -0.281249708533287 0.2372720781713725
		endloop
	endfacet
	facet normal 0.14752321766646295 0.3561524577101187 -0.9227092321616684
		outer loop
			vertex -0.23458781003952026 -0.30176295250654217 0.2320000007748605
			vertex -0.2574999994039535 -0.2922724103927612 0.23200000077486047
			vertex -0.25113603755831715 -0.281249708533287 0.2372720781713725
		endloop
	endfacet
	facet normal 0.23467549561834913 0.3058350524588921 -0.9227092350484789
		outer loop
			vertex -0.25113603755831715 -0.281249708533287 0.2372720781713725
			vertex -0.2574999994039535 -0.2922724103927612 0.23200000077486047
			vertex -0.2681751428544521 -0.2681751428544521 0.2372720781713725
		endloop
	endfacet
	facet normal 0.23467548003507313 0.3058350468307141 -0.9227092408773
		outer loop
			vertex -0.2574999994039535 -0.2922724103927612 0.23200000077486047
			vertex -0.2771751424670219 -0.2771751424670219 0.23200000077486047
			vertex -0.2681751428544521 -0.2681751428544521 0.2372720781713725
		endloop
	endfacet
	facet normal 0.3058350405956088 0.23467548651533143 -0.9227092412958022
		outer loop
			vertex -0.2681751428544521 -0.2681751428544521 0.2372720781713725
			vertex -0.2771751424670219 -0.2771751424670219 0.23200000077486047
			vertex -0.281249708533287 -0.25113603755831715 0.2372720781713725
		endloop
	endfacet
	facet normal 0.305835057104578 0.23467548791848597 -0.9227092354669809
		outer loop
			vertex -0.2771751424670219 -0.2771751424670219 0.23200000077486047
			vertex -0.2922724103927612 -0.2574999994039535 0.23200000077486047
			vertex -0.281249708533287 -0.25113603755831715 0.2372720781713725
		endloop
	endfacet
	facet normal 0.35615244503669885 0.14752324062860617 -0.9227092333822263
		outer loop
			vertex -0.281249708533287 -0.25113603755831715 0.2372720781713725
			vertex -0.2922724103927612 -0.2574999994039535 0.23200000077486047
			vertex -0.28946872711181637 -0.2312935805320739 0.23727207817137247
		endloop
	endfacet
	facet normal 0.3561524926034981 0.1475232321197752 -0.9227092163825233
		outer loop
			vertex -0.2922724103927612 -0.2574999994039535 0.23200000077486047
			vertex -0.30176295250654217 -0.2345878100395202 0.23200000077486044
			vertex -0.28946872711181637 -0.2312935805320739 0.23727207817137247
		endloop
	endfacet
	facet normal 0.382198746537212 0.050317328827584634 -0.9227092091038437
		outer loop
			vertex -0.28946872711181637 -0.2312935805320739 0.23727207817137247
			vertex -0.30176295250654217 -0.2345878100395202 0.23200000077486044
			vertex -0.29227207511663433 -0.20999999999999996 0.23727207817137247
		endloop
	endfacet
	facet normal 0.3821986033423592 0.050317396032735676 -0.9227092647522483
		outer loop
			vertex -0.30176295250654217 -0.2345878100395202 0.23200000077486044
			vertex -0.30499999880790707 -0.20999999999999996 0.23200000077486044
			vertex -0.29227207511663433 -0.20999999999999996 0.23727207817137247
		endloop
	endfacet
	facet normal 0.38219860499734204 -0.050317310193540715 -0.9227092687477313
		outer loop
			vertex -0.29227207511663433 -0.20999999999999996 0.23727207817137247
			vertex -0.30499999880790707 -0.20999999999999996 0.23200000077486044
			vertex -0.28946872711181637 -0.18870641946792596 0.23727207817137247
		endloop
	endfacet
	facet normal 0.38219872591897097 -0.05031741217025115 -0.9227092130993406
		outer loop
			vertex -0.30499999880790707 -0.20999999999999996 0.23200000077486044
			vertex -0.30176295250654217 -0.18541218996047967 0.23200000077486044
			vertex -0.28946872711181637 -0.18870641946792596 0.23727207817137247
		endloop
	endfacet
	facet normal 0.35615248532826305 -0.14752325731792895 -0.9227092151619651
		outer loop
			vertex -0.28946872711181637 -0.18870641946792596 0.23727207817137247
			vertex -0.30176295250654217 -0.18541218996047967 0.23200000077486044
			vertex -0.281249708533287 -0.16886396244168275 0.23727207817137244
		endloop
	endfacet
	facet normal 0.3561524577101188 -0.14752321766646279 -0.9227092321616683
		outer loop
			vertex -0.30176295250654217 -0.18541218996047967 0.23200000077486044
			vertex -0.2922724103927612 -0.16250000059604638 0.2320000007748604
			vertex -0.281249708533287 -0.16886396244168275 0.23727207817137244
		endloop
	endfacet
	facet normal 0.3058350524588921 -0.23467549561834913 -0.9227092350484789
		outer loop
			vertex -0.281249708533287 -0.16886396244168275 0.23727207817137244
			vertex -0.2922724103927612 -0.16250000059604638 0.2320000007748604
			vertex -0.2681751428544521 -0.1518248571455478 0.23727207817137244
		endloop
	endfacet
	facet normal 0.3058350468307142 -0.23467548003507355 -0.9227092408772997
		outer loop
			vertex -0.2922724103927612 -0.16250000059604638 0.2320000007748604
			vertex -0.2771751424670219 -0.14282485753297802 0.2320000007748604
			vertex -0.2681751428544521 -0.1518248571455478 0.23727207817137244
		endloop
	endfacet
	facet normal 0.23467548651533177 -0.30583504059560923 -0.9227092412958019
		outer loop
			vertex -0.2681751428544521 -0.1518248571455478 0.23727207817137244
			vertex -0.2771751424670219 -0.14282485753297802 0.2320000007748604
			vertex -0.25113603755831715 -0.1387502914667129 0.23727207817137244
		endloop
	endfacet
	facet normal 0.23467548791848628 -0.3058350571045784 -0.9227092354669805
		outer loop
			vertex -0.2771751424670219 -0.14282485753297802 0.2320000007748604
			vertex -0.2574999994039535 -0.12772758960723873 0.2320000007748604
			vertex -0.25113603755831715 -0.1387502914667129 0.23727207817137244
		endloop
	endfacet
	facet normal 0.14752324062860783 -0.3561524450366988 -0.9227092333822261
		outer loop
			vertex -0.25113603755831715 -0.1387502914667129 0.23727207817137244
			vertex -0.2574999994039535 -0.12772758960723873 0.2320000007748604
			vertex -0.23129358053207397 -0.13053127288818353 0.23727207817137244
		endloop
	endfacet
	facet normal 0.1475232321197765 -0.35615249260349985 -0.9227092163825225
		outer loop
			vertex -0.2574999994039535 -0.12772758960723873 0.2320000007748604
			vertex -0.23458781003952026 -0.11823704749345774 0.23200000077486038
			vertex -0.23129358053207397 -0.13053127288818353 0.23727207817137244
		endloop
	endfacet
	facet normal 0.050317328827584926 -0.3821987465372141 -0.9227092091038428
		outer loop
			vertex -0.23129358053207397 -0.13053127288818353 0.23727207817137244
			vertex -0.23458781003952026 -0.11823704749345774 0.23200000077486038
			vertex -0.21000000000000002 -0.12772792488336557 0.23727207817137244
		endloop
	endfacet
	facet normal 0.05031739603273595 -0.3821986033423613 -0.9227092647522476
		outer loop
			vertex -0.23458781003952026 -0.11823704749345774 0.23200000077486038
			vertex -0.21000000000000002 -0.11500000119209285 0.23200000077486038
			vertex -0.21000000000000002 -0.12772792488336557 0.23727207817137244
		endloop
	endfacet
	facet normal -0.05031731019354096 -0.3821986049973441 -0.9227092687477305
		outer loop
			vertex -0.21000000000000002 -0.12772792488336557 0.23727207817137244
			vertex -0.21000000000000002 -0.11500000119209285 0.23200000077486038
			vertex -0.18870641946792602 -0.13053127288818353 0.23727207817137244
		endloop
	endfacet
	facet normal -0.05031741217025143 -0.38219872591897314 -0.9227092130993398
		outer loop
			vertex -0.21000000000000002 -0.11500000119209285 0.23200000077486038
			vertex -0.18541218996047973 -0.11823704749345774 0.23200000077486038
			vertex -0.18870641946792602 -0.13053127288818353 0.23727207817137244
		endloop
	endfacet
	facet normal -0.1475232573179286 -0.3561524853282653 -0.9227092151619644
		outer loop
			vertex -0.18870641946792602 -0.13053127288818353 0.23727207817137244
			vertex -0.18541218996047973 -0.11823704749345774 0.23200000077486038
			vertex -0.1688639624416828 -0.1387502914667129 0.23727207817137244
		endloop
	endfacet
	facet normal -0.1475232176664614 -0.3561524577101203 -0.922709232161668
		outer loop
			vertex -0.18541218996047973 -0.11823704749345774 0.23200000077486038
			vertex -0.16250000059604644 -0.12772758960723873 0.2320000007748604
			vertex -0.1688639624416828 -0.1387502914667129 0.23727207817137244
		endloop
	endfacet
	facet normal -0.23467549561834955 -0.3058350524588926 -0.9227092350484787
		outer loop
			vertex -0.1688639624416828 -0.1387502914667129 0.23727207817137244
			vertex -0.16250000059604644 -0.12772758960723873 0.2320000007748604
			vertex -0.15182485714554786 -0.1518248571455478 0.23727207817137244
		endloop
	endfacet
	facet normal -0.2346754800350735 -0.3058350468307146 -0.9227092408772998
		outer loop
			vertex -0.16250000059604644 -0.12772758960723873 0.2320000007748604
			vertex -0.14282485753297805 -0.14282485753297802 0.2320000007748604
			vertex -0.15182485714554786 -0.1518248571455478 0.23727207817137244
		endloop
	endfacet
	facet normal -0.3058350405956092 -0.23467548651533174 -0.9227092412958021
		outer loop
			vertex -0.15182485714554786 -0.1518248571455478 0.23727207817137244
			vertex -0.14282485753297805 -0.14282485753297802 0.2320000007748604
			vertex -0.13875029146671294 -0.16886396244168275 0.23727207817137244
		endloop
	endfacet
	facet normal -0.30583505710457787 -0.23467548791848622 -0.9227092354669809
		outer loop
			vertex -0.14282485753297805 -0.14282485753297802 0.2320000007748604
			vertex -0.12772758960723876 -0.16250000059604638 0.2320000007748604
			vertex -0.13875029146671294 -0.16886396244168275 0.23727207817137244
		endloop
	endfacet
	facet normal -0.35615244503669763 -0.14752324062860844 -0.9227092333822263
		outer loop
			vertex -0.13875029146671294 -0.16886396244168275 0.23727207817137244
			vertex -0.12772758960723876 -0.16250000059604638 0.2320000007748604
			vertex -0.13053127288818359 -0.18870641946792596 0.23727207817137247
		endloop
	endfacet
	facet normal -0.35615249260349746 -0.14752323211977733 -0.9227092163825232
		outer loop
			vertex -0.12772758960723876 -0.16250000059604638 0.2320000007748604
			vertex -0.11823704749345779 -0.18541218996047967 0.23200000077486044
			vertex -0.13053127288818359 -0.18870641946792596 0.23727207817137247
		endloop
	endfacet
	facet normal -0.382198746537212 -0.050317328827584634 -0.9227092091038437
		outer loop
			vertex -0.13053127288818359 -0.18870641946792596 0.23727207817137247
			vertex -0.11823704749345779 -0.18541218996047967 0.23200000077486044
			vertex -0.12772792488336562 -0.2099999999999999 0.23727207817137247
		endloop
	endfacet
	facet normal -0.3821986033423592 -0.050317396032735676 -0.9227092647522483
		outer loop
			vertex -0.11823704749345779 -0.18541218996047967 0.23200000077486044
			vertex -0.11500000119209289 -0.2099999999999999 0.23200000077486044
			vertex -0.12772792488336562 -0.2099999999999999 0.23727207817137247
		endloop
	endfacet
	facet normal -0.9171204900415744 0.12074134822858179 -0.3798835789736735
		outer loop
			vertex -0.1330000004172325 -0.20999999999999994 0.25000000000000006
			vertex -0.12772792488336562 -0.20999999999999994 0.23727207817137247
			vertex -0.13562371492385863 -0.2299290663003921 0.25000000000000006
		endloop
	endfacet
	facet normal -0.9171203322866069 0.12074096462175556 -0.37988408175219923
		outer loop
			vertex -0.12772792488336562 -0.20999999999999994 0.23727207817137247
			vertex -0.13053127288818359 -0.2312935805320739 0.23727207817137247
			vertex -0.13562371492385863 -0.2299290663003921 0.25000000000000006
		endloop
	endfacet
	facet normal -0.8546201216534882 0.3539951101215398 -0.37988407399497054
		outer loop
			vertex -0.13562371492385863 -0.2299290663003921 0.25000000000000006
			vertex -0.13053127288818359 -0.2312935805320739 0.23727207817137247
			vertex -0.14331604450941085 -0.24849999979138368 0.25000000000000006
		endloop
	endfacet
	facet normal -0.8546201621809374 0.3539954241181372 -0.37988369022274254
		outer loop
			vertex -0.13053127288818359 -0.2312935805320739 0.23727207817137247
			vertex -0.13875029146671294 -0.25113603755831715 0.2372720781713725
			vertex -0.14331604450941085 -0.24849999979138368 0.25000000000000006
		endloop
	endfacet
	facet normal -0.7338790565810243 0.5631251425721401 -0.37988367181921984
		outer loop
			vertex -0.14331604450941085 -0.24849999979138368 0.25000000000000006
			vertex -0.13875029146671294 -0.25113603755831715 0.2372720781713725
			vertex -0.1555527774989605 -0.26444722250103947 0.25000000000000006
		endloop
	endfacet
	facet normal -0.7338790471072191 0.5631252131472317 -0.3798835855033551
		outer loop
			vertex -0.13875029146671294 -0.25113603755831715 0.2372720781713725
			vertex -0.15182485714554786 -0.2681751428544521 0.2372720781713725
			vertex -0.1555527774989605 -0.26444722250103947 0.25000000000000006
		endloop
	endfacet
	facet normal -0.5631251648653853 0.7338790856341492 -0.37988358264620753
		outer loop
			vertex -0.1555527774989605 -0.26444722250103947 0.25000000000000006
			vertex -0.15182485714554786 -0.2681751428544521 0.2372720781713725
			vertex -0.17150000020861625 -0.2766839554905891 0.25000000000000006
		endloop
	endfacet
	facet normal -0.5631251922825598 0.7338790199158497 -0.3798836689620681
		outer loop
			vertex -0.15182485714554786 -0.2681751428544521 0.2372720781713725
			vertex -0.1688639624416828 -0.281249708533287 0.2372720781713725
			vertex -0.17150000020861625 -0.2766839554905891 0.25000000000000006
		endloop
	endfacet
	facet normal -0.35399517243027656 0.85462027208014 -0.37988367751948277
		outer loop
			vertex -0.17150000020861625 -0.2766839554905891 0.25000000000000006
			vertex -0.1688639624416828 -0.281249708533287 0.2372720781713725
			vertex -0.19007093369960784 -0.2843762850761413 0.2500000000000001
		endloop
	endfacet
	facet normal -0.35399536580217106 0.854620021393803 -0.3798840612916567
		outer loop
			vertex -0.1688639624416828 -0.281249708533287 0.2372720781713725
			vertex -0.18870641946792602 -0.28946872711181637 0.2372720781713725
			vertex -0.19007093369960784 -0.2843762850761413 0.2500000000000001
		endloop
	endfacet
	facet normal -0.12074132038592131 0.9171202785558258 -0.37988409839469367
		outer loop
			vertex -0.19007093369960784 -0.2843762850761413 0.2500000000000001
			vertex -0.18870641946792602 -0.28946872711181637 0.2372720781713725
			vertex -0.21 -0.28699999958276745 0.2500000000000001
		endloop
	endfacet
	facet normal -0.12074099068015456 0.9171205302201554 -0.3798835956161785
		outer loop
			vertex -0.18870641946792602 -0.28946872711181637 0.2372720781713725
			vertex -0.21 -0.29227207511663433 0.2372720781713725
			vertex -0.21 -0.28699999958276745 0.2500000000000001
		endloop
	endfacet
	facet normal 0.1207413482285818 0.9171204900415745 -0.3798835789736727
		outer loop
			vertex -0.21 -0.28699999958276745 0.2500000000000001
			vertex -0.21 -0.29227207511663433 0.2372720781713725
			vertex -0.22992906630039214 -0.2843762850761413 0.2500000000000001
		endloop
	endfacet
	facet normal 0.12074096462175558 0.9171203322866073 -0.3798840817521985
		outer loop
			vertex -0.21 -0.29227207511663433 0.2372720781713725
			vertex -0.23129358053207397 -0.28946872711181637 0.2372720781713725
			vertex -0.22992906630039214 -0.2843762850761413 0.2500000000000001
		endloop
	endfacet
	facet normal 0.3539951101215408 0.854620121653488 -0.37988407399496976
		outer loop
			vertex -0.22992906630039214 -0.2843762850761413 0.2500000000000001
			vertex -0.23129358053207397 -0.28946872711181637 0.2372720781713725
			vertex -0.24849999979138374 -0.2766839554905891 0.25000000000000006
		endloop
	endfacet
	facet normal 0.3539954241181387 0.8546201621809373 -0.3798836902227413
		outer loop
			vertex -0.23129358053207397 -0.28946872711181637 0.2372720781713725
			vertex -0.25113603755831715 -0.281249708533287 0.2372720781713725
			vertex -0.24849999979138374 -0.2766839554905891 0.25000000000000006
		endloop
	endfacet
	facet normal 0.5631251425721419 0.733879056581024 -0.37988367181921767
		outer loop
			vertex -0.24849999979138374 -0.2766839554905891 0.25000000000000006
			vertex -0.25113603755831715 -0.281249708533287 0.2372720781713725
			vertex -0.26444722250103947 -0.26444722250103947 0.25000000000000006
		endloop
	endfacet
	facet normal 0.5631252131472317 0.7338790471072191 -0.3798835855033551
		outer loop
			vertex -0.25113603755831715 -0.281249708533287 0.2372720781713725
			vertex -0.2681751428544521 -0.2681751428544521 0.2372720781713725
			vertex -0.26444722250103947 -0.26444722250103947 0.25000000000000006
		endloop
	endfacet
	facet normal 0.7338790856341496 0.5631251648653847 -0.3798835826462075
		outer loop
			vertex -0.26444722250103947 -0.26444722250103947 0.25000000000000006
			vertex -0.2681751428544521 -0.2681751428544521 0.2372720781713725
			vertex -0.2766839554905891 -0.24849999979138368 0.25000000000000006
		endloop
	endfacet
	facet normal 0.7338790199158494 0.5631251922825594 -0.3798836689620691
		outer loop
			vertex -0.2681751428544521 -0.2681751428544521 0.2372720781713725
			vertex -0.281249708533287 -0.25113603755831715 0.2372720781713725
			vertex -0.2766839554905891 -0.24849999979138368 0.25000000000000006
		endloop
	endfacet
	facet normal 0.8546202720801402 0.35399517243027545 -0.37988367751948326
		outer loop
			vertex -0.2766839554905891 -0.24849999979138368 0.25000000000000006
			vertex -0.281249708533287 -0.25113603755831715 0.2372720781713725
			vertex -0.2843762850761413 -0.2299290663003921 0.25000000000000006
		endloop
	endfacet
	facet normal 0.8546200213938031 0.35399536580217 -0.37988406129165736
		outer loop
			vertex -0.281249708533287 -0.25113603755831715 0.2372720781713725
			vertex -0.28946872711181637 -0.2312935805320739 0.23727207817137247
			vertex -0.2843762850761413 -0.2299290663003921 0.25000000000000006
		endloop
	endfacet
	facet normal 0.9171202785558255 0.12074132038592128 -0.37988409839469434
		outer loop
			vertex -0.2843762850761413 -0.2299290663003921 0.25000000000000006
			vertex -0.28946872711181637 -0.2312935805320739 0.23727207817137247
			vertex -0.28699999958276745 -0.20999999999999994 0.25000000000000006
		endloop
	endfacet
	facet normal 0.9171205302201548 0.12074099068015468 -0.3798835956161794
		outer loop
			vertex -0.28946872711181637 -0.2312935805320739 0.23727207817137247
			vertex -0.29227207511663433 -0.20999999999999996 0.23727207817137247
			vertex -0.28699999958276745 -0.20999999999999994 0.25000000000000006
		endloop
	endfacet
	facet normal 0.9171204900415744 -0.1207413482285818 -0.3798835789736732
		outer loop
			vertex -0.28699999958276745 -0.20999999999999994 0.25000000000000006
			vertex -0.29227207511663433 -0.20999999999999996 0.23727207817137247
			vertex -0.2843762850761413 -0.19007093369960779 0.25000000000000006
		endloop
	endfacet
	facet normal 0.917120332286607 -0.12074096462175539 -0.3798840817521992
		outer loop
			vertex -0.29227207511663433 -0.20999999999999996 0.23727207817137247
			vertex -0.28946872711181637 -0.18870641946792596 0.23727207817137247
			vertex -0.2843762850761413 -0.19007093369960779 0.25000000000000006
		endloop
	endfacet
	facet normal 0.8546201216534882 -0.3539951101215398 -0.37988407399497054
		outer loop
			vertex -0.2843762850761413 -0.19007093369960779 0.25000000000000006
			vertex -0.28946872711181637 -0.18870641946792596 0.23727207817137247
			vertex -0.2766839554905891 -0.1715000002086162 0.25000000000000006
		endloop
	endfacet
	facet normal 0.8546201621809375 -0.3539954241181388 -0.37988369022274043
		outer loop
			vertex -0.28946872711181637 -0.18870641946792596 0.23727207817137247
			vertex -0.281249708533287 -0.16886396244168275 0.23727207817137244
			vertex -0.2766839554905891 -0.1715000002086162 0.25000000000000006
		endloop
	endfacet
	facet normal 0.7338790565810247 -0.5631251425721412 -0.37988367181921734
		outer loop
			vertex -0.2766839554905891 -0.1715000002086162 0.25000000000000006
			vertex -0.281249708533287 -0.16886396244168275 0.23727207817137244
			vertex -0.26444722250103947 -0.15555277749896043 0.25000000000000006
		endloop
	endfacet
	facet normal 0.7338790471072195 -0.5631252131472321 -0.3798835855033537
		outer loop
			vertex -0.281249708533287 -0.16886396244168275 0.23727207817137244
			vertex -0.2681751428544521 -0.1518248571455478 0.23727207817137244
			vertex -0.26444722250103947 -0.15555277749896043 0.25000000000000006
		endloop
	endfacet
	facet normal 0.5631251648653853 -0.7338790856341499 -0.37988358264620603
		outer loop
			vertex -0.26444722250103947 -0.15555277749896043 0.25000000000000006
			vertex -0.2681751428544521 -0.1518248571455478 0.23727207817137244
			vertex -0.24849999979138374 -0.1433160445094108 0.25
		endloop
	endfacet
	facet normal 0.5631251922825599 -0.73387901991585 -0.379883668962067
		outer loop
			vertex -0.2681751428544521 -0.1518248571455478 0.23727207817137244
			vertex -0.25113603755831715 -0.1387502914667129 0.23727207817137244
			vertex -0.24849999979138374 -0.1433160445094108 0.25
		endloop
	endfacet
	facet normal 0.3539951724302757 -0.8546202720801407 -0.37988367751948204
		outer loop
			vertex -0.24849999979138374 -0.1433160445094108 0.25
			vertex -0.25113603755831715 -0.1387502914667129 0.23727207817137244
			vertex -0.22992906630039214 -0.13562371492385858 0.25
		endloop
	endfacet
	facet normal 0.35399536580217117 -0.8546200213938021 -0.379884061291658
		outer loop
			vertex -0.25113603755831715 -0.1387502914667129 0.23727207817137244
			vertex -0.23129358053207397 -0.13053127288818353 0.23727207817137244
			vertex -0.22992906630039214 -0.13562371492385858 0.25
		endloop
	endfacet
	facet normal 0.12074132038592142 -0.9171202785558251 -0.37988409839469506
		outer loop
			vertex -0.22992906630039214 -0.13562371492385858 0.25
			vertex -0.23129358053207397 -0.13053127288818353 0.23727207817137244
			vertex -0.21000000000000002 -0.13300000041723245 0.25
		endloop
	endfacet
	facet normal 0.12074099068015463 -0.9171205302201546 -0.3798835956161798
		outer loop
			vertex -0.23129358053207397 -0.13053127288818353 0.23727207817137244
			vertex -0.21000000000000002 -0.12772792488336557 0.23727207817137244
			vertex -0.21000000000000002 -0.13300000041723245 0.25
		endloop
	endfacet
	facet normal -0.1207413482285816 -0.9171204900415739 -0.37988357897367414
		outer loop
			vertex -0.21000000000000002 -0.13300000041723245 0.25
			vertex -0.21000000000000002 -0.12772792488336557 0.23727207817137244
			vertex -0.19007093369960784 -0.13562371492385858 0.25
		endloop
	endfacet
	facet normal -0.12074096462175538 -0.9171203322866067 -0.3798840817521999
		outer loop
			vertex -0.21000000000000002 -0.12772792488336557 0.23727207817137244
			vertex -0.18870641946792602 -0.13053127288818353 0.23727207817137244
			vertex -0.19007093369960784 -0.13562371492385858 0.25
		endloop
	endfacet
	facet normal -0.35399511012153967 -0.8546201216534879 -0.3798840739949712
		outer loop
			vertex -0.19007093369960784 -0.13562371492385858 0.25
			vertex -0.18870641946792602 -0.13053127288818353 0.23727207817137244
			vertex -0.17150000020861625 -0.1433160445094108 0.25
		endloop
	endfacet
	facet normal -0.35399542411813817 -0.8546201621809374 -0.37988369022274193
		outer loop
			vertex -0.18870641946792602 -0.13053127288818353 0.23727207817137244
			vertex -0.1688639624416828 -0.1387502914667129 0.23727207817137244
			vertex -0.17150000020861625 -0.1433160445094108 0.25
		endloop
	endfacet
	facet normal -0.5631251425721401 -0.7338790565810248 -0.37988367181921884
		outer loop
			vertex -0.17150000020861625 -0.1433160445094108 0.25
			vertex -0.1688639624416828 -0.1387502914667129 0.23727207817137244
			vertex -0.1555527774989605 -0.15555277749896043 0.25000000000000006
		endloop
	endfacet
	facet normal -0.5631252131472321 -0.7338790471072195 -0.3798835855033537
		outer loop
			vertex -0.1688639624416828 -0.1387502914667129 0.23727207817137244
			vertex -0.15182485714554786 -0.1518248571455478 0.23727207817137244
			vertex -0.1555527774989605 -0.15555277749896043 0.25000000000000006
		endloop
	endfacet
	facet normal -0.7338790856341496 -0.5631251648653856 -0.3798835826462061
		outer loop
			vertex -0.1555527774989605 -0.15555277749896043 0.25000000000000006
			vertex -0.15182485714554786 -0.1518248571455478 0.23727207817137244
			vertex -0.14331604450941085 -0.1715000002086162 0.25000000000000006
		endloop
	endfacet
	facet normal -0.7338790199158501 -0.56312519228256 -0.37988366896206666
		outer loop
			vertex -0.15182485714554786 -0.1518248571455478 0.23727207817137244
			vertex -0.13875029146671294 -0.16886396244168275 0.23727207817137244
			vertex -0.14331604450941085 -0.1715000002086162 0.25000000000000006
		endloop
	endfacet
	facet normal -0.854620272080141 -0.3539951724302758 -0.3798836775194813
		outer loop
			vertex -0.14331604450941085 -0.1715000002086162 0.25000000000000006
			vertex -0.13875029146671294 -0.16886396244168275 0.23727207817137244
			vertex -0.13562371492385863 -0.19007093369960779 0.25000000000000006
		endloop
	endfacet
	facet normal -0.8546200213938026 -0.3539953658021714 -0.3798840612916574
		outer loop
			vertex -0.13875029146671294 -0.16886396244168275 0.23727207817137244
			vertex -0.13053127288818359 -0.18870641946792596 0.23727207817137247
			vertex -0.13562371492385863 -0.19007093369960779 0.25000000000000006
		endloop
	endfacet
	facet normal -0.9171202785558253 -0.12074132038592145 -0.37988409839469434
		outer loop
			vertex -0.13562371492385863 -0.19007093369960779 0.25000000000000006
			vertex -0.13053127288818359 -0.18870641946792596 0.23727207817137247
			vertex -0.1330000004172325 -0.2099999999999999 0.25000000000000006
		endloop
	endfacet
	facet normal -0.917120530220155 -0.1207409906801547 -0.37988359561617924
		outer loop
			vertex -0.13053127288818359 -0.18870641946792596 0.23727207817137247
			vertex -0.12772792488336562 -0.2099999999999999 0.23727207817137247
			vertex -0.1330000004172325 -0.2099999999999999 0.25000000000000006
		endloop
	endfacet
	facet normal -0.917120530220155 0.12074099068015454 0.37988359561617924
		outer loop
			vertex -0.12772792488336562 -0.20999999999999994 0.26272792182862764
			vertex -0.1330000004172325 -0.20999999999999994 0.25000000000000006
			vertex -0.13053127288818359 -0.2312935805320739 0.26272792182862764
		endloop
	endfacet
	facet normal -0.9171202785558255 0.12074132038592128 0.37988409839469434
		outer loop
			vertex -0.1330000004172325 -0.20999999999999994 0.25000000000000006
			vertex -0.13562371492385863 -0.2299290663003921 0.25000000000000006
			vertex -0.13053127288818359 -0.2312935805320739 0.26272792182862764
		endloop
	endfacet
	facet normal -0.8546200213938026 0.35399536580217134 0.3798840612916574
		outer loop
			vertex -0.13053127288818359 -0.2312935805320739 0.26272792182862764
			vertex -0.13562371492385863 -0.2299290663003921 0.25000000000000006
			vertex -0.13875029146671294 -0.2511360375583171 0.26272792182862764
		endloop
	endfacet
	facet normal -0.854620272080141 0.3539951724302758 0.3798836775194813
		outer loop
			vertex -0.13562371492385863 -0.2299290663003921 0.25000000000000006
			vertex -0.14331604450941085 -0.24849999979138368 0.25000000000000006
			vertex -0.13875029146671294 -0.2511360375583171 0.26272792182862764
		endloop
	endfacet
	facet normal -0.7338790199158503 0.5631251922825602 0.3798836689620664
		outer loop
			vertex -0.13875029146671294 -0.2511360375583171 0.26272792182862764
			vertex -0.14331604450941085 -0.24849999979138368 0.25000000000000006
			vertex -0.15182485714554786 -0.26817514285445204 0.26272792182862764
		endloop
	endfacet
	facet normal -0.7338790856341506 0.5631251648653853 0.37988358264620464
		outer loop
			vertex -0.14331604450941085 -0.24849999979138368 0.25000000000000006
			vertex -0.1555527774989605 -0.26444722250103947 0.25000000000000006
			vertex -0.15182485714554786 -0.26817514285445204 0.26272792182862764
		endloop
	endfacet
	facet normal -0.5631252131472333 0.7338790471072196 0.3798835855033517
		outer loop
			vertex -0.15182485714554786 -0.26817514285445204 0.26272792182862764
			vertex -0.1555527774989605 -0.26444722250103947 0.25000000000000006
			vertex -0.1688639624416828 -0.281249708533287 0.2627279218286277
		endloop
	endfacet
	facet normal -0.5631251425721414 0.733879056581025 0.3798836718192167
		outer loop
			vertex -0.1555527774989605 -0.26444722250103947 0.25000000000000006
			vertex -0.17150000020861625 -0.2766839554905891 0.25000000000000006
			vertex -0.1688639624416828 -0.281249708533287 0.2627279218286277
		endloop
	endfacet
	facet normal -0.35399542411813856 0.8546201621809382 0.3798836902227398
		outer loop
			vertex -0.1688639624416828 -0.281249708533287 0.2627279218286277
			vertex -0.17150000020861625 -0.2766839554905891 0.25000000000000006
			vertex -0.18870641946792602 -0.28946872711181637 0.2627279218286277
		endloop
	endfacet
	facet normal -0.3539951101215388 0.8546201216534886 0.37988407399497054
		outer loop
			vertex -0.17150000020861625 -0.2766839554905891 0.25000000000000006
			vertex -0.19007093369960784 -0.2843762850761413 0.2500000000000001
			vertex -0.18870641946792602 -0.28946872711181637 0.2627279218286277
		endloop
	endfacet
	facet normal -0.12074096462175556 0.9171203322866069 0.37988408175219923
		outer loop
			vertex -0.18870641946792602 -0.28946872711181637 0.2627279218286277
			vertex -0.19007093369960784 -0.2843762850761413 0.2500000000000001
			vertex -0.21 -0.29227207511663433 0.2627279218286277
		endloop
	endfacet
	facet normal -0.12074134822858179 0.9171204900415744 0.3798835789736735
		outer loop
			vertex -0.19007093369960784 -0.2843762850761413 0.2500000000000001
			vertex -0.21 -0.28699999958276745 0.2500000000000001
			vertex -0.21 -0.29227207511663433 0.2627279218286277
		endloop
	endfacet
	facet normal 0.12074099068015454 0.917120530220155 0.37988359561617924
		outer loop
			vertex -0.21 -0.29227207511663433 0.2627279218286277
			vertex -0.21 -0.28699999958276745 0.2500000000000001
			vertex -0.23129358053207397 -0.28946872711181637 0.2627279218286277
		endloop
	endfacet
	facet normal 0.12074132038592128 0.9171202785558255 0.37988409839469434
		outer loop
			vertex -0.21 -0.28699999958276745 0.2500000000000001
			vertex -0.22992906630039214 -0.2843762850761413 0.2500000000000001
			vertex -0.23129358053207397 -0.28946872711181637 0.2627279218286277
		endloop
	endfacet
	facet normal 0.35399536580217134 0.8546200213938026 0.3798840612916574
		outer loop
			vertex -0.23129358053207397 -0.28946872711181637 0.2627279218286277
			vertex -0.22992906630039214 -0.2843762850761413 0.2500000000000001
			vertex -0.25113603755831715 -0.281249708533287 0.2627279218286277
		endloop
	endfacet
	facet normal 0.35399517243027506 0.8546202720801419 0.3798836775194798
		outer loop
			vertex -0.22992906630039214 -0.2843762850761413 0.2500000000000001
			vertex -0.24849999979138374 -0.2766839554905891 0.25000000000000006
			vertex -0.25113603755831715 -0.281249708533287 0.2627279218286277
		endloop
	endfacet
	facet normal 0.5631251922825612 0.7338790199158503 0.3798836689620648
		outer loop
			vertex -0.25113603755831715 -0.281249708533287 0.2627279218286277
			vertex -0.24849999979138374 -0.2766839554905891 0.25000000000000006
			vertex -0.2681751428544521 -0.26817514285445204 0.26272792182862764
		endloop
	endfacet
	facet normal 0.5631251648653868 0.7338790856341498 0.3798835826462041
		outer loop
			vertex -0.24849999979138374 -0.2766839554905891 0.25000000000000006
			vertex -0.26444722250103947 -0.26444722250103947 0.25000000000000006
			vertex -0.2681751428544521 -0.26817514285445204 0.26272792182862764
		endloop
	endfacet
	facet normal 0.7338790471072201 0.5631252131472325 0.3798835855033523
		outer loop
			vertex -0.2681751428544521 -0.26817514285445204 0.26272792182862764
			vertex -0.26444722250103947 -0.26444722250103947 0.25000000000000006
			vertex -0.281249708533287 -0.2511360375583171 0.26272792182862764
		endloop
	endfacet
	facet normal 0.7338790565810253 0.5631251425721407 0.3798836718192171
		outer loop
			vertex -0.26444722250103947 -0.26444722250103947 0.25000000000000006
			vertex -0.2766839554905891 -0.24849999979138368 0.25000000000000006
			vertex -0.281249708533287 -0.2511360375583171 0.26272792182862764
		endloop
	endfacet
	facet normal 0.8546201621809376 0.3539954241181388 0.37988369022274054
		outer loop
			vertex -0.281249708533287 -0.2511360375583171 0.26272792182862764
			vertex -0.2766839554905891 -0.24849999979138368 0.25000000000000006
			vertex -0.28946872711181637 -0.2312935805320739 0.26272792182862764
		endloop
	endfacet
	facet normal 0.8546201216534882 0.3539951101215398 0.37988407399497054
		outer loop
			vertex -0.2766839554905891 -0.24849999979138368 0.25000000000000006
			vertex -0.2843762850761413 -0.2299290663003921 0.25000000000000006
			vertex -0.28946872711181637 -0.2312935805320739 0.26272792182862764
		endloop
	endfacet
	facet normal 0.9171203322866069 0.12074096462175556 0.37988408175219923
		outer loop
			vertex -0.28946872711181637 -0.2312935805320739 0.26272792182862764
			vertex -0.2843762850761413 -0.2299290663003921 0.25000000000000006
			vertex -0.29227207511663433 -0.20999999999999994 0.26272792182862764
		endloop
	endfacet
	facet normal 0.9171204900415744 0.12074134822858179 0.3798835789736735
		outer loop
			vertex -0.2843762850761413 -0.2299290663003921 0.25000000000000006
			vertex -0.28699999958276745 -0.20999999999999994 0.25000000000000006
			vertex -0.29227207511663433 -0.20999999999999994 0.26272792182862764
		endloop
	endfacet
	facet normal 0.917120530220155 -0.12074099068015454 0.37988359561617924
		outer loop
			vertex -0.29227207511663433 -0.20999999999999994 0.26272792182862764
			vertex -0.28699999958276745 -0.20999999999999994 0.25000000000000006
			vertex -0.28946872711181637 -0.18870641946792596 0.26272792182862764
		endloop
	endfacet
	facet normal 0.9171202785558255 -0.12074132038592128 0.37988409839469434
		outer loop
			vertex -0.28699999958276745 -0.20999999999999994 0.25000000000000006
			vertex -0.2843762850761413 -0.19007093369960779 0.25000000000000006
			vertex -0.28946872711181637 -0.18870641946792596 0.26272792182862764
		endloop
	endfacet
	facet normal 0.8546200213938028 -0.35399536580217095 0.3798840612916574
		outer loop
			vertex -0.28946872711181637 -0.18870641946792596 0.26272792182862764
			vertex -0.2843762850761413 -0.19007093369960779 0.25000000000000006
			vertex -0.281249708533287 -0.16886396244168275 0.26272792182862764
		endloop
	endfacet
	facet normal 0.8546202720801407 -0.3539951724302757 0.379883677519482
		outer loop
			vertex -0.2843762850761413 -0.19007093369960779 0.25000000000000006
			vertex -0.2766839554905891 -0.1715000002086162 0.25000000000000006
			vertex -0.281249708533287 -0.16886396244168275 0.26272792182862764
		endloop
	endfacet
	facet normal 0.73387901991585 -0.5631251922825599 0.3798836689620674
		outer loop
			vertex -0.281249708533287 -0.16886396244168275 0.26272792182862764
			vertex -0.2766839554905891 -0.1715000002086162 0.25000000000000006
			vertex -0.2681751428544521 -0.1518248571455478 0.26272792182862764
		endloop
	endfacet
	facet normal 0.7338790856341494 -0.5631251648653853 0.37988358264620675
		outer loop
			vertex -0.2766839554905891 -0.1715000002086162 0.25000000000000006
			vertex -0.26444722250103947 -0.15555277749896043 0.25000000000000006
			vertex -0.2681751428544521 -0.1518248571455478 0.26272792182862764
		endloop
	endfacet
	facet normal 0.5631252131472329 -0.7338790471072187 0.3798835855033545
		outer loop
			vertex -0.2681751428544521 -0.1518248571455478 0.26272792182862764
			vertex -0.26444722250103947 -0.15555277749896043 0.25000000000000006
			vertex -0.25113603755831715 -0.1387502914667129 0.2627279218286276
		endloop
	endfacet
	facet normal 0.5631251425721427 -0.7338790565810237 0.37988367181921695
		outer loop
			vertex -0.26444722250103947 -0.15555277749896043 0.25000000000000006
			vertex -0.24849999979138374 -0.1433160445094108 0.25
			vertex -0.25113603755831715 -0.1387502914667129 0.2627279218286276
		endloop
	endfacet
	facet normal 0.3539954241181388 -0.8546201621809376 0.37988369022274054
		outer loop
			vertex -0.25113603755831715 -0.1387502914667129 0.2627279218286276
			vertex -0.24849999979138374 -0.1433160445094108 0.25
			vertex -0.23129358053207397 -0.13053127288818353 0.2627279218286276
		endloop
	endfacet
	facet normal 0.3539951101215398 -0.8546201216534882 0.37988407399497054
		outer loop
			vertex -0.24849999979138374 -0.1433160445094108 0.25
			vertex -0.22992906630039214 -0.13562371492385858 0.25
			vertex -0.23129358053207397 -0.13053127288818353 0.2627279218286276
		endloop
	endfacet
	facet normal 0.12074096462175574 -0.917120332286607 0.37988408175219934
		outer loop
			vertex -0.23129358053207397 -0.13053127288818353 0.2627279218286276
			vertex -0.22992906630039214 -0.13562371492385858 0.25
			vertex -0.21000000000000002 -0.12772792488336557 0.2627279218286276
		endloop
	endfacet
	facet normal 0.12074134822858197 -0.9171204900415743 0.3798835789736734
		outer loop
			vertex -0.22992906630039214 -0.13562371492385858 0.25
			vertex -0.21000000000000002 -0.13300000041723245 0.25
			vertex -0.21000000000000002 -0.12772792488336557 0.2627279218286276
		endloop
	endfacet
	facet normal -0.12074099068015436 -0.917120530220155 0.3798835956161792
		outer loop
			vertex -0.21000000000000002 -0.12772792488336557 0.2627279218286276
			vertex -0.21000000000000002 -0.13300000041723245 0.25
			vertex -0.18870641946792602 -0.13053127288818353 0.2627279218286276
		endloop
	endfacet
	facet normal -0.1207413203859211 -0.9171202785558255 0.3798840983946942
		outer loop
			vertex -0.21000000000000002 -0.13300000041723245 0.25
			vertex -0.19007093369960784 -0.13562371492385858 0.25
			vertex -0.18870641946792602 -0.13053127288818353 0.2627279218286276
		endloop
	endfacet
	facet normal -0.35399536580217095 -0.8546200213938028 0.3798840612916574
		outer loop
			vertex -0.18870641946792602 -0.13053127288818353 0.2627279218286276
			vertex -0.19007093369960784 -0.13562371492385858 0.25
			vertex -0.1688639624416828 -0.1387502914667129 0.2627279218286276
		endloop
	endfacet
	facet normal -0.3539951724302757 -0.8546202720801407 0.379883677519482
		outer loop
			vertex -0.19007093369960784 -0.13562371492385858 0.25
			vertex -0.17150000020861625 -0.1433160445094108 0.25
			vertex -0.1688639624416828 -0.1387502914667129 0.2627279218286276
		endloop
	endfacet
	facet normal -0.5631251922825606 -0.7338790199158494 0.37988366896206727
		outer loop
			vertex -0.1688639624416828 -0.1387502914667129 0.2627279218286276
			vertex -0.17150000020861625 -0.1433160445094108 0.25
			vertex -0.15182485714554786 -0.1518248571455478 0.26272792182862764
		endloop
	endfacet
	facet normal -0.5631251648653863 -0.7338790856341488 0.37988358264620686
		outer loop
			vertex -0.17150000020861625 -0.1433160445094108 0.25
			vertex -0.1555527774989605 -0.15555277749896043 0.25000000000000006
			vertex -0.15182485714554786 -0.1518248571455478 0.26272792182862764
		endloop
	endfacet
	facet normal -0.7338790471072194 -0.563125213147232 0.37988358550335444
		outer loop
			vertex -0.15182485714554786 -0.1518248571455478 0.26272792182862764
			vertex -0.1555527774989605 -0.15555277749896043 0.25000000000000006
			vertex -0.13875029146671294 -0.16886396244168275 0.26272792182862764
		endloop
	endfacet
	facet normal -0.7338790565810245 -0.5631251425721411 0.37988367181921806
		outer loop
			vertex -0.1555527774989605 -0.15555277749896043 0.25000000000000006
			vertex -0.14331604450941085 -0.1715000002086162 0.25000000000000006
			vertex -0.13875029146671294 -0.16886396244168275 0.26272792182862764
		endloop
	endfacet
	facet normal -0.8546201621809375 -0.3539954241181383 0.37988369022274115
		outer loop
			vertex -0.13875029146671294 -0.16886396244168275 0.26272792182862764
			vertex -0.14331604450941085 -0.1715000002086162 0.25000000000000006
			vertex -0.13053127288818359 -0.18870641946792596 0.26272792182862764
		endloop
	endfacet
	facet normal -0.8546201216534882 -0.3539951101215398 0.37988407399497054
		outer loop
			vertex -0.14331604450941085 -0.1715000002086162 0.25000000000000006
			vertex -0.13562371492385863 -0.19007093369960779 0.25000000000000006
			vertex -0.13053127288818359 -0.18870641946792596 0.26272792182862764
		endloop
	endfacet
	facet normal -0.917120332286607 -0.12074096462175574 0.37988408175219934
		outer loop
			vertex -0.13053127288818359 -0.18870641946792596 0.26272792182862764
			vertex -0.13562371492385863 -0.19007093369960779 0.25000000000000006
			vertex -0.12772792488336562 -0.2099999999999999 0.26272792182862764
		endloop
	endfacet
	facet normal -0.9171204900415743 -0.12074134822858197 0.3798835789736734
		outer loop
			vertex -0.13562371492385863 -0.19007093369960779 0.25000000000000006
			vertex -0.1330000004172325 -0.2099999999999999 0.25000000000000006
			vertex -0.12772792488336562 -0.2099999999999999 0.26272792182862764
		endloop
	endfacet
	facet normal -0.3821986033423592 0.05031739603273562 0.9227092647522485
		outer loop
			vertex -0.11500000119209289 -0.20999999999999994 0.2679999992251397
			vertex -0.12772792488336562 -0.20999999999999994 0.26272792182862764
			vertex -0.11823704749345779 -0.2345878100395202 0.2679999992251397
		endloop
	endfacet
	facet normal -0.382198746537212 0.05031732882758457 0.9227092091038437
		outer loop
			vertex -0.12772792488336562 -0.20999999999999994 0.26272792182862764
			vertex -0.13053127288818359 -0.2312935805320739 0.26272792182862764
			vertex -0.11823704749345779 -0.2345878100395202 0.2679999992251397
		endloop
	endfacet
	facet normal -0.35615249260349774 0.1475232321197765 0.9227092163825232
		outer loop
			vertex -0.11823704749345779 -0.2345878100395202 0.2679999992251397
			vertex -0.13053127288818359 -0.2312935805320739 0.26272792182862764
			vertex -0.12772758960723876 -0.25749999940395346 0.2679999992251397
		endloop
	endfacet
	facet normal -0.35615244503669813 0.14752324062860758 0.9227092333822263
		outer loop
			vertex -0.13053127288818359 -0.2312935805320739 0.26272792182862764
			vertex -0.13875029146671294 -0.2511360375583171 0.26272792182862764
			vertex -0.12772758960723876 -0.25749999940395346 0.2679999992251397
		endloop
	endfacet
	facet normal -0.3058350571045769 0.23467548791848775 0.9227092354669808
		outer loop
			vertex -0.12772758960723876 -0.25749999940395346 0.2679999992251397
			vertex -0.13875029146671294 -0.2511360375583171 0.26272792182862764
			vertex -0.14282485753297805 -0.27717514246702185 0.26799999922513973
		endloop
	endfacet
	facet normal -0.30583504059561145 0.23467548651533351 0.9227092412958007
		outer loop
			vertex -0.13875029146671294 -0.2511360375583171 0.26272792182862764
			vertex -0.15182485714554786 -0.26817514285445204 0.26272792182862764
			vertex -0.14282485753297805 -0.27717514246702185 0.26799999922513973
		endloop
	endfacet
	facet normal -0.2346754800350752 0.30583504683071683 0.9227092408772986
		outer loop
			vertex -0.14282485753297805 -0.27717514246702185 0.26799999922513973
			vertex -0.15182485714554786 -0.26817514285445204 0.26272792182862764
			vertex -0.16250000059604644 -0.29227241039276114 0.26799999922513973
		endloop
	endfacet
	facet normal -0.23467549561834852 0.30583505245889386 0.9227092350484786
		outer loop
			vertex -0.15182485714554786 -0.26817514285445204 0.26272792182862764
			vertex -0.1688639624416828 -0.281249708533287 0.2627279218286277
			vertex -0.16250000059604644 -0.29227241039276114 0.26799999922513973
		endloop
	endfacet
	facet normal -0.14752321766646237 0.3561524577101205 0.9227092321616677
		outer loop
			vertex -0.16250000059604644 -0.29227241039276114 0.26799999922513973
			vertex -0.1688639624416828 -0.281249708533287 0.2627279218286277
			vertex -0.18541218996047973 -0.3017629525065421 0.26799999922513973
		endloop
	endfacet
	facet normal -0.1475232573179283 0.35615248532826466 0.9227092151619647
		outer loop
			vertex -0.1688639624416828 -0.281249708533287 0.2627279218286277
			vertex -0.18870641946792602 -0.28946872711181637 0.2627279218286277
			vertex -0.18541218996047973 -0.3017629525065421 0.26799999922513973
		endloop
	endfacet
	facet normal -0.050317412170251395 0.38219872591897247 0.9227092130993402
		outer loop
			vertex -0.18541218996047973 -0.3017629525065421 0.26799999922513973
			vertex -0.18870641946792602 -0.28946872711181637 0.2627279218286277
			vertex -0.21 -0.304999998807907 0.26799999922513973
		endloop
	endfacet
	facet normal -0.05031731019354098 0.3821986049973435 0.9227092687477307
		outer loop
			vertex -0.18870641946792602 -0.28946872711181637 0.2627279218286277
			vertex -0.21 -0.29227207511663433 0.2627279218286277
			vertex -0.21 -0.304999998807907 0.26799999922513973
		endloop
	endfacet
	facet normal 0.05031739603273579 0.38219860334236067 0.9227092647522479
		outer loop
			vertex -0.21 -0.304999998807907 0.26799999922513973
			vertex -0.21 -0.29227207511663433 0.2627279218286277
			vertex -0.23458781003952026 -0.3017629525065421 0.26799999922513973
		endloop
	endfacet
	facet normal 0.050317328827584766 0.3821987465372135 0.9227092091038431
		outer loop
			vertex -0.21 -0.29227207511663433 0.2627279218286277
			vertex -0.23129358053207397 -0.28946872711181637 0.2627279218286277
			vertex -0.23458781003952026 -0.3017629525065421 0.26799999922513973
		endloop
	endfacet
	facet normal 0.147523232119777 0.35615249260349896 0.9227092163825227
		outer loop
			vertex -0.23458781003952026 -0.3017629525065421 0.26799999922513973
			vertex -0.23129358053207397 -0.28946872711181637 0.2627279218286277
			vertex -0.2574999994039535 -0.29227241039276114 0.26799999922513973
		endloop
	endfacet
	facet normal 0.14752324062860808 0.35615244503669935 0.9227092333822258
		outer loop
			vertex -0.23129358053207397 -0.28946872711181637 0.2627279218286277
			vertex -0.25113603755831715 -0.281249708533287 0.2627279218286277
			vertex -0.2574999994039535 -0.29227241039276114 0.26799999922513973
		endloop
	endfacet
	facet normal 0.2346754879184866 0.3058350571045788 0.9227092354669802
		outer loop
			vertex -0.2574999994039535 -0.29227241039276114 0.26799999922513973
			vertex -0.25113603755831715 -0.281249708533287 0.2627279218286277
			vertex -0.2771751424670219 -0.27717514246702185 0.26799999922513973
		endloop
	endfacet
	facet normal 0.23467548651533238 0.3058350405956127 0.9227092412958008
		outer loop
			vertex -0.25113603755831715 -0.281249708533287 0.2627279218286277
			vertex -0.2681751428544521 -0.26817514285445204 0.26272792182862764
			vertex -0.2771751424670219 -0.27717514246702185 0.26799999922513973
		endloop
	endfacet
	facet normal 0.3058350468307154 0.23467548003507668 0.9227092408772984
		outer loop
			vertex -0.2771751424670219 -0.27717514246702185 0.26799999922513973
			vertex -0.2681751428544521 -0.26817514285445204 0.26272792182862764
			vertex -0.2922724103927612 -0.25749999940395346 0.2679999992251397
		endloop
	endfacet
	facet normal 0.3058350524588921 0.23467549561834913 0.9227092350484789
		outer loop
			vertex -0.2681751428544521 -0.26817514285445204 0.26272792182862764
			vertex -0.281249708533287 -0.2511360375583171 0.26272792182862764
			vertex -0.2922724103927612 -0.25749999940395346 0.2679999992251397
		endloop
	endfacet
	facet normal 0.3561524577101192 0.14752321766646204 0.9227092321616684
		outer loop
			vertex -0.2922724103927612 -0.25749999940395346 0.2679999992251397
			vertex -0.281249708533287 -0.2511360375583171 0.26272792182862764
			vertex -0.30176295250654217 -0.2345878100395202 0.2679999992251397
		endloop
	endfacet
	facet normal 0.3561524853282633 0.14752325731792798 0.9227092151619651
		outer loop
			vertex -0.281249708533287 -0.2511360375583171 0.26272792182862764
			vertex -0.28946872711181637 -0.2312935805320739 0.26272792182862764
			vertex -0.30176295250654217 -0.2345878100395202 0.2679999992251397
		endloop
	endfacet
	facet normal 0.38219872591897097 0.0503174121702512 0.9227092130993406
		outer loop
			vertex -0.30176295250654217 -0.2345878100395202 0.2679999992251397
			vertex -0.28946872711181637 -0.2312935805320739 0.26272792182862764
			vertex -0.30499999880790707 -0.20999999999999994 0.2679999992251397
		endloop
	endfacet
	facet normal 0.38219860499734204 0.050317310193540785 0.9227092687477313
		outer loop
			vertex -0.28946872711181637 -0.2312935805320739 0.26272792182862764
			vertex -0.29227207511663433 -0.20999999999999994 0.26272792182862764
			vertex -0.30499999880790707 -0.20999999999999994 0.2679999992251397
		endloop
	endfacet
	facet normal 0.3821986033423592 -0.05031739603273562 0.9227092647522485
		outer loop
			vertex -0.30499999880790707 -0.20999999999999994 0.2679999992251397
			vertex -0.29227207511663433 -0.20999999999999994 0.26272792182862764
			vertex -0.30176295250654217 -0.18541218996047967 0.2679999992251397
		endloop
	endfacet
	facet normal 0.382198746537212 -0.05031732882758457 0.9227092091038437
		outer loop
			vertex -0.29227207511663433 -0.20999999999999994 0.26272792182862764
			vertex -0.28946872711181637 -0.18870641946792596 0.26272792182862764
			vertex -0.30176295250654217 -0.18541218996047967 0.2679999992251397
		endloop
	endfacet
	facet normal 0.35615249260349774 -0.14752323211977633 0.9227092163825232
		outer loop
			vertex -0.30176295250654217 -0.18541218996047967 0.2679999992251397
			vertex -0.28946872711181637 -0.18870641946792596 0.26272792182862764
			vertex -0.2922724103927612 -0.16250000059604638 0.2679999992251397
		endloop
	endfacet
	facet normal 0.3561524450366982 -0.1475232406286074 0.9227092333822263
		outer loop
			vertex -0.28946872711181637 -0.18870641946792596 0.26272792182862764
			vertex -0.281249708533287 -0.16886396244168275 0.26272792182862764
			vertex -0.2922724103927612 -0.16250000059604638 0.2679999992251397
		endloop
	endfacet
	facet normal 0.30583505710457914 -0.23467548791848397 0.922709235466981
		outer loop
			vertex -0.2922724103927612 -0.16250000059604638 0.2679999992251397
			vertex -0.281249708533287 -0.16886396244168275 0.26272792182862764
			vertex -0.2771751424670219 -0.14282485753297797 0.2679999992251396
		endloop
	endfacet
	facet normal 0.3058350405956057 -0.23467548651532905 0.922709241295804
		outer loop
			vertex -0.281249708533287 -0.16886396244168275 0.26272792182862764
			vertex -0.2681751428544521 -0.1518248571455478 0.26272792182862764
			vertex -0.2771751424670219 -0.14282485753297797 0.2679999992251396
		endloop
	endfacet
	facet normal 0.23467548003507063 -0.3058350468307109 0.9227092408773016
		outer loop
			vertex -0.2771751424670219 -0.14282485753297797 0.2679999992251396
			vertex -0.2681751428544521 -0.1518248571455478 0.26272792182862764
			vertex -0.2574999994039535 -0.12772758960723868 0.2679999992251396
		endloop
	endfacet
	facet normal 0.23467549561835085 -0.3058350524588904 0.9227092350484789
		outer loop
			vertex -0.2681751428544521 -0.1518248571455478 0.26272792182862764
			vertex -0.25113603755831715 -0.1387502914667129 0.2627279218286276
			vertex -0.2574999994039535 -0.12772758960723868 0.2679999992251396
		endloop
	endfacet
	facet normal 0.14752321766646156 -0.35615245771011866 0.9227092321616686
		outer loop
			vertex -0.2574999994039535 -0.12772758960723868 0.2679999992251396
			vertex -0.25113603755831715 -0.1387502914667129 0.2627279218286276
			vertex -0.23458781003952026 -0.11823704749345772 0.2679999992251396
		endloop
	endfacet
	facet normal 0.14752325731792784 -0.35615248532826305 0.9227092151619652
		outer loop
			vertex -0.25113603755831715 -0.1387502914667129 0.2627279218286276
			vertex -0.23129358053207397 -0.13053127288818353 0.2627279218286276
			vertex -0.23458781003952026 -0.11823704749345772 0.2679999992251396
		endloop
	endfacet
	facet normal 0.050317412170251215 -0.3821987259189706 0.9227092130993408
		outer loop
			vertex -0.23458781003952026 -0.11823704749345772 0.2679999992251396
			vertex -0.23129358053207397 -0.13053127288818353 0.2627279218286276
			vertex -0.21000000000000002 -0.11500000119209282 0.2679999992251396
		endloop
	endfacet
	facet normal 0.0503173101935408 -0.3821986049973416 0.9227092687477314
		outer loop
			vertex -0.23129358053207397 -0.13053127288818353 0.2627279218286276
			vertex -0.21000000000000002 -0.12772792488336557 0.2627279218286276
			vertex -0.21000000000000002 -0.11500000119209282 0.2679999992251396
		endloop
	endfacet
	facet normal -0.05031739603273548 -0.3821986033423588 0.9227092647522485
		outer loop
			vertex -0.21000000000000002 -0.11500000119209282 0.2679999992251396
			vertex -0.21000000000000002 -0.12772792488336557 0.2627279218286276
			vertex -0.18541218996047973 -0.11823704749345772 0.2679999992251396
		endloop
	endfacet
	facet normal -0.050317328827584475 -0.38219874653721175 0.922709209103844
		outer loop
			vertex -0.21000000000000002 -0.12772792488336557 0.2627279218286276
			vertex -0.18870641946792602 -0.13053127288818353 0.2627279218286276
			vertex -0.18541218996047973 -0.11823704749345772 0.2679999992251396
		endloop
	endfacet
	facet normal -0.147523232119776 -0.3561524926034975 0.9227092163825235
		outer loop
			vertex -0.18541218996047973 -0.11823704749345772 0.2679999992251396
			vertex -0.18870641946792602 -0.13053127288818353 0.2627279218286276
			vertex -0.16250000059604644 -0.12772758960723868 0.2679999992251396
		endloop
	endfacet
	facet normal -0.14752324062860714 -0.3561524450366976 0.9227092333822267
		outer loop
			vertex -0.18870641946792602 -0.13053127288818353 0.2627279218286276
			vertex -0.1688639624416828 -0.1387502914667129 0.2627279218286276
			vertex -0.16250000059604644 -0.12772758960723868 0.2679999992251396
		endloop
	endfacet
	facet normal -0.2346754879184856 -0.30583505710457753 0.922709235466981
		outer loop
			vertex -0.16250000059604644 -0.12772758960723868 0.2679999992251396
			vertex -0.1688639624416828 -0.1387502914667129 0.2627279218286276
			vertex -0.14282485753297805 -0.14282485753297797 0.2679999992251396
		endloop
	endfacet
	facet normal -0.2346754865153307 -0.3058350405956039 0.922709241295804
		outer loop
			vertex -0.1688639624416828 -0.1387502914667129 0.2627279218286276
			vertex -0.15182485714554786 -0.1518248571455478 0.26272792182862764
			vertex -0.14282485753297805 -0.14282485753297797 0.2679999992251396
		endloop
	endfacet
	facet normal -0.3058350468307127 -0.2346754800350691 0.9227092408773014
		outer loop
			vertex -0.14282485753297805 -0.14282485753297797 0.2679999992251396
			vertex -0.15182485714554786 -0.1518248571455478 0.26272792182862764
			vertex -0.12772758960723876 -0.16250000059604638 0.2679999992251397
		endloop
	endfacet
	facet normal -0.3058350524588921 -0.23467549561834913 0.9227092350484789
		outer loop
			vertex -0.15182485714554786 -0.1518248571455478 0.26272792182862764
			vertex -0.13875029146671294 -0.16886396244168275 0.26272792182862764
			vertex -0.12772758960723876 -0.16250000059604638 0.2679999992251397
		endloop
	endfacet
	facet normal -0.3561524577101193 -0.14752321766646187 0.9227092321616683
		outer loop
			vertex -0.12772758960723876 -0.16250000059604638 0.2679999992251397
			vertex -0.13875029146671294 -0.16886396244168275 0.26272792182862764
			vertex -0.11823704749345779 -0.18541218996047967 0.2679999992251397
		endloop
	endfacet
	facet normal -0.3561524853282634 -0.1475232573179278 0.9227092151619651
		outer loop
			vertex -0.13875029146671294 -0.16886396244168275 0.26272792182862764
			vertex -0.13053127288818359 -0.18870641946792596 0.26272792182862764
			vertex -0.11823704749345779 -0.18541218996047967 0.2679999992251397
		endloop
	endfacet
	facet normal -0.3821987259189709 -0.050317412170251256 0.9227092130993407
		outer loop
			vertex -0.11823704749345779 -0.18541218996047967 0.2679999992251397
			vertex -0.13053127288818359 -0.18870641946792596 0.26272792182862764
			vertex -0.11500000119209289 -0.2099999999999999 0.2679999992251397
		endloop
	endfacet
	facet normal -0.3821986049973421 -0.050317310193540854 0.9227092687477313
		outer loop
			vertex -0.13053127288818359 -0.18870641946792596 0.26272792182862764
			vertex -0.12772792488336562 -0.2099999999999999 0.26272792182862764
			vertex -0.11500000119209289 -0.2099999999999999 0.2679999992251397
		endloop
	endfacet
	facet normal 0.3821986039778917 -0.050317363069511 0.9227092662865599
		outer loop
			vertex -0.10227207750082015 -0.20999999999999994 0.26272792182862764
			vertex -0.11500000119209289 -0.20999999999999994 0.2679999992251397
			vertex -0.10594281464815139 -0.23788203768432134 0.26272792182862764
		endloop
	endfacet
	facet normal 0.38219854170737444 -0.05031738791833669 0.922709290724783
		outer loop
			vertex -0.11500000119209289 -0.20999999999999994 0.2679999992251397
			vertex -0.11823704749345779 -0.2345878100395202 0.2679999992251397
			vertex -0.10594281464815139 -0.23788203768432134 0.26272792182862764
		endloop
	endfacet
	facet normal 0.3561523526114212 -0.14752314201190328 0.9227092848239287
		outer loop
			vertex -0.10594281464815139 -0.23788203768432134 0.26272792182862764
			vertex -0.11823704749345779 -0.2345878100395202 0.2679999992251397
			vertex -0.11670488029718398 -0.26386396124958983 0.26272792182862764
		endloop
	endfacet
	facet normal 0.3561522923065363 -0.14752314915403641 0.922709306958847
		outer loop
			vertex -0.11823704749345779 -0.2345878100395202 0.2679999992251397
			vertex -0.12772758960723876 -0.25749999940395346 0.2679999992251397
			vertex -0.11670488029718398 -0.26386396124958983 0.26272792182862764
		endloop
	endfacet
	facet normal 0.3058349337839413 -0.23467539656989836 0.9227092995749709
		outer loop
			vertex -0.11670488029718398 -0.26386396124958983 0.26272792182862764
			vertex -0.12772758960723876 -0.25749999940395346 0.2679999992251397
			vertex -0.13382485419511794 -0.286175145804882 0.2627279218286277
		endloop
	endfacet
	facet normal 0.3058349390516322 -0.2346753973332741 0.9227092976348262
		outer loop
			vertex -0.12772758960723876 -0.25749999940395346 0.2679999992251397
			vertex -0.14282485753297805 -0.27717514246702185 0.26799999922513973
			vertex -0.13382485419511794 -0.286175145804882 0.2627279218286277
		endloop
	endfacet
	facet normal 0.23467539921941066 -0.30583493723684924 0.9227092977566351
		outer loop
			vertex -0.13382485419511794 -0.286175145804882 0.2627279218286277
			vertex -0.14282485753297805 -0.27717514246702185 0.26799999922513973
			vertex -0.15613603875041007 -0.303295119702816 0.2627279218286277
		endloop
	endfacet
	facet normal 0.23467539432878753 -0.3058349351361056 0.9227092996967802
		outer loop
			vertex -0.14282485753297805 -0.27717514246702185 0.26799999922513973
			vertex -0.16250000059604644 -0.29227241039276114 0.26799999922513973
			vertex -0.15613603875041007 -0.303295119702816 0.2627279218286277
		endloop
	endfacet
	facet normal 0.14752312300977977 -0.35615230673623954 0.9227093055691467
		outer loop
			vertex -0.15613603875041007 -0.303295119702816 0.2627279218286277
			vertex -0.16250000059604644 -0.29227241039276114 0.26799999922513973
			vertex -0.1821179623156786 -0.31405718535184857 0.2627279218286277
		endloop
	endfacet
	facet normal 0.1475231707020324 -0.356152344327987 0.9227092834342235
		outer loop
			vertex -0.16250000059604644 -0.29227241039276114 0.26799999922513973
			vertex -0.18541218996047973 -0.3017629525065421 0.26799999922513973
			vertex -0.1821179623156786 -0.31405718535184857 0.2627279218286277
		endloop
	endfacet
	facet normal 0.05031735591382245 -0.3821985496250003 0.9227092891904732
		outer loop
			vertex -0.1821179623156786 -0.31405718535184857 0.2627279218286277
			vertex -0.18541218996047973 -0.3017629525065421 0.26799999922513973
			vertex -0.21 -0.3177279224991798 0.2627279218286277
		endloop
	endfacet
	facet normal 0.05031739603273543 -0.38219860334235783 0.922709264752249
		outer loop
			vertex -0.18541218996047973 -0.3017629525065421 0.26799999922513973
			vertex -0.21 -0.304999998807907 0.26799999922513973
			vertex -0.21 -0.3177279224991798 0.2627279218286277
		endloop
	endfacet
	facet normal -0.05031736306951082 -0.38219860397789024 0.9227092662865605
		outer loop
			vertex -0.21 -0.3177279224991798 0.2627279218286277
			vertex -0.21 -0.304999998807907 0.26799999922513973
			vertex -0.2378820376843214 -0.31405718535184857 0.2627279218286277
		endloop
	endfacet
	facet normal -0.05031738791833651 -0.3821985417073731 0.9227092907247837
		outer loop
			vertex -0.21 -0.304999998807907 0.26799999922513973
			vertex -0.23458781003952026 -0.3017629525065421 0.26799999922513973
			vertex -0.2378820376843214 -0.31405718535184857 0.2627279218286277
		endloop
	endfacet
	facet normal -0.14752314201190278 -0.35615235261142 0.9227092848239292
		outer loop
			vertex -0.2378820376843214 -0.31405718535184857 0.2627279218286277
			vertex -0.23458781003952026 -0.3017629525065421 0.26799999922513973
			vertex -0.2638639612495899 -0.303295119702816 0.2627279218286277
		endloop
	endfacet
	facet normal -0.1475231491540359 -0.356152292306535 0.9227093069588476
		outer loop
			vertex -0.23458781003952026 -0.3017629525065421 0.26799999922513973
			vertex -0.2574999994039535 -0.29227241039276114 0.26799999922513973
			vertex -0.2638639612495899 -0.303295119702816 0.2627279218286277
		endloop
	endfacet
	facet normal -0.23467539656989964 -0.3058349337839392 0.9227092995749714
		outer loop
			vertex -0.2638639612495899 -0.303295119702816 0.2627279218286277
			vertex -0.2574999994039535 -0.29227241039276114 0.26799999922513973
			vertex -0.286175145804882 -0.286175145804882 0.2627279218286277
		endloop
	endfacet
	facet normal -0.23467539733327544 -0.3058349390516306 0.9227092976348263
		outer loop
			vertex -0.2574999994039535 -0.29227241039276114 0.26799999922513973
			vertex -0.2771751424670219 -0.27717514246702185 0.26799999922513973
			vertex -0.286175145804882 -0.286175145804882 0.2627279218286277
		endloop
	endfacet
	facet normal -0.30583493723685107 -0.2346753992194092 0.9227092977566349
		outer loop
			vertex -0.286175145804882 -0.286175145804882 0.2627279218286277
			vertex -0.2771751424670219 -0.27717514246702185 0.26799999922513973
			vertex -0.303295119702816 -0.26386396124958983 0.26272792182862764
		endloop
	endfacet
	facet normal -0.30583493513610754 -0.23467539432878642 0.9227092996967796
		outer loop
			vertex -0.2771751424670219 -0.27717514246702185 0.26799999922513973
			vertex -0.2922724103927612 -0.25749999940395346 0.2679999992251397
			vertex -0.303295119702816 -0.26386396124958983 0.26272792182862764
		endloop
	endfacet
	facet normal -0.35615230673624065 -0.1475231230097804 0.9227093055691462
		outer loop
			vertex -0.303295119702816 -0.26386396124958983 0.26272792182862764
			vertex -0.2922724103927612 -0.25749999940395346 0.2679999992251397
			vertex -0.31405718535184857 -0.23788203768432134 0.26272792182862764
		endloop
	endfacet
	facet normal -0.3561523443279881 -0.14752317070203305 0.9227092834342229
		outer loop
			vertex -0.2922724103927612 -0.25749999940395346 0.2679999992251397
			vertex -0.30176295250654217 -0.2345878100395202 0.2679999992251397
			vertex -0.31405718535184857 -0.23788203768432134 0.26272792182862764
		endloop
	endfacet
	facet normal -0.3821985496250016 -0.05031735591382263 0.9227092891904726
		outer loop
			vertex -0.31405718535184857 -0.23788203768432134 0.26272792182862764
			vertex -0.30176295250654217 -0.2345878100395202 0.2679999992251397
			vertex -0.3177279224991798 -0.20999999999999994 0.26272792182862764
		endloop
	endfacet
	facet normal -0.3821986033423592 -0.05031739603273562 0.9227092647522485
		outer loop
			vertex -0.30176295250654217 -0.2345878100395202 0.2679999992251397
			vertex -0.30499999880790707 -0.20999999999999994 0.2679999992251397
			vertex -0.3177279224991798 -0.20999999999999994 0.26272792182862764
		endloop
	endfacet
	facet normal -0.3821986039778917 0.050317363069511 0.9227092662865599
		outer loop
			vertex -0.3177279224991798 -0.20999999999999994 0.26272792182862764
			vertex -0.30499999880790707 -0.20999999999999994 0.2679999992251397
			vertex -0.31405718535184857 -0.18211796231567853 0.26272792182862764
		endloop
	endfacet
	facet normal -0.38219854170737444 0.05031738791833669 0.922709290724783
		outer loop
			vertex -0.30499999880790707 -0.20999999999999994 0.2679999992251397
			vertex -0.30176295250654217 -0.18541218996047967 0.2679999992251397
			vertex -0.31405718535184857 -0.18211796231567853 0.26272792182862764
		endloop
	endfacet
	facet normal -0.35615235261142125 0.14752314201190314 0.9227092848239287
		outer loop
			vertex -0.31405718535184857 -0.18211796231567853 0.26272792182862764
			vertex -0.30176295250654217 -0.18541218996047967 0.2679999992251397
			vertex -0.303295119702816 -0.15613603875041002 0.26272792182862764
		endloop
	endfacet
	facet normal -0.35615229230653633 0.14752314915403625 0.922709306958847
		outer loop
			vertex -0.30176295250654217 -0.18541218996047967 0.2679999992251397
			vertex -0.2922724103927612 -0.16250000059604638 0.2679999992251397
			vertex -0.303295119702816 -0.15613603875041002 0.26272792182862764
		endloop
	endfacet
	facet normal -0.3058349337839391 0.23467539656990183 0.9227092995749706
		outer loop
			vertex -0.303295119702816 -0.15613603875041002 0.26272792182862764
			vertex -0.2922724103927612 -0.16250000059604638 0.2679999992251397
			vertex -0.286175145804882 -0.1338248541951179 0.2627279218286276
		endloop
	endfacet
	facet normal -0.3058349390516306 0.23467539733327777 0.922709297634826
		outer loop
			vertex -0.2922724103927612 -0.16250000059604638 0.2679999992251397
			vertex -0.2771751424670219 -0.14282485753297797 0.2679999992251396
			vertex -0.286175145804882 -0.1338248541951179 0.2627279218286276
		endloop
	endfacet
	facet normal -0.23467539921941172 0.30583493723685057 0.9227092977566344
		outer loop
			vertex -0.286175145804882 -0.1338248541951179 0.2627279218286276
			vertex -0.2771751424670219 -0.14282485753297797 0.2679999992251396
			vertex -0.2638639612495899 -0.11670488029718393 0.2627279218286276
		endloop
	endfacet
	facet normal -0.23467539432878856 0.30583493513610693 0.9227092996967794
		outer loop
			vertex -0.2771751424670219 -0.14282485753297797 0.2679999992251396
			vertex -0.2574999994039535 -0.12772758960723868 0.2679999992251396
			vertex -0.2638639612495899 -0.11670488029718393 0.2627279218286276
		endloop
	endfacet
	facet normal -0.14752312300978065 0.3561523067362413 0.922709305569146
		outer loop
			vertex -0.2638639612495899 -0.11670488029718393 0.2627279218286276
			vertex -0.2574999994039535 -0.12772758960723868 0.2679999992251396
			vertex -0.2378820376843214 -0.10594281464815133 0.2627279218286276
		endloop
	endfacet
	facet normal -0.147523170702033 0.3561523443279885 0.9227092834342228
		outer loop
			vertex -0.2574999994039535 -0.12772758960723868 0.2679999992251396
			vertex -0.23458781003952026 -0.11823704749345772 0.2679999992251396
			vertex -0.2378820376843214 -0.10594281464815133 0.2627279218286276
		endloop
	endfacet
	facet normal -0.05031735591382272 0.38219854962500194 0.9227092891904723
		outer loop
			vertex -0.2378820376843214 -0.10594281464815133 0.2627279218286276
			vertex -0.23458781003952026 -0.11823704749345772 0.2679999992251396
			vertex -0.21000000000000002 -0.1022720775008201 0.2627279218286276
		endloop
	endfacet
	facet normal -0.050317396032735724 0.38219860334235967 0.9227092647522483
		outer loop
			vertex -0.23458781003952026 -0.11823704749345772 0.2679999992251396
			vertex -0.21000000000000002 -0.11500000119209282 0.2679999992251396
			vertex -0.21000000000000002 -0.1022720775008201 0.2627279218286276
		endloop
	endfacet
	facet normal 0.05031736306951101 0.38219860397789207 0.9227092662865598
		outer loop
			vertex -0.21000000000000002 -0.1022720775008201 0.2627279218286276
			vertex -0.21000000000000002 -0.11500000119209282 0.2679999992251396
			vertex -0.1821179623156786 -0.10594281464815133 0.2627279218286276
		endloop
	endfacet
	facet normal 0.05031738791833669 0.38219854170737483 0.9227092907247829
		outer loop
			vertex -0.21000000000000002 -0.11500000119209282 0.2679999992251396
			vertex -0.18541218996047973 -0.11823704749345772 0.2679999992251396
			vertex -0.1821179623156786 -0.10594281464815133 0.2627279218286276
		endloop
	endfacet
	facet normal 0.14752314201190325 0.35615235261142153 0.9227092848239284
		outer loop
			vertex -0.1821179623156786 -0.10594281464815133 0.2627279218286276
			vertex -0.18541218996047973 -0.11823704749345772 0.2679999992251396
			vertex -0.15613603875041007 -0.11670488029718393 0.2627279218286276
		endloop
	endfacet
	facet normal 0.14752314915403633 0.35615229230653705 0.9227093069588466
		outer loop
			vertex -0.18541218996047973 -0.11823704749345772 0.2679999992251396
			vertex -0.16250000059604644 -0.12772758960723868 0.2679999992251396
			vertex -0.15613603875041007 -0.11670488029718393 0.2627279218286276
		endloop
	endfacet
	facet normal 0.23467539656990066 0.30583493378394055 0.9227092995749706
		outer loop
			vertex -0.15613603875041007 -0.11670488029718393 0.2627279218286276
			vertex -0.16250000059604644 -0.12772758960723868 0.2679999992251396
			vertex -0.13382485419511794 -0.1338248541951179 0.2627279218286276
		endloop
	endfacet
	facet normal 0.23467539733327653 0.305834939051632 0.9227092976348259
		outer loop
			vertex -0.16250000059604644 -0.12772758960723868 0.2679999992251396
			vertex -0.14282485753297805 -0.14282485753297797 0.2679999992251396
			vertex -0.13382485419511794 -0.1338248541951179 0.2627279218286276
		endloop
	endfacet
	facet normal 0.3058349372368493 0.234675399219413 0.9227092977566347
		outer loop
			vertex -0.13382485419511794 -0.1338248541951179 0.2627279218286276
			vertex -0.14282485753297805 -0.14282485753297797 0.2679999992251396
			vertex -0.11670488029718398 -0.15613603875041002 0.26272792182862764
		endloop
	endfacet
	facet normal 0.30583493513610555 0.23467539432878975 0.9227092996967796
		outer loop
			vertex -0.14282485753297805 -0.14282485753297797 0.2679999992251396
			vertex -0.12772758960723876 -0.16250000059604638 0.2679999992251397
			vertex -0.11670488029718398 -0.15613603875041002 0.26272792182862764
		endloop
	endfacet
	facet normal 0.35615230673624076 0.14752312300978027 0.9227093055691462
		outer loop
			vertex -0.11670488029718398 -0.15613603875041002 0.26272792182862764
			vertex -0.12772758960723876 -0.16250000059604638 0.2679999992251397
			vertex -0.10594281464815139 -0.18211796231567853 0.26272792182862764
		endloop
	endfacet
	facet normal 0.3561523443279882 0.1475231707020329 0.922709283434223
		outer loop
			vertex -0.12772758960723876 -0.16250000059604638 0.2679999992251397
			vertex -0.11823704749345779 -0.18541218996047967 0.2679999992251397
			vertex -0.10594281464815139 -0.18211796231567853 0.26272792182862764
		endloop
	endfacet
	facet normal 0.38219854962500155 0.050317355913822664 0.9227092891904725
		outer loop
			vertex -0.10594281464815139 -0.18211796231567853 0.26272792182862764
			vertex -0.11823704749345779 -0.18541218996047967 0.2679999992251397
			vertex -0.10227207750082015 -0.2099999999999999 0.26272792182862764
		endloop
	endfacet
	facet normal 0.3821986033423592 0.050317396032735676 0.9227092647522483
		outer loop
			vertex -0.11823704749345779 -0.18541218996047967 0.2679999992251397
			vertex -0.11500000119209289 -0.2099999999999999 0.2679999992251397
			vertex -0.10227207750082015 -0.2099999999999999 0.26272792182862764
		endloop
	endfacet
	facet normal 0.9171205182983485 -0.12074109677219616 0.3798835906780074
		outer loop
			vertex -0.09700000196695327 -0.20999999999999994 0.25000000000000006
			vertex -0.10227207750082015 -0.20999999999999994 0.26272792182862764
			vertex -0.10085038006305694 -0.23924655191600316 0.25000000000000006
		endloop
	endfacet
	facet normal 0.9171205004905495 -0.12074111396896677 0.37988362820408184
		outer loop
			vertex -0.10227207750082015 -0.20999999999999994 0.26272792182862764
			vertex -0.10594281464815139 -0.23788203768432134 0.26272792182862764
			vertex -0.10085038006305694 -0.23924655191600316 0.25000000000000006
		endloop
	endfacet
	facet normal 0.8546202408650787 -0.35399528757666754 0.3798836404443174
		outer loop
			vertex -0.10085038006305694 -0.23924655191600316 0.25000000000000006
			vertex -0.10594281464815139 -0.23788203768432134 0.26272792182862764
			vertex -0.11213912725448608 -0.2664999990165233 0.2500000000000001
		endloop
	endfacet
	facet normal 0.8546202157141318 -0.35399530151803976 0.37988368403484146
		outer loop
			vertex -0.10594281464815139 -0.23788203768432134 0.26272792182862764
			vertex -0.11670488029718398 -0.26386396124958983 0.26272792182862764
			vertex -0.11213912725448608 -0.2664999990165233 0.2500000000000001
		endloop
	endfacet
	facet normal 0.7338790035363855 -0.563125214489733 0.3798836676856932
		outer loop
			vertex -0.11213912725448608 -0.2664999990165233 0.2500000000000001
			vertex -0.11670488029718398 -0.26386396124958983 0.26272792182862764
			vertex -0.13009693384170531 -0.28990306615829464 0.2500000000000001
		endloop
	endfacet
	facet normal 0.733879056591407 -0.563125201261674 0.3798835848000096
		outer loop
			vertex -0.11670488029718398 -0.26386396124958983 0.26272792182862764
			vertex -0.13382485419511794 -0.286175145804882 0.2627279218286277
			vertex -0.13009693384170531 -0.28990306615829464 0.2500000000000001
		endloop
	endfacet
	facet normal 0.5631252347162187 -0.7338790298960526 0.37988358677972983
		outer loop
			vertex -0.13009693384170531 -0.28990306615829464 0.2500000000000001
			vertex -0.13382485419511794 -0.286175145804882 0.2627279218286277
			vertex -0.15350000098347663 -0.3078608727455139 0.2500000000000001
		endloop
	endfacet
	facet normal 0.5631251800453312 -0.7338790289417273 0.37988366966541315
		outer loop
			vertex -0.13382485419511794 -0.286175145804882 0.2627279218286277
			vertex -0.15613603875041007 -0.303295119702816 0.2627279218286277
			vertex -0.15350000098347663 -0.3078608727455139 0.2500000000000001
		endloop
	endfacet
	facet normal 0.3539952808897577 -0.8546202247214473 0.3798836829936822
		outer loop
			vertex -0.15350000098347663 -0.3078608727455139 0.2500000000000001
			vertex -0.15613603875041007 -0.303295119702816 0.2627279218286277
			vertex -0.18075344808399676 -0.319149619936943 0.2500000000000001
		endloop
	endfacet
	facet normal 0.35399530853220024 -0.8546202326478132 0.3798836394031604
		outer loop
			vertex -0.15613603875041007 -0.303295119702816 0.2627279218286277
			vertex -0.1821179623156786 -0.31405718535184857 0.2627279218286277
			vertex -0.18075344808399676 -0.319149619936943 0.2500000000000001
		endloop
	endfacet
	facet normal 0.1207410948087268 -0.9171205033843045 0.379883627307772
		outer loop
			vertex -0.18075344808399676 -0.319149619936943 0.2500000000000001
			vertex -0.1821179623156786 -0.31405718535184857 0.2627279218286277
			vertex -0.21 -0.3229999980330467 0.2500000000000001
		endloop
	endfacet
	facet normal 0.12074111602852634 -0.9171205161344694 0.3798835897816997
		outer loop
			vertex -0.1821179623156786 -0.31405718535184857 0.2627279218286277
			vertex -0.21 -0.3177279224991798 0.2627279218286277
			vertex -0.21 -0.3229999980330467 0.2500000000000001
		endloop
	endfacet
	facet normal -0.12074109677219616 -0.9171205182983485 0.3798835906780074
		outer loop
			vertex -0.21 -0.3229999980330467 0.2500000000000001
			vertex -0.21 -0.3177279224991798 0.2627279218286277
			vertex -0.23924655191600322 -0.319149619936943 0.2500000000000001
		endloop
	endfacet
	facet normal -0.12074111396896677 -0.9171205004905495 0.37988362820408184
		outer loop
			vertex -0.21 -0.3177279224991798 0.2627279218286277
			vertex -0.2378820376843214 -0.31405718535184857 0.2627279218286277
			vertex -0.23924655191600322 -0.319149619936943 0.2500000000000001
		endloop
	endfacet
	facet normal -0.3539952875766688 -0.8546202408650783 0.3798836404443174
		outer loop
			vertex -0.23924655191600322 -0.319149619936943 0.2500000000000001
			vertex -0.2378820376843214 -0.31405718535184857 0.2627279218286277
			vertex -0.2664999990165233 -0.3078608727455139 0.2500000000000001
		endloop
	endfacet
	facet normal -0.3539953015180402 -0.8546202157141327 0.3798836840348387
		outer loop
			vertex -0.2378820376843214 -0.31405718535184857 0.2627279218286277
			vertex -0.2638639612495899 -0.303295119702816 0.2627279218286277
			vertex -0.2664999990165233 -0.3078608727455139 0.2500000000000001
		endloop
	endfacet
	facet normal -0.5631252144897338 -0.7338790035363867 0.37988366768568976
		outer loop
			vertex -0.2664999990165233 -0.3078608727455139 0.2500000000000001
			vertex -0.2638639612495899 -0.303295119702816 0.2627279218286277
			vertex -0.28990306615829464 -0.28990306615829464 0.2500000000000001
		endloop
	endfacet
	facet normal -0.5631252012616753 -0.7338790565914056 0.3798835848000096
		outer loop
			vertex -0.2638639612495899 -0.303295119702816 0.2627279218286277
			vertex -0.286175145804882 -0.286175145804882 0.2627279218286277
			vertex -0.28990306615829464 -0.28990306615829464 0.2500000000000001
		endloop
	endfacet
	facet normal -0.7338790298960526 -0.5631252347162187 0.37988358677972983
		outer loop
			vertex -0.28990306615829464 -0.28990306615829464 0.2500000000000001
			vertex -0.286175145804882 -0.286175145804882 0.2627279218286277
			vertex -0.3078608727455139 -0.2664999990165233 0.2500000000000001
		endloop
	endfacet
	facet normal -0.7338790289417273 -0.5631251800453289 0.3798836696654168
		outer loop
			vertex -0.286175145804882 -0.286175145804882 0.2627279218286277
			vertex -0.303295119702816 -0.26386396124958983 0.26272792182862764
			vertex -0.3078608727455139 -0.2664999990165233 0.2500000000000001
		endloop
	endfacet
	facet normal -0.8546202247214466 -0.35399528088975635 0.37988368299368486
		outer loop
			vertex -0.3078608727455139 -0.2664999990165233 0.2500000000000001
			vertex -0.303295119702816 -0.26386396124958983 0.26272792182862764
			vertex -0.319149619936943 -0.23924655191600316 0.25000000000000006
		endloop
	endfacet
	facet normal -0.854620232647813 -0.3539953085322005 0.3798836394031604
		outer loop
			vertex -0.303295119702816 -0.26386396124958983 0.26272792182862764
			vertex -0.31405718535184857 -0.23788203768432134 0.26272792182862764
			vertex -0.319149619936943 -0.23924655191600316 0.25000000000000006
		endloop
	endfacet
	facet normal -0.9171205033843045 -0.1207410948087268 0.379883627307772
		outer loop
			vertex -0.319149619936943 -0.23924655191600316 0.25000000000000006
			vertex -0.31405718535184857 -0.23788203768432134 0.26272792182862764
			vertex -0.3229999980330467 -0.20999999999999994 0.25000000000000006
		endloop
	endfacet
	facet normal -0.9171205161344694 -0.12074111602852634 0.3798835897816997
		outer loop
			vertex -0.31405718535184857 -0.23788203768432134 0.26272792182862764
			vertex -0.3177279224991798 -0.20999999999999994 0.26272792182862764
			vertex -0.3229999980330467 -0.20999999999999994 0.25000000000000006
		endloop
	endfacet
	facet normal -0.9171205182983485 0.12074109677219616 0.3798835906780074
		outer loop
			vertex -0.3229999980330467 -0.20999999999999994 0.25000000000000006
			vertex -0.3177279224991798 -0.20999999999999994 0.26272792182862764
			vertex -0.319149619936943 -0.1807534480839967 0.25000000000000006
		endloop
	endfacet
	facet normal -0.9171205004905495 0.12074111396896677 0.37988362820408184
		outer loop
			vertex -0.3177279224991798 -0.20999999999999994 0.26272792182862764
			vertex -0.31405718535184857 -0.18211796231567853 0.26272792182862764
			vertex -0.319149619936943 -0.1807534480839967 0.25000000000000006
		endloop
	endfacet
	facet normal -0.8546202408650784 0.3539952875766685 0.3798836404443173
		outer loop
			vertex -0.319149619936943 -0.1807534480839967 0.25000000000000006
			vertex -0.31405718535184857 -0.18211796231567853 0.26272792182862764
			vertex -0.3078608727455139 -0.15350000098347658 0.25000000000000006
		endloop
	endfacet
	facet normal -0.854620215714133 0.3539953015180399 0.3798836840348387
		outer loop
			vertex -0.31405718535184857 -0.18211796231567853 0.26272792182862764
			vertex -0.303295119702816 -0.15613603875041002 0.26272792182862764
			vertex -0.3078608727455139 -0.15350000098347658 0.25000000000000006
		endloop
	endfacet
	facet normal -0.7338790035363862 0.5631252144897344 0.37988366768568965
		outer loop
			vertex -0.3078608727455139 -0.15350000098347658 0.25000000000000006
			vertex -0.303295119702816 -0.15613603875041002 0.26272792182862764
			vertex -0.28990306615829464 -0.13009693384170526 0.25
		endloop
	endfacet
	facet normal -0.7338790565914052 0.563125201261676 0.3798835848000097
		outer loop
			vertex -0.303295119702816 -0.15613603875041002 0.26272792182862764
			vertex -0.286175145804882 -0.1338248541951179 0.2627279218286276
			vertex -0.28990306615829464 -0.13009693384170526 0.25
		endloop
	endfacet
	facet normal -0.5631252347162187 0.7338790298960526 0.37988358677972983
		outer loop
			vertex -0.28990306615829464 -0.13009693384170526 0.25
			vertex -0.286175145804882 -0.1338248541951179 0.2627279218286276
			vertex -0.2664999990165233 -0.11213912725448602 0.25
		endloop
	endfacet
	facet normal -0.5631251800453312 0.7338790289417273 0.37988366966541315
		outer loop
			vertex -0.286175145804882 -0.1338248541951179 0.2627279218286276
			vertex -0.2638639612495899 -0.11670488029718393 0.2627279218286276
			vertex -0.2664999990165233 -0.11213912725448602 0.25
		endloop
	endfacet
	facet normal -0.353995280889758 0.8546202247214472 0.37988368299368225
		outer loop
			vertex -0.2664999990165233 -0.11213912725448602 0.25
			vertex -0.2638639612495899 -0.11670488029718393 0.2627279218286276
			vertex -0.23924655191600322 -0.10085038006305688 0.25
		endloop
	endfacet
	facet normal -0.3539953085322005 0.854620232647813 0.3798836394031604
		outer loop
			vertex -0.2638639612495899 -0.11670488029718393 0.2627279218286276
			vertex -0.2378820376843214 -0.10594281464815133 0.2627279218286276
			vertex -0.23924655191600322 -0.10085038006305688 0.25
		endloop
	endfacet
	facet normal -0.12074109480872691 0.9171205033843044 0.379883627307772
		outer loop
			vertex -0.23924655191600322 -0.10085038006305688 0.25
			vertex -0.2378820376843214 -0.10594281464815133 0.2627279218286276
			vertex -0.21000000000000002 -0.09700000196695321 0.25
		endloop
	endfacet
	facet normal -0.12074111602852644 0.9171205161344692 0.37988358978169967
		outer loop
			vertex -0.2378820376843214 -0.10594281464815133 0.2627279218286276
			vertex -0.21000000000000002 -0.1022720775008201 0.2627279218286276
			vertex -0.21000000000000002 -0.09700000196695321 0.25
		endloop
	endfacet
	facet normal 0.12074109677219605 0.9171205182983486 0.3798835906780074
		outer loop
			vertex -0.21000000000000002 -0.09700000196695321 0.25
			vertex -0.21000000000000002 -0.1022720775008201 0.2627279218286276
			vertex -0.18075344808399676 -0.10085038006305688 0.25
		endloop
	endfacet
	facet normal 0.12074111396896663 0.9171205004905495 0.3798836282040818
		outer loop
			vertex -0.21000000000000002 -0.1022720775008201 0.2627279218286276
			vertex -0.1821179623156786 -0.10594281464815133 0.2627279218286276
			vertex -0.18075344808399676 -0.10085038006305688 0.25
		endloop
	endfacet
	facet normal 0.3539952875766685 0.8546202408650784 0.3798836404443173
		outer loop
			vertex -0.18075344808399676 -0.10085038006305688 0.25
			vertex -0.1821179623156786 -0.10594281464815133 0.2627279218286276
			vertex -0.15350000098347663 -0.11213912725448602 0.25
		endloop
	endfacet
	facet normal 0.3539953015180399 0.854620215714133 0.3798836840348387
		outer loop
			vertex -0.1821179623156786 -0.10594281464815133 0.2627279218286276
			vertex -0.15613603875041007 -0.11670488029718393 0.2627279218286276
			vertex -0.15350000098347663 -0.11213912725448602 0.25
		endloop
	endfacet
	facet normal 0.5631252144897338 0.7338790035363867 0.37988366768568976
		outer loop
			vertex -0.15350000098347663 -0.11213912725448602 0.25
			vertex -0.15613603875041007 -0.11670488029718393 0.2627279218286276
			vertex -0.13009693384170531 -0.13009693384170526 0.25
		endloop
	endfacet
	facet normal 0.5631252012616753 0.7338790565914056 0.3798835848000096
		outer loop
			vertex -0.15613603875041007 -0.11670488029718393 0.2627279218286276
			vertex -0.13382485419511794 -0.1338248541951179 0.2627279218286276
			vertex -0.13009693384170531 -0.13009693384170526 0.25
		endloop
	endfacet
	facet normal 0.7338790298960521 0.5631252347162192 0.3798835867797298
		outer loop
			vertex -0.13009693384170531 -0.13009693384170526 0.25
			vertex -0.13382485419511794 -0.1338248541951179 0.2627279218286276
			vertex -0.11213912725448608 -0.15350000098347658 0.25000000000000006
		endloop
	endfacet
	facet normal 0.7338790289417269 0.5631251800453317 0.37988366966541315
		outer loop
			vertex -0.13382485419511794 -0.1338248541951179 0.2627279218286276
			vertex -0.11670488029718398 -0.15613603875041002 0.26272792182862764
			vertex -0.11213912725448608 -0.15350000098347658 0.25000000000000006
		endloop
	endfacet
	facet normal 0.8546202247214473 0.3539952808897577 0.3798836829936822
		outer loop
			vertex -0.11213912725448608 -0.15350000098347658 0.25000000000000006
			vertex -0.11670488029718398 -0.15613603875041002 0.26272792182862764
			vertex -0.10085038006305694 -0.1807534480839967 0.25000000000000006
		endloop
	endfacet
	facet normal 0.8546202326478132 0.35399530853220024 0.3798836394031604
		outer loop
			vertex -0.11670488029718398 -0.15613603875041002 0.26272792182862764
			vertex -0.10594281464815139 -0.18211796231567853 0.26272792182862764
			vertex -0.10085038006305694 -0.1807534480839967 0.25000000000000006
		endloop
	endfacet
	facet normal 0.9171205033843044 0.12074109480872691 0.379883627307772
		outer loop
			vertex -0.10085038006305694 -0.1807534480839967 0.25000000000000006
			vertex -0.10594281464815139 -0.18211796231567853 0.26272792182862764
			vertex -0.09700000196695327 -0.2099999999999999 0.25000000000000006
		endloop
	endfacet
	facet normal 0.9171205161344692 0.12074111602852644 0.37988358978169967
		outer loop
			vertex -0.10594281464815139 -0.18211796231567853 0.26272792182862764
			vertex -0.10227207750082015 -0.2099999999999999 0.26272792182862764
			vertex -0.09700000196695327 -0.2099999999999999 0.25000000000000006
		endloop
	endfacet
	facet normal 0.3088057824763202 -0.950406716864474 0.03696026580098626
		outer loop
			vertex -0.105 -0.12299999922513957 0.19000000357627872
			vertex -0.105 -0.130000000372529 0.009999996423721347
			vertex -0.09441986542195081 -0.11956230599433179 0.19000000357627872
		endloop
	endfacet
	facet normal 0.3088059116089372 -0.9504066752956597 0.03696025580030307
		outer loop
			vertex -0.105 -0.130000000372529 0.009999996423721347
			vertex -0.09030536890029907 -0.12522542431950567 0.009999996423721347
			vertex -0.09441986542195081 -0.11956230599433179 0.19000000357627872
		endloop
	endfacet
	facet normal 0.8084642604319248 -0.5873835877530703 0.03696025490431864
		outer loop
			vertex -0.09441986542195081 -0.11956230599433179 0.19000000357627872
			vertex -0.09030536890029907 -0.12522542431950567 0.009999996423721347
			vertex -0.08788098350167274 -0.1105623059161007 0.19000000357627872
		endloop
	endfacet
	facet normal 0.808464226908254 -0.5873836336308734 0.03696025909312934
		outer loop
			vertex -0.09030536890029907 -0.12522542431950567 0.009999996423721347
			vertex -0.08122358798980713 -0.11272542506456373 0.009999996423721347
			vertex -0.08788098350167274 -0.1105623059161007 0.19000000357627872
		endloop
	endfacet
	facet normal 0.9993167362292592 0 0.036960258279691655
		outer loop
			vertex -0.08788098350167274 -0.1105623059161007 0.19000000357627872
			vertex -0.08122358798980713 -0.11272542506456373 0.009999996423721347
			vertex -0.08788098350167274 -0.09943769408389921 0.19000000357627872
		endloop
	endfacet
	facet normal 0.9993167362292592 0 0.036960258279691655
		outer loop
			vertex -0.08122358798980713 -0.11272542506456373 0.009999996423721347
			vertex -0.08122358798980713 -0.09727457493543623 0.009999996423721347
			vertex -0.08788098350167274 -0.09943769408389921 0.19000000357627872
		endloop
	endfacet
	facet normal 0.8084642602861836 0.5873835876471833 0.03696025977502845
		outer loop
			vertex -0.08788098350167274 -0.09943769408389921 0.19000000357627872
			vertex -0.08122358798980713 -0.09727457493543623 0.009999996423721347
			vertex -0.09441986542195081 -0.09043769400566812 0.19000000357627872
		endloop
	endfacet
	facet normal 0.8084642270131874 0.587383633707112 0.03696025558621786
		outer loop
			vertex -0.08122358798980713 -0.09727457493543623 0.009999996423721347
			vertex -0.09030536890029907 -0.08477457568049429 0.009999996423721347
			vertex -0.09441986542195081 -0.09043769400566812 0.19000000357627872
		endloop
	endfacet
	facet normal 0.3088057826092264 0.9504067172735174 0.03696025417228458
		outer loop
			vertex -0.09441986542195081 -0.09043769400566812 0.19000000357627872
			vertex -0.09030536890029907 -0.08477457568049429 0.009999996423721347
			vertex -0.105 -0.08700000077486034 0.19000000357627872
		endloop
	endfacet
	facet normal 0.30880591151324466 0.9504066750011484 0.03696026417296755
		outer loop
			vertex -0.09030536890029907 -0.08477457568049429 0.009999996423721347
			vertex -0.105 -0.07999999962747095 0.009999996423721347
			vertex -0.105 -0.08700000077486034 0.19000000357627872
		endloop
	endfacet
	facet normal -0.3088057824763202 0.950406716864474 0.036960265800985964
		outer loop
			vertex -0.105 -0.08700000077486034 0.19000000357627872
			vertex -0.105 -0.07999999962747095 0.009999996423721347
			vertex -0.11558013457804918 -0.09043769400566812 0.19000000357627872
		endloop
	endfacet
	facet normal -0.3088059116089372 0.9504066752956597 0.03696025580030278
		outer loop
			vertex -0.105 -0.07999999962747095 0.009999996423721347
			vertex -0.11969463109970092 -0.08477457568049429 0.009999996423721347
			vertex -0.11558013457804918 -0.09043769400566812 0.19000000357627872
		endloop
	endfacet
	facet normal -0.8084642604319247 0.5873835877530704 0.03696025490431846
		outer loop
			vertex -0.11558013457804918 -0.09043769400566812 0.19000000357627872
			vertex -0.11969463109970092 -0.08477457568049429 0.009999996423721347
			vertex -0.12211901649832725 -0.09943769408389921 0.19000000357627872
		endloop
	endfacet
	facet normal -0.8084642269082544 0.5873836336308728 0.036960259093129104
		outer loop
			vertex -0.11969463109970092 -0.08477457568049429 0.009999996423721347
			vertex -0.12877641201019285 -0.09727457493543623 0.009999996423721347
			vertex -0.12211901649832725 -0.09943769408389921 0.19000000357627872
		endloop
	endfacet
	facet normal -0.9993167362292592 0 0.03696025827969158
		outer loop
			vertex -0.12211901649832725 -0.09943769408389921 0.19000000357627872
			vertex -0.12877641201019285 -0.09727457493543623 0.009999996423721347
			vertex -0.12211901649832725 -0.1105623059161007 0.19000000357627872
		endloop
	endfacet
	facet normal -0.9993167362292592 0 0.03696025827969157
		outer loop
			vertex -0.12877641201019285 -0.09727457493543623 0.009999996423721347
			vertex -0.12877641201019285 -0.11272542506456373 0.009999996423721347
			vertex -0.12211901649832725 -0.1105623059161007 0.19000000357627872
		endloop
	endfacet
	facet normal -0.8084642602861836 -0.5873835876471833 0.03696025977502858
		outer loop
			vertex -0.12211901649832725 -0.1105623059161007 0.19000000357627872
			vertex -0.12877641201019285 -0.11272542506456373 0.009999996423721347
			vertex -0.11558013457804918 -0.11956230599433179 0.19000000357627872
		endloop
	endfacet
	facet normal -0.8084642270131879 -0.5873836337071114 0.03696025558621804
		outer loop
			vertex -0.12877641201019285 -0.11272542506456373 0.009999996423721347
			vertex -0.11969463109970092 -0.12522542431950567 0.009999996423721347
			vertex -0.11558013457804918 -0.11956230599433179 0.19000000357627872
		endloop
	endfacet
	facet normal -0.3088057826092264 -0.9504067172735174 0.03696025417228488
		outer loop
			vertex -0.11558013457804918 -0.11956230599433179 0.19000000357627872
			vertex -0.11969463109970092 -0.12522542431950567 0.009999996423721347
			vertex -0.105 -0.12299999922513957 0.19000000357627872
		endloop
	endfacet
	facet normal -0.30880591151324466 -0.9504066750011484 0.03696026417296784
		outer loop
			vertex -0.11969463109970092 -0.12522542431950567 0.009999996423721347
			vertex -0.105 -0.130000000372529 0.009999996423721347
			vertex -0.105 -0.12299999922513957 0.19000000357627872
		endloop
	endfacet
	facet normal 0 0 1
		outer loop
			vertex -0.105 -0.12299999922513957 0.19000000357627872
			vertex -0.09441986542195081 -0.11956230599433179 0.19000000357627872
			vertex -0.105 -0.10499999999999995 0.19000000357627872
		endloop
	endfacet
	facet normal 0 0 1
		outer loop
			vertex -0.09441986542195081 -0.11956230599433179 0.19000000357627872
			vertex -0.08788098350167274 -0.1105623059161007 0.19000000357627872
			vertex -0.105 -0.10499999999999995 0.19000000357627872
		endloop
	endfacet
	facet normal 0 0 1
		outer loop
			vertex -0.08788098350167274 -0.1105623059161007 0.19000000357627872
			vertex -0.08788098350167274 -0.09943769408389921 0.19000000357627872
			vertex -0.105 -0.10499999999999995 0.19000000357627872
		endloop
	endfacet
	facet normal 0 0 1
		outer loop
			vertex -0.08788098350167274 -0.09943769408389921 0.19000000357627872
			vertex -0.09441986542195081 -0.09043769400566812 0.19000000357627872
			vertex -0.105 -0.10499999999999995 0.19000000357627872
		endloop
	endfacet
	facet normal 0 0 1
		outer loop
			vertex -0.09441986542195081 -0.09043769400566812 0.19000000357627872
			vertex -0.105 -0.08700000077486034 0.19000000357627872
			vertex -0.105 -0.10499999999999995 0.19000000357627872
		endloop
	endfacet
	facet normal 0 0 1
		outer loop
			vertex -0.105 -0.08700000077486034 0.19000000357627872
			vertex -0.11558013457804918 -0.09043769400566812 0.19000000357627872
			vertex -0.105 -0.10499999999999995 0.19000000357627872
		endloop
	endfacet
	facet normal 0 0 1
		outer loop
			vertex -0.11558013457804918 -0.09043769400566812 0.19000000357627872
			vertex -0.12211901649832725 -0.09943769408389921 0.19000000357627872
			vertex -0.105 -0.10499999999999995 0.19000000357627872
		endloop
	endfacet
	facet normal 0 0 1
		outer loop
			vertex -0.12211901649832725 -0.09943769408389921 0.19000000357627872
			vertex -0.12211901649832725 -0.1105623059161007 0.19000000357627872
			vertex -0.105 -0.10499999999999995 0.19000000357627872
		endloop
	endfacet
	facet normal 0 0 1
		outer loop
			vertex -0.12211901649832725 -0.1105623059161007 0.19000000357627872
			vertex -0.11558013457804918 -0.11956230599433179 0.19000000357627872
			vertex -0.105 -0.10499999999999995 0.19000000357627872
		endloop
	endfacet
	facet normal 0 0 1
		outer loop
			vertex -0.11558013457804918 -0.11956230599433179 0.19000000357627872
			vertex -0.105 -0.12299999922513957 0.19000000357627872
			vertex -0.105 -0.10499999999999995 0.19000000357627872
		endloop
	endfacet
	facet normal 0 0 -1
		outer loop
			vertex -0.09030536890029907 -0.12522542431950567 0.009999996423721347
			vertex -0.105 -0.130000000372529 0.009999996423721347
			vertex -0.105 -0.10499999999999998 0.009999996423721347
		endloop
	endfacet
	facet normal 0 0 -1
		outer loop
			vertex -0.08122358798980713 -0.11272542506456373 0.009999996423721347
			vertex -0.09030536890029907 -0.12522542431950567 0.009999996423721347
			vertex -0.105 -0.10499999999999998 0.009999996423721347
		endloop
	endfacet
	facet normal 0 0 -1
		outer loop
			vertex -0.08122358798980713 -0.09727457493543623 0.009999996423721347
			vertex -0.08122358798980713 -0.11272542506456373 0.009999996423721347
			vertex -0.105 -0.10499999999999998 0.009999996423721347
		endloop
	endfacet
	facet normal 0 0 -1
		outer loop
			vertex -0.09030536890029907 -0.08477457568049429 0.009999996423721347
			vertex -0.08122358798980713 -0.09727457493543623 0.009999996423721347
			vertex -0.105 -0.10499999999999998 0.009999996423721347
		endloop
	endfacet
	facet normal 0 0 -1
		outer loop
			vertex -0.105 -0.07999999962747095 0.009999996423721347
			vertex -0.09030536890029907 -0.08477457568049429 0.009999996423721347
			vertex -0.105 -0.10499999999999998 0.009999996423721347
		endloop
	endfacet
	facet normal 0 0 -1
		outer loop
			vertex -0.11969463109970092 -0.08477457568049429 0.009999996423721347
			vertex -0.105 -0.07999999962747095 0.009999996423721347
			vertex -0.105 -0.10499999999999998 0.009999996423721347
		endloop
	endfacet
	facet normal 0 0 -1
		outer loop
			vertex -0.12877641201019285 -0.09727457493543623 0.009999996423721347
			vertex -0.11969463109970092 -0.08477457568049429 0.009999996423721347
			vertex -0.105 -0.10499999999999998 0.009999996423721347
		endloop
	endfacet
	facet normal 0 0 -1
		outer loop
			vertex -0.12877641201019285 -0.11272542506456373 0.009999996423721347
			vertex -0.12877641201019285 -0.09727457493543623 0.009999996423721347
			vertex -0.105 -0.10499999999999998 0.009999996423721347
		endloop
	endfacet
	facet normal 0 0 -1
		outer loop
			vertex -0.11969463109970092 -0.12522542431950567 0.009999996423721347
			vertex -0.12877641201019285 -0.11272542506456373 0.009999996423721347
			vertex -0.105 -0.10499999999999998 0.009999996423721347
		endloop
	endfacet
	facet normal 0 0 -1
		outer loop
			vertex -0.105 -0.130000000372529 0.009999996423721347
			vertex -0.11969463109970092 -0.12522542431950567 0.009999996423721347
			vertex -0.105 -0.10499999999999998 0.009999996423721347
		endloop
	endfacet
	facet normal 0.7071067811865481 0.7071067811865469 0
		outer loop
			vertex 0.2340469856699367 0.20222717925213668 0.24750000007450576
			vertex 0.2340469856699367 0.20222717925213668 0.21249999992549415
			vertex 0.20222717925213662 0.2340469856699368 0.24750000007450576
		endloop
	endfacet
	facet normal 0.7071067811865481 0.7071067811865469 0
		outer loop
			vertex 0.2340469856699367 0.20222717925213668 0.21249999992549415
			vertex 0.20222717925213662 0.2340469856699368 0.21249999992549415
			vertex 0.20222717925213662 0.2340469856699368 0.24750000007450576
		endloop
	endfacet
	facet normal -0.7071067811865477 -0.7071067811865475 0
		outer loop
			vertex -0.024046985669936724 0.00777282074786341 0.24750000007450582
			vertex -0.024046985669936724 0.00777282074786341 0.2124999999254942
			vertex 0.007772820747863368 -0.024046985669936696 0.24750000007450582
		endloop
	endfacet
	facet normal -0.7071067811865477 -0.7071067811865475 0
		outer loop
			vertex -0.024046985669936724 0.00777282074786341 0.2124999999254942
			vertex 0.007772820747863368 -0.024046985669936696 0.2124999999254942
			vertex 0.007772820747863368 -0.024046985669936696 0.24750000007450582
		endloop
	endfacet
	facet normal 1.226634760764123e-16 1.2266347607641226e-16 1
		outer loop
			vertex -0.024046985669936724 0.00777282074786341 0.24750000007450582
			vertex 0.007772820747863368 -0.024046985669936696 0.24750000007450582
			vertex 0.20222717925213662 0.2340469856699368 0.24750000007450576
		endloop
	endfacet
	facet normal 1.226634760764124e-16 1.226634760764122e-16 1
		outer loop
			vertex 0.007772820747863368 -0.024046985669936696 0.24750000007450582
			vertex 0.2340469856699367 0.20222717925213668 0.24750000007450576
			vertex 0.20222717925213662 0.2340469856699368 0.24750000007450576
		endloop
	endfacet
	facet normal -1.226634760764123e-16 -1.2266347607641226e-16 -1
		outer loop
			vertex 0.007772820747863368 -0.024046985669936696 0.2124999999254942
			vertex -0.024046985669936724 0.00777282074786341 0.2124999999254942
			vertex 0.2340469856699367 0.20222717925213668 0.21249999992549415
		endloop
	endfacet
	facet normal -1.2266347607641239e-16 -1.2266347607641216e-16 -1
		outer loop
			vertex -0.024046985669936724 0.00777282074786341 0.2124999999254942
			vertex 0.20222717925213662 0.2340469856699368 0.21249999992549415
			vertex 0.2340469856699367 0.20222717925213668 0.21249999992549415
		endloop
	endfacet
	facet normal 0.7071067811865476 -0.7071067811865476 0
		outer loop
			vertex 0.007772820747863368 -0.024046985669936696 0.24750000007450582
			vertex 0.007772820747863368 -0.024046985669936696 0.2124999999254942
			vertex 0.2340469856699367 0.20222717925213668 0.24750000007450576
		endloop
	endfacet
	facet normal 0.7071067811865476 -0.7071067811865476 0
		outer loop
			vertex 0.007772820747863368 -0.024046985669936696 0.2124999999254942
			vertex 0.2340469856699367 0.20222717925213668 0.21249999992549415
			vertex 0.2340469856699367 0.20222717925213668 0.24750000007450576
		endloop
	endfacet
	facet normal -0.7071067811865477 0.7071067811865475 0
		outer loop
			vertex 0.20222717925213662 0.2340469856699368 0.24750000007450576
			vertex 0.20222717925213662 0.2340469856699368 0.21249999992549415
			vertex -0.024046985669936724 0.00777282074786341 0.24750000007450582
		endloop
	endfacet
	facet normal -0.7071067811865477 0.7071067811865475 0
		outer loop
			vertex 0.20222717925213662 0.2340469856699368 0.21249999992549415
			vertex -0.024046985669936724 0.00777282074786341 0.2124999999254942
			vertex -0.024046985669936724 0.00777282074786341 0.24750000007450582
		endloop
	endfacet
	facet normal 0.9171205161344694 -0.12074111602852634 -0.3798835897816997
		outer loop
			vertex 0.3177279224991798 0.21000000000000005 0.23727207817137236
			vertex 0.3229999980330467 0.21000000000000005 0.24999999999999994
			vertex 0.31405718535184857 0.18211796231567864 0.23727207817137236
		endloop
	endfacet
	facet normal 0.9171205033843045 -0.1207410948087268 -0.379883627307772
		outer loop
			vertex 0.3229999980330467 0.21000000000000005 0.24999999999999994
			vertex 0.319149619936943 0.18075344808399682 0.24999999999999994
			vertex 0.31405718535184857 0.18211796231567864 0.23727207817137236
		endloop
	endfacet
	facet normal 0.8546202326478131 -0.35399530853220057 -0.3798836394031604
		outer loop
			vertex 0.31405718535184857 0.18211796231567864 0.23727207817137236
			vertex 0.319149619936943 0.18075344808399682 0.24999999999999994
			vertex 0.303295119702816 0.15613603875041013 0.23727207817137239
		endloop
	endfacet
	facet normal 0.8546202247214472 -0.353995280889758 -0.3798836829936822
		outer loop
			vertex 0.319149619936943 0.18075344808399682 0.24999999999999994
			vertex 0.3078608727455139 0.1535000009834767 0.24999999999999997
			vertex 0.303295119702816 0.15613603875041013 0.23727207817137239
		endloop
	endfacet
	facet normal 0.7338790289417273 -0.5631251800453312 -0.37988366966541315
		outer loop
			vertex 0.303295119702816 0.15613603875041013 0.23727207817137239
			vertex 0.3078608727455139 0.1535000009834767 0.24999999999999997
			vertex 0.286175145804882 0.133824854195118 0.23727207817137239
		endloop
	endfacet
	facet normal 0.7338790298960526 -0.5631252347162187 -0.37988358677972983
		outer loop
			vertex 0.3078608727455139 0.1535000009834767 0.24999999999999997
			vertex 0.28990306615829464 0.13009693384170537 0.24999999999999997
			vertex 0.286175145804882 0.133824854195118 0.23727207817137239
		endloop
	endfacet
	facet normal 0.5631252012616751 -0.7338790565914058 -0.37988358480000967
		outer loop
			vertex 0.286175145804882 0.133824854195118 0.23727207817137239
			vertex 0.28990306615829464 0.13009693384170537 0.24999999999999997
			vertex 0.2638639612495899 0.11670488029718404 0.2372720781713724
		endloop
	endfacet
	facet normal 0.5631252144897335 -0.7338790035363869 -0.37988366768568976
		outer loop
			vertex 0.28990306615829464 0.13009693384170537 0.24999999999999997
			vertex 0.2664999990165233 0.11213912725448613 0.25
			vertex 0.2638639612495899 0.11670488029718404 0.2372720781713724
		endloop
	endfacet
	facet normal 0.3539953015180402 -0.8546202157141327 -0.37988368403483863
		outer loop
			vertex 0.2638639612495899 0.11670488029718404 0.2372720781713724
			vertex 0.2664999990165233 0.11213912725448613 0.25
			vertex 0.2378820376843214 0.10594281464815145 0.2372720781713724
		endloop
	endfacet
	facet normal 0.3539952875766688 -0.8546202408650783 -0.3798836404443174
		outer loop
			vertex 0.2664999990165233 0.11213912725448613 0.25
			vertex 0.23924655191600322 0.100850380063057 0.25
			vertex 0.2378820376843214 0.10594281464815145 0.2372720781713724
		endloop
	endfacet
	facet normal 0.12074111396896677 -0.9171205004905495 -0.37988362820408184
		outer loop
			vertex 0.2378820376843214 0.10594281464815145 0.2372720781713724
			vertex 0.23924655191600322 0.100850380063057 0.25
			vertex 0.21 0.10227207750082021 0.2372720781713724
		endloop
	endfacet
	facet normal 0.12074109677219616 -0.9171205182983485 -0.3798835906780074
		outer loop
			vertex 0.23924655191600322 0.100850380063057 0.25
			vertex 0.21 0.09700000196695333 0.25
			vertex 0.21 0.10227207750082021 0.2372720781713724
		endloop
	endfacet
	facet normal -0.12074111602852634 -0.9171205161344694 -0.3798835897816997
		outer loop
			vertex 0.21 0.10227207750082021 0.2372720781713724
			vertex 0.21 0.09700000196695333 0.25
			vertex 0.1821179623156786 0.10594281464815145 0.2372720781713724
		endloop
	endfacet
	facet normal -0.1207410948087268 -0.9171205033843045 -0.379883627307772
		outer loop
			vertex 0.21 0.09700000196695333 0.25
			vertex 0.18075344808399676 0.100850380063057 0.25
			vertex 0.1821179623156786 0.10594281464815145 0.2372720781713724
		endloop
	endfacet
	facet normal -0.35399530853220024 -0.8546202326478132 -0.3798836394031604
		outer loop
			vertex 0.1821179623156786 0.10594281464815145 0.2372720781713724
			vertex 0.18075344808399676 0.100850380063057 0.25
			vertex 0.15613603875041007 0.11670488029718404 0.2372720781713724
		endloop
	endfacet
	facet normal -0.3539952808897577 -0.8546202247214473 -0.3798836829936822
		outer loop
			vertex 0.18075344808399676 0.100850380063057 0.25
			vertex 0.15350000098347663 0.11213912725448613 0.25
			vertex 0.15613603875041007 0.11670488029718404 0.2372720781713724
		endloop
	endfacet
	facet normal -0.5631251800453309 -0.7338790289417275 -0.3798836696654132
		outer loop
			vertex 0.15613603875041007 0.11670488029718404 0.2372720781713724
			vertex 0.15350000098347663 0.11213912725448613 0.25
			vertex 0.13382485419511794 0.133824854195118 0.23727207817137239
		endloop
	endfacet
	facet normal -0.5631252347162183 -0.7338790298960528 -0.3798835867797297
		outer loop
			vertex 0.15350000098347663 0.11213912725448613 0.25
			vertex 0.13009693384170531 0.13009693384170537 0.24999999999999997
			vertex 0.13382485419511794 0.133824854195118 0.23727207817137239
		endloop
	endfacet
	facet normal -0.7338790565914056 -0.5631252012616753 -0.3798835848000096
		outer loop
			vertex 0.13382485419511794 0.133824854195118 0.23727207817137239
			vertex 0.13009693384170531 0.13009693384170537 0.24999999999999997
			vertex 0.11670488029718398 0.15613603875041013 0.23727207817137239
		endloop
	endfacet
	facet normal -0.7338790035363867 -0.5631252144897338 -0.37988366768568976
		outer loop
			vertex 0.13009693384170531 0.13009693384170537 0.24999999999999997
			vertex 0.11213912725448608 0.1535000009834767 0.24999999999999997
			vertex 0.11670488029718398 0.15613603875041013 0.23727207817137239
		endloop
	endfacet
	facet normal -0.8546202157141328 -0.3539953015180402 -0.3798836840348387
		outer loop
			vertex 0.11670488029718398 0.15613603875041013 0.23727207817137239
			vertex 0.11213912725448608 0.1535000009834767 0.24999999999999997
			vertex 0.10594281464815139 0.18211796231567864 0.23727207817137236
		endloop
	endfacet
	facet normal -0.8546202408650783 -0.3539952875766688 -0.3798836404443173
		outer loop
			vertex 0.11213912725448608 0.1535000009834767 0.24999999999999997
			vertex 0.10085038006305694 0.18075344808399682 0.24999999999999994
			vertex 0.10594281464815139 0.18211796231567864 0.23727207817137236
		endloop
	endfacet
	facet normal -0.9171205004905495 -0.12074111396896689 -0.3798836282040819
		outer loop
			vertex 0.10594281464815139 0.18211796231567864 0.23727207817137236
			vertex 0.10085038006305694 0.18075344808399682 0.24999999999999994
			vertex 0.10227207750082015 0.21000000000000002 0.23727207817137236
		endloop
	endfacet
	facet normal -0.9171205182983485 -0.12074109677219615 -0.3798835906780071
		outer loop
			vertex 0.10085038006305694 0.18075344808399682 0.24999999999999994
			vertex 0.09700000196695327 0.21000000000000005 0.24999999999999994
			vertex 0.10227207750082015 0.21000000000000002 0.23727207817137236
		endloop
	endfacet
	facet normal -0.9171205161344692 0.12074111602852619 -0.3798835897816999
		outer loop
			vertex 0.10227207750082015 0.21000000000000002 0.23727207817137236
			vertex 0.09700000196695327 0.21000000000000005 0.24999999999999994
			vertex 0.10594281464815139 0.23788203768432145 0.23727207817137236
		endloop
	endfacet
	facet normal -0.9171205033843045 0.1207410948087268 -0.379883627307772
		outer loop
			vertex 0.09700000196695327 0.21000000000000005 0.24999999999999994
			vertex 0.10085038006305694 0.23924655191600327 0.24999999999999994
			vertex 0.10594281464815139 0.23788203768432145 0.23727207817137236
		endloop
	endfacet
	facet normal -0.8546202326478131 0.3539953085322002 -0.37988363940316033
		outer loop
			vertex 0.10594281464815139 0.23788203768432145 0.23727207817137236
			vertex 0.10085038006305694 0.23924655191600327 0.24999999999999994
			vertex 0.11670488029718398 0.26386396124958994 0.23727207817137233
		endloop
	endfacet
	facet normal -0.8546202247214473 0.3539952808897569 -0.3798836829936836
		outer loop
			vertex 0.10085038006305694 0.23924655191600327 0.24999999999999994
			vertex 0.11213912725448608 0.26649999901652344 0.24999999999999992
			vertex 0.11670488029718398 0.26386396124958994 0.23727207817137233
		endloop
	endfacet
	facet normal -0.7338790289417273 0.5631251800453297 -0.37988366966541526
		outer loop
			vertex 0.11670488029718398 0.26386396124958994 0.23727207817137233
			vertex 0.11213912725448608 0.26649999901652344 0.24999999999999992
			vertex 0.13382485419511794 0.2861751458048821 0.23727207817137233
		endloop
	endfacet
	facet normal -0.7338790298960526 0.5631252347162187 -0.37988358677972983
		outer loop
			vertex 0.11213912725448608 0.26649999901652344 0.24999999999999992
			vertex 0.13009693384170531 0.28990306615829475 0.24999999999999992
			vertex 0.13382485419511794 0.2861751458048821 0.23727207817137233
		endloop
	endfacet
	facet normal -0.5631252012616758 0.7338790565914054 -0.3798835848000097
		outer loop
			vertex 0.13382485419511794 0.2861751458048821 0.23727207817137233
			vertex 0.13009693384170531 0.28990306615829475 0.24999999999999992
			vertex 0.15613603875041007 0.3032951197028161 0.2372720781713723
		endloop
	endfacet
	facet normal -0.5631252144897342 0.7338790035363865 -0.3798836676856897
		outer loop
			vertex 0.13009693384170531 0.28990306615829475 0.24999999999999992
			vertex 0.15350000098347663 0.307860872745514 0.2499999999999999
			vertex 0.15613603875041007 0.3032951197028161 0.2372720781713723
		endloop
	endfacet
	facet normal -0.3539953015180399 0.854620215714133 -0.3798836840348387
		outer loop
			vertex 0.15613603875041007 0.3032951197028161 0.2372720781713723
			vertex 0.15350000098347663 0.307860872745514 0.2499999999999999
			vertex 0.1821179623156786 0.3140571853518487 0.2372720781713723
		endloop
	endfacet
	facet normal -0.3539952875766685 0.8546202408650784 -0.3798836404443173
		outer loop
			vertex 0.15350000098347663 0.307860872745514 0.2499999999999999
			vertex 0.18075344808399676 0.31914961993694313 0.2499999999999999
			vertex 0.1821179623156786 0.3140571853518487 0.2372720781713723
		endloop
	endfacet
	facet normal -0.12074111396896689 0.9171205004905495 -0.3798836282040819
		outer loop
			vertex 0.1821179623156786 0.3140571853518487 0.2372720781713723
			vertex 0.18075344808399676 0.31914961993694313 0.2499999999999999
			vertex 0.20999999999999996 0.3177279224991799 0.2372720781713723
		endloop
	endfacet
	facet normal -0.12074109677219627 0.9171205182983484 -0.3798835906780074
		outer loop
			vertex 0.18075344808399676 0.31914961993694313 0.2499999999999999
			vertex 0.20999999999999996 0.3229999980330468 0.2499999999999999
			vertex 0.20999999999999996 0.3177279224991799 0.2372720781713723
		endloop
	endfacet
	facet normal 0.12074111602852622 0.9171205161344694 -0.37988358978169967
		outer loop
			vertex 0.20999999999999996 0.3177279224991799 0.2372720781713723
			vertex 0.20999999999999996 0.3229999980330468 0.2499999999999999
			vertex 0.2378820376843214 0.3140571853518487 0.2372720781713723
		endloop
	endfacet
	facet normal 0.12074109480872669 0.9171205033843046 -0.379883627307772
		outer loop
			vertex 0.20999999999999996 0.3229999980330468 0.2499999999999999
			vertex 0.23924655191600322 0.31914961993694313 0.2499999999999999
			vertex 0.2378820376843214 0.3140571853518487 0.2372720781713723
		endloop
	endfacet
	facet normal 0.3539953085322005 0.854620232647813 -0.3798836394031604
		outer loop
			vertex 0.2378820376843214 0.3140571853518487 0.2372720781713723
			vertex 0.23924655191600322 0.31914961993694313 0.2499999999999999
			vertex 0.2638639612495899 0.3032951197028161 0.2372720781713723
		endloop
	endfacet
	facet normal 0.353995280889758 0.8546202247214472 -0.3798836829936822
		outer loop
			vertex 0.23924655191600322 0.31914961993694313 0.2499999999999999
			vertex 0.2664999990165233 0.307860872745514 0.2499999999999999
			vertex 0.2638639612495899 0.3032951197028161 0.2372720781713723
		endloop
	endfacet
	facet normal 0.5631251800453315 0.7338790289417271 -0.37988366966541315
		outer loop
			vertex 0.2638639612495899 0.3032951197028161 0.2372720781713723
			vertex 0.2664999990165233 0.307860872745514 0.2499999999999999
			vertex 0.286175145804882 0.2861751458048821 0.23727207817137233
		endloop
	endfacet
	facet normal 0.563125234716219 0.7338790298960524 -0.3798835867797298
		outer loop
			vertex 0.2664999990165233 0.307860872745514 0.2499999999999999
			vertex 0.28990306615829464 0.28990306615829475 0.24999999999999992
			vertex 0.286175145804882 0.2861751458048821 0.23727207817137233
		endloop
	endfacet
	facet normal 0.7338790565914064 0.5631252012616745 -0.3798835848000096
		outer loop
			vertex 0.286175145804882 0.2861751458048821 0.23727207817137233
			vertex 0.28990306615829464 0.28990306615829475 0.24999999999999992
			vertex 0.303295119702816 0.26386396124958994 0.23727207817137233
		endloop
	endfacet
	facet normal 0.7338790035363859 0.5631252144897333 -0.3798836676856918
		outer loop
			vertex 0.28990306615829464 0.28990306615829475 0.24999999999999992
			vertex 0.3078608727455139 0.26649999901652344 0.24999999999999992
			vertex 0.303295119702816 0.26386396124958994 0.23727207817137233
		endloop
	endfacet
	facet normal 0.8546202157141324 0.3539953015180396 -0.37988368403483996
		outer loop
			vertex 0.303295119702816 0.26386396124958994 0.23727207817137233
			vertex 0.3078608727455139 0.26649999901652344 0.24999999999999992
			vertex 0.31405718535184857 0.23788203768432145 0.23727207817137236
		endloop
	endfacet
	facet normal 0.8546202408650786 0.3539952875766678 -0.37988364044431727
		outer loop
			vertex 0.3078608727455139 0.26649999901652344 0.24999999999999992
			vertex 0.319149619936943 0.23924655191600327 0.24999999999999994
			vertex 0.31405718535184857 0.23788203768432145 0.23727207817137236
		endloop
	endfacet
	facet normal 0.9171205004905495 0.12074111396896689 -0.3798836282040819
		outer loop
			vertex 0.31405718535184857 0.23788203768432145 0.23727207817137236
			vertex 0.319149619936943 0.23924655191600327 0.24999999999999994
			vertex 0.3177279224991798 0.21000000000000008 0.23727207817137236
		endloop
	endfacet
	facet normal 0.9171205182983484 0.12074109677219627 -0.3798835906780074
		outer loop
			vertex 0.319149619936943 0.23924655191600327 0.24999999999999994
			vertex 0.3229999980330467 0.21000000000000008 0.24999999999999994
			vertex 0.3177279224991798 0.21000000000000008 0.23727207817137236
		endloop
	endfacet
	facet normal 0.3821986033423592 -0.05031739603273562 -0.9227092647522485
		outer loop
			vertex 0.30499999880790707 0.21000000000000005 0.23200000077486033
			vertex 0.3177279224991798 0.21000000000000005 0.23727207817137236
			vertex 0.30176295250654217 0.18541218996047978 0.23200000077486033
		endloop
	endfacet
	facet normal 0.3821985496250016 -0.05031735591382263 -0.9227092891904726
		outer loop
			vertex 0.3177279224991798 0.21000000000000005 0.23727207817137236
			vertex 0.31405718535184857 0.18211796231567864 0.23727207817137236
			vertex 0.30176295250654217 0.18541218996047978 0.23200000077486033
		endloop
	endfacet
	facet normal 0.3561523443279879 -0.1475231707020339 -0.922709283434223
		outer loop
			vertex 0.30176295250654217 0.18541218996047978 0.23200000077486033
			vertex 0.31405718535184857 0.18211796231567864 0.23727207817137236
			vertex 0.2922724103927612 0.1625000005960465 0.23200000077486035
		endloop
	endfacet
	facet normal 0.3561523067362403 -0.14752312300978107 -0.9227093055691462
		outer loop
			vertex 0.31405718535184857 0.18211796231567864 0.23727207817137236
			vertex 0.303295119702816 0.15613603875041013 0.23727207817137239
			vertex 0.2922724103927612 0.1625000005960465 0.23200000077486035
		endloop
	endfacet
	facet normal 0.3058349351361066 -0.23467539432878795 -0.9227092996967796
		outer loop
			vertex 0.2922724103927612 0.1625000005960465 0.23200000077486035
			vertex 0.303295119702816 0.15613603875041013 0.23727207817137239
			vertex 0.2771751424670219 0.14282485753297808 0.23200000077486035
		endloop
	endfacet
	facet normal 0.3058349372368505 -0.23467539921941163 -0.9227092977566345
		outer loop
			vertex 0.303295119702816 0.15613603875041013 0.23727207817137239
			vertex 0.286175145804882 0.133824854195118 0.23727207817137239
			vertex 0.2771751424670219 0.14282485753297808 0.23200000077486035
		endloop
	endfacet
	facet normal 0.23467539733327653 -0.305834939051632 -0.9227092976348259
		outer loop
			vertex 0.2771751424670219 0.14282485753297808 0.23200000077486035
			vertex 0.286175145804882 0.133824854195118 0.23727207817137239
			vertex 0.2574999994039535 0.1277275896072388 0.23200000077486035
		endloop
	endfacet
	facet normal 0.23467539656990088 -0.3058349337839424 -0.9227092995749699
		outer loop
			vertex 0.286175145804882 0.133824854195118 0.23727207817137239
			vertex 0.2638639612495899 0.11670488029718404 0.2372720781713724
			vertex 0.2574999994039535 0.1277275896072388 0.23200000077486035
		endloop
	endfacet
	facet normal 0.1475231491540362 -0.35615229230653905 -0.9227093069588458
		outer loop
			vertex 0.2574999994039535 0.1277275896072388 0.23200000077486035
			vertex 0.2638639612495899 0.11670488029718404 0.2372720781713724
			vertex 0.23458781003952026 0.11823704749345783 0.23200000077486038
		endloop
	endfacet
	facet normal 0.1475231420119034 -0.35615235261142153 -0.9227092848239284
		outer loop
			vertex 0.2638639612495899 0.11670488029718404 0.2372720781713724
			vertex 0.2378820376843214 0.10594281464815145 0.2372720781713724
			vertex 0.23458781003952026 0.11823704749345783 0.23200000077486038
		endloop
	endfacet
	facet normal 0.050317387918336745 -0.3821985417073748 -0.9227092907247828
		outer loop
			vertex 0.23458781003952026 0.11823704749345783 0.23200000077486038
			vertex 0.2378820376843214 0.10594281464815145 0.2372720781713724
			vertex 0.21 0.11500000119209293 0.23200000077486038
		endloop
	endfacet
	facet normal 0.05031736306951104 -0.382198603977892 -0.9227092662865598
		outer loop
			vertex 0.2378820376843214 0.10594281464815145 0.2372720781713724
			vertex 0.21 0.10227207750082021 0.2372720781713724
			vertex 0.21 0.11500000119209293 0.23200000077486038
		endloop
	endfacet
	facet normal -0.050317396032735655 -0.3821986033423595 -0.9227092647522482
		outer loop
			vertex 0.21 0.11500000119209293 0.23200000077486038
			vertex 0.21 0.10227207750082021 0.2372720781713724
			vertex 0.18541218996047973 0.11823704749345783 0.23200000077486038
		endloop
	endfacet
	facet normal -0.050317355913822664 -0.3821985496250019 -0.9227092891904723
		outer loop
			vertex 0.21 0.10227207750082021 0.2372720781713724
			vertex 0.1821179623156786 0.10594281464815145 0.2372720781713724
			vertex 0.18541218996047973 0.11823704749345783 0.23200000077486038
		endloop
	endfacet
	facet normal -0.14752317070203183 -0.35615234432798887 -0.9227092834342229
		outer loop
			vertex 0.18541218996047973 0.11823704749345783 0.23200000077486038
			vertex 0.1821179623156786 0.10594281464815145 0.2372720781713724
			vertex 0.16250000059604644 0.1277275896072388 0.23200000077486035
		endloop
	endfacet
	facet normal -0.14752312300978118 -0.356152306736243 -0.9227093055691452
		outer loop
			vertex 0.1821179623156786 0.10594281464815145 0.2372720781713724
			vertex 0.15613603875041007 0.11670488029718404 0.2372720781713724
			vertex 0.16250000059604644 0.1277275896072388 0.23200000077486035
		endloop
	endfacet
	facet normal -0.23467539432878956 -0.30583493513610827 -0.9227092996967786
		outer loop
			vertex 0.16250000059604644 0.1277275896072388 0.23200000077486035
			vertex 0.15613603875041007 0.11670488029718404 0.2372720781713724
			vertex 0.14282485753297805 0.14282485753297808 0.23200000077486035
		endloop
	endfacet
	facet normal -0.23467539921941108 -0.30583493723685123 -0.9227092977566344
		outer loop
			vertex 0.15613603875041007 0.11670488029718404 0.2372720781713724
			vertex 0.13382485419511794 0.133824854195118 0.23727207817137239
			vertex 0.14282485753297805 0.14282485753297808 0.23200000077486035
		endloop
	endfacet
	facet normal -0.30583493905163206 -0.23467539733327622 -0.9227092976348258
		outer loop
			vertex 0.14282485753297805 0.14282485753297808 0.23200000077486035
			vertex 0.13382485419511794 0.133824854195118 0.23727207817137239
			vertex 0.12772758960723876 0.1625000005960465 0.23200000077486035
		endloop
	endfacet
	facet normal -0.30583493378394006 -0.2346753965699003 -0.9227092995749708
		outer loop
			vertex 0.13382485419511794 0.133824854195118 0.23727207817137239
			vertex 0.11670488029718398 0.15613603875041013 0.23727207817137239
			vertex 0.12772758960723876 0.1625000005960465 0.23200000077486035
		endloop
	endfacet
	facet normal -0.3561522923065358 -0.14752314915403714 -0.9227093069588469
		outer loop
			vertex 0.12772758960723876 0.1625000005960465 0.23200000077486035
			vertex 0.11670488029718398 0.15613603875041013 0.23727207817137239
			vertex 0.11823704749345779 0.18541218996047978 0.23200000077486033
		endloop
	endfacet
	facet normal -0.35615235261142103 -0.14752314201190403 -0.9227092848239287
		outer loop
			vertex 0.11670488029718398 0.15613603875041013 0.23727207817137239
			vertex 0.10594281464815139 0.18211796231567864 0.23727207817137236
			vertex 0.11823704749345779 0.18541218996047978 0.23200000077486033
		endloop
	endfacet
	facet normal -0.3821985417073744 -0.05031738791833673 -0.9227092907247829
		outer loop
			vertex 0.11823704749345779 0.18541218996047978 0.23200000077486033
			vertex 0.10594281464815139 0.18211796231567864 0.23727207817137236
			vertex 0.11500000119209289 0.21000000000000002 0.23200000077486033
		endloop
	endfacet
	facet normal -0.38219860397789174 -0.05031736306951105 -0.9227092662865599
		outer loop
			vertex 0.10594281464815139 0.18211796231567864 0.23727207817137236
			vertex 0.10227207750082015 0.21000000000000002 0.23727207817137236
			vertex 0.11500000119209289 0.21000000000000002 0.23200000077486033
		endloop
	endfacet
	facet normal -0.38219860334235917 0.05031739603273556 -0.9227092647522485
		outer loop
			vertex 0.11500000119209289 0.21000000000000002 0.23200000077486033
			vertex 0.10227207750082015 0.21000000000000002 0.23727207817137236
			vertex 0.11823704749345779 0.2345878100395203 0.23200000077486033
		endloop
	endfacet
	facet normal -0.3821985496250016 0.050317355913822574 -0.9227092891904726
		outer loop
			vertex 0.10227207750082015 0.21000000000000002 0.23727207817137236
			vertex 0.10594281464815139 0.23788203768432145 0.23727207817137236
			vertex 0.11823704749345779 0.2345878100395203 0.23200000077486033
		endloop
	endfacet
	facet normal -0.35615234432798837 0.14752317070203205 -0.9227092834342229
		outer loop
			vertex 0.11823704749345779 0.2345878100395203 0.23200000077486033
			vertex 0.10594281464815139 0.23788203768432145 0.23727207817137236
			vertex 0.12772758960723876 0.25749999940395357 0.2320000007748603
		endloop
	endfacet
	facet normal -0.35615230673624126 0.1475231230097796 -0.9227093055691462
		outer loop
			vertex 0.10594281464815139 0.23788203768432145 0.23727207817137236
			vertex 0.11670488029718398 0.26386396124958994 0.23727207817137233
			vertex 0.12772758960723876 0.25749999940395357 0.2320000007748603
		endloop
	endfacet
	facet normal -0.3058349351361065 0.23467539432878823 -0.9227092996967797
		outer loop
			vertex 0.12772758960723876 0.25749999940395357 0.2320000007748603
			vertex 0.11670488029718398 0.26386396124958994 0.23727207817137233
			vertex 0.14282485753297805 0.27717514246702196 0.2320000007748603
		endloop
	endfacet
	facet normal -0.30583493723684985 0.23467539921941055 -0.9227092977566351
		outer loop
			vertex 0.11670488029718398 0.26386396124958994 0.23727207817137233
			vertex 0.13382485419511794 0.2861751458048821 0.23727207817137233
			vertex 0.14282485753297805 0.27717514246702196 0.2320000007748603
		endloop
	endfacet
	facet normal -0.23467539733327544 0.3058349390516306 -0.9227092976348263
		outer loop
			vertex 0.14282485753297805 0.27717514246702196 0.2320000007748603
			vertex 0.13382485419511794 0.2861751458048821 0.23727207817137233
			vertex 0.16250000059604644 0.29227241039276125 0.2320000007748603
		endloop
	endfacet
	facet normal -0.23467539656989933 0.3058349337839373 -0.9227092995749719
		outer loop
			vertex 0.13382485419511794 0.2861751458048821 0.23727207817137233
			vertex 0.15613603875041007 0.3032951197028161 0.2372720781713723
			vertex 0.16250000059604644 0.29227241039276125 0.2320000007748603
		endloop
	endfacet
	facet normal -0.14752314915403597 0.356152292306533 -0.9227093069588482
		outer loop
			vertex 0.16250000059604644 0.29227241039276125 0.2320000007748603
			vertex 0.15613603875041007 0.3032951197028161 0.2372720781713723
			vertex 0.18541218996047973 0.3017629525065422 0.23200000077486027
		endloop
	endfacet
	facet normal -0.1475231420119026 0.35615235261142 -0.9227092848239291
		outer loop
			vertex 0.15613603875041007 0.3032951197028161 0.2372720781713723
			vertex 0.1821179623156786 0.3140571853518487 0.2372720781713723
			vertex 0.18541218996047973 0.3017629525065422 0.23200000077486027
		endloop
	endfacet
	facet normal -0.05031738791833658 0.3821985417073731 -0.9227092907247837
		outer loop
			vertex 0.18541218996047973 0.3017629525065422 0.23200000077486027
			vertex 0.1821179623156786 0.3140571853518487 0.2372720781713723
			vertex 0.20999999999999996 0.3049999988079071 0.23200000077486027
		endloop
	endfacet
	facet normal -0.05031736306951085 0.3821986039778903 -0.9227092662865605
		outer loop
			vertex 0.1821179623156786 0.3140571853518487 0.2372720781713723
			vertex 0.20999999999999996 0.3177279224991799 0.2372720781713723
			vertex 0.20999999999999996 0.3049999988079071 0.23200000077486027
		endloop
	endfacet
	facet normal 0.05031739603273537 0.3821986033423577 -0.922709264752249
		outer loop
			vertex 0.20999999999999996 0.3049999988079071 0.23200000077486027
			vertex 0.20999999999999996 0.3177279224991799 0.2372720781713723
			vertex 0.23458781003952026 0.3017629525065422 0.23200000077486027
		endloop
	endfacet
	facet normal 0.05031735591382239 0.3821985496250001 -0.9227092891904731
		outer loop
			vertex 0.20999999999999996 0.3177279224991799 0.2372720781713723
			vertex 0.2378820376843214 0.3140571853518487 0.2372720781713723
			vertex 0.23458781003952026 0.3017629525065422 0.23200000077486027
		endloop
	endfacet
	facet normal 0.14752317070203358 0.3561523443279866 -0.9227092834342234
		outer loop
			vertex 0.23458781003952026 0.3017629525065422 0.23200000077486027
			vertex 0.2378820376843214 0.3140571853518487 0.2372720781713723
			vertex 0.2574999994039535 0.29227241039276125 0.2320000007748603
		endloop
	endfacet
	facet normal 0.1475231230097792 0.3561523067362378 -0.9227093055691474
		outer loop
			vertex 0.2378820376843214 0.3140571853518487 0.2372720781713723
			vertex 0.2638639612495899 0.3032951197028161 0.2372720781713723
			vertex 0.2574999994039535 0.29227241039276125 0.2320000007748603
		endloop
	endfacet
	facet normal 0.23467539432878645 0.3058349351361042 -0.9227092996967808
		outer loop
			vertex 0.2574999994039535 0.29227241039276125 0.2320000007748603
			vertex 0.2638639612495899 0.3032951197028161 0.2372720781713723
			vertex 0.2771751424670219 0.27717514246702196 0.2320000007748603
		endloop
	endfacet
	facet normal 0.23467539921941136 0.3058349372368487 -0.9227092977566353
		outer loop
			vertex 0.2638639612495899 0.3032951197028161 0.2372720781713723
			vertex 0.286175145804882 0.2861751458048821 0.23727207817137233
			vertex 0.2771751424670219 0.27717514246702196 0.2320000007748603
		endloop
	endfacet
	facet normal 0.30583493905163084 0.23467539733327564 -0.9227092976348263
		outer loop
			vertex 0.2771751424670219 0.27717514246702196 0.2320000007748603
			vertex 0.286175145804882 0.2861751458048821 0.23727207817137233
			vertex 0.2922724103927612 0.25749999940395357 0.2320000007748603
		endloop
	endfacet
	facet normal 0.30583493378394033 0.23467539656989989 -0.9227092995749707
		outer loop
			vertex 0.286175145804882 0.2861751458048821 0.23727207817137233
			vertex 0.303295119702816 0.26386396124958994 0.23727207817137233
			vertex 0.2922724103927612 0.25749999940395357 0.2320000007748603
		endloop
	endfacet
	facet normal 0.3561522923065368 0.1475231491540355 -0.9227093069588468
		outer loop
			vertex 0.2922724103927612 0.25749999940395357 0.2320000007748603
			vertex 0.303295119702816 0.26386396124958994 0.23727207817137233
			vertex 0.30176295250654217 0.2345878100395203 0.23200000077486033
		endloop
	endfacet
	facet normal 0.3561523526114214 0.1475231420119024 -0.9227092848239286
		outer loop
			vertex 0.303295119702816 0.26386396124958994 0.23727207817137233
			vertex 0.31405718535184857 0.23788203768432145 0.23727207817137236
			vertex 0.30176295250654217 0.2345878100395203 0.23200000077486033
		endloop
	endfacet
	facet normal 0.3821985417073744 0.05031738791833673 -0.9227092907247829
		outer loop
			vertex 0.30176295250654217 0.2345878100395203 0.23200000077486033
			vertex 0.31405718535184857 0.23788203768432145 0.23727207817137236
			vertex 0.30499999880790707 0.21000000000000008 0.23200000077486033
		endloop
	endfacet
	facet normal 0.38219860397789174 0.05031736306951105 -0.9227092662865599
		outer loop
			vertex 0.31405718535184857 0.23788203768432145 0.23727207817137236
			vertex 0.3177279224991798 0.21000000000000008 0.23727207817137236
			vertex 0.30499999880790707 0.21000000000000008 0.23200000077486033
		endloop
	endfacet
	facet normal -0.38219860499734204 0.050317310193540785 -0.9227092687477313
		outer loop
			vertex 0.29227207511663433 0.21000000000000005 0.23727207817137236
			vertex 0.30499999880790707 0.21000000000000005 0.23200000077486033
			vertex 0.28946872711181637 0.18870641946792607 0.23727207817137236
		endloop
	endfacet
	facet normal -0.38219872591897097 0.0503174121702512 -0.9227092130993406
		outer loop
			vertex 0.30499999880790707 0.21000000000000005 0.23200000077486033
			vertex 0.30176295250654217 0.18541218996047978 0.23200000077486033
			vertex 0.28946872711181637 0.18870641946792607 0.23727207817137236
		endloop
	endfacet
	facet normal -0.3561524853282637 0.14752325731792665 -0.9227092151619651
		outer loop
			vertex 0.28946872711181637 0.18870641946792607 0.23727207817137236
			vertex 0.30176295250654217 0.18541218996047978 0.23200000077486033
			vertex 0.281249708533287 0.16886396244168286 0.23727207817137239
		endloop
	endfacet
	facet normal -0.3561524577101197 0.14752321766646095 -0.9227092321616682
		outer loop
			vertex 0.30176295250654217 0.18541218996047978 0.23200000077486033
			vertex 0.2922724103927612 0.1625000005960465 0.23200000077486035
			vertex 0.281249708533287 0.16886396244168286 0.23727207817137239
		endloop
	endfacet
	facet normal -0.3058350524588921 0.23467549561834913 -0.9227092350484789
		outer loop
			vertex 0.281249708533287 0.16886396244168286 0.23727207817137239
			vertex 0.2922724103927612 0.1625000005960465 0.23200000077486035
			vertex 0.2681751428544521 0.15182485714554791 0.23727207817137239
		endloop
	endfacet
	facet normal -0.30583504683071394 0.23467548003507266 -0.9227092408773
		outer loop
			vertex 0.2922724103927612 0.1625000005960465 0.23200000077486035
			vertex 0.2771751424670219 0.14282485753297808 0.23200000077486035
			vertex 0.2681751428544521 0.15182485714554791 0.23727207817137239
		endloop
	endfacet
	facet normal -0.23467548651533102 0.3058350405956083 -0.9227092412958023
		outer loop
			vertex 0.2681751428544521 0.15182485714554791 0.23727207817137239
			vertex 0.2771751424670219 0.14282485753297808 0.23200000077486035
			vertex 0.25113603755831715 0.138750291466713 0.23727207817137239
		endloop
	endfacet
	facet normal -0.2346754879184856 0.30583505710457753 -0.922709235466981
		outer loop
			vertex 0.2771751424670219 0.14282485753297808 0.23200000077486035
			vertex 0.2574999994039535 0.1277275896072388 0.23200000077486035
			vertex 0.25113603755831715 0.138750291466713 0.23727207817137239
		endloop
	endfacet
	facet normal -0.1475232406286073 0.3561524450366975 -0.9227092333822265
		outer loop
			vertex 0.25113603755831715 0.138750291466713 0.23727207817137239
			vertex 0.2574999994039535 0.1277275896072388 0.23200000077486035
			vertex 0.23129358053207397 0.13053127288818364 0.23727207817137239
		endloop
	endfacet
	facet normal -0.14752323211977653 0.3561524926034956 -0.9227092163825242
		outer loop
			vertex 0.2574999994039535 0.1277275896072388 0.23200000077486035
			vertex 0.23458781003952026 0.11823704749345783 0.23200000077486038
			vertex 0.23129358053207397 0.13053127288818364 0.23727207817137239
		endloop
	endfacet
	facet normal -0.050317328827584294 0.38219874653721003 -0.9227092091038446
		outer loop
			vertex 0.23129358053207397 0.13053127288818364 0.23727207817137239
			vertex 0.23458781003952026 0.11823704749345783 0.23200000077486038
			vertex 0.21 0.12772792488336568 0.23727207817137239
		endloop
	endfacet
	facet normal -0.05031739603273534 0.38219860334235717 -0.9227092647522492
		outer loop
			vertex 0.23458781003952026 0.11823704749345783 0.23200000077486038
			vertex 0.21 0.11500000119209293 0.23200000077486038
			vertex 0.21 0.12772792488336568 0.23727207817137239
		endloop
	endfacet
	facet normal 0.05031731019354055 0.38219860499734 -0.9227092687477322
		outer loop
			vertex 0.21 0.12772792488336568 0.23727207817137239
			vertex 0.21 0.11500000119209293 0.23200000077486038
			vertex 0.18870641946792602 0.13053127288818364 0.23727207817137239
		endloop
	endfacet
	facet normal 0.05031741217025092 0.3821987259189689 -0.9227092130993415
		outer loop
			vertex 0.21 0.11500000119209293 0.23200000077486038
			vertex 0.18541218996047973 0.11823704749345783 0.23200000077486038
			vertex 0.18870641946792602 0.13053127288818364 0.23727207817137239
		endloop
	endfacet
	facet normal 0.147523257317927 0.3561524853282615 -0.922709215161966
		outer loop
			vertex 0.18870641946792602 0.13053127288818364 0.23727207817137239
			vertex 0.18541218996047973 0.11823704749345783 0.23200000077486038
			vertex 0.1688639624416828 0.138750291466713 0.23727207817137239
		endloop
	endfacet
	facet normal 0.14752321766646234 0.3561524577101183 -0.9227092321616687
		outer loop
			vertex 0.18541218996047973 0.11823704749345783 0.23200000077486038
			vertex 0.16250000059604644 0.1277275896072388 0.23200000077486035
			vertex 0.1688639624416828 0.138750291466713 0.23727207817137239
		endloop
	endfacet
	facet normal 0.23467549561834875 0.30583505245889164 -0.9227092350484792
		outer loop
			vertex 0.1688639624416828 0.138750291466713 0.23727207817137239
			vertex 0.16250000059604644 0.1277275896072388 0.23200000077486035
			vertex 0.15182485714554786 0.15182485714554791 0.23727207817137239
		endloop
	endfacet
	facet normal 0.23467548003507274 0.3058350468307136 -0.9227092408773001
		outer loop
			vertex 0.16250000059604644 0.1277275896072388 0.23200000077486035
			vertex 0.14282485753297805 0.14282485753297808 0.23200000077486035
			vertex 0.15182485714554786 0.15182485714554791 0.23727207817137239
		endloop
	endfacet
	facet normal 0.3058350405956084 0.23467548651533116 -0.9227092412958026
		outer loop
			vertex 0.15182485714554786 0.15182485714554791 0.23727207817137239
			vertex 0.14282485753297805 0.14282485753297808 0.23200000077486035
			vertex 0.13875029146671294 0.16886396244168286 0.23727207817137239
		endloop
	endfacet
	facet normal 0.3058350571045781 0.23467548791848572 -0.9227092354669808
		outer loop
			vertex 0.14282485753297805 0.14282485753297808 0.23200000077486035
			vertex 0.12772758960723876 0.1625000005960465 0.23200000077486035
			vertex 0.13875029146671294 0.16886396244168286 0.23727207817137239
		endloop
	endfacet
	facet normal 0.3561524450366988 0.14752324062860636 -0.9227092333822263
		outer loop
			vertex 0.13875029146671294 0.16886396244168286 0.23727207817137239
			vertex 0.12772758960723876 0.1625000005960465 0.23200000077486035
			vertex 0.13053127288818359 0.18870641946792607 0.23727207817137236
		endloop
	endfacet
	facet normal 0.356152492603498 0.14752323211977533 -0.9227092163825232
		outer loop
			vertex 0.12772758960723876 0.1625000005960465 0.23200000077486035
			vertex 0.11823704749345779 0.18541218996047978 0.23200000077486033
			vertex 0.13053127288818359 0.18870641946792607 0.23727207817137236
		endloop
	endfacet
	facet normal 0.382198746537212 0.050317328827584634 -0.9227092091038437
		outer loop
			vertex 0.13053127288818359 0.18870641946792607 0.23727207817137236
			vertex 0.11823704749345779 0.18541218996047978 0.23200000077486033
			vertex 0.12772792488336562 0.21000000000000002 0.23727207817137236
		endloop
	endfacet
	facet normal 0.3821986033423592 0.050317396032735676 -0.9227092647522483
		outer loop
			vertex 0.11823704749345779 0.18541218996047978 0.23200000077486033
			vertex 0.11500000119209289 0.21000000000000002 0.23200000077486033
			vertex 0.12772792488336562 0.21000000000000002 0.23727207817137236
		endloop
	endfacet
	facet normal 0.38219860499734204 -0.050317310193540715 -0.9227092687477313
		outer loop
			vertex 0.12772792488336562 0.21000000000000002 0.23727207817137236
			vertex 0.11500000119209289 0.21000000000000002 0.23200000077486033
			vertex 0.13053127288818359 0.23129358053207402 0.23727207817137236
		endloop
	endfacet
	facet normal 0.38219872591897097 -0.05031741217025115 -0.9227092130993406
		outer loop
			vertex 0.11500000119209289 0.21000000000000002 0.23200000077486033
			vertex 0.11823704749345779 0.2345878100395203 0.23200000077486033
			vertex 0.13053127288818359 0.23129358053207402 0.23727207817137236
		endloop
	endfacet
	facet normal 0.356152485328263 -0.14752325731792912 -0.9227092151619651
		outer loop
			vertex 0.13053127288818359 0.23129358053207402 0.23727207817137236
			vertex 0.11823704749345779 0.2345878100395203 0.23200000077486033
			vertex 0.13875029146671294 0.2511360375583172 0.23727207817137233
		endloop
	endfacet
	facet normal 0.3561524577101187 -0.14752321766646295 -0.9227092321616684
		outer loop
			vertex 0.11823704749345779 0.2345878100395203 0.23200000077486033
			vertex 0.12772758960723876 0.25749999940395357 0.2320000007748603
			vertex 0.13875029146671294 0.2511360375583172 0.23727207817137233
		endloop
	endfacet
	facet normal 0.3058350524588921 -0.23467549561834913 -0.9227092350484789
		outer loop
			vertex 0.13875029146671294 0.2511360375583172 0.23727207817137233
			vertex 0.12772758960723876 0.25749999940395357 0.2320000007748603
			vertex 0.15182485714554786 0.26817514285445215 0.23727207817137233
		endloop
	endfacet
	facet normal 0.3058350468307141 -0.23467548003507313 -0.9227092408773
		outer loop
			vertex 0.12772758960723876 0.25749999940395357 0.2320000007748603
			vertex 0.14282485753297805 0.27717514246702196 0.2320000007748603
			vertex 0.15182485714554786 0.26817514285445215 0.23727207817137233
		endloop
	endfacet
	facet normal 0.234675486515332 -0.3058350405956082 -0.9227092412958022
		outer loop
			vertex 0.15182485714554786 0.26817514285445215 0.23727207817137233
			vertex 0.14282485753297805 0.27717514246702196 0.2320000007748603
			vertex 0.1688639624416828 0.2812497085332871 0.23727207817137233
		endloop
	endfacet
	facet normal 0.2346754879184866 -0.3058350571045788 -0.9227092354669802
		outer loop
			vertex 0.14282485753297805 0.27717514246702196 0.2320000007748603
			vertex 0.16250000059604644 0.29227241039276125 0.2320000007748603
			vertex 0.1688639624416828 0.2812497085332871 0.23727207817137233
		endloop
	endfacet
	facet normal 0.1475232406286079 -0.3561524450366994 -0.9227092333822257
		outer loop
			vertex 0.1688639624416828 0.2812497085332871 0.23727207817137233
			vertex 0.16250000059604644 0.29227241039276125 0.2320000007748603
			vertex 0.18870641946792602 0.2894687271118165 0.23727207817137233
		endloop
	endfacet
	facet normal 0.1475232321197765 -0.35615249260350085 -0.922709216382522
		outer loop
			vertex 0.16250000059604644 0.29227241039276125 0.2320000007748603
			vertex 0.18541218996047973 0.3017629525065422 0.23200000077486027
			vertex 0.18870641946792602 0.2894687271118165 0.23727207817137233
		endloop
	endfacet
	facet normal 0.05031732882758507 -0.3821987465372152 -0.9227092091038426
		outer loop
			vertex 0.18870641946792602 0.2894687271118165 0.23727207817137233
			vertex 0.18541218996047973 0.3017629525065422 0.23200000077486027
			vertex 0.20999999999999996 0.29227207511663444 0.23727207817137233
		endloop
	endfacet
	facet normal 0.05031739603273609 -0.3821986033423624 -0.922709264752247
		outer loop
			vertex 0.18541218996047973 0.3017629525065422 0.23200000077486027
			vertex 0.20999999999999996 0.3049999988079071 0.23200000077486027
			vertex 0.20999999999999996 0.29227207511663444 0.23727207817137233
		endloop
	endfacet
	facet normal -0.05031731019354113 -0.3821986049973451 -0.9227092687477298
		outer loop
			vertex 0.20999999999999996 0.29227207511663444 0.23727207817137233
			vertex 0.20999999999999996 0.3049999988079071 0.23200000077486027
			vertex 0.23129358053207397 0.2894687271118165 0.23727207817137233
		endloop
	endfacet
	facet normal -0.05031741217025157 -0.38219872591897414 -0.9227092130993393
		outer loop
			vertex 0.20999999999999996 0.3049999988079071 0.23200000077486027
			vertex 0.23458781003952026 0.3017629525065422 0.23200000077486027
			vertex 0.23129358053207397 0.2894687271118165 0.23727207817137233
		endloop
	endfacet
	facet normal -0.1475232573179291 -0.35615248532826616 -0.9227092151619639
		outer loop
			vertex 0.23129358053207397 0.2894687271118165 0.23727207817137233
			vertex 0.23458781003952026 0.3017629525065422 0.23200000077486027
			vertex 0.25113603755831715 0.2812497085332871 0.23727207817137233
		endloop
	endfacet
	facet normal -0.14752321766646162 -0.3561524577101209 -0.9227092321616677
		outer loop
			vertex 0.23458781003952026 0.3017629525065422 0.23200000077486027
			vertex 0.2574999994039535 0.29227241039276125 0.2320000007748603
			vertex 0.25113603755831715 0.2812497085332871 0.23727207817137233
		endloop
	endfacet
	facet normal -0.23467549561835055 -0.30583505245889264 -0.9227092350484783
		outer loop
			vertex 0.25113603755831715 0.2812497085332871 0.23727207817137233
			vertex 0.2574999994039535 0.29227241039276125 0.2320000007748603
			vertex 0.2681751428544521 0.26817514285445215 0.23727207817137233
		endloop
	endfacet
	facet normal -0.23467548003507313 -0.3058350468307141 -0.9227092408773
		outer loop
			vertex 0.2574999994039535 0.29227241039276125 0.2320000007748603
			vertex 0.2771751424670219 0.27717514246702196 0.2320000007748603
			vertex 0.2681751428544521 0.26817514285445215 0.23727207817137233
		endloop
	endfacet
	facet normal -0.3058350405956088 -0.23467548651533143 -0.9227092412958022
		outer loop
			vertex 0.2681751428544521 0.26817514285445215 0.23727207817137233
			vertex 0.2771751424670219 0.27717514246702196 0.2320000007748603
			vertex 0.281249708533287 0.2511360375583172 0.23727207817137233
		endloop
	endfacet
	facet normal -0.305835057104578 -0.23467548791848597 -0.9227092354669809
		outer loop
			vertex 0.2771751424670219 0.27717514246702196 0.2320000007748603
			vertex 0.2922724103927612 0.25749999940395357 0.2320000007748603
			vertex 0.281249708533287 0.2511360375583172 0.23727207817137233
		endloop
	endfacet
	facet normal -0.3561524450366976 -0.1475232406286086 -0.9227092333822263
		outer loop
			vertex 0.281249708533287 0.2511360375583172 0.23727207817137233
			vertex 0.2922724103927612 0.25749999940395357 0.2320000007748603
			vertex 0.28946872711181637 0.23129358053207402 0.23727207817137236
		endloop
	endfacet
	facet normal -0.3561524926034974 -0.1475232321197775 -0.9227092163825232
		outer loop
			vertex 0.2922724103927612 0.25749999940395357 0.2320000007748603
			vertex 0.30176295250654217 0.2345878100395203 0.23200000077486033
			vertex 0.28946872711181637 0.23129358053207402 0.23727207817137236
		endloop
	endfacet
	facet normal -0.382198746537212 -0.050317328827584634 -0.9227092091038437
		outer loop
			vertex 0.28946872711181637 0.23129358053207402 0.23727207817137236
			vertex 0.30176295250654217 0.2345878100395203 0.23200000077486033
			vertex 0.29227207511663433 0.21000000000000008 0.23727207817137236
		endloop
	endfacet
	facet normal -0.3821986033423592 -0.050317396032735676 -0.9227092647522483
		outer loop
			vertex 0.30176295250654217 0.2345878100395203 0.23200000077486033
			vertex 0.30499999880790707 0.21000000000000008 0.23200000077486033
			vertex 0.29227207511663433 0.21000000000000008 0.23727207817137236
		endloop
	endfacet
	facet normal -0.9171204900415744 0.12074134822858179 -0.3798835789736735
		outer loop
			vertex 0.28699999958276745 0.21000000000000005 0.24999999999999994
			vertex 0.29227207511663433 0.21000000000000005 0.23727207817137236
			vertex 0.2843762850761413 0.1900709336996079 0.24999999999999994
		endloop
	endfacet
	facet normal -0.9171203322866069 0.12074096462175556 -0.37988408175219923
		outer loop
			vertex 0.29227207511663433 0.21000000000000005 0.23727207817137236
			vertex 0.28946872711181637 0.18870641946792607 0.23727207817137236
			vertex 0.2843762850761413 0.1900709336996079 0.24999999999999994
		endloop
	endfacet
	facet normal -0.8546201216534883 0.35399511012153934 -0.37988407399497054
		outer loop
			vertex 0.2843762850761413 0.1900709336996079 0.24999999999999994
			vertex 0.28946872711181637 0.18870641946792607 0.23727207817137236
			vertex 0.2766839554905891 0.1715000002086163 0.24999999999999997
		endloop
	endfacet
	facet normal -0.8546201621809376 0.3539954241181379 -0.37988369022274115
		outer loop
			vertex 0.28946872711181637 0.18870641946792607 0.23727207817137236
			vertex 0.281249708533287 0.16886396244168286 0.23727207817137239
			vertex 0.2766839554905891 0.1715000002086163 0.24999999999999997
		endloop
	endfacet
	facet normal -0.7338790565810245 0.5631251425721411 -0.37988367181921806
		outer loop
			vertex 0.2766839554905891 0.1715000002086163 0.24999999999999997
			vertex 0.281249708533287 0.16886396244168286 0.23727207817137239
			vertex 0.26444722250103947 0.15555277749896054 0.24999999999999997
		endloop
	endfacet
	facet normal -0.7338790471072194 0.563125213147232 -0.37988358550335444
		outer loop
			vertex 0.281249708533287 0.16886396244168286 0.23727207817137239
			vertex 0.2681751428544521 0.15182485714554791 0.23727207817137239
			vertex 0.26444722250103947 0.15555277749896054 0.24999999999999997
		endloop
	endfacet
	facet normal -0.5631251648653861 0.7338790856341489 -0.3798835826462068
		outer loop
			vertex 0.26444722250103947 0.15555277749896054 0.24999999999999997
			vertex 0.2681751428544521 0.15182485714554791 0.23727207817137239
			vertex 0.24849999979138374 0.1433160445094109 0.24999999999999997
		endloop
	endfacet
	facet normal -0.5631251922825602 0.7338790199158504 -0.37988366896206643
		outer loop
			vertex 0.2681751428544521 0.15182485714554791 0.23727207817137239
			vertex 0.25113603755831715 0.138750291466713 0.23727207817137239
			vertex 0.24849999979138374 0.1433160445094109 0.24999999999999997
		endloop
	endfacet
	facet normal -0.3539951724302758 0.8546202720801409 -0.3798836775194814
		outer loop
			vertex 0.24849999979138374 0.1433160445094109 0.24999999999999997
			vertex 0.25113603755831715 0.138750291466713 0.23727207817137239
			vertex 0.22992906630039214 0.1356237149238587 0.24999999999999997
		endloop
	endfacet
	facet normal -0.35399536580217134 0.8546200213938026 -0.3798840612916574
		outer loop
			vertex 0.25113603755831715 0.138750291466713 0.23727207817137239
			vertex 0.23129358053207397 0.13053127288818364 0.23727207817137239
			vertex 0.22992906630039214 0.1356237149238587 0.24999999999999997
		endloop
	endfacet
	facet normal -0.12074132038592128 0.9171202785558255 -0.37988409839469434
		outer loop
			vertex 0.22992906630039214 0.1356237149238587 0.24999999999999997
			vertex 0.23129358053207397 0.13053127288818364 0.23727207817137239
			vertex 0.21 0.13300000041723256 0.24999999999999997
		endloop
	endfacet
	facet normal -0.12074099068015454 0.917120530220155 -0.37988359561617924
		outer loop
			vertex 0.23129358053207397 0.13053127288818364 0.23727207817137239
			vertex 0.21 0.12772792488336568 0.23727207817137239
			vertex 0.21 0.13300000041723256 0.24999999999999997
		endloop
	endfacet
	facet normal 0.12074134822858179 0.9171204900415744 -0.3798835789736735
		outer loop
			vertex 0.21 0.13300000041723256 0.24999999999999997
			vertex 0.21 0.12772792488336568 0.23727207817137239
			vertex 0.19007093369960784 0.1356237149238587 0.24999999999999997
		endloop
	endfacet
	facet normal 0.12074096462175556 0.9171203322866069 -0.37988408175219923
		outer loop
			vertex 0.21 0.12772792488336568 0.23727207817137239
			vertex 0.18870641946792602 0.13053127288818364 0.23727207817137239
			vertex 0.19007093369960784 0.1356237149238587 0.24999999999999997
		endloop
	endfacet
	facet normal 0.3539951101215398 0.8546201216534882 -0.37988407399497054
		outer loop
			vertex 0.19007093369960784 0.1356237149238587 0.24999999999999997
			vertex 0.18870641946792602 0.13053127288818364 0.23727207817137239
			vertex 0.17150000020861625 0.1433160445094109 0.24999999999999997
		endloop
	endfacet
	facet normal 0.3539954241181383 0.8546201621809375 -0.37988369022274115
		outer loop
			vertex 0.18870641946792602 0.13053127288818364 0.23727207817137239
			vertex 0.1688639624416828 0.138750291466713 0.23727207817137239
			vertex 0.17150000020861625 0.1433160445094109 0.24999999999999997
		endloop
	endfacet
	facet normal 0.5631251425721411 0.7338790565810245 -0.37988367181921806
		outer loop
			vertex 0.17150000020861625 0.1433160445094109 0.24999999999999997
			vertex 0.1688639624416828 0.138750291466713 0.23727207817137239
			vertex 0.1555527774989605 0.15555277749896054 0.24999999999999997
		endloop
	endfacet
	facet normal 0.563125213147232 0.7338790471072194 -0.37988358550335444
		outer loop
			vertex 0.1688639624416828 0.138750291466713 0.23727207817137239
			vertex 0.15182485714554786 0.15182485714554791 0.23727207817137239
			vertex 0.1555527774989605 0.15555277749896054 0.24999999999999997
		endloop
	endfacet
	facet normal 0.7338790856341494 0.5631251648653853 -0.37988358264620675
		outer loop
			vertex 0.1555527774989605 0.15555277749896054 0.24999999999999997
			vertex 0.15182485714554786 0.15182485714554791 0.23727207817137239
			vertex 0.14331604450941085 0.1715000002086163 0.24999999999999997
		endloop
	endfacet
	facet normal 0.73387901991585 0.5631251922825599 -0.3798836689620674
		outer loop
			vertex 0.15182485714554786 0.15182485714554791 0.23727207817137239
			vertex 0.13875029146671294 0.16886396244168286 0.23727207817137239
			vertex 0.14331604450941085 0.1715000002086163 0.24999999999999997
		endloop
	endfacet
	facet normal 0.8546202720801409 0.3539951724302752 -0.379883677519482
		outer loop
			vertex 0.14331604450941085 0.1715000002086163 0.24999999999999997
			vertex 0.13875029146671294 0.16886396244168286 0.23727207817137239
			vertex 0.13562371492385863 0.1900709336996079 0.24999999999999994
		endloop
	endfacet
	facet normal 0.8546200213938028 0.3539953658021704 -0.3798840612916573
		outer loop
			vertex 0.13875029146671294 0.16886396244168286 0.23727207817137239
			vertex 0.13053127288818359 0.18870641946792607 0.23727207817137236
			vertex 0.13562371492385863 0.1900709336996079 0.24999999999999994
		endloop
	endfacet
	facet normal 0.9171202785558255 0.12074132038592128 -0.37988409839469434
		outer loop
			vertex 0.13562371492385863 0.1900709336996079 0.24999999999999994
			vertex 0.13053127288818359 0.18870641946792607 0.23727207817137236
			vertex 0.1330000004172325 0.21000000000000005 0.24999999999999994
		endloop
	endfacet
	facet normal 0.9171205302201548 0.12074099068015468 -0.3798835956161794
		outer loop
			vertex 0.13053127288818359 0.18870641946792607 0.23727207817137236
			vertex 0.12772792488336562 0.21000000000000002 0.23727207817137236
			vertex 0.1330000004172325 0.21000000000000005 0.24999999999999994
		endloop
	endfacet
	facet normal 0.9171204900415744 -0.1207413482285818 -0.3798835789736732
		outer loop
			vertex 0.1330000004172325 0.21000000000000005 0.24999999999999994
			vertex 0.12772792488336562 0.21000000000000002 0.23727207817137236
			vertex 0.13562371492385863 0.2299290663003922 0.24999999999999994
		endloop
	endfacet
	facet normal 0.917120332286607 -0.12074096462175539 -0.3798840817521992
		outer loop
			vertex 0.12772792488336562 0.21000000000000002 0.23727207817137236
			vertex 0.13053127288818359 0.23129358053207402 0.23727207817137236
			vertex 0.13562371492385863 0.2299290663003922 0.24999999999999994
		endloop
	endfacet
	facet normal 0.8546201216534881 -0.3539951101215403 -0.37988407399497054
		outer loop
			vertex 0.13562371492385863 0.2299290663003922 0.24999999999999994
			vertex 0.13053127288818359 0.23129358053207402 0.23727207817137236
			vertex 0.14331604450941085 0.2484999997913838 0.24999999999999992
		endloop
	endfacet
	facet normal 0.8546201621809374 -0.3539954241181393 -0.3798836902227406
		outer loop
			vertex 0.13053127288818359 0.23129358053207402 0.23727207817137236
			vertex 0.13875029146671294 0.2511360375583172 0.23727207817137233
			vertex 0.14331604450941085 0.2484999997913838 0.24999999999999992
		endloop
	endfacet
	facet normal 0.7338790565810253 -0.5631251425721407 -0.3798836718192171
		outer loop
			vertex 0.14331604450941085 0.2484999997913838 0.24999999999999992
			vertex 0.13875029146671294 0.2511360375583172 0.23727207817137233
			vertex 0.1555527774989605 0.2644472225010396 0.24999999999999992
		endloop
	endfacet
	facet normal 0.7338790471072201 -0.5631252131472325 -0.3798835855033523
		outer loop
			vertex 0.13875029146671294 0.2511360375583172 0.23727207817137233
			vertex 0.15182485714554786 0.26817514285445215 0.23727207817137233
			vertex 0.1555527774989605 0.2644472225010396 0.24999999999999992
		endloop
	endfacet
	facet normal 0.5631251648653861 -0.7338790856341503 -0.379883582646204
		outer loop
			vertex 0.1555527774989605 0.2644472225010396 0.24999999999999992
			vertex 0.15182485714554786 0.26817514285445215 0.23727207817137233
			vertex 0.17150000020861625 0.2766839554905892 0.24999999999999992
		endloop
	endfacet
	facet normal 0.5631251922825613 -0.7338790199158488 -0.37988366896206727
		outer loop
			vertex 0.15182485714554786 0.26817514285445215 0.23727207817137233
			vertex 0.1688639624416828 0.2812497085332871 0.23727207817137233
			vertex 0.17150000020861625 0.2766839554905892 0.24999999999999992
		endloop
	endfacet
	facet normal 0.3539951724302757 -0.8546202720801407 -0.379883677519482
		outer loop
			vertex 0.17150000020861625 0.2766839554905892 0.24999999999999992
			vertex 0.1688639624416828 0.2812497085332871 0.23727207817137233
			vertex 0.19007093369960784 0.28437628507614143 0.24999999999999992
		endloop
	endfacet
	facet normal 0.35399536580217095 -0.8546200213938028 -0.3798840612916574
		outer loop
			vertex 0.1688639624416828 0.2812497085332871 0.23727207817137233
			vertex 0.18870641946792602 0.2894687271118165 0.23727207817137233
			vertex 0.19007093369960784 0.28437628507614143 0.24999999999999992
		endloop
	endfacet
	facet normal 0.12074132038592145 -0.9171202785558253 -0.37988409839469434
		outer loop
			vertex 0.19007093369960784 0.28437628507614143 0.24999999999999992
			vertex 0.18870641946792602 0.2894687271118165 0.23727207817137233
			vertex 0.20999999999999996 0.28699999958276756 0.24999999999999992
		endloop
	endfacet
	facet normal 0.1207409906801547 -0.917120530220155 -0.37988359561617924
		outer loop
			vertex 0.18870641946792602 0.2894687271118165 0.23727207817137233
			vertex 0.20999999999999996 0.29227207511663444 0.23727207817137233
			vertex 0.20999999999999996 0.28699999958276756 0.24999999999999992
		endloop
	endfacet
	facet normal -0.1207413482285816 -0.9171204900415743 -0.37988357897367336
		outer loop
			vertex 0.20999999999999996 0.28699999958276756 0.24999999999999992
			vertex 0.20999999999999996 0.29227207511663444 0.23727207817137233
			vertex 0.22992906630039214 0.28437628507614143 0.24999999999999992
		endloop
	endfacet
	facet normal -0.12074096462175539 -0.917120332286607 -0.3798840817521992
		outer loop
			vertex 0.20999999999999996 0.29227207511663444 0.23727207817137233
			vertex 0.23129358053207397 0.2894687271118165 0.23727207817137233
			vertex 0.22992906630039214 0.28437628507614143 0.24999999999999992
		endloop
	endfacet
	facet normal -0.3539951101215398 -0.8546201216534882 -0.37988407399497054
		outer loop
			vertex 0.22992906630039214 0.28437628507614143 0.24999999999999992
			vertex 0.23129358053207397 0.2894687271118165 0.23727207817137233
			vertex 0.24849999979138374 0.2766839554905892 0.24999999999999992
		endloop
	endfacet
	facet normal -0.35399542411813884 -0.8546201621809375 -0.3798836902227406
		outer loop
			vertex 0.23129358053207397 0.2894687271118165 0.23727207817137233
			vertex 0.25113603755831715 0.2812497085332871 0.23727207817137233
			vertex 0.24849999979138374 0.2766839554905892 0.24999999999999992
		endloop
	endfacet
	facet normal -0.563125142572142 -0.7338790565810244 -0.37988367181921706
		outer loop
			vertex 0.24849999979138374 0.2766839554905892 0.24999999999999992
			vertex 0.25113603755831715 0.2812497085332871 0.23727207817137233
			vertex 0.26444722250103947 0.2644472225010396 0.24999999999999992
		endloop
	endfacet
	facet normal -0.5631252131472341 -0.7338790471072191 -0.3798835855033518
		outer loop
			vertex 0.25113603755831715 0.2812497085332871 0.23727207817137233
			vertex 0.2681751428544521 0.26817514285445215 0.23727207817137233
			vertex 0.26444722250103947 0.2644472225010396 0.24999999999999992
		endloop
	endfacet
	facet normal -0.7338790856341506 -0.5631251648653854 -0.3798835826462047
		outer loop
			vertex 0.26444722250103947 0.2644472225010396 0.24999999999999992
			vertex 0.2681751428544521 0.26817514285445215 0.23727207817137233
			vertex 0.2766839554905891 0.2484999997913838 0.24999999999999992
		endloop
	endfacet
	facet normal -0.7338790199158504 -0.5631251922825602 -0.37988366896206643
		outer loop
			vertex 0.2681751428544521 0.26817514285445215 0.23727207817137233
			vertex 0.281249708533287 0.2511360375583172 0.23727207817137233
			vertex 0.2766839554905891 0.2484999997913838 0.24999999999999992
		endloop
	endfacet
	facet normal -0.8546202720801408 -0.35399517243027634 -0.3798836775194815
		outer loop
			vertex 0.2766839554905891 0.2484999997913838 0.24999999999999992
			vertex 0.281249708533287 0.2511360375583172 0.23727207817137233
			vertex 0.2843762850761413 0.2299290663003922 0.24999999999999994
		endloop
	endfacet
	facet normal -0.8546200213938023 -0.35399536580217184 -0.3798840612916574
		outer loop
			vertex 0.281249708533287 0.2511360375583172 0.23727207817137233
			vertex 0.28946872711181637 0.23129358053207402 0.23727207817137236
			vertex 0.2843762850761413 0.2299290663003922 0.24999999999999994
		endloop
	endfacet
	facet normal -0.9171202785558253 -0.12074132038592145 -0.37988409839469434
		outer loop
			vertex 0.2843762850761413 0.2299290663003922 0.24999999999999994
			vertex 0.28946872711181637 0.23129358053207402 0.23727207817137236
			vertex 0.28699999958276745 0.21000000000000008 0.24999999999999994
		endloop
	endfacet
	facet normal -0.917120530220155 -0.1207409906801547 -0.37988359561617924
		outer loop
			vertex 0.28946872711181637 0.23129358053207402 0.23727207817137236
			vertex 0.29227207511663433 0.21000000000000008 0.23727207817137236
			vertex 0.28699999958276745 0.21000000000000008 0.24999999999999994
		endloop
	endfacet
	facet normal -0.917120530220155 0.12074099068015454 0.37988359561617924
		outer loop
			vertex 0.29227207511663433 0.21000000000000005 0.26272792182862753
			vertex 0.28699999958276745 0.21000000000000005 0.24999999999999994
			vertex 0.28946872711181637 0.18870641946792607 0.26272792182862753
		endloop
	endfacet
	facet normal -0.9171202785558255 0.12074132038592128 0.37988409839469434
		outer loop
			vertex 0.28699999958276745 0.21000000000000005 0.24999999999999994
			vertex 0.2843762850761413 0.1900709336996079 0.24999999999999994
			vertex 0.28946872711181637 0.18870641946792607 0.26272792182862753
		endloop
	endfacet
	facet normal -0.8546200213938028 0.35399536580217095 0.3798840612916574
		outer loop
			vertex 0.28946872711181637 0.18870641946792607 0.26272792182862753
			vertex 0.2843762850761413 0.1900709336996079 0.24999999999999994
			vertex 0.281249708533287 0.16886396244168286 0.26272792182862753
		endloop
	endfacet
	facet normal -0.8546202720801404 0.35399517243027606 0.3798836775194828
		outer loop
			vertex 0.2843762850761413 0.1900709336996079 0.24999999999999994
			vertex 0.2766839554905891 0.1715000002086163 0.24999999999999997
			vertex 0.281249708533287 0.16886396244168286 0.26272792182862753
		endloop
	endfacet
	facet normal -0.7338790199158497 0.5631251922825598 0.3798836689620681
		outer loop
			vertex 0.281249708533287 0.16886396244168286 0.26272792182862753
			vertex 0.2766839554905891 0.1715000002086163 0.24999999999999997
			vertex 0.2681751428544521 0.15182485714554791 0.26272792182862753
		endloop
	endfacet
	facet normal -0.7338790856341492 0.5631251648653852 0.37988358264620753
		outer loop
			vertex 0.2766839554905891 0.1715000002086163 0.24999999999999997
			vertex 0.26444722250103947 0.15555277749896054 0.24999999999999997
			vertex 0.2681751428544521 0.15182485714554791 0.26272792182862753
		endloop
	endfacet
	facet normal -0.5631252131472311 0.7338790471072197 0.3798835855033551
		outer loop
			vertex 0.2681751428544521 0.15182485714554791 0.26272792182862753
			vertex 0.26444722250103947 0.15555277749896054 0.24999999999999997
			vertex 0.25113603755831715 0.138750291466713 0.2627279218286276
		endloop
	endfacet
	facet normal -0.5631251425721422 0.7338790565810246 0.3798836718192164
		outer loop
			vertex 0.26444722250103947 0.15555277749896054 0.24999999999999997
			vertex 0.24849999979138374 0.1433160445094109 0.24999999999999997
			vertex 0.25113603755831715 0.138750291466713 0.2627279218286276
		endloop
	endfacet
	facet normal -0.3539954241181389 0.8546201621809378 0.3798836902227398
		outer loop
			vertex 0.25113603755831715 0.138750291466713 0.2627279218286276
			vertex 0.24849999979138374 0.1433160445094109 0.24999999999999997
			vertex 0.23129358053207397 0.13053127288818364 0.2627279218286276
		endloop
	endfacet
	facet normal -0.3539951101215399 0.8546201216534884 0.3798840739949698
		outer loop
			vertex 0.24849999979138374 0.1433160445094109 0.24999999999999997
			vertex 0.22992906630039214 0.1356237149238587 0.24999999999999997
			vertex 0.23129358053207397 0.13053127288818364 0.2627279218286276
		endloop
	endfacet
	facet normal -0.12074096462175561 0.9171203322866073 0.3798840817521985
		outer loop
			vertex 0.23129358053207397 0.13053127288818364 0.2627279218286276
			vertex 0.22992906630039214 0.1356237149238587 0.24999999999999997
			vertex 0.21 0.12772792488336568 0.2627279218286276
		endloop
	endfacet
	facet normal -0.12074134822858183 0.9171204900415745 0.3798835789736727
		outer loop
			vertex 0.22992906630039214 0.1356237149238587 0.24999999999999997
			vertex 0.21 0.13300000041723256 0.24999999999999997
			vertex 0.21 0.12772792488336568 0.2627279218286276
		endloop
	endfacet
	facet normal 0.12074099068015458 0.9171205302201554 0.3798835956161785
		outer loop
			vertex 0.21 0.12772792488336568 0.2627279218286276
			vertex 0.21 0.13300000041723256 0.24999999999999997
			vertex 0.18870641946792602 0.13053127288818364 0.2627279218286276
		endloop
	endfacet
	facet normal 0.12074132038592134 0.9171202785558258 0.37988409839469367
		outer loop
			vertex 0.21 0.13300000041723256 0.24999999999999997
			vertex 0.19007093369960784 0.1356237149238587 0.24999999999999997
			vertex 0.18870641946792602 0.13053127288818364 0.2627279218286276
		endloop
	endfacet
	facet normal 0.353995365802171 0.854620021393803 0.3798840612916567
		outer loop
			vertex 0.18870641946792602 0.13053127288818364 0.2627279218286276
			vertex 0.19007093369960784 0.1356237149238587 0.24999999999999997
			vertex 0.1688639624416828 0.138750291466713 0.2627279218286276
		endloop
	endfacet
	facet normal 0.3539951724302758 0.854620272080141 0.3798836775194813
		outer loop
			vertex 0.19007093369960784 0.1356237149238587 0.24999999999999997
			vertex 0.17150000020861625 0.1433160445094109 0.24999999999999997
			vertex 0.1688639624416828 0.138750291466713 0.2627279218286276
		endloop
	endfacet
	facet normal 0.5631251922825593 0.7338790199158508 0.37988366896206677
		outer loop
			vertex 0.1688639624416828 0.138750291466713 0.2627279218286276
			vertex 0.17150000020861625 0.1433160445094109 0.24999999999999997
			vertex 0.15182485714554786 0.15182485714554791 0.26272792182862753
		endloop
	endfacet
	facet normal 0.5631251648653852 0.7338790856341492 0.37988358264620753
		outer loop
			vertex 0.17150000020861625 0.1433160445094109 0.24999999999999997
			vertex 0.1555527774989605 0.15555277749896054 0.24999999999999997
			vertex 0.15182485714554786 0.15182485714554791 0.26272792182862753
		endloop
	endfacet
	facet normal 0.7338790471072191 0.5631252131472319 0.3798835855033551
		outer loop
			vertex 0.15182485714554786 0.15182485714554791 0.26272792182862753
			vertex 0.1555527774989605 0.15555277749896054 0.24999999999999997
			vertex 0.13875029146671294 0.16886396244168286 0.26272792182862753
		endloop
	endfacet
	facet normal 0.7338790565810243 0.5631251425721409 0.37988367181921884
		outer loop
			vertex 0.1555527774989605 0.15555277749896054 0.24999999999999997
			vertex 0.14331604450941085 0.1715000002086163 0.24999999999999997
			vertex 0.13875029146671294 0.16886396244168286 0.26272792182862753
		endloop
	endfacet
	facet normal 0.8546201621809372 0.35399542411813817 0.3798836902227418
		outer loop
			vertex 0.13875029146671294 0.16886396244168286 0.26272792182862753
			vertex 0.14331604450941085 0.1715000002086163 0.24999999999999997
			vertex 0.13053127288818359 0.18870641946792607 0.26272792182862753
		endloop
	endfacet
	facet normal 0.8546201216534881 0.3539951101215403 0.37988407399497054
		outer loop
			vertex 0.14331604450941085 0.1715000002086163 0.24999999999999997
			vertex 0.13562371492385863 0.1900709336996079 0.24999999999999994
			vertex 0.13053127288818359 0.18870641946792607 0.26272792182862753
		endloop
	endfacet
	facet normal 0.9171203322866069 0.12074096462175556 0.37988408175219923
		outer loop
			vertex 0.13053127288818359 0.18870641946792607 0.26272792182862753
			vertex 0.13562371492385863 0.1900709336996079 0.24999999999999994
			vertex 0.12772792488336562 0.21000000000000005 0.26272792182862753
		endloop
	endfacet
	facet normal 0.9171204900415744 0.12074134822858179 0.3798835789736735
		outer loop
			vertex 0.13562371492385863 0.1900709336996079 0.24999999999999994
			vertex 0.1330000004172325 0.21000000000000005 0.24999999999999994
			vertex 0.12772792488336562 0.21000000000000005 0.26272792182862753
		endloop
	endfacet
	facet normal 0.917120530220155 -0.12074099068015454 0.37988359561617924
		outer loop
			vertex 0.12772792488336562 0.21000000000000005 0.26272792182862753
			vertex 0.1330000004172325 0.21000000000000005 0.24999999999999994
			vertex 0.13053127288818359 0.23129358053207402 0.26272792182862753
		endloop
	endfacet
	facet normal 0.9171202785558255 -0.12074132038592128 0.37988409839469434
		outer loop
			vertex 0.1330000004172325 0.21000000000000005 0.24999999999999994
			vertex 0.13562371492385863 0.2299290663003922 0.24999999999999994
			vertex 0.13053127288818359 0.23129358053207402 0.26272792182862753
		endloop
	endfacet
	facet normal 0.8546200213938029 -0.35399536580217045 0.37988406129165736
		outer loop
			vertex 0.13053127288818359 0.23129358053207402 0.26272792182862753
			vertex 0.13562371492385863 0.2299290663003922 0.24999999999999994
			vertex 0.13875029146671294 0.25113603755831726 0.26272792182862753
		endloop
	endfacet
	facet normal 0.8546202720801409 -0.35399517243027523 0.3798836775194819
		outer loop
			vertex 0.13562371492385863 0.2299290663003922 0.24999999999999994
			vertex 0.14331604450941085 0.2484999997913838 0.24999999999999992
			vertex 0.13875029146671294 0.25113603755831726 0.26272792182862753
		endloop
	endfacet
	facet normal 0.7338790199158499 -0.5631251922825598 0.37988366896206766
		outer loop
			vertex 0.13875029146671294 0.25113603755831726 0.26272792182862753
			vertex 0.14331604450941085 0.2484999997913838 0.24999999999999992
			vertex 0.15182485714554786 0.2681751428544522 0.26272792182862753
		endloop
	endfacet
	facet normal 0.73387908563415 -0.563125164865385 0.37988358264620603
		outer loop
			vertex 0.14331604450941085 0.2484999997913838 0.24999999999999992
			vertex 0.1555527774989605 0.2644472225010396 0.24999999999999992
			vertex 0.15182485714554786 0.2681751428544522 0.26272792182862753
		endloop
	endfacet
	facet normal 0.563125213147233 -0.733879047107219 0.37988358550335377
		outer loop
			vertex 0.15182485714554786 0.2681751428544522 0.26272792182862753
			vertex 0.1555527774989605 0.2644472225010396 0.24999999999999992
			vertex 0.1688639624416828 0.2812497085332871 0.2627279218286275
		endloop
	endfacet
	facet normal 0.5631251425721409 -0.7338790565810243 0.37988367181921884
		outer loop
			vertex 0.1555527774989605 0.2644472225010396 0.24999999999999992
			vertex 0.17150000020861625 0.2766839554905892 0.24999999999999992
			vertex 0.1688639624416828 0.2812497085332871 0.2627279218286275
		endloop
	endfacet
	facet normal 0.35399542411813817 -0.8546201621809372 0.3798836902227418
		outer loop
			vertex 0.1688639624416828 0.2812497085332871 0.2627279218286275
			vertex 0.17150000020861625 0.2766839554905892 0.24999999999999992
			vertex 0.18870641946792602 0.2894687271118165 0.2627279218286275
		endloop
	endfacet
	facet normal 0.35399511012153967 -0.8546201216534879 0.3798840739949712
		outer loop
			vertex 0.17150000020861625 0.2766839554905892 0.24999999999999992
			vertex 0.19007093369960784 0.28437628507614143 0.24999999999999992
			vertex 0.18870641946792602 0.2894687271118165 0.2627279218286275
		endloop
	endfacet
	facet normal 0.1207409646217557 -0.9171203322866068 0.3798840817522001
		outer loop
			vertex 0.18870641946792602 0.2894687271118165 0.2627279218286275
			vertex 0.19007093369960784 0.28437628507614143 0.24999999999999992
			vertex 0.20999999999999996 0.29227207511663444 0.2627279218286275
		endloop
	endfacet
	facet normal 0.12074134822858192 -0.9171204900415739 0.3798835789736741
		outer loop
			vertex 0.19007093369960784 0.28437628507614143 0.24999999999999992
			vertex 0.20999999999999996 0.28699999958276756 0.24999999999999992
			vertex 0.20999999999999996 0.29227207511663444 0.2627279218286275
		endloop
	endfacet
	facet normal -0.12074099068015433 -0.9171205302201548 0.37988359561617996
		outer loop
			vertex 0.20999999999999996 0.29227207511663444 0.2627279218286275
			vertex 0.20999999999999996 0.28699999958276756 0.24999999999999992
			vertex 0.23129358053207397 0.2894687271118165 0.2627279218286275
		endloop
	endfacet
	facet normal -0.12074132038592106 -0.917120278555825 0.37988409839469495
		outer loop
			vertex 0.20999999999999996 0.28699999958276756 0.24999999999999992
			vertex 0.22992906630039214 0.28437628507614143 0.24999999999999992
			vertex 0.23129358053207397 0.2894687271118165 0.2627279218286275
		endloop
	endfacet
	facet normal -0.35399536580217117 -0.8546200213938021 0.37988406129165797
		outer loop
			vertex 0.23129358053207397 0.2894687271118165 0.2627279218286275
			vertex 0.22992906630039214 0.28437628507614143 0.24999999999999992
			vertex 0.25113603755831715 0.2812497085332871 0.2627279218286275
		endloop
	endfacet
	facet normal -0.3539951724302757 -0.8546202720801407 0.37988367751948204
		outer loop
			vertex 0.22992906630039214 0.28437628507614143 0.24999999999999992
			vertex 0.24849999979138374 0.2766839554905892 0.24999999999999992
			vertex 0.25113603755831715 0.2812497085332871 0.2627279218286275
		endloop
	endfacet
	facet normal -0.5631251922825607 -0.7338790199158494 0.379883668962067
		outer loop
			vertex 0.25113603755831715 0.2812497085332871 0.2627279218286275
			vertex 0.24849999979138374 0.2766839554905892 0.24999999999999992
			vertex 0.2681751428544521 0.2681751428544522 0.26272792182862753
		endloop
	endfacet
	facet normal -0.5631251648653862 -0.7338790856341492 0.3798835826462061
		outer loop
			vertex 0.24849999979138374 0.2766839554905892 0.24999999999999992
			vertex 0.26444722250103947 0.2644472225010396 0.24999999999999992
			vertex 0.2681751428544521 0.2681751428544522 0.26272792182862753
		endloop
	endfacet
	facet normal -0.7338790471072196 -0.5631252131472321 0.3798835855033537
		outer loop
			vertex 0.2681751428544521 0.2681751428544522 0.26272792182862753
			vertex 0.26444722250103947 0.2644472225010396 0.24999999999999992
			vertex 0.281249708533287 0.25113603755831726 0.26272792182862753
		endloop
	endfacet
	facet normal -0.7338790565810247 -0.5631251425721404 0.3798836718192184
		outer loop
			vertex 0.26444722250103947 0.2644472225010396 0.24999999999999992
			vertex 0.2766839554905891 0.2484999997913838 0.24999999999999992
			vertex 0.281249708533287 0.25113603755831726 0.26272792182862753
		endloop
	endfacet
	facet normal -0.8546201621809377 -0.35399542411813784 0.3798836902227411
		outer loop
			vertex 0.281249708533287 0.25113603755831726 0.26272792182862753
			vertex 0.2766839554905891 0.2484999997913838 0.24999999999999992
			vertex 0.28946872711181637 0.23129358053207402 0.26272792182862753
		endloop
	endfacet
	facet normal -0.8546201216534883 -0.35399511012153934 0.37988407399497054
		outer loop
			vertex 0.2766839554905891 0.2484999997913838 0.24999999999999992
			vertex 0.2843762850761413 0.2299290663003922 0.24999999999999994
			vertex 0.28946872711181637 0.23129358053207402 0.26272792182862753
		endloop
	endfacet
	facet normal -0.917120332286607 -0.12074096462175574 0.37988408175219934
		outer loop
			vertex 0.28946872711181637 0.23129358053207402 0.26272792182862753
			vertex 0.2843762850761413 0.2299290663003922 0.24999999999999994
			vertex 0.29227207511663433 0.21000000000000008 0.26272792182862753
		endloop
	endfacet
	facet normal -0.9171204900415743 -0.12074134822858197 0.3798835789736734
		outer loop
			vertex 0.2843762850761413 0.2299290663003922 0.24999999999999994
			vertex 0.28699999958276745 0.21000000000000008 0.24999999999999994
			vertex 0.29227207511663433 0.21000000000000008 0.26272792182862753
		endloop
	endfacet
	facet normal -0.3821986033423592 0.05031739603273562 0.9227092647522485
		outer loop
			vertex 0.30499999880790707 0.21000000000000005 0.26799999922513956
			vertex 0.29227207511663433 0.21000000000000005 0.26272792182862753
			vertex 0.30176295250654217 0.18541218996047978 0.26799999922513956
		endloop
	endfacet
	facet normal -0.382198746537212 0.05031732882758457 0.9227092091038437
		outer loop
			vertex 0.29227207511663433 0.21000000000000005 0.26272792182862753
			vertex 0.28946872711181637 0.18870641946792607 0.26272792182862753
			vertex 0.30176295250654217 0.18541218996047978 0.26799999922513956
		endloop
	endfacet
	facet normal -0.35615249260349774 0.14752323211977633 0.9227092163825232
		outer loop
			vertex 0.30176295250654217 0.18541218996047978 0.26799999922513956
			vertex 0.28946872711181637 0.18870641946792607 0.26272792182862753
			vertex 0.2922724103927612 0.1625000005960465 0.26799999922513956
		endloop
	endfacet
	facet normal -0.3561524450366982 0.1475232406286074 0.9227092333822263
		outer loop
			vertex 0.28946872711181637 0.18870641946792607 0.26272792182862753
			vertex 0.281249708533287 0.16886396244168286 0.26272792182862753
			vertex 0.2922724103927612 0.1625000005960465 0.26799999922513956
		endloop
	endfacet
	facet normal -0.3058350571045768 0.234675487918488 0.9227092354669808
		outer loop
			vertex 0.2922724103927612 0.1625000005960465 0.26799999922513956
			vertex 0.281249708533287 0.16886396244168286 0.26272792182862753
			vertex 0.2771751424670219 0.14282485753297813 0.2679999992251396
		endloop
	endfacet
	facet normal -0.3058350405956119 0.23467548651533382 0.9227092412958006
		outer loop
			vertex 0.281249708533287 0.16886396244168286 0.26272792182862753
			vertex 0.2681751428544521 0.15182485714554791 0.26272792182862753
			vertex 0.2771751424670219 0.14282485753297813 0.2679999992251396
		endloop
	endfacet
	facet normal -0.23467548003507555 0.30583504683071727 0.9227092408772982
		outer loop
			vertex 0.2771751424670219 0.14282485753297813 0.2679999992251396
			vertex 0.2681751428544521 0.15182485714554791 0.26272792182862753
			vertex 0.2574999994039535 0.12772758960723885 0.2679999992251396
		endloop
	endfacet
	facet normal -0.23467549561834739 0.30583505245889375 0.9227092350484787
		outer loop
			vertex 0.2681751428544521 0.15182485714554791 0.26272792182862753
			vertex 0.25113603755831715 0.138750291466713 0.2627279218286276
			vertex 0.2574999994039535 0.12772758960723885 0.2679999992251396
		endloop
	endfacet
	facet normal -0.14752321766646248 0.3561524577101197 0.922709232161668
		outer loop
			vertex 0.2574999994039535 0.12772758960723885 0.2679999992251396
			vertex 0.25113603755831715 0.138750291466713 0.2627279218286276
			vertex 0.23458781003952026 0.11823704749345786 0.2679999992251396
		endloop
	endfacet
	facet normal -0.14752325731792812 0.3561524853282637 0.922709215161965
		outer loop
			vertex 0.25113603755831715 0.138750291466713 0.2627279218286276
			vertex 0.23129358053207397 0.13053127288818364 0.2627279218286276
			vertex 0.23458781003952026 0.11823704749345786 0.2679999992251396
		endloop
	endfacet
	facet normal -0.05031741217025125 0.3821987259189713 0.9227092130993405
		outer loop
			vertex 0.23458781003952026 0.11823704749345786 0.2679999992251396
			vertex 0.23129358053207397 0.13053127288818364 0.2627279218286276
			vertex 0.21 0.11500000119209296 0.2679999992251396
		endloop
	endfacet
	facet normal -0.050317310193540826 0.3821986049973424 0.9227092687477312
		outer loop
			vertex 0.23129358053207397 0.13053127288818364 0.2627279218286276
			vertex 0.21 0.12772792488336568 0.2627279218286276
			vertex 0.21 0.11500000119209296 0.2679999992251396
		endloop
	endfacet
	facet normal 0.050317396032735676 0.3821986033423595 0.9227092647522482
		outer loop
			vertex 0.21 0.11500000119209296 0.2679999992251396
			vertex 0.21 0.12772792488336568 0.2627279218286276
			vertex 0.18541218996047973 0.11823704749345786 0.2679999992251396
		endloop
	endfacet
	facet normal 0.05031732882758462 0.38219874653721236 0.9227092091038436
		outer loop
			vertex 0.21 0.12772792488336568 0.2627279218286276
			vertex 0.18870641946792602 0.13053127288818364 0.2627279218286276
			vertex 0.18541218996047973 0.11823704749345786 0.2679999992251396
		endloop
	endfacet
	facet normal 0.1475232321197767 0.356152492603498 0.9227092163825231
		outer loop
			vertex 0.18541218996047973 0.11823704749345786 0.2679999992251396
			vertex 0.18870641946792602 0.13053127288818364 0.2627279218286276
			vertex 0.16250000059604644 0.12772758960723885 0.2679999992251396
		endloop
	endfacet
	facet normal 0.14752324062860764 0.3561524450366988 0.922709233382226
		outer loop
			vertex 0.18870641946792602 0.13053127288818364 0.2627279218286276
			vertex 0.1688639624416828 0.138750291466713 0.2627279218286276
			vertex 0.16250000059604644 0.12772758960723885 0.2679999992251396
		endloop
	endfacet
	facet normal 0.23467548791848628 0.3058350571045784 0.9227092354669805
		outer loop
			vertex 0.16250000059604644 0.12772758960723885 0.2679999992251396
			vertex 0.1688639624416828 0.138750291466713 0.2627279218286276
			vertex 0.14282485753297805 0.14282485753297813 0.2679999992251396
		endloop
	endfacet
	facet normal 0.23467548651533218 0.3058350405956136 0.9227092412958006
		outer loop
			vertex 0.1688639624416828 0.138750291466713 0.2627279218286276
			vertex 0.15182485714554786 0.15182485714554791 0.26272792182862753
			vertex 0.14282485753297805 0.14282485753297813 0.2679999992251396
		endloop
	endfacet
	facet normal 0.3058350468307155 0.2346754800350771 0.9227092408772983
		outer loop
			vertex 0.14282485753297805 0.14282485753297813 0.2679999992251396
			vertex 0.15182485714554786 0.15182485714554791 0.26272792182862753
			vertex 0.12772758960723876 0.1625000005960465 0.26799999922513956
		endloop
	endfacet
	facet normal 0.3058350524588921 0.23467549561834913 0.9227092350484789
		outer loop
			vertex 0.15182485714554786 0.15182485714554791 0.26272792182862753
			vertex 0.13875029146671294 0.16886396244168286 0.26272792182862753
			vertex 0.12772758960723876 0.1625000005960465 0.26799999922513956
		endloop
	endfacet
	facet normal 0.3561524577101193 0.14752321766646187 0.9227092321616683
		outer loop
			vertex 0.12772758960723876 0.1625000005960465 0.26799999922513956
			vertex 0.13875029146671294 0.16886396244168286 0.26272792182862753
			vertex 0.11823704749345779 0.18541218996047978 0.26799999922513956
		endloop
	endfacet
	facet normal 0.3561524853282634 0.1475232573179278 0.9227092151619651
		outer loop
			vertex 0.13875029146671294 0.16886396244168286 0.26272792182862753
			vertex 0.13053127288818359 0.18870641946792607 0.26272792182862753
			vertex 0.11823704749345779 0.18541218996047978 0.26799999922513956
		endloop
	endfacet
	facet normal 0.38219872591897097 0.0503174121702512 0.9227092130993406
		outer loop
			vertex 0.11823704749345779 0.18541218996047978 0.26799999922513956
			vertex 0.13053127288818359 0.18870641946792607 0.26272792182862753
			vertex 0.11500000119209289 0.21000000000000005 0.26799999922513956
		endloop
	endfacet
	facet normal 0.38219860499734204 0.050317310193540785 0.9227092687477313
		outer loop
			vertex 0.13053127288818359 0.18870641946792607 0.26272792182862753
			vertex 0.12772792488336562 0.21000000000000005 0.26272792182862753
			vertex 0.11500000119209289 0.21000000000000005 0.26799999922513956
		endloop
	endfacet
	facet normal 0.3821986033423592 -0.05031739603273562 0.9227092647522485
		outer loop
			vertex 0.11500000119209289 0.21000000000000005 0.26799999922513956
			vertex 0.12772792488336562 0.21000000000000005 0.26272792182862753
			vertex 0.11823704749345779 0.2345878100395203 0.26799999922513956
		endloop
	endfacet
	facet normal 0.382198746537212 -0.05031732882758457 0.9227092091038437
		outer loop
			vertex 0.12772792488336562 0.21000000000000005 0.26272792182862753
			vertex 0.13053127288818359 0.23129358053207402 0.26272792182862753
			vertex 0.11823704749345779 0.2345878100395203 0.26799999922513956
		endloop
	endfacet
	facet normal 0.3561524926034978 -0.1475232321197762 0.9227092163825233
		outer loop
			vertex 0.11823704749345779 0.2345878100395203 0.26799999922513956
			vertex 0.13053127288818359 0.23129358053207402 0.26272792182862753
			vertex 0.12772758960723876 0.2574999994039536 0.26799999922513956
		endloop
	endfacet
	facet normal 0.3561524450366983 -0.14752324062860722 0.9227092333822263
		outer loop
			vertex 0.13053127288818359 0.23129358053207402 0.26272792182862753
			vertex 0.13875029146671294 0.25113603755831726 0.26272792182862753
			vertex 0.12772758960723876 0.2574999994039536 0.26799999922513956
		endloop
	endfacet
	facet normal 0.30583505710457903 -0.23467548791848417 0.9227092354669808
		outer loop
			vertex 0.12772758960723876 0.2574999994039536 0.26799999922513956
			vertex 0.13875029146671294 0.25113603755831726 0.26272792182862753
			vertex 0.14282485753297805 0.277175142467022 0.2679999992251395
		endloop
	endfacet
	facet normal 0.305835040595606 -0.23467548651532927 0.9227092412958036
		outer loop
			vertex 0.13875029146671294 0.25113603755831726 0.26272792182862753
			vertex 0.15182485714554786 0.2681751428544522 0.26272792182862753
			vertex 0.14282485753297805 0.277175142467022 0.2679999992251395
		endloop
	endfacet
	facet normal 0.23467548003507105 -0.3058350468307114 0.9227092408773013
		outer loop
			vertex 0.14282485753297805 0.277175142467022 0.2679999992251395
			vertex 0.15182485714554786 0.2681751428544522 0.26272792182862753
			vertex 0.16250000059604644 0.2922724103927613 0.2679999992251395
		endloop
	endfacet
	facet normal 0.23467549561835116 -0.30583505245889087 0.9227092350484787
		outer loop
			vertex 0.15182485714554786 0.2681751428544522 0.26272792182862753
			vertex 0.1688639624416828 0.2812497085332871 0.2627279218286275
			vertex 0.16250000059604644 0.2922724103927613 0.2679999992251395
		endloop
	endfacet
	facet normal 0.14752321766646187 -0.3561524577101193 0.9227092321616683
		outer loop
			vertex 0.16250000059604644 0.2922724103927613 0.2679999992251395
			vertex 0.1688639624416828 0.2812497085332871 0.2627279218286275
			vertex 0.18541218996047973 0.3017629525065423 0.2679999992251395
		endloop
	endfacet
	facet normal 0.1475232573179278 -0.3561524853282634 0.9227092151619651
		outer loop
			vertex 0.1688639624416828 0.2812497085332871 0.2627279218286275
			vertex 0.18870641946792602 0.2894687271118165 0.2627279218286275
			vertex 0.18541218996047973 0.3017629525065423 0.2679999992251395
		endloop
	endfacet
	facet normal 0.050317412170251256 -0.3821987259189709 0.9227092130993407
		outer loop
			vertex 0.18541218996047973 0.3017629525065423 0.2679999992251395
			vertex 0.18870641946792602 0.2894687271118165 0.2627279218286275
			vertex 0.20999999999999996 0.3049999988079072 0.2679999992251395
		endloop
	endfacet
	facet normal 0.050317310193540854 -0.3821986049973421 0.9227092687477313
		outer loop
			vertex 0.18870641946792602 0.2894687271118165 0.2627279218286275
			vertex 0.20999999999999996 0.29227207511663444 0.2627279218286275
			vertex 0.20999999999999996 0.3049999988079072 0.2679999992251395
		endloop
	endfacet
	facet normal -0.05031739603273556 -0.38219860334235917 0.9227092647522485
		outer loop
			vertex 0.20999999999999996 0.3049999988079072 0.2679999992251395
			vertex 0.20999999999999996 0.29227207511663444 0.2627279218286275
			vertex 0.23458781003952026 0.3017629525065423 0.2679999992251395
		endloop
	endfacet
	facet normal -0.05031732882758451 -0.38219874653721203 0.9227092091038437
		outer loop
			vertex 0.20999999999999996 0.29227207511663444 0.2627279218286275
			vertex 0.23129358053207397 0.2894687271118165 0.2627279218286275
			vertex 0.23458781003952026 0.3017629525065423 0.2679999992251395
		endloop
	endfacet
	facet normal -0.1475232321197765 -0.35615249260349774 0.9227092163825232
		outer loop
			vertex 0.23458781003952026 0.3017629525065423 0.2679999992251395
			vertex 0.23129358053207397 0.2894687271118165 0.2627279218286275
			vertex 0.2574999994039535 0.2922724103927613 0.2679999992251395
		endloop
	endfacet
	facet normal -0.14752324062860758 -0.35615244503669813 0.9227092333822263
		outer loop
			vertex 0.23129358053207397 0.2894687271118165 0.2627279218286275
			vertex 0.25113603755831715 0.2812497085332871 0.2627279218286275
			vertex 0.2574999994039535 0.2922724103927613 0.2679999992251395
		endloop
	endfacet
	facet normal -0.23467548791848597 -0.305835057104578 0.9227092354669809
		outer loop
			vertex 0.2574999994039535 0.2922724103927613 0.2679999992251395
			vertex 0.25113603755831715 0.2812497085332871 0.2627279218286275
			vertex 0.2771751424670219 0.277175142467022 0.2679999992251395
		endloop
	endfacet
	facet normal -0.23467548651533107 -0.3058350405956044 0.9227092412958039
		outer loop
			vertex 0.25113603755831715 0.2812497085332871 0.2627279218286275
			vertex 0.2681751428544521 0.2681751428544522 0.26272792182862753
			vertex 0.2771751424670219 0.277175142467022 0.2679999992251395
		endloop
	endfacet
	facet normal -0.3058350468307128 -0.23467548003506952 0.9227092408773012
		outer loop
			vertex 0.2771751424670219 0.277175142467022 0.2679999992251395
			vertex 0.2681751428544521 0.2681751428544522 0.26272792182862753
			vertex 0.2922724103927612 0.2574999994039536 0.26799999922513956
		endloop
	endfacet
	facet normal -0.3058350524588921 -0.23467549561834913 0.9227092350484789
		outer loop
			vertex 0.2681751428544521 0.2681751428544522 0.26272792182862753
			vertex 0.281249708533287 0.25113603755831726 0.26272792182862753
			vertex 0.2922724103927612 0.2574999994039536 0.26799999922513956
		endloop
	endfacet
	facet normal -0.35615245771011933 -0.1475232176664617 0.9227092321616683
		outer loop
			vertex 0.2922724103927612 0.2574999994039536 0.26799999922513956
			vertex 0.281249708533287 0.25113603755831726 0.26272792182862753
			vertex 0.30176295250654217 0.2345878100395203 0.26799999922513956
		endloop
	endfacet
	facet normal -0.3561524853282635 -0.14752325731792762 0.9227092151619651
		outer loop
			vertex 0.281249708533287 0.25113603755831726 0.26272792182862753
			vertex 0.28946872711181637 0.23129358053207402 0.26272792182862753
			vertex 0.30176295250654217 0.2345878100395203 0.26799999922513956
		endloop
	endfacet
	facet normal -0.3821987259189709 -0.050317412170251256 0.9227092130993407
		outer loop
			vertex 0.30176295250654217 0.2345878100395203 0.26799999922513956
			vertex 0.28946872711181637 0.23129358053207402 0.26272792182862753
			vertex 0.30499999880790707 0.21000000000000008 0.26799999922513956
		endloop
	endfacet
	facet normal -0.3821986049973421 -0.050317310193540854 0.9227092687477313
		outer loop
			vertex 0.28946872711181637 0.23129358053207402 0.26272792182862753
			vertex 0.29227207511663433 0.21000000000000008 0.26272792182862753
			vertex 0.30499999880790707 0.21000000000000008 0.26799999922513956
		endloop
	endfacet
	facet normal 0.3821986039778917 -0.050317363069511 0.9227092662865599
		outer loop
			vertex 0.3177279224991798 0.21000000000000005 0.26272792182862753
			vertex 0.30499999880790707 0.21000000000000005 0.26799999922513956
			vertex 0.31405718535184857 0.18211796231567864 0.26272792182862753
		endloop
	endfacet
	facet normal 0.38219854170737444 -0.05031738791833669 0.922709290724783
		outer loop
			vertex 0.30499999880790707 0.21000000000000005 0.26799999922513956
			vertex 0.30176295250654217 0.18541218996047978 0.26799999922513956
			vertex 0.31405718535184857 0.18211796231567864 0.26272792182862753
		endloop
	endfacet
	facet normal 0.35615235261142125 -0.14752314201190314 0.9227092848239287
		outer loop
			vertex 0.31405718535184857 0.18211796231567864 0.26272792182862753
			vertex 0.30176295250654217 0.18541218996047978 0.26799999922513956
			vertex 0.303295119702816 0.15613603875041013 0.26272792182862753
		endloop
	endfacet
	facet normal 0.35615229230653633 -0.14752314915403625 0.922709306958847
		outer loop
			vertex 0.30176295250654217 0.18541218996047978 0.26799999922513956
			vertex 0.2922724103927612 0.1625000005960465 0.26799999922513956
			vertex 0.303295119702816 0.15613603875041013 0.26272792182862753
		endloop
	endfacet
	facet normal 0.305834933783941 -0.2346753965698987 0.9227092995749708
		outer loop
			vertex 0.303295119702816 0.15613603875041013 0.26272792182862753
			vertex 0.2922724103927612 0.1625000005960465 0.26799999922513956
			vertex 0.286175145804882 0.133824854195118 0.2627279218286276
		endloop
	endfacet
	facet normal 0.3058349390516324 -0.23467539733327458 0.922709297634826
		outer loop
			vertex 0.2922724103927612 0.1625000005960465 0.26799999922513956
			vertex 0.2771751424670219 0.14282485753297813 0.2679999992251396
			vertex 0.286175145804882 0.133824854195118 0.2627279218286276
		endloop
	endfacet
	facet normal 0.234675399219411 -0.30583493723684974 0.9227092977566349
		outer loop
			vertex 0.286175145804882 0.133824854195118 0.2627279218286276
			vertex 0.2771751424670219 0.14282485753297813 0.2679999992251396
			vertex 0.2638639612495899 0.11670488029718404 0.2627279218286276
		endloop
	endfacet
	facet normal 0.23467539432878784 -0.30583493513610605 0.9227092996967798
		outer loop
			vertex 0.2771751424670219 0.14282485753297813 0.2679999992251396
			vertex 0.2574999994039535 0.12772758960723885 0.2679999992251396
			vertex 0.2638639612495899 0.11670488029718404 0.2627279218286276
		endloop
	endfacet
	facet normal 0.14752312300978015 -0.35615230673624004 0.9227093055691465
		outer loop
			vertex 0.2638639612495899 0.11670488029718404 0.2627279218286276
			vertex 0.2574999994039535 0.12772758960723885 0.2679999992251396
			vertex 0.2378820376843214 0.10594281464815145 0.2627279218286276
		endloop
	endfacet
	facet normal 0.1475231707020331 -0.3561523443279877 0.922709283434223
		outer loop
			vertex 0.2574999994039535 0.12772758960723885 0.2679999992251396
			vertex 0.23458781003952026 0.11823704749345786 0.2679999992251396
			vertex 0.2378820376843214 0.10594281464815145 0.2627279218286276
		endloop
	endfacet
	facet normal 0.050317355913822574 -0.3821985496250012 0.9227092891904727
		outer loop
			vertex 0.2378820376843214 0.10594281464815145 0.2627279218286276
			vertex 0.23458781003952026 0.11823704749345786 0.2679999992251396
			vertex 0.21 0.10227207750082021 0.2627279218286276
		endloop
	endfacet
	facet normal 0.05031739603273557 -0.3821986033423589 0.9227092647522486
		outer loop
			vertex 0.23458781003952026 0.11823704749345786 0.2679999992251396
			vertex 0.21 0.11500000119209296 0.2679999992251396
			vertex 0.21 0.10227207750082021 0.2627279218286276
		endloop
	endfacet
	facet normal -0.050317363069510936 -0.38219860397789135 0.9227092662865601
		outer loop
			vertex 0.21 0.10227207750082021 0.2627279218286276
			vertex 0.21 0.11500000119209296 0.2679999992251396
			vertex 0.1821179623156786 0.10594281464815145 0.2627279218286276
		endloop
	endfacet
	facet normal -0.05031738791833664 -0.3821985417073741 0.9227092907247831
		outer loop
			vertex 0.21 0.11500000119209296 0.2679999992251396
			vertex 0.18541218996047973 0.11823704749345786 0.2679999992251396
			vertex 0.1821179623156786 0.10594281464815145 0.2627279218286276
		endloop
	endfacet
	facet normal -0.147523142011903 -0.3561523526114209 0.9227092848239288
		outer loop
			vertex 0.1821179623156786 0.10594281464815145 0.2627279218286276
			vertex 0.18541218996047973 0.11823704749345786 0.2679999992251396
			vertex 0.15613603875041007 0.11670488029718404 0.2627279218286276
		endloop
	endfacet
	facet normal -0.14752314915403617 -0.35615229230653556 0.9227093069588472
		outer loop
			vertex 0.18541218996047973 0.11823704749345786 0.2679999992251396
			vertex 0.16250000059604644 0.12772758960723885 0.2679999992251396
			vertex 0.15613603875041007 0.11670488029718404 0.2627279218286276
		endloop
	endfacet
	facet normal -0.2346753965698999 -0.3058349337839396 0.922709299574971
		outer loop
			vertex 0.15613603875041007 0.11670488029718404 0.2627279218286276
			vertex 0.16250000059604644 0.12772758960723885 0.2679999992251396
			vertex 0.13382485419511794 0.133824854195118 0.2627279218286276
		endloop
	endfacet
	facet normal -0.2346753973332758 -0.30583493905163106 0.9227092976348261
		outer loop
			vertex 0.16250000059604644 0.12772758960723885 0.2679999992251396
			vertex 0.14282485753297805 0.14282485753297813 0.2679999992251396
			vertex 0.13382485419511794 0.133824854195118 0.2627279218286276
		endloop
	endfacet
	facet normal -0.305834937236851 -0.23467539921940977 0.9227092977566348
		outer loop
			vertex 0.13382485419511794 0.133824854195118 0.2627279218286276
			vertex 0.14282485753297805 0.14282485753297813 0.2679999992251396
			vertex 0.11670488029718398 0.15613603875041013 0.26272792182862753
		endloop
	endfacet
	facet normal -0.30583493513610743 -0.23467539432878667 0.9227092996967797
		outer loop
			vertex 0.14282485753297805 0.14282485753297813 0.2679999992251396
			vertex 0.12772758960723876 0.1625000005960465 0.26799999922513956
			vertex 0.11670488029718398 0.15613603875041013 0.26272792182862753
		endloop
	endfacet
	facet normal -0.35615230673624076 -0.14752312300978027 0.9227093055691462
		outer loop
			vertex 0.11670488029718398 0.15613603875041013 0.26272792182862753
			vertex 0.12772758960723876 0.1625000005960465 0.26799999922513956
			vertex 0.10594281464815139 0.18211796231567864 0.26272792182862753
		endloop
	endfacet
	facet normal -0.3561523443279882 -0.1475231707020329 0.922709283434223
		outer loop
			vertex 0.12772758960723876 0.1625000005960465 0.26799999922513956
			vertex 0.11823704749345779 0.18541218996047978 0.26799999922513956
			vertex 0.10594281464815139 0.18211796231567864 0.26272792182862753
		endloop
	endfacet
	facet normal -0.3821985496250016 -0.05031735591382263 0.9227092891904726
		outer loop
			vertex 0.10594281464815139 0.18211796231567864 0.26272792182862753
			vertex 0.11823704749345779 0.18541218996047978 0.26799999922513956
			vertex 0.10227207750082015 0.21000000000000005 0.26272792182862753
		endloop
	endfacet
	facet normal -0.3821986033423592 -0.05031739603273562 0.9227092647522485
		outer loop
			vertex 0.11823704749345779 0.18541218996047978 0.26799999922513956
			vertex 0.11500000119209289 0.21000000000000005 0.26799999922513956
			vertex 0.10227207750082015 0.21000000000000005 0.26272792182862753
		endloop
	endfacet
	facet normal -0.3821986039778917 0.050317363069511 0.9227092662865599
		outer loop
			vertex 0.10227207750082015 0.21000000000000005 0.26272792182862753
			vertex 0.11500000119209289 0.21000000000000005 0.26799999922513956
			vertex 0.10594281464815139 0.23788203768432145 0.26272792182862753
		endloop
	endfacet
	facet normal -0.38219854170737444 0.05031738791833669 0.922709290724783
		outer loop
			vertex 0.11500000119209289 0.21000000000000005 0.26799999922513956
			vertex 0.11823704749345779 0.2345878100395203 0.26799999922513956
			vertex 0.10594281464815139 0.23788203768432145 0.26272792182862753
		endloop
	endfacet
	facet normal -0.35615235261142125 0.14752314201190297 0.9227092848239286
		outer loop
			vertex 0.10594281464815139 0.23788203768432145 0.26272792182862753
			vertex 0.11823704749345779 0.2345878100395203 0.26799999922513956
			vertex 0.11670488029718398 0.26386396124959 0.26272792182862753
		endloop
	endfacet
	facet normal -0.3561522923065364 0.14752314915403608 0.9227093069588469
		outer loop
			vertex 0.11823704749345779 0.2345878100395203 0.26799999922513956
			vertex 0.12772758960723876 0.2574999994039536 0.26799999922513956
			vertex 0.11670488029718398 0.26386396124959 0.26272792182862753
		endloop
	endfacet
	facet normal -0.3058349337839391 0.23467539656990183 0.9227092995749706
		outer loop
			vertex 0.11670488029718398 0.26386396124959 0.26272792182862753
			vertex 0.12772758960723876 0.2574999994039536 0.26799999922513956
			vertex 0.13382485419511794 0.2861751458048821 0.2627279218286275
		endloop
	endfacet
	facet normal -0.30583493905163006 0.2346753973332777 0.9227092976348262
		outer loop
			vertex 0.12772758960723876 0.2574999994039536 0.26799999922513956
			vertex 0.14282485753297805 0.277175142467022 0.2679999992251395
			vertex 0.13382485419511794 0.2861751458048821 0.2627279218286275
		endloop
	endfacet
	facet normal -0.23467539921941136 0.3058349372368501 0.9227092977566347
		outer loop
			vertex 0.13382485419511794 0.2861751458048821 0.2627279218286275
			vertex 0.14282485753297805 0.277175142467022 0.2679999992251395
			vertex 0.15613603875041007 0.3032951197028161 0.2627279218286275
		endloop
	endfacet
	facet normal -0.23467539432878823 0.3058349351361065 0.9227092996967797
		outer loop
			vertex 0.14282485753297805 0.277175142467022 0.2679999992251395
			vertex 0.16250000059604644 0.2922724103927613 0.2679999992251395
			vertex 0.15613603875041007 0.3032951197028161 0.2627279218286275
		endloop
	endfacet
	facet normal -0.14752312300978027 0.35615230673624076 0.9227093055691462
		outer loop
			vertex 0.15613603875041007 0.3032951197028161 0.2627279218286275
			vertex 0.16250000059604644 0.2922724103927613 0.2679999992251395
			vertex 0.1821179623156786 0.3140571853518487 0.2627279218286275
		endloop
	endfacet
	facet normal -0.1475231707020329 0.3561523443279882 0.922709283434223
		outer loop
			vertex 0.16250000059604644 0.2922724103927613 0.2679999992251395
			vertex 0.18541218996047973 0.3017629525065423 0.2679999992251395
			vertex 0.1821179623156786 0.3140571853518487 0.2627279218286275
		endloop
	endfacet
	facet normal -0.050317355913822664 0.38219854962500155 0.9227092891904725
		outer loop
			vertex 0.1821179623156786 0.3140571853518487 0.2627279218286275
			vertex 0.18541218996047973 0.3017629525065423 0.2679999992251395
			vertex 0.20999999999999996 0.3177279224991799 0.2627279218286275
		endloop
	endfacet
	facet normal -0.050317396032735676 0.3821986033423592 0.9227092647522483
		outer loop
			vertex 0.18541218996047973 0.3017629525065423 0.2679999992251395
			vertex 0.20999999999999996 0.3049999988079072 0.2679999992251395
			vertex 0.20999999999999996 0.3177279224991799 0.2627279218286275
		endloop
	endfacet
	facet normal 0.05031736306951095 0.3821986039778917 0.92270926628656
		outer loop
			vertex 0.20999999999999996 0.3177279224991799 0.2627279218286275
			vertex 0.20999999999999996 0.3049999988079072 0.2679999992251395
			vertex 0.2378820376843214 0.3140571853518487 0.2627279218286275
		endloop
	endfacet
	facet normal 0.050317387918336634 0.38219854170737444 0.922709290724783
		outer loop
			vertex 0.20999999999999996 0.3049999988079072 0.2679999992251395
			vertex 0.23458781003952026 0.3017629525065423 0.2679999992251395
			vertex 0.2378820376843214 0.3140571853518487 0.2627279218286275
		endloop
	endfacet
	facet normal 0.14752314201190328 0.3561523526114212 0.9227092848239287
		outer loop
			vertex 0.2378820376843214 0.3140571853518487 0.2627279218286275
			vertex 0.23458781003952026 0.3017629525065423 0.2679999992251395
			vertex 0.2638639612495899 0.3032951197028161 0.2627279218286275
		endloop
	endfacet
	facet normal 0.14752314915403641 0.3561522923065363 0.922709306958847
		outer loop
			vertex 0.23458781003952026 0.3017629525065423 0.2679999992251395
			vertex 0.2574999994039535 0.2922724103927613 0.2679999992251395
			vertex 0.2638639612495899 0.3032951197028161 0.2627279218286275
		endloop
	endfacet
	facet normal 0.2346753965699003 0.30583493378394006 0.9227092995749708
		outer loop
			vertex 0.2638639612495899 0.3032951197028161 0.2627279218286275
			vertex 0.2574999994039535 0.2922724103927613 0.2679999992251395
			vertex 0.286175145804882 0.2861751458048821 0.2627279218286275
		endloop
	endfacet
	facet normal 0.23467539733327616 0.3058349390516315 0.922709297634826
		outer loop
			vertex 0.2574999994039535 0.2922724103927613 0.2679999992251395
			vertex 0.2771751424670219 0.277175142467022 0.2679999992251395
			vertex 0.286175145804882 0.2861751458048821 0.2627279218286275
		endloop
	endfacet
	facet normal 0.3058349372368489 0.2346753992194127 0.9227092977566348
		outer loop
			vertex 0.286175145804882 0.2861751458048821 0.2627279218286275
			vertex 0.2771751424670219 0.277175142467022 0.2679999992251395
			vertex 0.303295119702816 0.26386396124959 0.26272792182862753
		endloop
	endfacet
	facet normal 0.30583493513610543 0.23467539432878998 0.9227092996967795
		outer loop
			vertex 0.2771751424670219 0.277175142467022 0.2679999992251395
			vertex 0.2922724103927612 0.2574999994039536 0.26799999922513956
			vertex 0.303295119702816 0.26386396124959 0.26272792182862753
		endloop
	endfacet
	facet normal 0.3561523067362409 0.14752312300978015 0.9227093055691463
		outer loop
			vertex 0.303295119702816 0.26386396124959 0.26272792182862753
			vertex 0.2922724103927612 0.2574999994039536 0.26799999922513956
			vertex 0.31405718535184857 0.23788203768432145 0.26272792182862753
		endloop
	endfacet
	facet normal 0.35615234432798826 0.14752317070203275 0.9227092834342229
		outer loop
			vertex 0.2922724103927612 0.2574999994039536 0.26799999922513956
			vertex 0.30176295250654217 0.2345878100395203 0.26799999922513956
			vertex 0.31405718535184857 0.23788203768432145 0.26272792182862753
		endloop
	endfacet
	facet normal 0.38219854962500155 0.050317355913822664 0.9227092891904725
		outer loop
			vertex 0.31405718535184857 0.23788203768432145 0.26272792182862753
			vertex 0.30176295250654217 0.2345878100395203 0.26799999922513956
			vertex 0.3177279224991798 0.21000000000000008 0.26272792182862753
		endloop
	endfacet
	facet normal 0.3821986033423592 0.050317396032735676 0.9227092647522483
		outer loop
			vertex 0.30176295250654217 0.2345878100395203 0.26799999922513956
			vertex 0.30499999880790707 0.21000000000000008 0.26799999922513956
			vertex 0.3177279224991798 0.21000000000000008 0.26272792182862753
		endloop
	endfacet
	facet normal 0.9171205182983485 -0.12074109677219579 0.3798835906780074
		outer loop
			vertex 0.3229999980330467 0.21000000000000005 0.24999999999999994
			vertex 0.3177279224991798 0.21000000000000005 0.26272792182862753
			vertex 0.319149619936943 0.18075344808399682 0.24999999999999997
		endloop
	endfacet
	facet normal 0.9171205004905493 -0.12074111396896672 0.37988362820408256
		outer loop
			vertex 0.3177279224991798 0.21000000000000005 0.26272792182862753
			vertex 0.31405718535184857 0.18211796231567864 0.26272792182862753
			vertex 0.319149619936943 0.18075344808399682 0.24999999999999997
		endloop
	endfacet
	facet normal 0.854620240865078 -0.3539952875766683 0.379883640444318
		outer loop
			vertex 0.319149619936943 0.18075344808399682 0.24999999999999997
			vertex 0.31405718535184857 0.18211796231567864 0.26272792182862753
			vertex 0.3078608727455139 0.1535000009834767 0.24999999999999997
		endloop
	endfacet
	facet normal 0.8546202157141326 -0.35399530151803976 0.3798836840348393
		outer loop
			vertex 0.31405718535184857 0.18211796231567864 0.26272792182862753
			vertex 0.303295119702816 0.15613603875041013 0.26272792182862753
			vertex 0.3078608727455139 0.1535000009834767 0.24999999999999997
		endloop
	endfacet
	facet normal 0.7338790035363865 -0.5631252144897336 0.3798836676856905
		outer loop
			vertex 0.3078608727455139 0.1535000009834767 0.24999999999999997
			vertex 0.303295119702816 0.15613603875041013 0.26272792182862753
			vertex 0.28990306615829464 0.13009693384170537 0.24999999999999997
		endloop
	endfacet
	facet normal 0.7338790565914063 -0.563125201261675 0.3798835848000089
		outer loop
			vertex 0.303295119702816 0.15613603875041013 0.26272792182862753
			vertex 0.286175145804882 0.133824854195118 0.2627279218286276
			vertex 0.28990306615829464 0.13009693384170537 0.24999999999999997
		endloop
	endfacet
	facet normal 0.5631252347162191 -0.7338790298960526 0.37988358677972905
		outer loop
			vertex 0.28990306615829464 0.13009693384170537 0.24999999999999997
			vertex 0.286175145804882 0.133824854195118 0.2627279218286276
			vertex 0.2664999990165233 0.11213912725448613 0.25
		endloop
	endfacet
	facet normal 0.5631251800453312 -0.7338790289417273 0.37988366966541315
		outer loop
			vertex 0.286175145804882 0.133824854195118 0.2627279218286276
			vertex 0.2638639612495899 0.11670488029718404 0.2627279218286276
			vertex 0.2664999990165233 0.11213912725448613 0.25
		endloop
	endfacet
	facet normal 0.353995280889758 -0.8546202247214472 0.37988368299368225
		outer loop
			vertex 0.2664999990165233 0.11213912725448613 0.25
			vertex 0.2638639612495899 0.11670488029718404 0.2627279218286276
			vertex 0.23924655191600322 0.100850380063057 0.25
		endloop
	endfacet
	facet normal 0.3539953085322005 -0.854620232647813 0.3798836394031604
		outer loop
			vertex 0.2638639612495899 0.11670488029718404 0.2627279218286276
			vertex 0.2378820376843214 0.10594281464815145 0.2627279218286276
			vertex 0.23924655191600322 0.100850380063057 0.25
		endloop
	endfacet
	facet normal 0.1207410948087268 -0.9171205033843045 0.379883627307772
		outer loop
			vertex 0.23924655191600322 0.100850380063057 0.25
			vertex 0.2378820376843214 0.10594281464815145 0.2627279218286276
			vertex 0.21 0.09700000196695333 0.25
		endloop
	endfacet
	facet normal 0.12074111602852634 -0.9171205161344694 0.3798835897816997
		outer loop
			vertex 0.2378820376843214 0.10594281464815145 0.2627279218286276
			vertex 0.21 0.10227207750082021 0.2627279218286276
			vertex 0.21 0.09700000196695333 0.25
		endloop
	endfacet
	facet normal -0.12074109677219616 -0.9171205182983485 0.3798835906780074
		outer loop
			vertex 0.21 0.09700000196695333 0.25
			vertex 0.21 0.10227207750082021 0.2627279218286276
			vertex 0.18075344808399676 0.100850380063057 0.25
		endloop
	endfacet
	facet normal -0.12074111396896677 -0.9171205004905495 0.37988362820408184
		outer loop
			vertex 0.21 0.10227207750082021 0.2627279218286276
			vertex 0.1821179623156786 0.10594281464815145 0.2627279218286276
			vertex 0.18075344808399676 0.100850380063057 0.25
		endloop
	endfacet
	facet normal -0.3539952875766685 -0.8546202408650784 0.3798836404443173
		outer loop
			vertex 0.18075344808399676 0.100850380063057 0.25
			vertex 0.1821179623156786 0.10594281464815145 0.2627279218286276
			vertex 0.15350000098347663 0.11213912725448613 0.25
		endloop
	endfacet
	facet normal -0.3539953015180399 -0.854620215714133 0.3798836840348387
		outer loop
			vertex 0.1821179623156786 0.10594281464815145 0.2627279218286276
			vertex 0.15613603875041007 0.11670488029718404 0.2627279218286276
			vertex 0.15350000098347663 0.11213912725448613 0.25
		endloop
	endfacet
	facet normal -0.5631252144897342 -0.7338790035363865 0.3798836676856897
		outer loop
			vertex 0.15350000098347663 0.11213912725448613 0.25
			vertex 0.15613603875041007 0.11670488029718404 0.2627279218286276
			vertex 0.13009693384170531 0.13009693384170537 0.24999999999999997
		endloop
	endfacet
	facet normal -0.5631252012616756 -0.7338790565914058 0.379883584800009
		outer loop
			vertex 0.15613603875041007 0.11670488029718404 0.2627279218286276
			vertex 0.13382485419511794 0.133824854195118 0.2627279218286276
			vertex 0.13009693384170531 0.13009693384170537 0.24999999999999997
		endloop
	endfacet
	facet normal -0.7338790298960529 -0.5631252347162189 0.37988358677972905
		outer loop
			vertex 0.13009693384170531 0.13009693384170537 0.24999999999999997
			vertex 0.13382485419511794 0.133824854195118 0.2627279218286276
			vertex 0.11213912725448608 0.1535000009834767 0.24999999999999997
		endloop
	endfacet
	facet normal -0.7338790289417276 -0.5631251800453304 0.37988366966541387
		outer loop
			vertex 0.13382485419511794 0.133824854195118 0.2627279218286276
			vertex 0.11670488029718398 0.15613603875041013 0.26272792182862753
			vertex 0.11213912725448608 0.1535000009834767 0.24999999999999997
		endloop
	endfacet
	facet normal -0.854620224721447 -0.3539952808897576 0.3798836829936829
		outer loop
			vertex 0.11213912725448608 0.1535000009834767 0.24999999999999997
			vertex 0.11670488029718398 0.15613603875041013 0.26272792182862753
			vertex 0.10085038006305694 0.18075344808399682 0.24999999999999997
		endloop
	endfacet
	facet normal -0.8546202326478128 -0.35399530853220007 0.37988363940316106
		outer loop
			vertex 0.11670488029718398 0.15613603875041013 0.26272792182862753
			vertex 0.10594281464815139 0.18211796231567864 0.26272792182862753
			vertex 0.10085038006305694 0.18075344808399682 0.24999999999999997
		endloop
	endfacet
	facet normal -0.9171205033843042 -0.1207410948087264 0.3798836273077726
		outer loop
			vertex 0.10085038006305694 0.18075344808399682 0.24999999999999997
			vertex 0.10594281464815139 0.18211796231567864 0.26272792182862753
			vertex 0.09700000196695327 0.21000000000000005 0.24999999999999994
		endloop
	endfacet
	facet normal -0.9171205161344694 -0.12074111602852634 0.3798835897816997
		outer loop
			vertex 0.10594281464815139 0.18211796231567864 0.26272792182862753
			vertex 0.10227207750082015 0.21000000000000005 0.26272792182862753
			vertex 0.09700000196695327 0.21000000000000005 0.24999999999999994
		endloop
	endfacet
	facet normal -0.9171205182983485 0.12074109677219616 0.3798835906780074
		outer loop
			vertex 0.09700000196695327 0.21000000000000005 0.24999999999999994
			vertex 0.10227207750082015 0.21000000000000005 0.26272792182862753
			vertex 0.10085038006305694 0.23924655191600327 0.24999999999999994
		endloop
	endfacet
	facet normal -0.9171205004905495 0.12074111396896677 0.37988362820408184
		outer loop
			vertex 0.10227207750082015 0.21000000000000005 0.26272792182862753
			vertex 0.10594281464815139 0.23788203768432145 0.26272792182862753
			vertex 0.10085038006305694 0.23924655191600327 0.24999999999999994
		endloop
	endfacet
	facet normal -0.8546202408650784 0.3539952875766685 0.37988364044431727
		outer loop
			vertex 0.10085038006305694 0.23924655191600327 0.24999999999999994
			vertex 0.10594281464815139 0.23788203768432145 0.26272792182862753
			vertex 0.11213912725448608 0.26649999901652344 0.24999999999999992
		endloop
	endfacet
	facet normal -0.8546202157141333 0.35399530151803965 0.37988368403483785
		outer loop
			vertex 0.10594281464815139 0.23788203768432145 0.26272792182862753
			vertex 0.11670488029718398 0.26386396124959 0.26272792182862753
			vertex 0.11213912725448608 0.26649999901652344 0.24999999999999992
		endloop
	endfacet
	facet normal -0.7338790035363868 0.5631252144897341 0.379883667685689
		outer loop
			vertex 0.11213912725448608 0.26649999901652344 0.24999999999999992
			vertex 0.11670488029718398 0.26386396124959 0.26272792182862753
			vertex 0.13009693384170531 0.28990306615829475 0.24999999999999992
		endloop
	endfacet
	facet normal -0.733879056591405 0.5631252012616758 0.37988358480001033
		outer loop
			vertex 0.11670488029718398 0.26386396124959 0.26272792182862753
			vertex 0.13382485419511794 0.2861751458048821 0.2627279218286275
			vertex 0.13009693384170531 0.28990306615829475 0.24999999999999992
		endloop
	endfacet
	facet normal -0.5631252347162186 0.7338790298960524 0.3798835867797305
		outer loop
			vertex 0.13009693384170531 0.28990306615829475 0.24999999999999992
			vertex 0.13382485419511794 0.2861751458048821 0.2627279218286275
			vertex 0.15350000098347663 0.307860872745514 0.24999999999999992
		endloop
	endfacet
	facet normal -0.563125180045331 0.7338790289417272 0.37988366966541387
		outer loop
			vertex 0.13382485419511794 0.2861751458048821 0.2627279218286275
			vertex 0.15613603875041007 0.3032951197028161 0.2627279218286275
			vertex 0.15350000098347663 0.307860872745514 0.24999999999999992
		endloop
	endfacet
	facet normal -0.3539952808897573 0.8546202247214472 0.3798836829936829
		outer loop
			vertex 0.15350000098347663 0.307860872745514 0.24999999999999992
			vertex 0.15613603875041007 0.3032951197028161 0.2627279218286275
			vertex 0.18075344808399676 0.31914961993694313 0.2499999999999999
		endloop
	endfacet
	facet normal -0.35399530853220024 0.8546202326478132 0.3798836394031604
		outer loop
			vertex 0.15613603875041007 0.3032951197028161 0.2627279218286275
			vertex 0.1821179623156786 0.3140571853518487 0.2627279218286275
			vertex 0.18075344808399676 0.31914961993694313 0.2499999999999999
		endloop
	endfacet
	facet normal -0.12074109480872691 0.9171205033843044 0.379883627307772
		outer loop
			vertex 0.18075344808399676 0.31914961993694313 0.2499999999999999
			vertex 0.1821179623156786 0.3140571853518487 0.2627279218286275
			vertex 0.20999999999999996 0.3229999980330468 0.2499999999999999
		endloop
	endfacet
	facet normal -0.12074111602852644 0.9171205161344692 0.37988358978169967
		outer loop
			vertex 0.1821179623156786 0.3140571853518487 0.2627279218286275
			vertex 0.20999999999999996 0.3177279224991799 0.2627279218286275
			vertex 0.20999999999999996 0.3229999980330468 0.2499999999999999
		endloop
	endfacet
	facet normal 0.12074109677219605 0.9171205182983486 0.3798835906780074
		outer loop
			vertex 0.20999999999999996 0.3229999980330468 0.2499999999999999
			vertex 0.20999999999999996 0.3177279224991799 0.2627279218286275
			vertex 0.23924655191600322 0.31914961993694313 0.2499999999999999
		endloop
	endfacet
	facet normal 0.12074111396896663 0.9171205004905495 0.3798836282040818
		outer loop
			vertex 0.20999999999999996 0.3177279224991799 0.2627279218286275
			vertex 0.2378820376843214 0.3140571853518487 0.2627279218286275
			vertex 0.23924655191600322 0.31914961993694313 0.2499999999999999
		endloop
	endfacet
	facet normal 0.3539952875766685 0.8546202408650784 0.3798836404443174
		outer loop
			vertex 0.23924655191600322 0.31914961993694313 0.2499999999999999
			vertex 0.2378820376843214 0.3140571853518487 0.2627279218286275
			vertex 0.2664999990165233 0.307860872745514 0.24999999999999992
		endloop
	endfacet
	facet normal 0.3539953015180401 0.8546202157141326 0.37988368403483946
		outer loop
			vertex 0.2378820376843214 0.3140571853518487 0.2627279218286275
			vertex 0.2638639612495899 0.3032951197028161 0.2627279218286275
			vertex 0.2664999990165233 0.307860872745514 0.24999999999999992
		endloop
	endfacet
	facet normal 0.5631252144897336 0.7338790035363865 0.3798836676856905
		outer loop
			vertex 0.2664999990165233 0.307860872745514 0.24999999999999992
			vertex 0.2638639612495899 0.3032951197028161 0.2627279218286275
			vertex 0.28990306615829464 0.28990306615829475 0.24999999999999992
		endloop
	endfacet
	facet normal 0.5631252012616752 0.7338790565914055 0.37988358480001033
		outer loop
			vertex 0.2638639612495899 0.3032951197028161 0.2627279218286275
			vertex 0.286175145804882 0.2861751458048821 0.2627279218286275
			vertex 0.28990306615829464 0.28990306615829475 0.24999999999999992
		endloop
	endfacet
	facet normal 0.7338790298960524 0.5631252347162186 0.3798835867797305
		outer loop
			vertex 0.28990306615829464 0.28990306615829475 0.24999999999999992
			vertex 0.286175145804882 0.2861751458048821 0.2627279218286275
			vertex 0.3078608727455139 0.26649999901652344 0.24999999999999992
		endloop
	endfacet
	facet normal 0.7338790289417271 0.5631251800453321 0.3798836696654125
		outer loop
			vertex 0.286175145804882 0.2861751458048821 0.2627279218286275
			vertex 0.303295119702816 0.26386396124959 0.26272792182862753
			vertex 0.3078608727455139 0.26649999901652344 0.24999999999999992
		endloop
	endfacet
	facet normal 0.8546202247214476 0.35399528088975785 0.37988368299368147
		outer loop
			vertex 0.3078608727455139 0.26649999901652344 0.24999999999999992
			vertex 0.303295119702816 0.26386396124959 0.26272792182862753
			vertex 0.319149619936943 0.23924655191600327 0.24999999999999994
		endloop
	endfacet
	facet normal 0.8546202326478132 0.35399530853219985 0.37988363940316033
		outer loop
			vertex 0.303295119702816 0.26386396124959 0.26272792182862753
			vertex 0.31405718535184857 0.23788203768432145 0.26272792182862753
			vertex 0.319149619936943 0.23924655191600327 0.24999999999999994
		endloop
	endfacet
	facet normal 0.9171205033843044 0.12074109480872691 0.379883627307772
		outer loop
			vertex 0.319149619936943 0.23924655191600327 0.24999999999999994
			vertex 0.31405718535184857 0.23788203768432145 0.26272792182862753
			vertex 0.3229999980330467 0.21000000000000008 0.24999999999999994
		endloop
	endfacet
	facet normal 0.9171205161344692 0.12074111602852644 0.37988358978169967
		outer loop
			vertex 0.31405718535184857 0.23788203768432145 0.26272792182862753
			vertex 0.3177279224991798 0.21000000000000008 0.26272792182862753
			vertex 0.3229999980330467 0.21000000000000008 0.24999999999999994
		endloop
	endfacet
	facet normal 0.3088057824763202 -0.950406716864474 0.03696026580098626
		outer loop
			vertex 0.105 0.08700000077486042 0.19000000357627866
			vertex 0.105 0.07999999962747098 0.009999996423721291
			vertex 0.11558013457804918 0.0904376940056682 0.19000000357627866
		endloop
	endfacet
	facet normal 0.3088059116089372 -0.9504066752956597 0.03696025580030307
		outer loop
			vertex 0.105 0.07999999962747098 0.009999996423721291
			vertex 0.11969463109970092 0.08477457568049432 0.009999996423721291
			vertex 0.11558013457804918 0.0904376940056682 0.19000000357627866
		endloop
	endfacet
	facet normal 0.8084642604319248 -0.5873835877530703 0.03696025490431864
		outer loop
			vertex 0.11558013457804918 0.0904376940056682 0.19000000357627866
			vertex 0.11969463109970092 0.08477457568049432 0.009999996423721291
			vertex 0.12211901649832725 0.0994376940838993 0.19000000357627866
		endloop
	endfacet
	facet normal 0.8084642269082544 -0.5873836336308728 0.03696025909312929
		outer loop
			vertex 0.11969463109970092 0.08477457568049432 0.009999996423721291
			vertex 0.12877641201019285 0.09727457493543626 0.009999996423721291
			vertex 0.12211901649832725 0.0994376940838993 0.19000000357627866
		endloop
	endfacet
	facet normal 0.9993167362292592 0 0.03696025827969158
		outer loop
			vertex 0.12211901649832725 0.0994376940838993 0.19000000357627866
			vertex 0.12877641201019285 0.09727457493543626 0.009999996423721291
			vertex 0.12211901649832725 0.11056230591610078 0.19000000357627866
		endloop
	endfacet
	facet normal 0.9993167362292592 0 0.03696025827969157
		outer loop
			vertex 0.12877641201019285 0.09727457493543626 0.009999996423721291
			vertex 0.12877641201019285 0.11272542506456376 0.009999996423721291
			vertex 0.12211901649832725 0.11056230591610078 0.19000000357627866
		endloop
	endfacet
	facet normal 0.8084642602861836 0.5873835876471833 0.03696025977502839
		outer loop
			vertex 0.12211901649832725 0.11056230591610078 0.19000000357627866
			vertex 0.12877641201019285 0.11272542506456376 0.009999996423721291
			vertex 0.11558013457804918 0.11956230599433187 0.19000000357627866
		endloop
	endfacet
	facet normal 0.8084642270131879 0.5873836337071114 0.036960255586217856
		outer loop
			vertex 0.12877641201019285 0.11272542506456376 0.009999996423721291
			vertex 0.11969463109970092 0.1252254243195057 0.009999996423721291
			vertex 0.11558013457804918 0.11956230599433187 0.19000000357627866
		endloop
	endfacet
	facet normal 0.3088057826092264 0.9504067172735174 0.03696025417228458
		outer loop
			vertex 0.11558013457804918 0.11956230599433187 0.19000000357627866
			vertex 0.11969463109970092 0.1252254243195057 0.009999996423721291
			vertex 0.105 0.12299999922513966 0.19000000357627866
		endloop
	endfacet
	facet normal 0.30880591151324466 0.9504066750011484 0.03696026417296755
		outer loop
			vertex 0.11969463109970092 0.1252254243195057 0.009999996423721291
			vertex 0.105 0.13000000037252904 0.009999996423721291
			vertex 0.105 0.12299999922513966 0.19000000357627866
		endloop
	endfacet
	facet normal -0.3088057824763202 0.950406716864474 0.036960265800985964
		outer loop
			vertex 0.105 0.12299999922513966 0.19000000357627866
			vertex 0.105 0.13000000037252904 0.009999996423721291
			vertex 0.09441986542195081 0.11956230599433187 0.19000000357627866
		endloop
	endfacet
	facet normal -0.3088059116089372 0.9504066752956597 0.03696025580030278
		outer loop
			vertex 0.105 0.13000000037252904 0.009999996423721291
			vertex 0.09030536890029907 0.1252254243195057 0.009999996423721291
			vertex 0.09441986542195081 0.11956230599433187 0.19000000357627866
		endloop
	endfacet
	facet normal -0.8084642604319247 0.5873835877530704 0.03696025490431846
		outer loop
			vertex 0.09441986542195081 0.11956230599433187 0.19000000357627866
			vertex 0.09030536890029907 0.1252254243195057 0.009999996423721291
			vertex 0.08788098350167274 0.11056230591610078 0.19000000357627866
		endloop
	endfacet
	facet normal -0.8084642269082539 0.5873836336308734 0.036960259093129166
		outer loop
			vertex 0.09030536890029907 0.1252254243195057 0.009999996423721291
			vertex 0.08122358798980713 0.11272542506456376 0.009999996423721291
			vertex 0.08788098350167274 0.11056230591610078 0.19000000357627866
		endloop
	endfacet
	facet normal -0.9993167362292592 0 0.036960258279691655
		outer loop
			vertex 0.08788098350167274 0.11056230591610078 0.19000000357627866
			vertex 0.08122358798980713 0.11272542506456376 0.009999996423721291
			vertex 0.08788098350167274 0.0994376940838993 0.19000000357627866
		endloop
	endfacet
	facet normal -0.9993167362292592 0 0.036960258279691655
		outer loop
			vertex 0.08122358798980713 0.11272542506456376 0.009999996423721291
			vertex 0.08122358798980713 0.09727457493543626 0.009999996423721291
			vertex 0.08788098350167274 0.0994376940838993 0.19000000357627866
		endloop
	endfacet
	facet normal -0.8084642602861836 -0.5873835876471833 0.03696025977502864
		outer loop
			vertex 0.08788098350167274 0.0994376940838993 0.19000000357627866
			vertex 0.08122358798980713 0.09727457493543626 0.009999996423721291
			vertex 0.09441986542195081 0.0904376940056682 0.19000000357627866
		endloop
	endfacet
	facet normal -0.8084642270131874 -0.587383633707112 0.03696025558621804
		outer loop
			vertex 0.08122358798980713 0.09727457493543626 0.009999996423721291
			vertex 0.09030536890029907 0.08477457568049432 0.009999996423721291
			vertex 0.09441986542195081 0.0904376940056682 0.19000000357627866
		endloop
	endfacet
	facet normal -0.3088057826092264 -0.9504067172735174 0.03696025417228488
		outer loop
			vertex 0.09441986542195081 0.0904376940056682 0.19000000357627866
			vertex 0.09030536890029907 0.08477457568049432 0.009999996423721291
			vertex 0.105 0.08700000077486042 0.19000000357627866
		endloop
	endfacet
	facet normal -0.30880591151324466 -0.9504066750011484 0.03696026417296784
		outer loop
			vertex 0.09030536890029907 0.08477457568049432 0.009999996423721291
			vertex 0.105 0.07999999962747098 0.009999996423721291
			vertex 0.105 0.08700000077486042 0.19000000357627866
		endloop
	endfacet
	facet normal 0 0 1
		outer loop
			vertex 0.105 0.08700000077486042 0.19000000357627866
			vertex 0.11558013457804918 0.0904376940056682 0.19000000357627866
			vertex 0.105 0.10500000000000004 0.19000000357627866
		endloop
	endfacet
	facet normal 0 0 1
		outer loop
			vertex 0.11558013457804918 0.0904376940056682 0.19000000357627866
			vertex 0.12211901649832725 0.0994376940838993 0.19000000357627866
			vertex 0.105 0.10500000000000004 0.19000000357627866
		endloop
	endfacet
	facet normal 0 0 1
		outer loop
			vertex 0.12211901649832725 0.0994376940838993 0.19000000357627866
			vertex 0.12211901649832725 0.11056230591610078 0.19000000357627866
			vertex 0.105 0.10500000000000004 0.19000000357627866
		endloop
	endfacet
	facet normal 0 0 1
		outer loop
			vertex 0.12211901649832725 0.11056230591610078 0.19000000357627866
			vertex 0.11558013457804918 0.11956230599433187 0.19000000357627866
			vertex 0.105 0.10500000000000004 0.19000000357627866
		endloop
	endfacet
	facet normal 0 0 1
		outer loop
			vertex 0.11558013457804918 0.11956230599433187 0.19000000357627866
			vertex 0.105 0.12299999922513966 0.19000000357627866
			vertex 0.105 0.10500000000000004 0.19000000357627866
		endloop
	endfacet
	facet normal 0 0 1
		outer loop
			vertex 0.105 0.12299999922513966 0.19000000357627866
			vertex 0.09441986542195081 0.11956230599433187 0.19000000357627866
			vertex 0.105 0.10500000000000004 0.19000000357627866
		endloop
	endfacet
	facet normal 0 0 1
		outer loop
			vertex 0.09441986542195081 0.11956230599433187 0.19000000357627866
			vertex 0.08788098350167274 0.11056230591610078 0.19000000357627866
			vertex 0.105 0.10500000000000004 0.19000000357627866
		endloop
	endfacet
	facet normal 0 0 1
		outer loop
			vertex 0.08788098350167274 0.11056230591610078 0.19000000357627866
			vertex 0.08788098350167274 0.0994376940838993 0.19000000357627866
			vertex 0.105 0.10500000000000004 0.19000000357627866
		endloop
	endfacet
	facet normal 0 0 1
		outer loop
			vertex 0.08788098350167274 0.0994376940838993 0.19000000357627866
			vertex 0.09441986542195081 0.0904376940056682 0.19000000357627866
			vertex 0.105 0.10500000000000004 0.19000000357627866
		endloop
	endfacet
	facet normal 0 0 1
		outer loop
			vertex 0.09441986542195081 0.0904376940056682 0.19000000357627866
			vertex 0.105 0.08700000077486042 0.19000000357627866
			vertex 0.105 0.10500000000000004 0.19000000357627866
		endloop
	endfacet
	facet normal 0 0 -1
		outer loop
			vertex 0.11969463109970092 0.08477457568049432 0.009999996423721291
			vertex 0.105 0.07999999962747098 0.009999996423721291
			vertex 0.105 0.10500000000000001 0.009999996423721291
		endloop
	endfacet
	facet normal 0 0 -1
		outer loop
			vertex 0.12877641201019285 0.09727457493543626 0.009999996423721291
			vertex 0.11969463109970092 0.08477457568049432 0.009999996423721291
			vertex 0.105 0.10500000000000001 0.009999996423721291
		endloop
	endfacet
	facet normal 0 0 -1
		outer loop
			vertex 0.12877641201019285 0.11272542506456376 0.009999996423721291
			vertex 0.12877641201019285 0.09727457493543626 0.009999996423721291
			vertex 0.105 0.10500000000000001 0.009999996423721291
		endloop
	endfacet
	facet normal 0 0 -1
		outer loop
			vertex 0.11969463109970092 0.1252254243195057 0.009999996423721291
			vertex 0.12877641201019285 0.11272542506456376 0.009999996423721291
			vertex 0.105 0.10500000000000001 0.009999996423721291
		endloop
	endfacet
	facet normal 0 0 -1
		outer loop
			vertex 0.105 0.13000000037252904 0.009999996423721291
			vertex 0.11969463109970092 0.1252254243195057 0.009999996423721291
			vertex 0.105 0.10500000000000001 0.009999996423721291
		endloop
	endfacet
	facet normal 0 0 -1
		outer loop
			vertex 0.09030536890029907 0.1252254243195057 0.009999996423721291
			vertex 0.105 0.13000000037252904 0.009999996423721291
			vertex 0.105 0.10500000000000001 0.009999996423721291
		endloop
	endfacet
	facet normal 0 0 -1
		outer loop
			vertex 0.08122358798980713 0.11272542506456376 0.009999996423721291
			vertex 0.09030536890029907 0.1252254243195057 0.009999996423721291
			vertex 0.105 0.10500000000000001 0.009999996423721291
		endloop
	endfacet
	facet normal 0 0 -1
		outer loop
			vertex 0.08122358798980713 0.09727457493543626 0.009999996423721291
			vertex 0.08122358798980713 0.11272542506456376 0.009999996423721291
			vertex 0.105 0.10500000000000001 0.009999996423721291
		endloop
	endfacet
	facet normal 0 0 -1
		outer loop
			vertex 0.09030536890029907 0.08477457568049432 0.009999996423721291
			vertex 0.08122358798980713 0.09727457493543626 0.009999996423721291
			vertex 0.105 0.10500000000000001 0.009999996423721291
		endloop
	endfacet
	facet normal 0 0 -1
		outer loop
			vertex 0.105 0.07999999962747098 0.009999996423721291
			vertex 0.09030536890029907 0.08477457568049432 0.009999996423721291
			vertex 0.105 0.10500000000000001 0.009999996423721291
		endloop
	endfacet
	facet normal 0.7071067811865481 -0.7071067811865469 0
		outer loop
			vertex 0.20222717925213662 -0.2340469856699367 0.24750000007450587
			vertex 0.20222717925213662 -0.2340469856699367 0.21249999992549426
			vertex 0.2340469856699367 -0.20222717925213657 0.24750000007450587
		endloop
	endfacet
	facet normal 0.7071067811865481 -0.7071067811865469 0
		outer loop
			vertex 0.20222717925213662 -0.2340469856699367 0.21249999992549426
			vertex 0.2340469856699367 -0.20222717925213657 0.21249999992549426
			vertex 0.2340469856699367 -0.20222717925213657 0.24750000007450587
		endloop
	endfacet
	facet normal -0.7071067811865477 0.7071067811865475 0
		outer loop
			vertex 0.007772820747863368 0.024046985669936807 0.24750000007450582
			vertex 0.007772820747863368 0.024046985669936807 0.2124999999254942
			vertex -0.024046985669936724 -0.007772820747863299 0.24750000007450582
		endloop
	endfacet
	facet normal -0.7071067811865477 0.7071067811865475 0
		outer loop
			vertex 0.007772820747863368 0.024046985669936807 0.2124999999254942
			vertex -0.024046985669936724 -0.007772820747863299 0.2124999999254942
			vertex -0.024046985669936724 -0.007772820747863299 0.24750000007450582
		endloop
	endfacet
	facet normal -1.226634760764123e-16 1.2266347607641226e-16 1
		outer loop
			vertex 0.007772820747863368 0.024046985669936807 0.24750000007450582
			vertex -0.024046985669936724 -0.007772820747863299 0.24750000007450582
			vertex 0.2340469856699367 -0.20222717925213657 0.24750000007450587
		endloop
	endfacet
	facet normal -1.2266347607641239e-16 1.2266347607641216e-16 1
		outer loop
			vertex -0.024046985669936724 -0.007772820747863299 0.24750000007450582
			vertex 0.20222717925213662 -0.2340469856699367 0.24750000007450587
			vertex 0.2340469856699367 -0.20222717925213657 0.24750000007450587
		endloop
	endfacet
	facet normal 1.226634760764123e-16 -1.2266347607641226e-16 -1
		outer loop
			vertex -0.024046985669936724 -0.007772820747863299 0.2124999999254942
			vertex 0.007772820747863368 0.024046985669936807 0.2124999999254942
			vertex 0.20222717925213662 -0.2340469856699367 0.21249999992549426
		endloop
	endfacet
	facet normal 1.226634760764124e-16 -1.226634760764122e-16 -1
		outer loop
			vertex 0.007772820747863368 0.024046985669936807 0.2124999999254942
			vertex 0.2340469856699367 -0.20222717925213657 0.21249999992549426
			vertex 0.20222717925213662 -0.2340469856699367 0.21249999992549426
		endloop
	endfacet
	facet normal -0.7071067811865477 -0.7071067811865475 0
		outer loop
			vertex -0.024046985669936724 -0.007772820747863299 0.24750000007450582
			vertex -0.024046985669936724 -0.007772820747863299 0.2124999999254942
			vertex 0.20222717925213662 -0.2340469856699367 0.24750000007450587
		endloop
	endfacet
	facet normal -0.7071067811865477 -0.7071067811865475 0
		outer loop
			vertex -0.024046985669936724 -0.007772820747863299 0.2124999999254942
			vertex 0.20222717925213662 -0.2340469856699367 0.21249999992549426
			vertex 0.20222717925213662 -0.2340469856699367 0.24750000007450587
		endloop
	endfacet
	facet normal 0.7071067811865476 0.7071067811865476 0
		outer loop
			vertex 0.2340469856699367 -0.20222717925213657 0.24750000007450587
			vertex 0.2340469856699367 -0.20222717925213657 0.21249999992549426
			vertex 0.007772820747863368 0.024046985669936807 0.24750000007450582
		endloop
	endfacet
	facet normal 0.7071067811865476 0.7071067811865476 0
		outer loop
			vertex 0.2340469856699367 -0.20222717925213657 0.21249999992549426
			vertex 0.007772820747863368 0.024046985669936807 0.2124999999254942
			vertex 0.007772820747863368 0.024046985669936807 0.24750000007450582
		endloop
	endfacet
	facet normal 0.9171205161344694 -0.12074111602852634 -0.3798835897816997
		outer loop
			vertex 0.3177279224991798 -0.20999999999999994 0.23727207817137247
			vertex 0.3229999980330467 -0.20999999999999994 0.25000000000000006
			vertex 0.31405718535184857 -0.23788203768432134 0.23727207817137247
		endloop
	endfacet
	facet normal 0.9171205033843045 -0.1207410948087268 -0.379883627307772
		outer loop
			vertex 0.3229999980330467 -0.20999999999999994 0.25000000000000006
			vertex 0.319149619936943 -0.23924655191600316 0.25000000000000006
			vertex 0.31405718535184857 -0.23788203768432134 0.23727207817137247
		endloop
	endfacet
	facet normal 0.8546202326478131 -0.3539953085322002 -0.37988363940316033
		outer loop
			vertex 0.31405718535184857 -0.23788203768432134 0.23727207817137247
			vertex 0.319149619936943 -0.23924655191600316 0.25000000000000006
			vertex 0.303295119702816 -0.2638639612495899 0.2372720781713725
		endloop
	endfacet
	facet normal 0.8546202247214474 -0.3539952808897573 -0.37988368299368297
		outer loop
			vertex 0.319149619936943 -0.23924655191600316 0.25000000000000006
			vertex 0.3078608727455139 -0.2664999990165233 0.25000000000000006
			vertex 0.303295119702816 -0.2638639612495899 0.2372720781713725
		endloop
	endfacet
	facet normal 0.7338790289417271 -0.563125180045331 -0.3798836696654138
		outer loop
			vertex 0.303295119702816 -0.2638639612495899 0.2372720781713725
			vertex 0.3078608727455139 -0.2664999990165233 0.25000000000000006
			vertex 0.286175145804882 -0.286175145804882 0.2372720781713725
		endloop
	endfacet
	facet normal 0.7338790298960524 -0.5631252347162194 -0.37988358677972905
		outer loop
			vertex 0.3078608727455139 -0.2664999990165233 0.25000000000000006
			vertex 0.28990306615829464 -0.28990306615829464 0.2500000000000001
			vertex 0.286175145804882 -0.286175145804882 0.2372720781713725
		endloop
	endfacet
	facet normal 0.5631252012616753 -0.7338790565914061 -0.379883584800009
		outer loop
			vertex 0.286175145804882 -0.286175145804882 0.2372720781713725
			vertex 0.28990306615829464 -0.28990306615829464 0.2500000000000001
			vertex 0.2638639612495899 -0.303295119702816 0.23727207817137252
		endloop
	endfacet
	facet normal 0.5631252144897338 -0.7338790035363867 -0.37988366768568976
		outer loop
			vertex 0.28990306615829464 -0.28990306615829464 0.2500000000000001
			vertex 0.2664999990165233 -0.3078608727455139 0.2500000000000001
			vertex 0.2638639612495899 -0.303295119702816 0.23727207817137252
		endloop
	endfacet
	facet normal 0.3539953015180402 -0.8546202157141327 -0.37988368403483863
		outer loop
			vertex 0.2638639612495899 -0.303295119702816 0.23727207817137252
			vertex 0.2664999990165233 -0.3078608727455139 0.2500000000000001
			vertex 0.2378820376843214 -0.31405718535184857 0.23727207817137252
		endloop
	endfacet
	facet normal 0.3539952875766688 -0.8546202408650783 -0.3798836404443174
		outer loop
			vertex 0.2664999990165233 -0.3078608727455139 0.2500000000000001
			vertex 0.23924655191600322 -0.319149619936943 0.2500000000000001
			vertex 0.2378820376843214 -0.31405718535184857 0.23727207817137252
		endloop
	endfacet
	facet normal 0.12074111396896677 -0.9171205004905495 -0.37988362820408184
		outer loop
			vertex 0.2378820376843214 -0.31405718535184857 0.23727207817137252
			vertex 0.23924655191600322 -0.319149619936943 0.2500000000000001
			vertex 0.21 -0.3177279224991798 0.23727207817137252
		endloop
	endfacet
	facet normal 0.12074109677219616 -0.9171205182983485 -0.3798835906780074
		outer loop
			vertex 0.23924655191600322 -0.319149619936943 0.2500000000000001
			vertex 0.21 -0.3229999980330467 0.2500000000000001
			vertex 0.21 -0.3177279224991798 0.23727207817137252
		endloop
	endfacet
	facet normal -0.12074111602852634 -0.9171205161344694 -0.3798835897816997
		outer loop
			vertex 0.21 -0.3177279224991798 0.23727207817137252
			vertex 0.21 -0.3229999980330467 0.2500000000000001
			vertex 0.1821179623156786 -0.31405718535184857 0.23727207817137252
		endloop
	endfacet
	facet normal -0.1207410948087268 -0.9171205033843045 -0.379883627307772
		outer loop
			vertex 0.21 -0.3229999980330467 0.2500000000000001
			vertex 0.18075344808399676 -0.319149619936943 0.2500000000000001
			vertex 0.1821179623156786 -0.31405718535184857 0.23727207817137252
		endloop
	endfacet
	facet normal -0.35399530853220024 -0.8546202326478132 -0.3798836394031604
		outer loop
			vertex 0.1821179623156786 -0.31405718535184857 0.23727207817137252
			vertex 0.18075344808399676 -0.319149619936943 0.2500000000000001
			vertex 0.15613603875041007 -0.303295119702816 0.23727207817137252
		endloop
	endfacet
	facet normal -0.3539952808897577 -0.8546202247214473 -0.3798836829936822
		outer loop
			vertex 0.18075344808399676 -0.319149619936943 0.2500000000000001
			vertex 0.15350000098347663 -0.3078608727455139 0.2500000000000001
			vertex 0.15613603875041007 -0.303295119702816 0.23727207817137252
		endloop
	endfacet
	facet normal -0.5631251800453309 -0.7338790289417275 -0.3798836696654132
		outer loop
			vertex 0.15613603875041007 -0.303295119702816 0.23727207817137252
			vertex 0.15350000098347663 -0.3078608727455139 0.2500000000000001
			vertex 0.13382485419511794 -0.286175145804882 0.2372720781713725
		endloop
	endfacet
	facet normal -0.5631252347162189 -0.7338790298960529 -0.37988358677972905
		outer loop
			vertex 0.15350000098347663 -0.3078608727455139 0.2500000000000001
			vertex 0.13009693384170531 -0.28990306615829464 0.2500000000000001
			vertex 0.13382485419511794 -0.286175145804882 0.2372720781713725
		endloop
	endfacet
	facet normal -0.7338790565914058 -0.5631252012616756 -0.379883584800009
		outer loop
			vertex 0.13382485419511794 -0.286175145804882 0.2372720781713725
			vertex 0.13009693384170531 -0.28990306615829464 0.2500000000000001
			vertex 0.11670488029718398 -0.2638639612495899 0.2372720781713725
		endloop
	endfacet
	facet normal -0.733879003536386 -0.5631252144897343 -0.3798836676856905
		outer loop
			vertex 0.13009693384170531 -0.28990306615829464 0.2500000000000001
			vertex 0.11213912725448608 -0.2664999990165233 0.25000000000000006
			vertex 0.11670488029718398 -0.2638639612495899 0.2372720781713725
		endloop
	endfacet
	facet normal -0.8546202157141325 -0.35399530151803976 -0.3798836840348393
		outer loop
			vertex 0.11670488029718398 -0.2638639612495899 0.2372720781713725
			vertex 0.11213912725448608 -0.2664999990165233 0.25000000000000006
			vertex 0.10594281464815139 -0.23788203768432134 0.23727207817137247
		endloop
	endfacet
	facet normal -0.8546202408650785 -0.35399528757666815 -0.37988364044431727
		outer loop
			vertex 0.11213912725448608 -0.2664999990165233 0.25000000000000006
			vertex 0.10085038006305694 -0.23924655191600316 0.25000000000000006
			vertex 0.10594281464815139 -0.23788203768432134 0.23727207817137247
		endloop
	endfacet
	facet normal -0.9171205004905495 -0.12074111396896689 -0.3798836282040819
		outer loop
			vertex 0.10594281464815139 -0.23788203768432134 0.23727207817137247
			vertex 0.10085038006305694 -0.23924655191600316 0.25000000000000006
			vertex 0.10227207750082015 -0.20999999999999996 0.23727207817137247
		endloop
	endfacet
	facet normal -0.9171205182983485 -0.12074109677219615 -0.3798835906780071
		outer loop
			vertex 0.10085038006305694 -0.23924655191600316 0.25000000000000006
			vertex 0.09700000196695327 -0.20999999999999994 0.25000000000000006
			vertex 0.10227207750082015 -0.20999999999999996 0.23727207817137247
		endloop
	endfacet
	facet normal -0.9171205161344692 0.12074111602852619 -0.3798835897816999
		outer loop
			vertex 0.10227207750082015 -0.20999999999999996 0.23727207817137247
			vertex 0.09700000196695327 -0.20999999999999994 0.25000000000000006
			vertex 0.10594281464815139 -0.18211796231567853 0.23727207817137247
		endloop
	endfacet
	facet normal -0.9171205033843045 0.1207410948087268 -0.379883627307772
		outer loop
			vertex 0.09700000196695327 -0.20999999999999994 0.25000000000000006
			vertex 0.10085038006305694 -0.1807534480839967 0.25000000000000006
			vertex 0.10594281464815139 -0.18211796231567853 0.23727207817137247
		endloop
	endfacet
	facet normal -0.8546202326478133 0.35399530853219985 -0.3798836394031604
		outer loop
			vertex 0.10594281464815139 -0.18211796231567853 0.23727207817137247
			vertex 0.10085038006305694 -0.1807534480839967 0.25000000000000006
			vertex 0.11670488029718398 -0.15613603875041002 0.23727207817137244
		endloop
	endfacet
	facet normal -0.8546202247214476 0.35399528088975785 -0.37988368299368147
		outer loop
			vertex 0.10085038006305694 -0.1807534480839967 0.25000000000000006
			vertex 0.11213912725448608 -0.15350000098347658 0.25000000000000006
			vertex 0.11670488029718398 -0.15613603875041002 0.23727207817137244
		endloop
	endfacet
	facet normal -0.7338790289417275 0.5631251800453314 -0.3798836696654125
		outer loop
			vertex 0.11670488029718398 -0.15613603875041002 0.23727207817137244
			vertex 0.11213912725448608 -0.15350000098347658 0.25000000000000006
			vertex 0.13382485419511794 -0.1338248541951179 0.23727207817137244
		endloop
	endfacet
	facet normal -0.7338790298960528 0.5631252347162179 -0.3798835867797304
		outer loop
			vertex 0.11213912725448608 -0.15350000098347658 0.25000000000000006
			vertex 0.13009693384170531 -0.13009693384170526 0.25
			vertex 0.13382485419511794 -0.1338248541951179 0.23727207817137244
		endloop
	endfacet
	facet normal -0.5631252012616754 0.7338790565914052 -0.37988358480001033
		outer loop
			vertex 0.13382485419511794 -0.1338248541951179 0.23727207817137244
			vertex 0.13009693384170531 -0.13009693384170526 0.25
			vertex 0.15613603875041007 -0.11670488029718393 0.2372720781713724
		endloop
	endfacet
	facet normal -0.5631252144897338 0.7338790035363867 -0.37988366768568976
		outer loop
			vertex 0.13009693384170531 -0.13009693384170526 0.25
			vertex 0.15350000098347663 -0.11213912725448602 0.25
			vertex 0.15613603875041007 -0.11670488029718393 0.2372720781713724
		endloop
	endfacet
	facet normal -0.3539953015180399 0.854620215714133 -0.3798836840348387
		outer loop
			vertex 0.15613603875041007 -0.11670488029718393 0.2372720781713724
			vertex 0.15350000098347663 -0.11213912725448602 0.25
			vertex 0.1821179623156786 -0.10594281464815133 0.2372720781713724
		endloop
	endfacet
	facet normal -0.3539952875766685 0.8546202408650784 -0.3798836404443173
		outer loop
			vertex 0.15350000098347663 -0.11213912725448602 0.25
			vertex 0.18075344808399676 -0.10085038006305688 0.25
			vertex 0.1821179623156786 -0.10594281464815133 0.2372720781713724
		endloop
	endfacet
	facet normal -0.12074111396896689 0.9171205004905495 -0.3798836282040819
		outer loop
			vertex 0.1821179623156786 -0.10594281464815133 0.2372720781713724
			vertex 0.18075344808399676 -0.10085038006305688 0.25
			vertex 0.20999999999999996 -0.1022720775008201 0.2372720781713724
		endloop
	endfacet
	facet normal -0.12074109677219627 0.9171205182983484 -0.3798835906780074
		outer loop
			vertex 0.18075344808399676 -0.10085038006305688 0.25
			vertex 0.20999999999999996 -0.09700000196695321 0.25
			vertex 0.20999999999999996 -0.1022720775008201 0.2372720781713724
		endloop
	endfacet
	facet normal 0.12074111602852622 0.9171205161344694 -0.37988358978169967
		outer loop
			vertex 0.20999999999999996 -0.1022720775008201 0.2372720781713724
			vertex 0.20999999999999996 -0.09700000196695321 0.25
			vertex 0.2378820376843214 -0.10594281464815133 0.2372720781713724
		endloop
	endfacet
	facet normal 0.12074109480872669 0.9171205033843046 -0.379883627307772
		outer loop
			vertex 0.20999999999999996 -0.09700000196695321 0.25
			vertex 0.23924655191600322 -0.10085038006305688 0.25
			vertex 0.2378820376843214 -0.10594281464815133 0.2372720781713724
		endloop
	endfacet
	facet normal 0.3539953085322005 0.854620232647813 -0.3798836394031604
		outer loop
			vertex 0.2378820376843214 -0.10594281464815133 0.2372720781713724
			vertex 0.23924655191600322 -0.10085038006305688 0.25
			vertex 0.2638639612495899 -0.11670488029718393 0.2372720781713724
		endloop
	endfacet
	facet normal 0.353995280889758 0.8546202247214472 -0.3798836829936822
		outer loop
			vertex 0.23924655191600322 -0.10085038006305688 0.25
			vertex 0.2664999990165233 -0.11213912725448602 0.25
			vertex 0.2638639612495899 -0.11670488029718393 0.2372720781713724
		endloop
	endfacet
	facet normal 0.5631251800453315 0.7338790289417271 -0.37988366966541315
		outer loop
			vertex 0.2638639612495899 -0.11670488029718393 0.2372720781713724
			vertex 0.2664999990165233 -0.11213912725448602 0.25
			vertex 0.286175145804882 -0.1338248541951179 0.23727207817137244
		endloop
	endfacet
	facet normal 0.5631252347162186 0.7338790298960524 -0.3798835867797305
		outer loop
			vertex 0.2664999990165233 -0.11213912725448602 0.25
			vertex 0.28990306615829464 -0.13009693384170526 0.25
			vertex 0.286175145804882 -0.1338248541951179 0.23727207817137244
		endloop
	endfacet
	facet normal 0.7338790565914055 0.5631252012616752 -0.37988358480001033
		outer loop
			vertex 0.286175145804882 -0.1338248541951179 0.23727207817137244
			vertex 0.28990306615829464 -0.13009693384170526 0.25
			vertex 0.303295119702816 -0.15613603875041002 0.23727207817137244
		endloop
	endfacet
	facet normal 0.7338790035363874 0.5631252144897334 -0.37988366768568904
		outer loop
			vertex 0.28990306615829464 -0.13009693384170526 0.25
			vertex 0.3078608727455139 -0.15350000098347658 0.25000000000000006
			vertex 0.303295119702816 -0.15613603875041002 0.23727207817137244
		endloop
	endfacet
	facet normal 0.8546202157141335 0.3539953015180396 -0.37988368403483797
		outer loop
			vertex 0.303295119702816 -0.15613603875041002 0.23727207817137244
			vertex 0.3078608727455139 -0.15350000098347658 0.25000000000000006
			vertex 0.31405718535184857 -0.18211796231567853 0.23727207817137247
		endloop
	endfacet
	facet normal 0.8546202408650784 0.3539952875766685 -0.3798836404443173
		outer loop
			vertex 0.3078608727455139 -0.15350000098347658 0.25000000000000006
			vertex 0.319149619936943 -0.1807534480839967 0.25000000000000006
			vertex 0.31405718535184857 -0.18211796231567853 0.23727207817137247
		endloop
	endfacet
	facet normal 0.9171205004905495 0.12074111396896689 -0.3798836282040819
		outer loop
			vertex 0.31405718535184857 -0.18211796231567853 0.23727207817137247
			vertex 0.319149619936943 -0.1807534480839967 0.25000000000000006
			vertex 0.3177279224991798 -0.2099999999999999 0.23727207817137247
		endloop
	endfacet
	facet normal 0.9171205182983484 0.12074109677219627 -0.3798835906780074
		outer loop
			vertex 0.319149619936943 -0.1807534480839967 0.25000000000000006
			vertex 0.3229999980330467 -0.2099999999999999 0.25000000000000006
			vertex 0.3177279224991798 -0.2099999999999999 0.23727207817137247
		endloop
	endfacet
	facet normal 0.3821986033423592 -0.05031739603273562 -0.9227092647522485
		outer loop
			vertex 0.30499999880790707 -0.20999999999999994 0.23200000077486044
			vertex 0.3177279224991798 -0.20999999999999994 0.23727207817137247
			vertex 0.30176295250654217 -0.2345878100395202 0.23200000077486044
		endloop
	endfacet
	facet normal 0.3821985496250016 -0.05031735591382263 -0.9227092891904726
		outer loop
			vertex 0.3177279224991798 -0.20999999999999994 0.23727207817137247
			vertex 0.31405718535184857 -0.23788203768432134 0.23727207817137247
			vertex 0.30176295250654217 -0.2345878100395202 0.23200000077486044
		endloop
	endfacet
	facet normal 0.356152344327988 -0.14752317070203375 -0.922709283434223
		outer loop
			vertex 0.30176295250654217 -0.2345878100395202 0.23200000077486044
			vertex 0.31405718535184857 -0.23788203768432134 0.23727207817137247
			vertex 0.2922724103927612 -0.2574999994039535 0.23200000077486047
		endloop
	endfacet
	facet normal 0.3561523067362403 -0.14752312300978093 -0.9227093055691462
		outer loop
			vertex 0.31405718535184857 -0.23788203768432134 0.23727207817137247
			vertex 0.303295119702816 -0.2638639612495899 0.2372720781713725
			vertex 0.2922724103927612 -0.2574999994039535 0.23200000077486047
		endloop
	endfacet
	facet normal 0.3058349351361065 -0.23467539432878823 -0.9227092996967797
		outer loop
			vertex 0.2922724103927612 -0.2574999994039535 0.23200000077486047
			vertex 0.303295119702816 -0.2638639612495899 0.2372720781713725
			vertex 0.2771751424670219 -0.2771751424670219 0.23200000077486047
		endloop
	endfacet
	facet normal 0.3058349372368501 -0.23467539921941136 -0.9227092977566347
		outer loop
			vertex 0.303295119702816 -0.2638639612495899 0.2372720781713725
			vertex 0.286175145804882 -0.286175145804882 0.2372720781713725
			vertex 0.2771751424670219 -0.2771751424670219 0.23200000077486047
		endloop
	endfacet
	facet normal 0.23467539733327616 -0.3058349390516315 -0.922709297634826
		outer loop
			vertex 0.2771751424670219 -0.2771751424670219 0.23200000077486047
			vertex 0.286175145804882 -0.286175145804882 0.2372720781713725
			vertex 0.2574999994039535 -0.2922724103927612 0.23200000077486047
		endloop
	endfacet
	facet normal 0.23467539656990055 -0.30583493378394194 -0.9227092995749702
		outer loop
			vertex 0.286175145804882 -0.286175145804882 0.2372720781713725
			vertex 0.2638639612495899 -0.303295119702816 0.23727207817137252
			vertex 0.2574999994039535 -0.2922724103927612 0.23200000077486047
		endloop
	endfacet
	facet normal 0.14752314915403617 -0.3561522923065384 -0.9227093069588461
		outer loop
			vertex 0.2574999994039535 -0.2922724103927612 0.23200000077486047
			vertex 0.2638639612495899 -0.303295119702816 0.23727207817137252
			vertex 0.23458781003952026 -0.30176295250654217 0.2320000007748605
		endloop
	endfacet
	facet normal 0.14752314201190328 -0.3561523526114212 -0.9227092848239287
		outer loop
			vertex 0.2638639612495899 -0.303295119702816 0.23727207817137252
			vertex 0.2378820376843214 -0.31405718535184857 0.23727207817137252
			vertex 0.23458781003952026 -0.30176295250654217 0.2320000007748605
		endloop
	endfacet
	facet normal 0.05031738791833669 -0.38219854170737444 -0.922709290724783
		outer loop
			vertex 0.23458781003952026 -0.30176295250654217 0.2320000007748605
			vertex 0.2378820376843214 -0.31405718535184857 0.23727207817137252
			vertex 0.21 -0.30499999880790707 0.2320000007748605
		endloop
	endfacet
	facet normal 0.050317363069511 -0.3821986039778917 -0.9227092662865599
		outer loop
			vertex 0.2378820376843214 -0.31405718535184857 0.23727207817137252
			vertex 0.21 -0.3177279224991798 0.23727207817137252
			vertex 0.21 -0.30499999880790707 0.2320000007748605
		endloop
	endfacet
	facet normal -0.05031739603273562 -0.3821986033423592 -0.9227092647522485
		outer loop
			vertex 0.21 -0.30499999880790707 0.2320000007748605
			vertex 0.21 -0.3177279224991798 0.23727207817137252
			vertex 0.18541218996047973 -0.30176295250654217 0.2320000007748605
		endloop
	endfacet
	facet normal -0.05031735591382263 -0.3821985496250016 -0.9227092891904726
		outer loop
			vertex 0.21 -0.3177279224991798 0.23727207817137252
			vertex 0.1821179623156786 -0.31405718535184857 0.23727207817137252
			vertex 0.18541218996047973 -0.30176295250654217 0.2320000007748605
		endloop
	endfacet
	facet normal -0.1475231707020319 -0.3561523443279885 -0.922709283434223
		outer loop
			vertex 0.18541218996047973 -0.30176295250654217 0.2320000007748605
			vertex 0.1821179623156786 -0.31405718535184857 0.23727207817137252
			vertex 0.16250000059604644 -0.2922724103927612 0.23200000077486047
		endloop
	endfacet
	facet normal -0.14752312300978096 -0.35615230673624243 -0.9227093055691455
		outer loop
			vertex 0.1821179623156786 -0.31405718535184857 0.23727207817137252
			vertex 0.15613603875041007 -0.303295119702816 0.23727207817137252
			vertex 0.16250000059604644 -0.2922724103927612 0.23200000077486047
		endloop
	endfacet
	facet normal -0.23467539432878928 -0.3058349351361078 -0.9227092996967788
		outer loop
			vertex 0.16250000059604644 -0.2922724103927612 0.23200000077486047
			vertex 0.15613603875041007 -0.303295119702816 0.23727207817137252
			vertex 0.14282485753297805 -0.2771751424670219 0.23200000077486047
		endloop
	endfacet
	facet normal -0.23467539921941072 -0.3058349372368508 -0.9227092977566347
		outer loop
			vertex 0.15613603875041007 -0.303295119702816 0.23727207817137252
			vertex 0.13382485419511794 -0.286175145804882 0.2372720781713725
			vertex 0.14282485753297805 -0.2771751424670219 0.23200000077486047
		endloop
	endfacet
	facet normal -0.3058349390516315 -0.23467539733327616 -0.922709297634826
		outer loop
			vertex 0.14282485753297805 -0.2771751424670219 0.23200000077486047
			vertex 0.13382485419511794 -0.286175145804882 0.2372720781713725
			vertex 0.12772758960723876 -0.2574999994039535 0.23200000077486047
		endloop
	endfacet
	facet normal -0.30583493378394006 -0.2346753965699003 -0.9227092995749708
		outer loop
			vertex 0.13382485419511794 -0.286175145804882 0.2372720781713725
			vertex 0.11670488029718398 -0.2638639612495899 0.2372720781713725
			vertex 0.12772758960723876 -0.2574999994039535 0.23200000077486047
		endloop
	endfacet
	facet normal -0.3561522923065359 -0.147523149154037 -0.922709306958847
		outer loop
			vertex 0.12772758960723876 -0.2574999994039535 0.23200000077486047
			vertex 0.11670488029718398 -0.2638639612495899 0.2372720781713725
			vertex 0.11823704749345779 -0.2345878100395202 0.23200000077486044
		endloop
	endfacet
	facet normal -0.35615235261142103 -0.14752314201190386 -0.9227092848239286
		outer loop
			vertex 0.11670488029718398 -0.2638639612495899 0.2372720781713725
			vertex 0.10594281464815139 -0.23788203768432134 0.23727207817137247
			vertex 0.11823704749345779 -0.2345878100395202 0.23200000077486044
		endloop
	endfacet
	facet normal -0.3821985417073744 -0.05031738791833673 -0.9227092907247829
		outer loop
			vertex 0.11823704749345779 -0.2345878100395202 0.23200000077486044
			vertex 0.10594281464815139 -0.23788203768432134 0.23727207817137247
			vertex 0.11500000119209289 -0.20999999999999996 0.23200000077486044
		endloop
	endfacet
	facet normal -0.38219860397789174 -0.05031736306951105 -0.9227092662865599
		outer loop
			vertex 0.10594281464815139 -0.23788203768432134 0.23727207817137247
			vertex 0.10227207750082015 -0.20999999999999996 0.23727207817137247
			vertex 0.11500000119209289 -0.20999999999999996 0.23200000077486044
		endloop
	endfacet
	facet normal -0.38219860334235917 0.05031739603273556 -0.9227092647522485
		outer loop
			vertex 0.11500000119209289 -0.20999999999999996 0.23200000077486044
			vertex 0.10227207750082015 -0.20999999999999996 0.23727207817137247
			vertex 0.11823704749345779 -0.18541218996047967 0.23200000077486044
		endloop
	endfacet
	facet normal -0.3821985496250016 0.050317355913822574 -0.9227092891904726
		outer loop
			vertex 0.10227207750082015 -0.20999999999999996 0.23727207817137247
			vertex 0.10594281464815139 -0.18211796231567853 0.23727207817137247
			vertex 0.11823704749345779 -0.18541218996047967 0.23200000077486044
		endloop
	endfacet
	facet normal -0.3561523443279885 0.1475231707020319 -0.922709283434223
		outer loop
			vertex 0.11823704749345779 -0.18541218996047967 0.23200000077486044
			vertex 0.10594281464815139 -0.18211796231567853 0.23727207817137247
			vertex 0.12772758960723876 -0.16250000059604638 0.2320000007748604
		endloop
	endfacet
	facet normal -0.35615230673624126 0.1475231230097795 -0.9227093055691462
		outer loop
			vertex 0.10594281464815139 -0.18211796231567853 0.23727207817137247
			vertex 0.11670488029718398 -0.15613603875041002 0.23727207817137244
			vertex 0.12772758960723876 -0.16250000059604638 0.2320000007748604
		endloop
	endfacet
	facet normal -0.3058349351361063 0.23467539432878845 -0.9227092996967796
		outer loop
			vertex 0.12772758960723876 -0.16250000059604638 0.2320000007748604
			vertex 0.11670488029718398 -0.15613603875041002 0.23727207817137244
			vertex 0.14282485753297805 -0.14282485753297802 0.2320000007748604
		endloop
	endfacet
	facet normal -0.3058349372368498 0.23467539921941108 -0.9227092977566348
		outer loop
			vertex 0.11670488029718398 -0.15613603875041002 0.23727207817137244
			vertex 0.13382485419511794 -0.1338248541951179 0.23727207817137244
			vertex 0.14282485753297805 -0.14282485753297802 0.2320000007748604
		endloop
	endfacet
	facet normal -0.2346753973332758 0.30583493905163106 -0.9227092976348261
		outer loop
			vertex 0.14282485753297805 -0.14282485753297802 0.2320000007748604
			vertex 0.13382485419511794 -0.1338248541951179 0.23727207817137244
			vertex 0.16250000059604644 -0.12772758960723873 0.2320000007748604
		endloop
	endfacet
	facet normal -0.2346753965698997 0.3058349337839378 -0.9227092995749717
		outer loop
			vertex 0.13382485419511794 -0.1338248541951179 0.23727207817137244
			vertex 0.15613603875041007 -0.11670488029718393 0.2372720781713724
			vertex 0.16250000059604644 -0.12772758960723873 0.2320000007748604
		endloop
	endfacet
	facet normal -0.14752314915403644 0.35615229230653356 -0.922709306958848
		outer loop
			vertex 0.16250000059604644 -0.12772758960723873 0.2320000007748604
			vertex 0.15613603875041007 -0.11670488029718393 0.2372720781713724
			vertex 0.18541218996047973 -0.11823704749345774 0.23200000077486038
		endloop
	endfacet
	facet normal -0.147523142011903 0.3561523526114209 -0.9227092848239289
		outer loop
			vertex 0.15613603875041007 -0.11670488029718393 0.2372720781713724
			vertex 0.1821179623156786 -0.10594281464815133 0.2372720781713724
			vertex 0.18541218996047973 -0.11823704749345774 0.23200000077486038
		endloop
	endfacet
	facet normal -0.05031738791833668 0.38219854170737416 -0.9227092907247832
		outer loop
			vertex 0.18541218996047973 -0.11823704749345774 0.23200000077486038
			vertex 0.1821179623156786 -0.10594281464815133 0.2372720781713724
			vertex 0.20999999999999996 -0.11500000119209285 0.23200000077486038
		endloop
	endfacet
	facet normal -0.050317363069511 0.38219860397789135 -0.92270926628656
		outer loop
			vertex 0.1821179623156786 -0.10594281464815133 0.2372720781713724
			vertex 0.20999999999999996 -0.1022720775008201 0.2372720781713724
			vertex 0.20999999999999996 -0.11500000119209285 0.23200000077486038
		endloop
	endfacet
	facet normal 0.0503173960327355 0.3821986033423588 -0.9227092647522485
		outer loop
			vertex 0.20999999999999996 -0.11500000119209285 0.23200000077486038
			vertex 0.20999999999999996 -0.1022720775008201 0.2372720781713724
			vertex 0.23458781003952026 -0.11823704749345774 0.23200000077486038
		endloop
	endfacet
	facet normal 0.05031735591382254 0.38219854962500127 -0.9227092891904728
		outer loop
			vertex 0.20999999999999996 -0.1022720775008201 0.2372720781713724
			vertex 0.2378820376843214 -0.10594281464815133 0.2372720781713724
			vertex 0.23458781003952026 -0.11823704749345774 0.23200000077486038
		endloop
	endfacet
	facet normal 0.14752317070203416 0.3561523443279875 -0.922709283434223
		outer loop
			vertex 0.23458781003952026 -0.11823704749345774 0.23200000077486038
			vertex 0.2378820376843214 -0.10594281464815133 0.2372720781713724
			vertex 0.2574999994039535 -0.12772758960723873 0.2320000007748604
		endloop
	endfacet
	facet normal 0.1475231230097795 0.3561523067362385 -0.9227093055691472
		outer loop
			vertex 0.2378820376843214 -0.10594281464815133 0.2372720781713724
			vertex 0.2638639612495899 -0.11670488029718393 0.2372720781713724
			vertex 0.2574999994039535 -0.12772758960723873 0.2320000007748604
		endloop
	endfacet
	facet normal 0.23467539432878684 0.30583493513610466 -0.9227092996967805
		outer loop
			vertex 0.2574999994039535 -0.12772758960723873 0.2320000007748604
			vertex 0.2638639612495899 -0.11670488029718393 0.2372720781713724
			vertex 0.2771751424670219 -0.14282485753297802 0.2320000007748604
		endloop
	endfacet
	facet normal 0.23467539921941163 0.305834937236849 -0.9227092977566349
		outer loop
			vertex 0.2638639612495899 -0.11670488029718393 0.2372720781713724
			vertex 0.286175145804882 -0.1338248541951179 0.23727207817137244
			vertex 0.2771751424670219 -0.14282485753297802 0.2320000007748604
		endloop
	endfacet
	facet normal 0.30583493905163095 0.23467539733327608 -0.9227092976348261
		outer loop
			vertex 0.2771751424670219 -0.14282485753297802 0.2320000007748604
			vertex 0.286175145804882 -0.1338248541951179 0.23727207817137244
			vertex 0.2922724103927612 -0.16250000059604638 0.2320000007748604
		endloop
	endfacet
	facet normal 0.30583493378394006 0.2346753965699003 -0.9227092995749708
		outer loop
			vertex 0.286175145804882 -0.1338248541951179 0.23727207817137244
			vertex 0.303295119702816 -0.15613603875041002 0.23727207817137244
			vertex 0.2922724103927612 -0.16250000059604638 0.2320000007748604
		endloop
	endfacet
	facet normal 0.35615229230653683 0.14752314915403536 -0.922709306958847
		outer loop
			vertex 0.2922724103927612 -0.16250000059604638 0.2320000007748604
			vertex 0.303295119702816 -0.15613603875041002 0.23727207817137244
			vertex 0.30176295250654217 -0.18541218996047967 0.23200000077486044
		endloop
	endfacet
	facet normal 0.3561523526114215 0.14752314201190225 -0.9227092848239287
		outer loop
			vertex 0.303295119702816 -0.15613603875041002 0.23727207817137244
			vertex 0.31405718535184857 -0.18211796231567853 0.23727207817137247
			vertex 0.30176295250654217 -0.18541218996047967 0.23200000077486044
		endloop
	endfacet
	facet normal 0.3821985417073744 0.05031738791833673 -0.9227092907247829
		outer loop
			vertex 0.30176295250654217 -0.18541218996047967 0.23200000077486044
			vertex 0.31405718535184857 -0.18211796231567853 0.23727207817137247
			vertex 0.30499999880790707 -0.2099999999999999 0.23200000077486044
		endloop
	endfacet
	facet normal 0.38219860397789174 0.05031736306951105 -0.9227092662865599
		outer loop
			vertex 0.31405718535184857 -0.18211796231567853 0.23727207817137247
			vertex 0.3177279224991798 -0.2099999999999999 0.23727207817137247
			vertex 0.30499999880790707 -0.2099999999999999 0.23200000077486044
		endloop
	endfacet
	facet normal -0.38219860499734204 0.050317310193540785 -0.9227092687477313
		outer loop
			vertex 0.29227207511663433 -0.20999999999999994 0.23727207817137247
			vertex 0.30499999880790707 -0.20999999999999994 0.23200000077486044
			vertex 0.28946872711181637 -0.2312935805320739 0.23727207817137247
		endloop
	endfacet
	facet normal -0.38219872591897097 0.0503174121702512 -0.9227092130993406
		outer loop
			vertex 0.30499999880790707 -0.20999999999999994 0.23200000077486044
			vertex 0.30176295250654217 -0.2345878100395202 0.23200000077486044
			vertex 0.28946872711181637 -0.2312935805320739 0.23727207817137247
		endloop
	endfacet
	facet normal -0.3561524853282638 0.14752325731792648 -0.9227092151619652
		outer loop
			vertex 0.28946872711181637 -0.2312935805320739 0.23727207817137247
			vertex 0.30176295250654217 -0.2345878100395202 0.23200000077486044
			vertex 0.281249708533287 -0.25113603755831715 0.2372720781713725
		endloop
	endfacet
	facet normal -0.35615245771011983 0.14752321766646082 -0.9227092321616683
		outer loop
			vertex 0.30176295250654217 -0.2345878100395202 0.23200000077486044
			vertex 0.2922724103927612 -0.2574999994039535 0.23200000077486047
			vertex 0.281249708533287 -0.25113603755831715 0.2372720781713725
		endloop
	endfacet
	facet normal -0.3058350524588921 0.23467549561834913 -0.9227092350484789
		outer loop
			vertex 0.281249708533287 -0.25113603755831715 0.2372720781713725
			vertex 0.2922724103927612 -0.2574999994039535 0.23200000077486047
			vertex 0.2681751428544521 -0.2681751428544521 0.2372720781713725
		endloop
	endfacet
	facet normal -0.3058350468307141 0.23467548003507313 -0.9227092408773
		outer loop
			vertex 0.2922724103927612 -0.2574999994039535 0.23200000077486047
			vertex 0.2771751424670219 -0.2771751424670219 0.23200000077486047
			vertex 0.2681751428544521 -0.2681751428544521 0.2372720781713725
		endloop
	endfacet
	facet normal -0.23467548651533143 0.3058350405956088 -0.9227092412958022
		outer loop
			vertex 0.2681751428544521 -0.2681751428544521 0.2372720781713725
			vertex 0.2771751424670219 -0.2771751424670219 0.23200000077486047
			vertex 0.25113603755831715 -0.281249708533287 0.2372720781713725
		endloop
	endfacet
	facet normal -0.23467548791848597 0.305835057104578 -0.9227092354669809
		outer loop
			vertex 0.2771751424670219 -0.2771751424670219 0.23200000077486047
			vertex 0.2574999994039535 -0.2922724103927612 0.23200000077486047
			vertex 0.25113603755831715 -0.281249708533287 0.2372720781713725
		endloop
	endfacet
	facet normal -0.14752324062860758 0.3561524450366982 -0.9227092333822263
		outer loop
			vertex 0.25113603755831715 -0.281249708533287 0.2372720781713725
			vertex 0.2574999994039535 -0.2922724103927612 0.23200000077486047
			vertex 0.23129358053207397 -0.28946872711181637 0.2372720781713725
		endloop
	endfacet
	facet normal -0.14752323211977683 0.3561524926034958 -0.922709216382524
		outer loop
			vertex 0.2574999994039535 -0.2922724103927612 0.23200000077486047
			vertex 0.23458781003952026 -0.30176295250654217 0.2320000007748605
			vertex 0.23129358053207397 -0.28946872711181637 0.2372720781713725
		endloop
	endfacet
	facet normal -0.05031732882758435 0.38219874653721025 -0.9227092091038444
		outer loop
			vertex 0.23129358053207397 -0.28946872711181637 0.2372720781713725
			vertex 0.23458781003952026 -0.30176295250654217 0.2320000007748605
			vertex 0.21 -0.29227207511663433 0.2372720781713725
		endloop
	endfacet
	facet normal -0.05031739603273539 0.38219860334235756 -0.9227092647522492
		outer loop
			vertex 0.23458781003952026 -0.30176295250654217 0.2320000007748605
			vertex 0.21 -0.30499999880790707 0.2320000007748605
			vertex 0.21 -0.29227207511663433 0.2372720781713725
		endloop
	endfacet
	facet normal 0.05031731019354054 0.38219860499734026 -0.922709268747732
		outer loop
			vertex 0.21 -0.29227207511663433 0.2372720781713725
			vertex 0.21 -0.30499999880790707 0.2320000007748605
			vertex 0.18870641946792602 -0.28946872711181637 0.2372720781713725
		endloop
	endfacet
	facet normal 0.05031741217025097 0.38219872591896925 -0.9227092130993414
		outer loop
			vertex 0.21 -0.30499999880790707 0.2320000007748605
			vertex 0.18541218996047973 -0.30176295250654217 0.2320000007748605
			vertex 0.18870641946792602 -0.28946872711181637 0.2372720781713725
		endloop
	endfacet
	facet normal 0.14752325731792712 0.35615248532826177 -0.9227092151619658
		outer loop
			vertex 0.18870641946792602 -0.28946872711181637 0.2372720781713725
			vertex 0.18541218996047973 -0.30176295250654217 0.2320000007748605
			vertex 0.1688639624416828 -0.281249708533287 0.2372720781713725
		endloop
	endfacet
	facet normal 0.14752321766646279 0.3561524577101188 -0.9227092321616683
		outer loop
			vertex 0.18541218996047973 -0.30176295250654217 0.2320000007748605
			vertex 0.16250000059604644 -0.2922724103927612 0.23200000077486047
			vertex 0.1688639624416828 -0.281249708533287 0.2372720781713725
		endloop
	endfacet
	facet normal 0.23467549561834913 0.3058350524588921 -0.9227092350484789
		outer loop
			vertex 0.1688639624416828 -0.281249708533287 0.2372720781713725
			vertex 0.16250000059604644 -0.2922724103927612 0.23200000077486047
			vertex 0.15182485714554786 -0.2681751428544521 0.2372720781713725
		endloop
	endfacet
	facet normal 0.23467548003507313 0.3058350468307141 -0.9227092408773
		outer loop
			vertex 0.16250000059604644 -0.2922724103927612 0.23200000077486047
			vertex 0.14282485753297805 -0.2771751424670219 0.23200000077486047
			vertex 0.15182485714554786 -0.2681751428544521 0.2372720781713725
		endloop
	endfacet
	facet normal 0.3058350405956088 0.23467548651533143 -0.9227092412958022
		outer loop
			vertex 0.15182485714554786 -0.2681751428544521 0.2372720781713725
			vertex 0.14282485753297805 -0.2771751424670219 0.23200000077486047
			vertex 0.13875029146671294 -0.25113603755831715 0.2372720781713725
		endloop
	endfacet
	facet normal 0.305835057104578 0.23467548791848597 -0.9227092354669809
		outer loop
			vertex 0.14282485753297805 -0.2771751424670219 0.23200000077486047
			vertex 0.12772758960723876 -0.2574999994039535 0.23200000077486047
			vertex 0.13875029146671294 -0.25113603755831715 0.2372720781713725
		endloop
	endfacet
	facet normal 0.35615244503669885 0.14752324062860617 -0.9227092333822263
		outer loop
			vertex 0.13875029146671294 -0.25113603755831715 0.2372720781713725
			vertex 0.12772758960723876 -0.2574999994039535 0.23200000077486047
			vertex 0.13053127288818359 -0.2312935805320739 0.23727207817137247
		endloop
	endfacet
	facet normal 0.3561524926034981 0.1475232321197752 -0.9227092163825233
		outer loop
			vertex 0.12772758960723876 -0.2574999994039535 0.23200000077486047
			vertex 0.11823704749345779 -0.2345878100395202 0.23200000077486044
			vertex 0.13053127288818359 -0.2312935805320739 0.23727207817137247
		endloop
	endfacet
	facet normal 0.382198746537212 0.050317328827584634 -0.9227092091038437
		outer loop
			vertex 0.13053127288818359 -0.2312935805320739 0.23727207817137247
			vertex 0.11823704749345779 -0.2345878100395202 0.23200000077486044
			vertex 0.12772792488336562 -0.20999999999999996 0.23727207817137247
		endloop
	endfacet
	facet normal 0.3821986033423592 0.050317396032735676 -0.9227092647522483
		outer loop
			vertex 0.11823704749345779 -0.2345878100395202 0.23200000077486044
			vertex 0.11500000119209289 -0.20999999999999996 0.23200000077486044
			vertex 0.12772792488336562 -0.20999999999999996 0.23727207817137247
		endloop
	endfacet
	facet normal 0.38219860499734204 -0.050317310193540715 -0.9227092687477313
		outer loop
			vertex 0.12772792488336562 -0.20999999999999996 0.23727207817137247
			vertex 0.11500000119209289 -0.20999999999999996 0.23200000077486044
			vertex 0.13053127288818359 -0.18870641946792596 0.23727207817137247
		endloop
	endfacet
	facet normal 0.38219872591897097 -0.05031741217025115 -0.9227092130993406
		outer loop
			vertex 0.11500000119209289 -0.20999999999999996 0.23200000077486044
			vertex 0.11823704749345779 -0.18541218996047967 0.23200000077486044
			vertex 0.13053127288818359 -0.18870641946792596 0.23727207817137247
		endloop
	endfacet
	facet normal 0.35615248532826305 -0.14752325731792895 -0.9227092151619651
		outer loop
			vertex 0.13053127288818359 -0.18870641946792596 0.23727207817137247
			vertex 0.11823704749345779 -0.18541218996047967 0.23200000077486044
			vertex 0.13875029146671294 -0.16886396244168275 0.23727207817137244
		endloop
	endfacet
	facet normal 0.3561524577101188 -0.14752321766646279 -0.9227092321616683
		outer loop
			vertex 0.11823704749345779 -0.18541218996047967 0.23200000077486044
			vertex 0.12772758960723876 -0.16250000059604638 0.2320000007748604
			vertex 0.13875029146671294 -0.16886396244168275 0.23727207817137244
		endloop
	endfacet
	facet normal 0.3058350524588921 -0.23467549561834913 -0.9227092350484789
		outer loop
			vertex 0.13875029146671294 -0.16886396244168275 0.23727207817137244
			vertex 0.12772758960723876 -0.16250000059604638 0.2320000007748604
			vertex 0.15182485714554786 -0.1518248571455478 0.23727207817137244
		endloop
	endfacet
	facet normal 0.3058350468307142 -0.23467548003507355 -0.9227092408772997
		outer loop
			vertex 0.12772758960723876 -0.16250000059604638 0.2320000007748604
			vertex 0.14282485753297805 -0.14282485753297802 0.2320000007748604
			vertex 0.15182485714554786 -0.1518248571455478 0.23727207817137244
		endloop
	endfacet
	facet normal 0.23467548651533177 -0.30583504059560923 -0.9227092412958019
		outer loop
			vertex 0.15182485714554786 -0.1518248571455478 0.23727207817137244
			vertex 0.14282485753297805 -0.14282485753297802 0.2320000007748604
			vertex 0.1688639624416828 -0.1387502914667129 0.23727207817137244
		endloop
	endfacet
	facet normal 0.23467548791848628 -0.3058350571045784 -0.9227092354669805
		outer loop
			vertex 0.14282485753297805 -0.14282485753297802 0.2320000007748604
			vertex 0.16250000059604644 -0.12772758960723873 0.2320000007748604
			vertex 0.1688639624416828 -0.1387502914667129 0.23727207817137244
		endloop
	endfacet
	facet normal 0.14752324062860764 -0.3561524450366988 -0.922709233382226
		outer loop
			vertex 0.1688639624416828 -0.1387502914667129 0.23727207817137244
			vertex 0.16250000059604644 -0.12772758960723873 0.2320000007748604
			vertex 0.18870641946792602 -0.13053127288818353 0.23727207817137244
		endloop
	endfacet
	facet normal 0.14752323211977633 -0.3561524926034999 -0.9227092163825225
		outer loop
			vertex 0.16250000059604644 -0.12772758960723873 0.2320000007748604
			vertex 0.18541218996047973 -0.11823704749345774 0.23200000077486038
			vertex 0.18870641946792602 -0.13053127288818353 0.23727207817137244
		endloop
	endfacet
	facet normal 0.050317328827584926 -0.3821987465372141 -0.9227092091038428
		outer loop
			vertex 0.18870641946792602 -0.13053127288818353 0.23727207817137244
			vertex 0.18541218996047973 -0.11823704749345774 0.23200000077486038
			vertex 0.20999999999999996 -0.12772792488336557 0.23727207817137244
		endloop
	endfacet
	facet normal 0.05031739603273595 -0.3821986033423613 -0.9227092647522476
		outer loop
			vertex 0.18541218996047973 -0.11823704749345774 0.23200000077486038
			vertex 0.20999999999999996 -0.11500000119209285 0.23200000077486038
			vertex 0.20999999999999996 -0.12772792488336557 0.23727207817137244
		endloop
	endfacet
	facet normal -0.05031731019354096 -0.3821986049973441 -0.9227092687477305
		outer loop
			vertex 0.20999999999999996 -0.12772792488336557 0.23727207817137244
			vertex 0.20999999999999996 -0.11500000119209285 0.23200000077486038
			vertex 0.23129358053207397 -0.13053127288818353 0.23727207817137244
		endloop
	endfacet
	facet normal -0.05031741217025143 -0.38219872591897314 -0.9227092130993398
		outer loop
			vertex 0.20999999999999996 -0.11500000119209285 0.23200000077486038
			vertex 0.23458781003952026 -0.11823704749345774 0.23200000077486038
			vertex 0.23129358053207397 -0.13053127288818353 0.23727207817137244
		endloop
	endfacet
	facet normal -0.14752325731792879 -0.35615248532826527 -0.9227092151619642
		outer loop
			vertex 0.23129358053207397 -0.13053127288818353 0.23727207817137244
			vertex 0.23458781003952026 -0.11823704749345774 0.23200000077486038
			vertex 0.25113603755831715 -0.1387502914667129 0.23727207817137244
		endloop
	endfacet
	facet normal -0.14752321766646154 -0.35615245771012016 -0.9227092321616681
		outer loop
			vertex 0.23458781003952026 -0.11823704749345774 0.23200000077486038
			vertex 0.2574999994039535 -0.12772758960723873 0.2320000007748604
			vertex 0.25113603755831715 -0.1387502914667129 0.23727207817137244
		endloop
	endfacet
	facet normal -0.23467549561834955 -0.3058350524588926 -0.9227092350484787
		outer loop
			vertex 0.25113603755831715 -0.1387502914667129 0.23727207817137244
			vertex 0.2574999994039535 -0.12772758960723873 0.2320000007748604
			vertex 0.2681751428544521 -0.1518248571455478 0.23727207817137244
		endloop
	endfacet
	facet normal -0.2346754800350735 -0.3058350468307146 -0.9227092408772998
		outer loop
			vertex 0.2574999994039535 -0.12772758960723873 0.2320000007748604
			vertex 0.2771751424670219 -0.14282485753297802 0.2320000007748604
			vertex 0.2681751428544521 -0.1518248571455478 0.23727207817137244
		endloop
	endfacet
	facet normal -0.3058350405956092 -0.23467548651533174 -0.9227092412958021
		outer loop
			vertex 0.2681751428544521 -0.1518248571455478 0.23727207817137244
			vertex 0.2771751424670219 -0.14282485753297802 0.2320000007748604
			vertex 0.281249708533287 -0.16886396244168275 0.23727207817137244
		endloop
	endfacet
	facet normal -0.30583505710457787 -0.23467548791848622 -0.9227092354669809
		outer loop
			vertex 0.2771751424670219 -0.14282485753297802 0.2320000007748604
			vertex 0.2922724103927612 -0.16250000059604638 0.2320000007748604
			vertex 0.281249708533287 -0.16886396244168275 0.23727207817137244
		endloop
	endfacet
	facet normal -0.35615244503669763 -0.14752324062860844 -0.9227092333822263
		outer loop
			vertex 0.281249708533287 -0.16886396244168275 0.23727207817137244
			vertex 0.2922724103927612 -0.16250000059604638 0.2320000007748604
			vertex 0.28946872711181637 -0.18870641946792596 0.23727207817137247
		endloop
	endfacet
	facet normal -0.35615249260349746 -0.14752323211977733 -0.9227092163825232
		outer loop
			vertex 0.2922724103927612 -0.16250000059604638 0.2320000007748604
			vertex 0.30176295250654217 -0.18541218996047967 0.23200000077486044
			vertex 0.28946872711181637 -0.18870641946792596 0.23727207817137247
		endloop
	endfacet
	facet normal -0.382198746537212 -0.050317328827584634 -0.9227092091038437
		outer loop
			vertex 0.28946872711181637 -0.18870641946792596 0.23727207817137247
			vertex 0.30176295250654217 -0.18541218996047967 0.23200000077486044
			vertex 0.29227207511663433 -0.2099999999999999 0.23727207817137247
		endloop
	endfacet
	facet normal -0.3821986033423592 -0.050317396032735676 -0.9227092647522483
		outer loop
			vertex 0.30176295250654217 -0.18541218996047967 0.23200000077486044
			vertex 0.30499999880790707 -0.2099999999999999 0.23200000077486044
			vertex 0.29227207511663433 -0.2099999999999999 0.23727207817137247
		endloop
	endfacet
	facet normal -0.9171204900415744 0.12074134822858179 -0.3798835789736735
		outer loop
			vertex 0.28699999958276745 -0.20999999999999994 0.25000000000000006
			vertex 0.29227207511663433 -0.20999999999999994 0.23727207817137247
			vertex 0.2843762850761413 -0.2299290663003921 0.25000000000000006
		endloop
	endfacet
	facet normal -0.9171203322866069 0.12074096462175556 -0.37988408175219923
		outer loop
			vertex 0.29227207511663433 -0.20999999999999994 0.23727207817137247
			vertex 0.28946872711181637 -0.2312935805320739 0.23727207817137247
			vertex 0.2843762850761413 -0.2299290663003921 0.25000000000000006
		endloop
	endfacet
	facet normal -0.8546201216534882 0.3539951101215398 -0.37988407399497054
		outer loop
			vertex 0.2843762850761413 -0.2299290663003921 0.25000000000000006
			vertex 0.28946872711181637 -0.2312935805320739 0.23727207817137247
			vertex 0.2766839554905891 -0.24849999979138368 0.25000000000000006
		endloop
	endfacet
	facet normal -0.8546201621809374 0.3539954241181372 -0.37988369022274254
		outer loop
			vertex 0.28946872711181637 -0.2312935805320739 0.23727207817137247
			vertex 0.281249708533287 -0.25113603755831715 0.2372720781713725
			vertex 0.2766839554905891 -0.24849999979138368 0.25000000000000006
		endloop
	endfacet
	facet normal -0.7338790565810243 0.5631251425721401 -0.37988367181921984
		outer loop
			vertex 0.2766839554905891 -0.24849999979138368 0.25000000000000006
			vertex 0.281249708533287 -0.25113603755831715 0.2372720781713725
			vertex 0.26444722250103947 -0.26444722250103947 0.25000000000000006
		endloop
	endfacet
	facet normal -0.7338790471072191 0.5631252131472317 -0.3798835855033551
		outer loop
			vertex 0.281249708533287 -0.25113603755831715 0.2372720781713725
			vertex 0.2681751428544521 -0.2681751428544521 0.2372720781713725
			vertex 0.26444722250103947 -0.26444722250103947 0.25000000000000006
		endloop
	endfacet
	facet normal -0.5631251648653859 0.7338790856341486 -0.3798835826462075
		outer loop
			vertex 0.26444722250103947 -0.26444722250103947 0.25000000000000006
			vertex 0.2681751428544521 -0.2681751428544521 0.2372720781713725
			vertex 0.24849999979138374 -0.2766839554905891 0.25000000000000006
		endloop
	endfacet
	facet normal -0.5631251922825599 0.73387901991585 -0.379883668962067
		outer loop
			vertex 0.2681751428544521 -0.2681751428544521 0.2372720781713725
			vertex 0.25113603755831715 -0.281249708533287 0.2372720781713725
			vertex 0.24849999979138374 -0.2766839554905891 0.25000000000000006
		endloop
	endfacet
	facet normal -0.3539951724302766 0.8546202720801402 -0.3798836775194821
		outer loop
			vertex 0.24849999979138374 -0.2766839554905891 0.25000000000000006
			vertex 0.25113603755831715 -0.281249708533287 0.2372720781713725
			vertex 0.22992906630039214 -0.2843762850761413 0.2500000000000001
		endloop
	endfacet
	facet normal -0.3539953658021714 0.8546200213938028 -0.37988406129165664
		outer loop
			vertex 0.25113603755831715 -0.281249708533287 0.2372720781713725
			vertex 0.23129358053207397 -0.28946872711181637 0.2372720781713725
			vertex 0.22992906630039214 -0.2843762850761413 0.2500000000000001
		endloop
	endfacet
	facet normal -0.12074132038592131 0.9171202785558258 -0.37988409839469367
		outer loop
			vertex 0.22992906630039214 -0.2843762850761413 0.2500000000000001
			vertex 0.23129358053207397 -0.28946872711181637 0.2372720781713725
			vertex 0.21 -0.28699999958276745 0.2500000000000001
		endloop
	endfacet
	facet normal -0.12074099068015456 0.9171205302201554 -0.3798835956161785
		outer loop
			vertex 0.23129358053207397 -0.28946872711181637 0.2372720781713725
			vertex 0.21 -0.29227207511663433 0.2372720781713725
			vertex 0.21 -0.28699999958276745 0.2500000000000001
		endloop
	endfacet
	facet normal 0.1207413482285818 0.9171204900415745 -0.3798835789736727
		outer loop
			vertex 0.21 -0.28699999958276745 0.2500000000000001
			vertex 0.21 -0.29227207511663433 0.2372720781713725
			vertex 0.19007093369960784 -0.2843762850761413 0.2500000000000001
		endloop
	endfacet
	facet normal 0.12074096462175558 0.9171203322866073 -0.3798840817521985
		outer loop
			vertex 0.21 -0.29227207511663433 0.2372720781713725
			vertex 0.18870641946792602 -0.28946872711181637 0.2372720781713725
			vertex 0.19007093369960784 -0.2843762850761413 0.2500000000000001
		endloop
	endfacet
	facet normal 0.3539951101215408 0.854620121653488 -0.37988407399496976
		outer loop
			vertex 0.19007093369960784 -0.2843762850761413 0.2500000000000001
			vertex 0.18870641946792602 -0.28946872711181637 0.2372720781713725
			vertex 0.17150000020861625 -0.2766839554905891 0.25000000000000006
		endloop
	endfacet
	facet normal 0.35399542411813817 0.8546201621809374 -0.37988369022274193
		outer loop
			vertex 0.18870641946792602 -0.28946872711181637 0.2372720781713725
			vertex 0.1688639624416828 -0.281249708533287 0.2372720781713725
			vertex 0.17150000020861625 -0.2766839554905891 0.25000000000000006
		endloop
	endfacet
	facet normal 0.563125142572141 0.7338790565810243 -0.37988367181921884
		outer loop
			vertex 0.17150000020861625 -0.2766839554905891 0.25000000000000006
			vertex 0.1688639624416828 -0.281249708533287 0.2372720781713725
			vertex 0.1555527774989605 -0.26444722250103947 0.25000000000000006
		endloop
	endfacet
	facet normal 0.5631252131472317 0.7338790471072191 -0.3798835855033551
		outer loop
			vertex 0.1688639624416828 -0.281249708533287 0.2372720781713725
			vertex 0.15182485714554786 -0.2681751428544521 0.2372720781713725
			vertex 0.1555527774989605 -0.26444722250103947 0.25000000000000006
		endloop
	endfacet
	facet normal 0.7338790856341496 0.5631251648653847 -0.3798835826462075
		outer loop
			vertex 0.1555527774989605 -0.26444722250103947 0.25000000000000006
			vertex 0.15182485714554786 -0.2681751428544521 0.2372720781713725
			vertex 0.14331604450941085 -0.24849999979138368 0.25000000000000006
		endloop
	endfacet
	facet normal 0.7338790199158494 0.5631251922825594 -0.3798836689620691
		outer loop
			vertex 0.15182485714554786 -0.2681751428544521 0.2372720781713725
			vertex 0.13875029146671294 -0.25113603755831715 0.2372720781713725
			vertex 0.14331604450941085 -0.24849999979138368 0.25000000000000006
		endloop
	endfacet
	facet normal 0.8546202720801402 0.35399517243027545 -0.37988367751948326
		outer loop
			vertex 0.14331604450941085 -0.24849999979138368 0.25000000000000006
			vertex 0.13875029146671294 -0.25113603755831715 0.2372720781713725
			vertex 0.13562371492385863 -0.2299290663003921 0.25000000000000006
		endloop
	endfacet
	facet normal 0.8546200213938031 0.35399536580217 -0.37988406129165736
		outer loop
			vertex 0.13875029146671294 -0.25113603755831715 0.2372720781713725
			vertex 0.13053127288818359 -0.2312935805320739 0.23727207817137247
			vertex 0.13562371492385863 -0.2299290663003921 0.25000000000000006
		endloop
	endfacet
	facet normal 0.9171202785558255 0.12074132038592128 -0.37988409839469434
		outer loop
			vertex 0.13562371492385863 -0.2299290663003921 0.25000000000000006
			vertex 0.13053127288818359 -0.2312935805320739 0.23727207817137247
			vertex 0.1330000004172325 -0.20999999999999994 0.25000000000000006
		endloop
	endfacet
	facet normal 0.9171205302201548 0.12074099068015468 -0.3798835956161794
		outer loop
			vertex 0.13053127288818359 -0.2312935805320739 0.23727207817137247
			vertex 0.12772792488336562 -0.20999999999999996 0.23727207817137247
			vertex 0.1330000004172325 -0.20999999999999994 0.25000000000000006
		endloop
	endfacet
	facet normal 0.9171204900415744 -0.1207413482285818 -0.3798835789736732
		outer loop
			vertex 0.1330000004172325 -0.20999999999999994 0.25000000000000006
			vertex 0.12772792488336562 -0.20999999999999996 0.23727207817137247
			vertex 0.13562371492385863 -0.19007093369960779 0.25000000000000006
		endloop
	endfacet
	facet normal 0.917120332286607 -0.12074096462175539 -0.3798840817521992
		outer loop
			vertex 0.12772792488336562 -0.20999999999999996 0.23727207817137247
			vertex 0.13053127288818359 -0.18870641946792596 0.23727207817137247
			vertex 0.13562371492385863 -0.19007093369960779 0.25000000000000006
		endloop
	endfacet
	facet normal 0.8546201216534882 -0.3539951101215398 -0.37988407399497054
		outer loop
			vertex 0.13562371492385863 -0.19007093369960779 0.25000000000000006
			vertex 0.13053127288818359 -0.18870641946792596 0.23727207817137247
			vertex 0.14331604450941085 -0.1715000002086162 0.25000000000000006
		endloop
	endfacet
	facet normal 0.8546201621809375 -0.3539954241181388 -0.37988369022274043
		outer loop
			vertex 0.13053127288818359 -0.18870641946792596 0.23727207817137247
			vertex 0.13875029146671294 -0.16886396244168275 0.23727207817137244
			vertex 0.14331604450941085 -0.1715000002086162 0.25000000000000006
		endloop
	endfacet
	facet normal 0.7338790565810247 -0.5631251425721412 -0.37988367181921734
		outer loop
			vertex 0.14331604450941085 -0.1715000002086162 0.25000000000000006
			vertex 0.13875029146671294 -0.16886396244168275 0.23727207817137244
			vertex 0.1555527774989605 -0.15555277749896043 0.25000000000000006
		endloop
	endfacet
	facet normal 0.7338790471072195 -0.5631252131472321 -0.3798835855033537
		outer loop
			vertex 0.13875029146671294 -0.16886396244168275 0.23727207817137244
			vertex 0.15182485714554786 -0.1518248571455478 0.23727207817137244
			vertex 0.1555527774989605 -0.15555277749896043 0.25000000000000006
		endloop
	endfacet
	facet normal 0.5631251648653848 -0.7338790856341503 -0.37988358264620603
		outer loop
			vertex 0.1555527774989605 -0.15555277749896043 0.25000000000000006
			vertex 0.15182485714554786 -0.1518248571455478 0.23727207817137244
			vertex 0.17150000020861625 -0.1433160445094108 0.25
		endloop
	endfacet
	facet normal 0.5631251922825598 -0.7338790199158497 -0.3798836689620681
		outer loop
			vertex 0.15182485714554786 -0.1518248571455478 0.23727207817137244
			vertex 0.1688639624416828 -0.1387502914667129 0.23727207817137244
			vertex 0.17150000020861625 -0.1433160445094108 0.25
		endloop
	endfacet
	facet normal 0.35399517243027556 -0.8546202720801405 -0.3798836775194827
		outer loop
			vertex 0.17150000020861625 -0.1433160445094108 0.25
			vertex 0.1688639624416828 -0.1387502914667129 0.23727207817137244
			vertex 0.19007093369960784 -0.13562371492385858 0.25
		endloop
	endfacet
	facet normal 0.3539953658021707 -0.8546200213938023 -0.379884061291658
		outer loop
			vertex 0.1688639624416828 -0.1387502914667129 0.23727207817137244
			vertex 0.18870641946792602 -0.13053127288818353 0.23727207817137244
			vertex 0.19007093369960784 -0.13562371492385858 0.25
		endloop
	endfacet
	facet normal 0.12074132038592142 -0.9171202785558251 -0.37988409839469506
		outer loop
			vertex 0.19007093369960784 -0.13562371492385858 0.25
			vertex 0.18870641946792602 -0.13053127288818353 0.23727207817137244
			vertex 0.20999999999999996 -0.13300000041723245 0.25
		endloop
	endfacet
	facet normal 0.12074099068015463 -0.9171205302201546 -0.3798835956161798
		outer loop
			vertex 0.18870641946792602 -0.13053127288818353 0.23727207817137244
			vertex 0.20999999999999996 -0.12772792488336557 0.23727207817137244
			vertex 0.20999999999999996 -0.13300000041723245 0.25
		endloop
	endfacet
	facet normal -0.1207413482285816 -0.9171204900415739 -0.37988357897367414
		outer loop
			vertex 0.20999999999999996 -0.13300000041723245 0.25
			vertex 0.20999999999999996 -0.12772792488336557 0.23727207817137244
			vertex 0.22992906630039214 -0.13562371492385858 0.25
		endloop
	endfacet
	facet normal -0.12074096462175538 -0.9171203322866067 -0.3798840817521999
		outer loop
			vertex 0.20999999999999996 -0.12772792488336557 0.23727207817137244
			vertex 0.23129358053207397 -0.13053127288818353 0.23727207817137244
			vertex 0.22992906630039214 -0.13562371492385858 0.25
		endloop
	endfacet
	facet normal -0.35399511012153967 -0.8546201216534879 -0.3798840739949712
		outer loop
			vertex 0.22992906630039214 -0.13562371492385858 0.25
			vertex 0.23129358053207397 -0.13053127288818353 0.23727207817137244
			vertex 0.24849999979138374 -0.1433160445094108 0.25
		endloop
	endfacet
	facet normal -0.3539954241181387 -0.8546201621809373 -0.3798836902227413
		outer loop
			vertex 0.23129358053207397 -0.13053127288818353 0.23727207817137244
			vertex 0.25113603755831715 -0.1387502914667129 0.23727207817137244
			vertex 0.24849999979138374 -0.1433160445094108 0.25
		endloop
	endfacet
	facet normal -0.5631251425721409 -0.7338790565810247 -0.3798836718192177
		outer loop
			vertex 0.24849999979138374 -0.1433160445094108 0.25
			vertex 0.25113603755831715 -0.1387502914667129 0.23727207817137244
			vertex 0.26444722250103947 -0.15555277749896043 0.25000000000000006
		endloop
	endfacet
	facet normal -0.5631252131472321 -0.7338790471072195 -0.3798835855033537
		outer loop
			vertex 0.25113603755831715 -0.1387502914667129 0.23727207817137244
			vertex 0.2681751428544521 -0.1518248571455478 0.23727207817137244
			vertex 0.26444722250103947 -0.15555277749896043 0.25000000000000006
		endloop
	endfacet
	facet normal -0.7338790856341496 -0.5631251648653856 -0.3798835826462061
		outer loop
			vertex 0.26444722250103947 -0.15555277749896043 0.25000000000000006
			vertex 0.2681751428544521 -0.1518248571455478 0.23727207817137244
			vertex 0.2766839554905891 -0.1715000002086162 0.25000000000000006
		endloop
	endfacet
	facet normal -0.7338790199158501 -0.56312519228256 -0.37988366896206666
		outer loop
			vertex 0.2681751428544521 -0.1518248571455478 0.23727207817137244
			vertex 0.281249708533287 -0.16886396244168275 0.23727207817137244
			vertex 0.2766839554905891 -0.1715000002086162 0.25000000000000006
		endloop
	endfacet
	facet normal -0.854620272080141 -0.3539951724302758 -0.3798836775194813
		outer loop
			vertex 0.2766839554905891 -0.1715000002086162 0.25000000000000006
			vertex 0.281249708533287 -0.16886396244168275 0.23727207817137244
			vertex 0.2843762850761413 -0.19007093369960779 0.25000000000000006
		endloop
	endfacet
	facet normal -0.8546200213938026 -0.3539953658021714 -0.3798840612916574
		outer loop
			vertex 0.281249708533287 -0.16886396244168275 0.23727207817137244
			vertex 0.28946872711181637 -0.18870641946792596 0.23727207817137247
			vertex 0.2843762850761413 -0.19007093369960779 0.25000000000000006
		endloop
	endfacet
	facet normal -0.9171202785558253 -0.12074132038592145 -0.37988409839469434
		outer loop
			vertex 0.2843762850761413 -0.19007093369960779 0.25000000000000006
			vertex 0.28946872711181637 -0.18870641946792596 0.23727207817137247
			vertex 0.28699999958276745 -0.2099999999999999 0.25000000000000006
		endloop
	endfacet
	facet normal -0.917120530220155 -0.1207409906801547 -0.37988359561617924
		outer loop
			vertex 0.28946872711181637 -0.18870641946792596 0.23727207817137247
			vertex 0.29227207511663433 -0.2099999999999999 0.23727207817137247
			vertex 0.28699999958276745 -0.2099999999999999 0.25000000000000006
		endloop
	endfacet
	facet normal -0.917120530220155 0.12074099068015454 0.37988359561617924
		outer loop
			vertex 0.29227207511663433 -0.20999999999999994 0.26272792182862764
			vertex 0.28699999958276745 -0.20999999999999994 0.25000000000000006
			vertex 0.28946872711181637 -0.2312935805320739 0.26272792182862764
		endloop
	endfacet
	facet normal -0.9171202785558255 0.12074132038592128 0.37988409839469434
		outer loop
			vertex 0.28699999958276745 -0.20999999999999994 0.25000000000000006
			vertex 0.2843762850761413 -0.2299290663003921 0.25000000000000006
			vertex 0.28946872711181637 -0.2312935805320739 0.26272792182862764
		endloop
	endfacet
	facet normal -0.8546200213938026 0.35399536580217134 0.3798840612916574
		outer loop
			vertex 0.28946872711181637 -0.2312935805320739 0.26272792182862764
			vertex 0.2843762850761413 -0.2299290663003921 0.25000000000000006
			vertex 0.281249708533287 -0.2511360375583171 0.26272792182862764
		endloop
	endfacet
	facet normal -0.854620272080141 0.3539951724302758 0.3798836775194813
		outer loop
			vertex 0.2843762850761413 -0.2299290663003921 0.25000000000000006
			vertex 0.2766839554905891 -0.24849999979138368 0.25000000000000006
			vertex 0.281249708533287 -0.2511360375583171 0.26272792182862764
		endloop
	endfacet
	facet normal -0.7338790199158503 0.5631251922825602 0.3798836689620664
		outer loop
			vertex 0.281249708533287 -0.2511360375583171 0.26272792182862764
			vertex 0.2766839554905891 -0.24849999979138368 0.25000000000000006
			vertex 0.2681751428544521 -0.26817514285445204 0.26272792182862764
		endloop
	endfacet
	facet normal -0.7338790856341506 0.5631251648653853 0.37988358264620464
		outer loop
			vertex 0.2766839554905891 -0.24849999979138368 0.25000000000000006
			vertex 0.26444722250103947 -0.26444722250103947 0.25000000000000006
			vertex 0.2681751428544521 -0.26817514285445204 0.26272792182862764
		endloop
	endfacet
	facet normal -0.5631252131472333 0.7338790471072196 0.3798835855033517
		outer loop
			vertex 0.2681751428544521 -0.26817514285445204 0.26272792182862764
			vertex 0.26444722250103947 -0.26444722250103947 0.25000000000000006
			vertex 0.25113603755831715 -0.281249708533287 0.2627279218286277
		endloop
	endfacet
	facet normal -0.5631251425721423 0.7338790565810248 0.3798836718192156
		outer loop
			vertex 0.26444722250103947 -0.26444722250103947 0.25000000000000006
			vertex 0.24849999979138374 -0.2766839554905891 0.25000000000000006
			vertex 0.25113603755831715 -0.281249708533287 0.2627279218286277
		endloop
	endfacet
	facet normal -0.35399542411813906 0.8546201621809381 0.3798836902227391
		outer loop
			vertex 0.25113603755831715 -0.281249708533287 0.2627279218286277
			vertex 0.24849999979138374 -0.2766839554905891 0.25000000000000006
			vertex 0.23129358053207397 -0.28946872711181637 0.2627279218286277
		endloop
	endfacet
	facet normal -0.3539951101215388 0.8546201216534886 0.37988407399497054
		outer loop
			vertex 0.24849999979138374 -0.2766839554905891 0.25000000000000006
			vertex 0.22992906630039214 -0.2843762850761413 0.2500000000000001
			vertex 0.23129358053207397 -0.28946872711181637 0.2627279218286277
		endloop
	endfacet
	facet normal -0.12074096462175556 0.9171203322866069 0.37988408175219923
		outer loop
			vertex 0.23129358053207397 -0.28946872711181637 0.2627279218286277
			vertex 0.22992906630039214 -0.2843762850761413 0.2500000000000001
			vertex 0.21 -0.29227207511663433 0.2627279218286277
		endloop
	endfacet
	facet normal -0.12074134822858179 0.9171204900415744 0.3798835789736735
		outer loop
			vertex 0.22992906630039214 -0.2843762850761413 0.2500000000000001
			vertex 0.21 -0.28699999958276745 0.2500000000000001
			vertex 0.21 -0.29227207511663433 0.2627279218286277
		endloop
	endfacet
	facet normal 0.12074099068015454 0.917120530220155 0.37988359561617924
		outer loop
			vertex 0.21 -0.29227207511663433 0.2627279218286277
			vertex 0.21 -0.28699999958276745 0.2500000000000001
			vertex 0.18870641946792602 -0.28946872711181637 0.2627279218286277
		endloop
	endfacet
	facet normal 0.12074132038592128 0.9171202785558255 0.37988409839469434
		outer loop
			vertex 0.21 -0.28699999958276745 0.2500000000000001
			vertex 0.19007093369960784 -0.2843762850761413 0.2500000000000001
			vertex 0.18870641946792602 -0.28946872711181637 0.2627279218286277
		endloop
	endfacet
	facet normal 0.35399536580217095 0.8546200213938028 0.3798840612916574
		outer loop
			vertex 0.18870641946792602 -0.28946872711181637 0.2627279218286277
			vertex 0.19007093369960784 -0.2843762850761413 0.2500000000000001
			vertex 0.1688639624416828 -0.281249708533287 0.2627279218286277
		endloop
	endfacet
	facet normal 0.35399517243027495 0.8546202720801417 0.37988367751948054
		outer loop
			vertex 0.19007093369960784 -0.2843762850761413 0.2500000000000001
			vertex 0.17150000020861625 -0.2766839554905891 0.25000000000000006
			vertex 0.1688639624416828 -0.281249708533287 0.2627279218286277
		endloop
	endfacet
	facet normal 0.563125192282561 0.7338790199158498 0.379883668962066
		outer loop
			vertex 0.1688639624416828 -0.281249708533287 0.2627279218286277
			vertex 0.17150000020861625 -0.2766839554905891 0.25000000000000006
			vertex 0.15182485714554786 -0.26817514285445204 0.26272792182862764
		endloop
	endfacet
	facet normal 0.5631251648653861 0.7338790856341503 0.379883582646204
		outer loop
			vertex 0.17150000020861625 -0.2766839554905891 0.25000000000000006
			vertex 0.1555527774989605 -0.26444722250103947 0.25000000000000006
			vertex 0.15182485714554786 -0.26817514285445204 0.26272792182862764
		endloop
	endfacet
	facet normal 0.7338790471072201 0.5631252131472325 0.3798835855033523
		outer loop
			vertex 0.15182485714554786 -0.26817514285445204 0.26272792182862764
			vertex 0.1555527774989605 -0.26444722250103947 0.25000000000000006
			vertex 0.13875029146671294 -0.2511360375583171 0.26272792182862764
		endloop
	endfacet
	facet normal 0.7338790565810253 0.5631251425721407 0.3798836718192171
		outer loop
			vertex 0.1555527774989605 -0.26444722250103947 0.25000000000000006
			vertex 0.14331604450941085 -0.24849999979138368 0.25000000000000006
			vertex 0.13875029146671294 -0.2511360375583171 0.26272792182862764
		endloop
	endfacet
	facet normal 0.8546201621809376 0.3539954241181388 0.37988369022274054
		outer loop
			vertex 0.13875029146671294 -0.2511360375583171 0.26272792182862764
			vertex 0.14331604450941085 -0.24849999979138368 0.25000000000000006
			vertex 0.13053127288818359 -0.2312935805320739 0.26272792182862764
		endloop
	endfacet
	facet normal 0.8546201216534882 0.3539951101215398 0.37988407399497054
		outer loop
			vertex 0.14331604450941085 -0.24849999979138368 0.25000000000000006
			vertex 0.13562371492385863 -0.2299290663003921 0.25000000000000006
			vertex 0.13053127288818359 -0.2312935805320739 0.26272792182862764
		endloop
	endfacet
	facet normal 0.9171203322866069 0.12074096462175556 0.37988408175219923
		outer loop
			vertex 0.13053127288818359 -0.2312935805320739 0.26272792182862764
			vertex 0.13562371492385863 -0.2299290663003921 0.25000000000000006
			vertex 0.12772792488336562 -0.20999999999999994 0.26272792182862764
		endloop
	endfacet
	facet normal 0.9171204900415744 0.12074134822858179 0.3798835789736735
		outer loop
			vertex 0.13562371492385863 -0.2299290663003921 0.25000000000000006
			vertex 0.1330000004172325 -0.20999999999999994 0.25000000000000006
			vertex 0.12772792488336562 -0.20999999999999994 0.26272792182862764
		endloop
	endfacet
	facet normal 0.917120530220155 -0.12074099068015454 0.37988359561617924
		outer loop
			vertex 0.12772792488336562 -0.20999999999999994 0.26272792182862764
			vertex 0.1330000004172325 -0.20999999999999994 0.25000000000000006
			vertex 0.13053127288818359 -0.18870641946792596 0.26272792182862764
		endloop
	endfacet
	facet normal 0.9171202785558255 -0.12074132038592128 0.37988409839469434
		outer loop
			vertex 0.1330000004172325 -0.20999999999999994 0.25000000000000006
			vertex 0.13562371492385863 -0.19007093369960779 0.25000000000000006
			vertex 0.13053127288818359 -0.18870641946792596 0.26272792182862764
		endloop
	endfacet
	facet normal 0.8546200213938028 -0.35399536580217095 0.3798840612916574
		outer loop
			vertex 0.13053127288818359 -0.18870641946792596 0.26272792182862764
			vertex 0.13562371492385863 -0.19007093369960779 0.25000000000000006
			vertex 0.13875029146671294 -0.16886396244168275 0.26272792182862764
		endloop
	endfacet
	facet normal 0.8546202720801407 -0.3539951724302757 0.379883677519482
		outer loop
			vertex 0.13562371492385863 -0.19007093369960779 0.25000000000000006
			vertex 0.14331604450941085 -0.1715000002086162 0.25000000000000006
			vertex 0.13875029146671294 -0.16886396244168275 0.26272792182862764
		endloop
	endfacet
	facet normal 0.73387901991585 -0.5631251922825599 0.3798836689620674
		outer loop
			vertex 0.13875029146671294 -0.16886396244168275 0.26272792182862764
			vertex 0.14331604450941085 -0.1715000002086162 0.25000000000000006
			vertex 0.15182485714554786 -0.1518248571455478 0.26272792182862764
		endloop
	endfacet
	facet normal 0.7338790856341494 -0.5631251648653853 0.37988358264620675
		outer loop
			vertex 0.14331604450941085 -0.1715000002086162 0.25000000000000006
			vertex 0.1555527774989605 -0.15555277749896043 0.25000000000000006
			vertex 0.15182485714554786 -0.1518248571455478 0.26272792182862764
		endloop
	endfacet
	facet normal 0.5631252131472329 -0.7338790471072187 0.3798835855033545
		outer loop
			vertex 0.15182485714554786 -0.1518248571455478 0.26272792182862764
			vertex 0.1555527774989605 -0.15555277749896043 0.25000000000000006
			vertex 0.1688639624416828 -0.1387502914667129 0.2627279218286276
		endloop
	endfacet
	facet normal 0.5631251425721419 -0.7338790565810239 0.379883671819218
		outer loop
			vertex 0.1555527774989605 -0.15555277749896043 0.25000000000000006
			vertex 0.17150000020861625 -0.1433160445094108 0.25
			vertex 0.1688639624416828 -0.1387502914667129 0.2627279218286276
		endloop
	endfacet
	facet normal 0.3539954241181383 -0.8546201621809375 0.37988369022274115
		outer loop
			vertex 0.1688639624416828 -0.1387502914667129 0.2627279218286276
			vertex 0.17150000020861625 -0.1433160445094108 0.25
			vertex 0.18870641946792602 -0.13053127288818353 0.2627279218286276
		endloop
	endfacet
	facet normal 0.3539951101215398 -0.8546201216534882 0.37988407399497054
		outer loop
			vertex 0.17150000020861625 -0.1433160445094108 0.25
			vertex 0.19007093369960784 -0.13562371492385858 0.25
			vertex 0.18870641946792602 -0.13053127288818353 0.2627279218286276
		endloop
	endfacet
	facet normal 0.12074096462175574 -0.917120332286607 0.37988408175219934
		outer loop
			vertex 0.18870641946792602 -0.13053127288818353 0.2627279218286276
			vertex 0.19007093369960784 -0.13562371492385858 0.25
			vertex 0.20999999999999996 -0.12772792488336557 0.2627279218286276
		endloop
	endfacet
	facet normal 0.12074134822858197 -0.9171204900415743 0.3798835789736734
		outer loop
			vertex 0.19007093369960784 -0.13562371492385858 0.25
			vertex 0.20999999999999996 -0.13300000041723245 0.25
			vertex 0.20999999999999996 -0.12772792488336557 0.2627279218286276
		endloop
	endfacet
	facet normal -0.12074099068015436 -0.917120530220155 0.3798835956161792
		outer loop
			vertex 0.20999999999999996 -0.12772792488336557 0.2627279218286276
			vertex 0.20999999999999996 -0.13300000041723245 0.25
			vertex 0.23129358053207397 -0.13053127288818353 0.2627279218286276
		endloop
	endfacet
	facet normal -0.1207413203859211 -0.9171202785558255 0.3798840983946942
		outer loop
			vertex 0.20999999999999996 -0.13300000041723245 0.25
			vertex 0.22992906630039214 -0.13562371492385858 0.25
			vertex 0.23129358053207397 -0.13053127288818353 0.2627279218286276
		endloop
	endfacet
	facet normal -0.35399536580217134 -0.8546200213938026 0.3798840612916574
		outer loop
			vertex 0.23129358053207397 -0.13053127288818353 0.2627279218286276
			vertex 0.22992906630039214 -0.13562371492385858 0.25
			vertex 0.25113603755831715 -0.1387502914667129 0.2627279218286276
		endloop
	endfacet
	facet normal -0.3539951724302758 -0.854620272080141 0.3798836775194813
		outer loop
			vertex 0.22992906630039214 -0.13562371492385858 0.25
			vertex 0.24849999979138374 -0.1433160445094108 0.25
			vertex 0.25113603755831715 -0.1387502914667129 0.2627279218286276
		endloop
	endfacet
	facet normal -0.563125192282561 -0.7338790199158497 0.3798836689620663
		outer loop
			vertex 0.25113603755831715 -0.1387502914667129 0.2627279218286276
			vertex 0.24849999979138374 -0.1433160445094108 0.25
			vertex 0.2681751428544521 -0.1518248571455478 0.26272792182862764
		endloop
	endfacet
	facet normal -0.5631251648653869 -0.7338790856341483 0.3798835826462068
		outer loop
			vertex 0.24849999979138374 -0.1433160445094108 0.25
			vertex 0.26444722250103947 -0.15555277749896043 0.25000000000000006
			vertex 0.2681751428544521 -0.1518248571455478 0.26272792182862764
		endloop
	endfacet
	facet normal -0.7338790471072194 -0.563125213147232 0.37988358550335444
		outer loop
			vertex 0.2681751428544521 -0.1518248571455478 0.26272792182862764
			vertex 0.26444722250103947 -0.15555277749896043 0.25000000000000006
			vertex 0.281249708533287 -0.16886396244168275 0.26272792182862764
		endloop
	endfacet
	facet normal -0.7338790565810245 -0.5631251425721411 0.37988367181921806
		outer loop
			vertex 0.26444722250103947 -0.15555277749896043 0.25000000000000006
			vertex 0.2766839554905891 -0.1715000002086162 0.25000000000000006
			vertex 0.281249708533287 -0.16886396244168275 0.26272792182862764
		endloop
	endfacet
	facet normal -0.8546201621809375 -0.3539954241181383 0.37988369022274115
		outer loop
			vertex 0.281249708533287 -0.16886396244168275 0.26272792182862764
			vertex 0.2766839554905891 -0.1715000002086162 0.25000000000000006
			vertex 0.28946872711181637 -0.18870641946792596 0.26272792182862764
		endloop
	endfacet
	facet normal -0.8546201216534882 -0.3539951101215398 0.37988407399497054
		outer loop
			vertex 0.2766839554905891 -0.1715000002086162 0.25000000000000006
			vertex 0.2843762850761413 -0.19007093369960779 0.25000000000000006
			vertex 0.28946872711181637 -0.18870641946792596 0.26272792182862764
		endloop
	endfacet
	facet normal -0.917120332286607 -0.12074096462175574 0.37988408175219934
		outer loop
			vertex 0.28946872711181637 -0.18870641946792596 0.26272792182862764
			vertex 0.2843762850761413 -0.19007093369960779 0.25000000000000006
			vertex 0.29227207511663433 -0.2099999999999999 0.26272792182862764
		endloop
	endfacet
	facet normal -0.9171204900415743 -0.12074134822858197 0.3798835789736734
		outer loop
			vertex 0.2843762850761413 -0.19007093369960779 0.25000000000000006
			vertex 0.28699999958276745 -0.2099999999999999 0.25000000000000006
			vertex 0.29227207511663433 -0.2099999999999999 0.26272792182862764
		endloop
	endfacet
	facet normal -0.3821986033423592 0.05031739603273562 0.9227092647522485
		outer loop
			vertex 0.30499999880790707 -0.20999999999999994 0.2679999992251397
			vertex 0.29227207511663433 -0.20999999999999994 0.26272792182862764
			vertex 0.30176295250654217 -0.2345878100395202 0.2679999992251397
		endloop
	endfacet
	facet normal -0.382198746537212 0.05031732882758457 0.9227092091038437
		outer loop
			vertex 0.29227207511663433 -0.20999999999999994 0.26272792182862764
			vertex 0.28946872711181637 -0.2312935805320739 0.26272792182862764
			vertex 0.30176295250654217 -0.2345878100395202 0.2679999992251397
		endloop
	endfacet
	facet normal -0.35615249260349774 0.1475232321197765 0.9227092163825232
		outer loop
			vertex 0.30176295250654217 -0.2345878100395202 0.2679999992251397
			vertex 0.28946872711181637 -0.2312935805320739 0.26272792182862764
			vertex 0.2922724103927612 -0.25749999940395346 0.2679999992251397
		endloop
	endfacet
	facet normal -0.35615244503669813 0.14752324062860758 0.9227092333822263
		outer loop
			vertex 0.28946872711181637 -0.2312935805320739 0.26272792182862764
			vertex 0.281249708533287 -0.2511360375583171 0.26272792182862764
			vertex 0.2922724103927612 -0.25749999940395346 0.2679999992251397
		endloop
	endfacet
	facet normal -0.3058350571045769 0.23467548791848775 0.9227092354669808
		outer loop
			vertex 0.2922724103927612 -0.25749999940395346 0.2679999992251397
			vertex 0.281249708533287 -0.2511360375583171 0.26272792182862764
			vertex 0.2771751424670219 -0.27717514246702185 0.26799999922513973
		endloop
	endfacet
	facet normal -0.30583504059561145 0.23467548651533351 0.9227092412958007
		outer loop
			vertex 0.281249708533287 -0.2511360375583171 0.26272792182862764
			vertex 0.2681751428544521 -0.26817514285445204 0.26272792182862764
			vertex 0.2771751424670219 -0.27717514246702185 0.26799999922513973
		endloop
	endfacet
	facet normal -0.2346754800350752 0.30583504683071683 0.9227092408772986
		outer loop
			vertex 0.2771751424670219 -0.27717514246702185 0.26799999922513973
			vertex 0.2681751428544521 -0.26817514285445204 0.26272792182862764
			vertex 0.2574999994039535 -0.29227241039276114 0.26799999922513973
		endloop
	endfacet
	facet normal -0.23467549561834852 0.30583505245889386 0.9227092350484786
		outer loop
			vertex 0.2681751428544521 -0.26817514285445204 0.26272792182862764
			vertex 0.25113603755831715 -0.281249708533287 0.2627279218286277
			vertex 0.2574999994039535 -0.29227241039276114 0.26799999922513973
		endloop
	endfacet
	facet normal -0.1475232176664625 0.35615245771012044 0.9227092321616679
		outer loop
			vertex 0.2574999994039535 -0.29227241039276114 0.26799999922513973
			vertex 0.25113603755831715 -0.281249708533287 0.2627279218286277
			vertex 0.23458781003952026 -0.3017629525065421 0.26799999922513973
		endloop
	endfacet
	facet normal -0.14752325731792848 0.35615248532826455 0.9227092151619646
		outer loop
			vertex 0.25113603755831715 -0.281249708533287 0.2627279218286277
			vertex 0.23129358053207397 -0.28946872711181637 0.2627279218286277
			vertex 0.23458781003952026 -0.3017629525065421 0.26799999922513973
		endloop
	endfacet
	facet normal -0.050317412170251395 0.38219872591897247 0.9227092130993402
		outer loop
			vertex 0.23458781003952026 -0.3017629525065421 0.26799999922513973
			vertex 0.23129358053207397 -0.28946872711181637 0.2627279218286277
			vertex 0.21 -0.304999998807907 0.26799999922513973
		endloop
	endfacet
	facet normal -0.05031731019354098 0.3821986049973435 0.9227092687477307
		outer loop
			vertex 0.23129358053207397 -0.28946872711181637 0.2627279218286277
			vertex 0.21 -0.29227207511663433 0.2627279218286277
			vertex 0.21 -0.304999998807907 0.26799999922513973
		endloop
	endfacet
	facet normal 0.05031739603273579 0.38219860334236067 0.9227092647522479
		outer loop
			vertex 0.21 -0.304999998807907 0.26799999922513973
			vertex 0.21 -0.29227207511663433 0.2627279218286277
			vertex 0.18541218996047973 -0.3017629525065421 0.26799999922513973
		endloop
	endfacet
	facet normal 0.050317328827584766 0.3821987465372135 0.9227092091038431
		outer loop
			vertex 0.21 -0.29227207511663433 0.2627279218286277
			vertex 0.18870641946792602 -0.28946872711181637 0.2627279218286277
			vertex 0.18541218996047973 -0.3017629525065421 0.26799999922513973
		endloop
	endfacet
	facet normal 0.14752323211977683 0.356152492603499 0.9227092163825227
		outer loop
			vertex 0.18541218996047973 -0.3017629525065421 0.26799999922513973
			vertex 0.18870641946792602 -0.28946872711181637 0.2627279218286277
			vertex 0.16250000059604644 -0.29227241039276114 0.26799999922513973
		endloop
	endfacet
	facet normal 0.1475232406286079 0.3561524450366994 0.9227092333822257
		outer loop
			vertex 0.18870641946792602 -0.28946872711181637 0.2627279218286277
			vertex 0.1688639624416828 -0.281249708533287 0.2627279218286277
			vertex 0.16250000059604644 -0.29227241039276114 0.26799999922513973
		endloop
	endfacet
	facet normal 0.2346754879184866 0.3058350571045788 0.9227092354669802
		outer loop
			vertex 0.16250000059604644 -0.29227241039276114 0.26799999922513973
			vertex 0.1688639624416828 -0.281249708533287 0.2627279218286277
			vertex 0.14282485753297805 -0.27717514246702185 0.26799999922513973
		endloop
	endfacet
	facet normal 0.23467548651533238 0.3058350405956127 0.9227092412958008
		outer loop
			vertex 0.1688639624416828 -0.281249708533287 0.2627279218286277
			vertex 0.15182485714554786 -0.26817514285445204 0.26272792182862764
			vertex 0.14282485753297805 -0.27717514246702185 0.26799999922513973
		endloop
	endfacet
	facet normal 0.3058350468307154 0.23467548003507668 0.9227092408772984
		outer loop
			vertex 0.14282485753297805 -0.27717514246702185 0.26799999922513973
			vertex 0.15182485714554786 -0.26817514285445204 0.26272792182862764
			vertex 0.12772758960723876 -0.25749999940395346 0.2679999992251397
		endloop
	endfacet
	facet normal 0.3058350524588921 0.23467549561834913 0.9227092350484789
		outer loop
			vertex 0.15182485714554786 -0.26817514285445204 0.26272792182862764
			vertex 0.13875029146671294 -0.2511360375583171 0.26272792182862764
			vertex 0.12772758960723876 -0.25749999940395346 0.2679999992251397
		endloop
	endfacet
	facet normal 0.3561524577101192 0.14752321766646204 0.9227092321616684
		outer loop
			vertex 0.12772758960723876 -0.25749999940395346 0.2679999992251397
			vertex 0.13875029146671294 -0.2511360375583171 0.26272792182862764
			vertex 0.11823704749345779 -0.2345878100395202 0.2679999992251397
		endloop
	endfacet
	facet normal 0.3561524853282633 0.14752325731792798 0.9227092151619651
		outer loop
			vertex 0.13875029146671294 -0.2511360375583171 0.26272792182862764
			vertex 0.13053127288818359 -0.2312935805320739 0.26272792182862764
			vertex 0.11823704749345779 -0.2345878100395202 0.2679999992251397
		endloop
	endfacet
	facet normal 0.38219872591897097 0.0503174121702512 0.9227092130993406
		outer loop
			vertex 0.11823704749345779 -0.2345878100395202 0.2679999992251397
			vertex 0.13053127288818359 -0.2312935805320739 0.26272792182862764
			vertex 0.11500000119209289 -0.20999999999999994 0.2679999992251397
		endloop
	endfacet
	facet normal 0.38219860499734204 0.050317310193540785 0.9227092687477313
		outer loop
			vertex 0.13053127288818359 -0.2312935805320739 0.26272792182862764
			vertex 0.12772792488336562 -0.20999999999999994 0.26272792182862764
			vertex 0.11500000119209289 -0.20999999999999994 0.2679999992251397
		endloop
	endfacet
	facet normal 0.3821986033423592 -0.05031739603273562 0.9227092647522485
		outer loop
			vertex 0.11500000119209289 -0.20999999999999994 0.2679999992251397
			vertex 0.12772792488336562 -0.20999999999999994 0.26272792182862764
			vertex 0.11823704749345779 -0.18541218996047967 0.2679999992251397
		endloop
	endfacet
	facet normal 0.382198746537212 -0.05031732882758457 0.9227092091038437
		outer loop
			vertex 0.12772792488336562 -0.20999999999999994 0.26272792182862764
			vertex 0.13053127288818359 -0.18870641946792596 0.26272792182862764
			vertex 0.11823704749345779 -0.18541218996047967 0.2679999992251397
		endloop
	endfacet
	facet normal 0.35615249260349774 -0.14752323211977633 0.9227092163825232
		outer loop
			vertex 0.11823704749345779 -0.18541218996047967 0.2679999992251397
			vertex 0.13053127288818359 -0.18870641946792596 0.26272792182862764
			vertex 0.12772758960723876 -0.16250000059604638 0.2679999992251397
		endloop
	endfacet
	facet normal 0.3561524450366982 -0.1475232406286074 0.9227092333822263
		outer loop
			vertex 0.13053127288818359 -0.18870641946792596 0.26272792182862764
			vertex 0.13875029146671294 -0.16886396244168275 0.26272792182862764
			vertex 0.12772758960723876 -0.16250000059604638 0.2679999992251397
		endloop
	endfacet
	facet normal 0.30583505710457914 -0.23467548791848397 0.922709235466981
		outer loop
			vertex 0.12772758960723876 -0.16250000059604638 0.2679999992251397
			vertex 0.13875029146671294 -0.16886396244168275 0.26272792182862764
			vertex 0.14282485753297805 -0.14282485753297797 0.2679999992251396
		endloop
	endfacet
	facet normal 0.3058350405956057 -0.23467548651532905 0.922709241295804
		outer loop
			vertex 0.13875029146671294 -0.16886396244168275 0.26272792182862764
			vertex 0.15182485714554786 -0.1518248571455478 0.26272792182862764
			vertex 0.14282485753297805 -0.14282485753297797 0.2679999992251396
		endloop
	endfacet
	facet normal 0.23467548003507063 -0.3058350468307109 0.9227092408773016
		outer loop
			vertex 0.14282485753297805 -0.14282485753297797 0.2679999992251396
			vertex 0.15182485714554786 -0.1518248571455478 0.26272792182862764
			vertex 0.16250000059604644 -0.12772758960723868 0.2679999992251396
		endloop
	endfacet
	facet normal 0.23467549561835085 -0.3058350524588904 0.9227092350484789
		outer loop
			vertex 0.15182485714554786 -0.1518248571455478 0.26272792182862764
			vertex 0.1688639624416828 -0.1387502914667129 0.2627279218286276
			vertex 0.16250000059604644 -0.12772758960723868 0.2679999992251396
		endloop
	endfacet
	facet normal 0.1475232176664614 -0.3561524577101187 0.9227092321616686
		outer loop
			vertex 0.16250000059604644 -0.12772758960723868 0.2679999992251396
			vertex 0.1688639624416828 -0.1387502914667129 0.2627279218286276
			vertex 0.18541218996047973 -0.11823704749345772 0.2679999992251396
		endloop
	endfacet
	facet normal 0.14752325731792768 -0.3561524853282631 0.9227092151619654
		outer loop
			vertex 0.1688639624416828 -0.1387502914667129 0.2627279218286276
			vertex 0.18870641946792602 -0.13053127288818353 0.2627279218286276
			vertex 0.18541218996047973 -0.11823704749345772 0.2679999992251396
		endloop
	endfacet
	facet normal 0.050317412170251215 -0.3821987259189706 0.9227092130993408
		outer loop
			vertex 0.18541218996047973 -0.11823704749345772 0.2679999992251396
			vertex 0.18870641946792602 -0.13053127288818353 0.2627279218286276
			vertex 0.20999999999999996 -0.11500000119209282 0.2679999992251396
		endloop
	endfacet
	facet normal 0.0503173101935408 -0.3821986049973416 0.9227092687477314
		outer loop
			vertex 0.18870641946792602 -0.13053127288818353 0.2627279218286276
			vertex 0.20999999999999996 -0.12772792488336557 0.2627279218286276
			vertex 0.20999999999999996 -0.11500000119209282 0.2679999992251396
		endloop
	endfacet
	facet normal -0.05031739603273548 -0.3821986033423588 0.9227092647522485
		outer loop
			vertex 0.20999999999999996 -0.11500000119209282 0.2679999992251396
			vertex 0.20999999999999996 -0.12772792488336557 0.2627279218286276
			vertex 0.23458781003952026 -0.11823704749345772 0.2679999992251396
		endloop
	endfacet
	facet normal -0.050317328827584475 -0.38219874653721175 0.922709209103844
		outer loop
			vertex 0.20999999999999996 -0.12772792488336557 0.2627279218286276
			vertex 0.23129358053207397 -0.13053127288818353 0.2627279218286276
			vertex 0.23458781003952026 -0.11823704749345772 0.2679999992251396
		endloop
	endfacet
	facet normal -0.14752323211977617 -0.3561524926034975 0.9227092163825233
		outer loop
			vertex 0.23458781003952026 -0.11823704749345772 0.2679999992251396
			vertex 0.23129358053207397 -0.13053127288818353 0.2627279218286276
			vertex 0.2574999994039535 -0.12772758960723868 0.2679999992251396
		endloop
	endfacet
	facet normal -0.1475232406286073 -0.3561524450366975 0.9227092333822265
		outer loop
			vertex 0.23129358053207397 -0.13053127288818353 0.2627279218286276
			vertex 0.25113603755831715 -0.1387502914667129 0.2627279218286276
			vertex 0.2574999994039535 -0.12772758960723868 0.2679999992251396
		endloop
	endfacet
	facet normal -0.2346754879184856 -0.30583505710457753 0.922709235466981
		outer loop
			vertex 0.2574999994039535 -0.12772758960723868 0.2679999992251396
			vertex 0.25113603755831715 -0.1387502914667129 0.2627279218286276
			vertex 0.2771751424670219 -0.14282485753297797 0.2679999992251396
		endloop
	endfacet
	facet normal -0.2346754865153307 -0.3058350405956039 0.922709241295804
		outer loop
			vertex 0.25113603755831715 -0.1387502914667129 0.2627279218286276
			vertex 0.2681751428544521 -0.1518248571455478 0.26272792182862764
			vertex 0.2771751424670219 -0.14282485753297797 0.2679999992251396
		endloop
	endfacet
	facet normal -0.3058350468307127 -0.2346754800350691 0.9227092408773014
		outer loop
			vertex 0.2771751424670219 -0.14282485753297797 0.2679999992251396
			vertex 0.2681751428544521 -0.1518248571455478 0.26272792182862764
			vertex 0.2922724103927612 -0.16250000059604638 0.2679999992251397
		endloop
	endfacet
	facet normal -0.3058350524588921 -0.23467549561834913 0.9227092350484789
		outer loop
			vertex 0.2681751428544521 -0.1518248571455478 0.26272792182862764
			vertex 0.281249708533287 -0.16886396244168275 0.26272792182862764
			vertex 0.2922724103927612 -0.16250000059604638 0.2679999992251397
		endloop
	endfacet
	facet normal -0.3561524577101193 -0.14752321766646187 0.9227092321616683
		outer loop
			vertex 0.2922724103927612 -0.16250000059604638 0.2679999992251397
			vertex 0.281249708533287 -0.16886396244168275 0.26272792182862764
			vertex 0.30176295250654217 -0.18541218996047967 0.2679999992251397
		endloop
	endfacet
	facet normal -0.3561524853282634 -0.1475232573179278 0.9227092151619651
		outer loop
			vertex 0.281249708533287 -0.16886396244168275 0.26272792182862764
			vertex 0.28946872711181637 -0.18870641946792596 0.26272792182862764
			vertex 0.30176295250654217 -0.18541218996047967 0.2679999992251397
		endloop
	endfacet
	facet normal -0.3821987259189709 -0.050317412170251256 0.9227092130993407
		outer loop
			vertex 0.30176295250654217 -0.18541218996047967 0.2679999992251397
			vertex 0.28946872711181637 -0.18870641946792596 0.26272792182862764
			vertex 0.30499999880790707 -0.2099999999999999 0.2679999992251397
		endloop
	endfacet
	facet normal -0.3821986049973421 -0.050317310193540854 0.9227092687477313
		outer loop
			vertex 0.28946872711181637 -0.18870641946792596 0.26272792182862764
			vertex 0.29227207511663433 -0.2099999999999999 0.26272792182862764
			vertex 0.30499999880790707 -0.2099999999999999 0.2679999992251397
		endloop
	endfacet
	facet normal 0.3821986039778917 -0.050317363069511 0.9227092662865599
		outer loop
			vertex 0.3177279224991798 -0.20999999999999994 0.26272792182862764
			vertex 0.30499999880790707 -0.20999999999999994 0.2679999992251397
			vertex 0.31405718535184857 -0.23788203768432134 0.26272792182862764
		endloop
	endfacet
	facet normal 0.38219854170737444 -0.05031738791833669 0.922709290724783
		outer loop
			vertex 0.30499999880790707 -0.20999999999999994 0.2679999992251397
			vertex 0.30176295250654217 -0.2345878100395202 0.2679999992251397
			vertex 0.31405718535184857 -0.23788203768432134 0.26272792182862764
		endloop
	endfacet
	facet normal 0.3561523526114212 -0.14752314201190328 0.9227092848239287
		outer loop
			vertex 0.31405718535184857 -0.23788203768432134 0.26272792182862764
			vertex 0.30176295250654217 -0.2345878100395202 0.2679999992251397
			vertex 0.303295119702816 -0.26386396124958983 0.26272792182862764
		endloop
	endfacet
	facet normal 0.3561522923065363 -0.14752314915403641 0.922709306958847
		outer loop
			vertex 0.30176295250654217 -0.2345878100395202 0.2679999992251397
			vertex 0.2922724103927612 -0.25749999940395346 0.2679999992251397
			vertex 0.303295119702816 -0.26386396124958983 0.26272792182862764
		endloop
	endfacet
	facet normal 0.3058349337839413 -0.23467539656989836 0.9227092995749709
		outer loop
			vertex 0.303295119702816 -0.26386396124958983 0.26272792182862764
			vertex 0.2922724103927612 -0.25749999940395346 0.2679999992251397
			vertex 0.286175145804882 -0.286175145804882 0.2627279218286277
		endloop
	endfacet
	facet normal 0.3058349390516322 -0.2346753973332741 0.9227092976348262
		outer loop
			vertex 0.2922724103927612 -0.25749999940395346 0.2679999992251397
			vertex 0.2771751424670219 -0.27717514246702185 0.26799999922513973
			vertex 0.286175145804882 -0.286175145804882 0.2627279218286277
		endloop
	endfacet
	facet normal 0.23467539921941066 -0.30583493723684924 0.9227092977566351
		outer loop
			vertex 0.286175145804882 -0.286175145804882 0.2627279218286277
			vertex 0.2771751424670219 -0.27717514246702185 0.26799999922513973
			vertex 0.2638639612495899 -0.303295119702816 0.2627279218286277
		endloop
	endfacet
	facet normal 0.23467539432878753 -0.3058349351361056 0.9227092996967802
		outer loop
			vertex 0.2771751424670219 -0.27717514246702185 0.26799999922513973
			vertex 0.2574999994039535 -0.29227241039276114 0.26799999922513973
			vertex 0.2638639612495899 -0.303295119702816 0.2627279218286277
		endloop
	endfacet
	facet normal 0.1475231230097799 -0.35615230673623943 0.9227093055691468
		outer loop
			vertex 0.2638639612495899 -0.303295119702816 0.2627279218286277
			vertex 0.2574999994039535 -0.29227241039276114 0.26799999922513973
			vertex 0.2378820376843214 -0.31405718535184857 0.2627279218286277
		endloop
	endfacet
	facet normal 0.14752317070203255 -0.35615234432798687 0.9227092834342234
		outer loop
			vertex 0.2574999994039535 -0.29227241039276114 0.26799999922513973
			vertex 0.23458781003952026 -0.3017629525065421 0.26799999922513973
			vertex 0.2378820376843214 -0.31405718535184857 0.2627279218286277
		endloop
	endfacet
	facet normal 0.05031735591382245 -0.3821985496250003 0.9227092891904732
		outer loop
			vertex 0.2378820376843214 -0.31405718535184857 0.2627279218286277
			vertex 0.23458781003952026 -0.3017629525065421 0.26799999922513973
			vertex 0.21 -0.3177279224991798 0.2627279218286277
		endloop
	endfacet
	facet normal 0.05031739603273543 -0.38219860334235783 0.922709264752249
		outer loop
			vertex 0.23458781003952026 -0.3017629525065421 0.26799999922513973
			vertex 0.21 -0.304999998807907 0.26799999922513973
			vertex 0.21 -0.3177279224991798 0.2627279218286277
		endloop
	endfacet
	facet normal -0.05031736306951082 -0.38219860397789024 0.9227092662865605
		outer loop
			vertex 0.21 -0.3177279224991798 0.2627279218286277
			vertex 0.21 -0.304999998807907 0.26799999922513973
			vertex 0.1821179623156786 -0.31405718535184857 0.2627279218286277
		endloop
	endfacet
	facet normal -0.05031738791833651 -0.3821985417073731 0.9227092907247837
		outer loop
			vertex 0.21 -0.304999998807907 0.26799999922513973
			vertex 0.18541218996047973 -0.3017629525065421 0.26799999922513973
			vertex 0.1821179623156786 -0.31405718535184857 0.2627279218286277
		endloop
	endfacet
	facet normal -0.1475231420119026 -0.35615235261142 0.9227092848239291
		outer loop
			vertex 0.1821179623156786 -0.31405718535184857 0.2627279218286277
			vertex 0.18541218996047973 -0.3017629525065421 0.26799999922513973
			vertex 0.15613603875041007 -0.303295119702816 0.2627279218286277
		endloop
	endfacet
	facet normal -0.14752314915403575 -0.3561522923065351 0.9227093069588475
		outer loop
			vertex 0.18541218996047973 -0.3017629525065421 0.26799999922513973
			vertex 0.16250000059604644 -0.29227241039276114 0.26799999922513973
			vertex 0.15613603875041007 -0.303295119702816 0.2627279218286277
		endloop
	endfacet
	facet normal -0.23467539656989964 -0.3058349337839392 0.9227092995749714
		outer loop
			vertex 0.15613603875041007 -0.303295119702816 0.2627279218286277
			vertex 0.16250000059604644 -0.29227241039276114 0.26799999922513973
			vertex 0.13382485419511794 -0.286175145804882 0.2627279218286277
		endloop
	endfacet
	facet normal -0.23467539733327544 -0.3058349390516306 0.9227092976348263
		outer loop
			vertex 0.16250000059604644 -0.29227241039276114 0.26799999922513973
			vertex 0.14282485753297805 -0.27717514246702185 0.26799999922513973
			vertex 0.13382485419511794 -0.286175145804882 0.2627279218286277
		endloop
	endfacet
	facet normal -0.30583493723685107 -0.2346753992194092 0.9227092977566349
		outer loop
			vertex 0.13382485419511794 -0.286175145804882 0.2627279218286277
			vertex 0.14282485753297805 -0.27717514246702185 0.26799999922513973
			vertex 0.11670488029718398 -0.26386396124958983 0.26272792182862764
		endloop
	endfacet
	facet normal -0.30583493513610754 -0.23467539432878642 0.9227092996967796
		outer loop
			vertex 0.14282485753297805 -0.27717514246702185 0.26799999922513973
			vertex 0.12772758960723876 -0.25749999940395346 0.2679999992251397
			vertex 0.11670488029718398 -0.26386396124958983 0.26272792182862764
		endloop
	endfacet
	facet normal -0.35615230673624065 -0.1475231230097804 0.9227093055691462
		outer loop
			vertex 0.11670488029718398 -0.26386396124958983 0.26272792182862764
			vertex 0.12772758960723876 -0.25749999940395346 0.2679999992251397
			vertex 0.10594281464815139 -0.23788203768432134 0.26272792182862764
		endloop
	endfacet
	facet normal -0.3561523443279881 -0.14752317070203305 0.9227092834342229
		outer loop
			vertex 0.12772758960723876 -0.25749999940395346 0.2679999992251397
			vertex 0.11823704749345779 -0.2345878100395202 0.2679999992251397
			vertex 0.10594281464815139 -0.23788203768432134 0.26272792182862764
		endloop
	endfacet
	facet normal -0.3821985496250016 -0.05031735591382263 0.9227092891904726
		outer loop
			vertex 0.10594281464815139 -0.23788203768432134 0.26272792182862764
			vertex 0.11823704749345779 -0.2345878100395202 0.2679999992251397
			vertex 0.10227207750082015 -0.20999999999999994 0.26272792182862764
		endloop
	endfacet
	facet normal -0.3821986033423592 -0.05031739603273562 0.9227092647522485
		outer loop
			vertex 0.11823704749345779 -0.2345878100395202 0.2679999992251397
			vertex 0.11500000119209289 -0.20999999999999994 0.2679999992251397
			vertex 0.10227207750082015 -0.20999999999999994 0.26272792182862764
		endloop
	endfacet
	facet normal -0.3821986039778917 0.050317363069511 0.9227092662865599
		outer loop
			vertex 0.10227207750082015 -0.20999999999999994 0.26272792182862764
			vertex 0.11500000119209289 -0.20999999999999994 0.2679999992251397
			vertex 0.10594281464815139 -0.18211796231567853 0.26272792182862764
		endloop
	endfacet
	facet normal -0.38219854170737444 0.05031738791833669 0.922709290724783
		outer loop
			vertex 0.11500000119209289 -0.20999999999999994 0.2679999992251397
			vertex 0.11823704749345779 -0.18541218996047967 0.2679999992251397
			vertex 0.10594281464815139 -0.18211796231567853 0.26272792182862764
		endloop
	endfacet
	facet normal -0.35615235261142125 0.14752314201190314 0.9227092848239287
		outer loop
			vertex 0.10594281464815139 -0.18211796231567853 0.26272792182862764
			vertex 0.11823704749345779 -0.18541218996047967 0.2679999992251397
			vertex 0.11670488029718398 -0.15613603875041002 0.26272792182862764
		endloop
	endfacet
	facet normal -0.35615229230653633 0.14752314915403625 0.922709306958847
		outer loop
			vertex 0.11823704749345779 -0.18541218996047967 0.2679999992251397
			vertex 0.12772758960723876 -0.16250000059604638 0.2679999992251397
			vertex 0.11670488029718398 -0.15613603875041002 0.26272792182862764
		endloop
	endfacet
	facet normal -0.3058349337839391 0.23467539656990183 0.9227092995749706
		outer loop
			vertex 0.11670488029718398 -0.15613603875041002 0.26272792182862764
			vertex 0.12772758960723876 -0.16250000059604638 0.2679999992251397
			vertex 0.13382485419511794 -0.1338248541951179 0.2627279218286276
		endloop
	endfacet
	facet normal -0.3058349390516306 0.23467539733327777 0.922709297634826
		outer loop
			vertex 0.12772758960723876 -0.16250000059604638 0.2679999992251397
			vertex 0.14282485753297805 -0.14282485753297797 0.2679999992251396
			vertex 0.13382485419511794 -0.1338248541951179 0.2627279218286276
		endloop
	endfacet
	facet normal -0.23467539921941172 0.30583493723685057 0.9227092977566344
		outer loop
			vertex 0.13382485419511794 -0.1338248541951179 0.2627279218286276
			vertex 0.14282485753297805 -0.14282485753297797 0.2679999992251396
			vertex 0.15613603875041007 -0.11670488029718393 0.2627279218286276
		endloop
	endfacet
	facet normal -0.23467539432878856 0.30583493513610693 0.9227092996967794
		outer loop
			vertex 0.14282485753297805 -0.14282485753297797 0.2679999992251396
			vertex 0.16250000059604644 -0.12772758960723868 0.2679999992251396
			vertex 0.15613603875041007 -0.11670488029718393 0.2627279218286276
		endloop
	endfacet
	facet normal -0.14752312300978054 0.35615230673624143 0.9227093055691459
		outer loop
			vertex 0.15613603875041007 -0.11670488029718393 0.2627279218286276
			vertex 0.16250000059604644 -0.12772758960723868 0.2679999992251396
			vertex 0.1821179623156786 -0.10594281464815133 0.2627279218286276
		endloop
	endfacet
	facet normal -0.14752317070203286 0.3561523443279886 0.9227092834342229
		outer loop
			vertex 0.16250000059604644 -0.12772758960723868 0.2679999992251396
			vertex 0.18541218996047973 -0.11823704749345772 0.2679999992251396
			vertex 0.1821179623156786 -0.10594281464815133 0.2627279218286276
		endloop
	endfacet
	facet normal -0.05031735591382272 0.38219854962500194 0.9227092891904723
		outer loop
			vertex 0.1821179623156786 -0.10594281464815133 0.2627279218286276
			vertex 0.18541218996047973 -0.11823704749345772 0.2679999992251396
			vertex 0.20999999999999996 -0.1022720775008201 0.2627279218286276
		endloop
	endfacet
	facet normal -0.050317396032735724 0.38219860334235967 0.9227092647522483
		outer loop
			vertex 0.18541218996047973 -0.11823704749345772 0.2679999992251396
			vertex 0.20999999999999996 -0.11500000119209282 0.2679999992251396
			vertex 0.20999999999999996 -0.1022720775008201 0.2627279218286276
		endloop
	endfacet
	facet normal 0.05031736306951101 0.38219860397789207 0.9227092662865598
		outer loop
			vertex 0.20999999999999996 -0.1022720775008201 0.2627279218286276
			vertex 0.20999999999999996 -0.11500000119209282 0.2679999992251396
			vertex 0.2378820376843214 -0.10594281464815133 0.2627279218286276
		endloop
	endfacet
	facet normal 0.05031738791833669 0.38219854170737483 0.9227092907247829
		outer loop
			vertex 0.20999999999999996 -0.11500000119209282 0.2679999992251396
			vertex 0.23458781003952026 -0.11823704749345772 0.2679999992251396
			vertex 0.2378820376843214 -0.10594281464815133 0.2627279218286276
		endloop
	endfacet
	facet normal 0.14752314201190342 0.35615235261142153 0.9227092848239284
		outer loop
			vertex 0.2378820376843214 -0.10594281464815133 0.2627279218286276
			vertex 0.23458781003952026 -0.11823704749345772 0.2679999992251396
			vertex 0.2638639612495899 -0.11670488029718393 0.2627279218286276
		endloop
	endfacet
	facet normal 0.1475231491540365 0.356152292306537 0.9227093069588468
		outer loop
			vertex 0.23458781003952026 -0.11823704749345772 0.2679999992251396
			vertex 0.2574999994039535 -0.12772758960723868 0.2679999992251396
			vertex 0.2638639612495899 -0.11670488029718393 0.2627279218286276
		endloop
	endfacet
	facet normal 0.23467539656990066 0.30583493378394055 0.9227092995749706
		outer loop
			vertex 0.2638639612495899 -0.11670488029718393 0.2627279218286276
			vertex 0.2574999994039535 -0.12772758960723868 0.2679999992251396
			vertex 0.286175145804882 -0.1338248541951179 0.2627279218286276
		endloop
	endfacet
	facet normal 0.23467539733327653 0.305834939051632 0.9227092976348259
		outer loop
			vertex 0.2574999994039535 -0.12772758960723868 0.2679999992251396
			vertex 0.2771751424670219 -0.14282485753297797 0.2679999992251396
			vertex 0.286175145804882 -0.1338248541951179 0.2627279218286276
		endloop
	endfacet
	facet normal 0.3058349372368493 0.234675399219413 0.9227092977566347
		outer loop
			vertex 0.286175145804882 -0.1338248541951179 0.2627279218286276
			vertex 0.2771751424670219 -0.14282485753297797 0.2679999992251396
			vertex 0.303295119702816 -0.15613603875041002 0.26272792182862764
		endloop
	endfacet
	facet normal 0.30583493513610555 0.23467539432878975 0.9227092996967796
		outer loop
			vertex 0.2771751424670219 -0.14282485753297797 0.2679999992251396
			vertex 0.2922724103927612 -0.16250000059604638 0.2679999992251397
			vertex 0.303295119702816 -0.15613603875041002 0.26272792182862764
		endloop
	endfacet
	facet normal 0.35615230673624076 0.14752312300978027 0.9227093055691462
		outer loop
			vertex 0.303295119702816 -0.15613603875041002 0.26272792182862764
			vertex 0.2922724103927612 -0.16250000059604638 0.2679999992251397
			vertex 0.31405718535184857 -0.18211796231567853 0.26272792182862764
		endloop
	endfacet
	facet normal 0.3561523443279882 0.1475231707020329 0.922709283434223
		outer loop
			vertex 0.2922724103927612 -0.16250000059604638 0.2679999992251397
			vertex 0.30176295250654217 -0.18541218996047967 0.2679999992251397
			vertex 0.31405718535184857 -0.18211796231567853 0.26272792182862764
		endloop
	endfacet
	facet normal 0.38219854962500155 0.050317355913822664 0.9227092891904725
		outer loop
			vertex 0.31405718535184857 -0.18211796231567853 0.26272792182862764
			vertex 0.30176295250654217 -0.18541218996047967 0.2679999992251397
			vertex 0.3177279224991798 -0.2099999999999999 0.26272792182862764
		endloop
	endfacet
	facet normal 0.3821986033423592 0.050317396032735676 0.9227092647522483
		outer loop
			vertex 0.30176295250654217 -0.18541218996047967 0.2679999992251397
			vertex 0.30499999880790707 -0.2099999999999999 0.2679999992251397
			vertex 0.3177279224991798 -0.2099999999999999 0.26272792182862764
		endloop
	endfacet
	facet normal 0.9171205182983485 -0.12074109677219616 0.3798835906780074
		outer loop
			vertex 0.3229999980330467 -0.20999999999999994 0.25000000000000006
			vertex 0.3177279224991798 -0.20999999999999994 0.26272792182862764
			vertex 0.319149619936943 -0.23924655191600316 0.25000000000000006
		endloop
	endfacet
	facet normal 0.9171205004905495 -0.12074111396896677 0.37988362820408184
		outer loop
			vertex 0.3177279224991798 -0.20999999999999994 0.26272792182862764
			vertex 0.31405718535184857 -0.23788203768432134 0.26272792182862764
			vertex 0.319149619936943 -0.23924655191600316 0.25000000000000006
		endloop
	endfacet
	facet normal 0.8546202408650787 -0.35399528757666754 0.3798836404443174
		outer loop
			vertex 0.319149619936943 -0.23924655191600316 0.25000000000000006
			vertex 0.31405718535184857 -0.23788203768432134 0.26272792182862764
			vertex 0.3078608727455139 -0.2664999990165233 0.2500000000000001
		endloop
	endfacet
	facet normal 0.8546202157141318 -0.35399530151803976 0.37988368403484146
		outer loop
			vertex 0.31405718535184857 -0.23788203768432134 0.26272792182862764
			vertex 0.303295119702816 -0.26386396124958983 0.26272792182862764
			vertex 0.3078608727455139 -0.2664999990165233 0.2500000000000001
		endloop
	endfacet
	facet normal 0.7338790035363855 -0.563125214489733 0.3798836676856932
		outer loop
			vertex 0.3078608727455139 -0.2664999990165233 0.2500000000000001
			vertex 0.303295119702816 -0.26386396124958983 0.26272792182862764
			vertex 0.28990306615829464 -0.28990306615829464 0.2500000000000001
		endloop
	endfacet
	facet normal 0.733879056591407 -0.563125201261674 0.3798835848000096
		outer loop
			vertex 0.303295119702816 -0.26386396124958983 0.26272792182862764
			vertex 0.286175145804882 -0.286175145804882 0.2627279218286277
			vertex 0.28990306615829464 -0.28990306615829464 0.2500000000000001
		endloop
	endfacet
	facet normal 0.5631252347162187 -0.7338790298960526 0.37988358677972983
		outer loop
			vertex 0.28990306615829464 -0.28990306615829464 0.2500000000000001
			vertex 0.286175145804882 -0.286175145804882 0.2627279218286277
			vertex 0.2664999990165233 -0.3078608727455139 0.2500000000000001
		endloop
	endfacet
	facet normal 0.5631251800453312 -0.7338790289417273 0.37988366966541315
		outer loop
			vertex 0.286175145804882 -0.286175145804882 0.2627279218286277
			vertex 0.2638639612495899 -0.303295119702816 0.2627279218286277
			vertex 0.2664999990165233 -0.3078608727455139 0.2500000000000001
		endloop
	endfacet
	facet normal 0.353995280889758 -0.8546202247214472 0.37988368299368225
		outer loop
			vertex 0.2664999990165233 -0.3078608727455139 0.2500000000000001
			vertex 0.2638639612495899 -0.303295119702816 0.2627279218286277
			vertex 0.23924655191600322 -0.319149619936943 0.2500000000000001
		endloop
	endfacet
	facet normal 0.3539953085322005 -0.854620232647813 0.3798836394031604
		outer loop
			vertex 0.2638639612495899 -0.303295119702816 0.2627279218286277
			vertex 0.2378820376843214 -0.31405718535184857 0.2627279218286277
			vertex 0.23924655191600322 -0.319149619936943 0.2500000000000001
		endloop
	endfacet
	facet normal 0.1207410948087268 -0.9171205033843045 0.379883627307772
		outer loop
			vertex 0.23924655191600322 -0.319149619936943 0.2500000000000001
			vertex 0.2378820376843214 -0.31405718535184857 0.2627279218286277
			vertex 0.21 -0.3229999980330467 0.2500000000000001
		endloop
	endfacet
	facet normal 0.12074111602852634 -0.9171205161344694 0.3798835897816997
		outer loop
			vertex 0.2378820376843214 -0.31405718535184857 0.2627279218286277
			vertex 0.21 -0.3177279224991798 0.2627279218286277
			vertex 0.21 -0.3229999980330467 0.2500000000000001
		endloop
	endfacet
	facet normal -0.12074109677219616 -0.9171205182983485 0.3798835906780074
		outer loop
			vertex 0.21 -0.3229999980330467 0.2500000000000001
			vertex 0.21 -0.3177279224991798 0.2627279218286277
			vertex 0.18075344808399676 -0.319149619936943 0.2500000000000001
		endloop
	endfacet
	facet normal -0.12074111396896677 -0.9171205004905495 0.37988362820408184
		outer loop
			vertex 0.21 -0.3177279224991798 0.2627279218286277
			vertex 0.1821179623156786 -0.31405718535184857 0.2627279218286277
			vertex 0.18075344808399676 -0.319149619936943 0.2500000000000001
		endloop
	endfacet
	facet normal -0.3539952875766685 -0.8546202408650784 0.3798836404443173
		outer loop
			vertex 0.18075344808399676 -0.319149619936943 0.2500000000000001
			vertex 0.1821179623156786 -0.31405718535184857 0.2627279218286277
			vertex 0.15350000098347663 -0.3078608727455139 0.2500000000000001
		endloop
	endfacet
	facet normal -0.3539953015180399 -0.854620215714133 0.3798836840348387
		outer loop
			vertex 0.1821179623156786 -0.31405718535184857 0.2627279218286277
			vertex 0.15613603875041007 -0.303295119702816 0.2627279218286277
			vertex 0.15350000098347663 -0.3078608727455139 0.2500000000000001
		endloop
	endfacet
	facet normal -0.5631252144897338 -0.7338790035363867 0.37988366768568976
		outer loop
			vertex 0.15350000098347663 -0.3078608727455139 0.2500000000000001
			vertex 0.15613603875041007 -0.303295119702816 0.2627279218286277
			vertex 0.13009693384170531 -0.28990306615829464 0.2500000000000001
		endloop
	endfacet
	facet normal -0.5631252012616753 -0.7338790565914056 0.3798835848000096
		outer loop
			vertex 0.15613603875041007 -0.303295119702816 0.2627279218286277
			vertex 0.13382485419511794 -0.286175145804882 0.2627279218286277
			vertex 0.13009693384170531 -0.28990306615829464 0.2500000000000001
		endloop
	endfacet
	facet normal -0.7338790298960526 -0.5631252347162187 0.37988358677972983
		outer loop
			vertex 0.13009693384170531 -0.28990306615829464 0.2500000000000001
			vertex 0.13382485419511794 -0.286175145804882 0.2627279218286277
			vertex 0.11213912725448608 -0.2664999990165233 0.2500000000000001
		endloop
	endfacet
	facet normal -0.7338790289417273 -0.5631251800453289 0.3798836696654168
		outer loop
			vertex 0.13382485419511794 -0.286175145804882 0.2627279218286277
			vertex 0.11670488029718398 -0.26386396124958983 0.26272792182862764
			vertex 0.11213912725448608 -0.2664999990165233 0.2500000000000001
		endloop
	endfacet
	facet normal -0.8546202247214466 -0.35399528088975635 0.37988368299368486
		outer loop
			vertex 0.11213912725448608 -0.2664999990165233 0.2500000000000001
			vertex 0.11670488029718398 -0.26386396124958983 0.26272792182862764
			vertex 0.10085038006305694 -0.23924655191600316 0.25000000000000006
		endloop
	endfacet
	facet normal -0.854620232647813 -0.3539953085322005 0.3798836394031604
		outer loop
			vertex 0.11670488029718398 -0.26386396124958983 0.26272792182862764
			vertex 0.10594281464815139 -0.23788203768432134 0.26272792182862764
			vertex 0.10085038006305694 -0.23924655191600316 0.25000000000000006
		endloop
	endfacet
	facet normal -0.9171205033843045 -0.1207410948087268 0.379883627307772
		outer loop
			vertex 0.10085038006305694 -0.23924655191600316 0.25000000000000006
			vertex 0.10594281464815139 -0.23788203768432134 0.26272792182862764
			vertex 0.09700000196695327 -0.20999999999999994 0.25000000000000006
		endloop
	endfacet
	facet normal -0.9171205161344694 -0.12074111602852634 0.3798835897816997
		outer loop
			vertex 0.10594281464815139 -0.23788203768432134 0.26272792182862764
			vertex 0.10227207750082015 -0.20999999999999994 0.26272792182862764
			vertex 0.09700000196695327 -0.20999999999999994 0.25000000000000006
		endloop
	endfacet
	facet normal -0.9171205182983485 0.12074109677219616 0.3798835906780074
		outer loop
			vertex 0.09700000196695327 -0.20999999999999994 0.25000000000000006
			vertex 0.10227207750082015 -0.20999999999999994 0.26272792182862764
			vertex 0.10085038006305694 -0.1807534480839967 0.25000000000000006
		endloop
	endfacet
	facet normal -0.9171205004905495 0.12074111396896677 0.37988362820408184
		outer loop
			vertex 0.10227207750082015 -0.20999999999999994 0.26272792182862764
			vertex 0.10594281464815139 -0.18211796231567853 0.26272792182862764
			vertex 0.10085038006305694 -0.1807534480839967 0.25000000000000006
		endloop
	endfacet
	facet normal -0.8546202408650784 0.3539952875766685 0.3798836404443173
		outer loop
			vertex 0.10085038006305694 -0.1807534480839967 0.25000000000000006
			vertex 0.10594281464815139 -0.18211796231567853 0.26272792182862764
			vertex 0.11213912725448608 -0.15350000098347658 0.25000000000000006
		endloop
	endfacet
	facet normal -0.854620215714133 0.3539953015180399 0.3798836840348387
		outer loop
			vertex 0.10594281464815139 -0.18211796231567853 0.26272792182862764
			vertex 0.11670488029718398 -0.15613603875041002 0.26272792182862764
			vertex 0.11213912725448608 -0.15350000098347658 0.25000000000000006
		endloop
	endfacet
	facet normal -0.7338790035363862 0.5631252144897344 0.37988366768568965
		outer loop
			vertex 0.11213912725448608 -0.15350000098347658 0.25000000000000006
			vertex 0.11670488029718398 -0.15613603875041002 0.26272792182862764
			vertex 0.13009693384170531 -0.13009693384170526 0.25
		endloop
	endfacet
	facet normal -0.7338790565914052 0.563125201261676 0.3798835848000097
		outer loop
			vertex 0.11670488029718398 -0.15613603875041002 0.26272792182862764
			vertex 0.13382485419511794 -0.1338248541951179 0.2627279218286276
			vertex 0.13009693384170531 -0.13009693384170526 0.25
		endloop
	endfacet
	facet normal -0.5631252347162187 0.7338790298960526 0.37988358677972983
		outer loop
			vertex 0.13009693384170531 -0.13009693384170526 0.25
			vertex 0.13382485419511794 -0.1338248541951179 0.2627279218286276
			vertex 0.15350000098347663 -0.11213912725448602 0.25
		endloop
	endfacet
	facet normal -0.5631251800453312 0.7338790289417273 0.37988366966541315
		outer loop
			vertex 0.13382485419511794 -0.1338248541951179 0.2627279218286276
			vertex 0.15613603875041007 -0.11670488029718393 0.2627279218286276
			vertex 0.15350000098347663 -0.11213912725448602 0.25
		endloop
	endfacet
	facet normal -0.3539952808897577 0.8546202247214473 0.3798836829936822
		outer loop
			vertex 0.15350000098347663 -0.11213912725448602 0.25
			vertex 0.15613603875041007 -0.11670488029718393 0.2627279218286276
			vertex 0.18075344808399676 -0.10085038006305688 0.25
		endloop
	endfacet
	facet normal -0.35399530853220024 0.8546202326478132 0.3798836394031604
		outer loop
			vertex 0.15613603875041007 -0.11670488029718393 0.2627279218286276
			vertex 0.1821179623156786 -0.10594281464815133 0.2627279218286276
			vertex 0.18075344808399676 -0.10085038006305688 0.25
		endloop
	endfacet
	facet normal -0.12074109480872691 0.9171205033843044 0.379883627307772
		outer loop
			vertex 0.18075344808399676 -0.10085038006305688 0.25
			vertex 0.1821179623156786 -0.10594281464815133 0.2627279218286276
			vertex 0.20999999999999996 -0.09700000196695321 0.25
		endloop
	endfacet
	facet normal -0.12074111602852644 0.9171205161344692 0.37988358978169967
		outer loop
			vertex 0.1821179623156786 -0.10594281464815133 0.2627279218286276
			vertex 0.20999999999999996 -0.1022720775008201 0.2627279218286276
			vertex 0.20999999999999996 -0.09700000196695321 0.25
		endloop
	endfacet
	facet normal 0.12074109677219605 0.9171205182983486 0.3798835906780074
		outer loop
			vertex 0.20999999999999996 -0.09700000196695321 0.25
			vertex 0.20999999999999996 -0.1022720775008201 0.2627279218286276
			vertex 0.23924655191600322 -0.10085038006305688 0.25
		endloop
	endfacet
	facet normal 0.12074111396896663 0.9171205004905495 0.3798836282040818
		outer loop
			vertex 0.20999999999999996 -0.1022720775008201 0.2627279218286276
			vertex 0.2378820376843214 -0.10594281464815133 0.2627279218286276
			vertex 0.23924655191600322 -0.10085038006305688 0.25
		endloop
	endfacet
	facet normal 0.3539952875766688 0.8546202408650783 0.3798836404443174
		outer loop
			vertex 0.23924655191600322 -0.10085038006305688 0.25
			vertex 0.2378820376843214 -0.10594281464815133 0.2627279218286276
			vertex 0.2664999990165233 -0.11213912725448602 0.25
		endloop
	endfacet
	facet normal 0.3539953015180402 0.8546202157141327 0.3798836840348387
		outer loop
			vertex 0.2378820376843214 -0.10594281464815133 0.2627279218286276
			vertex 0.2638639612495899 -0.11670488029718393 0.2627279218286276
			vertex 0.2664999990165233 -0.11213912725448602 0.25
		endloop
	endfacet
	facet normal 0.5631252144897338 0.7338790035363867 0.37988366768568976
		outer loop
			vertex 0.2664999990165233 -0.11213912725448602 0.25
			vertex 0.2638639612495899 -0.11670488029718393 0.2627279218286276
			vertex 0.28990306615829464 -0.13009693384170526 0.25
		endloop
	endfacet
	facet normal 0.5631252012616753 0.7338790565914056 0.3798835848000096
		outer loop
			vertex 0.2638639612495899 -0.11670488029718393 0.2627279218286276
			vertex 0.286175145804882 -0.1338248541951179 0.2627279218286276
			vertex 0.28990306615829464 -0.13009693384170526 0.25
		endloop
	endfacet
	facet normal 0.7338790298960521 0.5631252347162192 0.3798835867797298
		outer loop
			vertex 0.28990306615829464 -0.13009693384170526 0.25
			vertex 0.286175145804882 -0.1338248541951179 0.2627279218286276
			vertex 0.3078608727455139 -0.15350000098347658 0.25000000000000006
		endloop
	endfacet
	facet normal 0.7338790289417269 0.5631251800453317 0.37988366966541315
		outer loop
			vertex 0.286175145804882 -0.1338248541951179 0.2627279218286276
			vertex 0.303295119702816 -0.15613603875041002 0.26272792182862764
			vertex 0.3078608727455139 -0.15350000098347658 0.25000000000000006
		endloop
	endfacet
	facet normal 0.8546202247214473 0.3539952808897577 0.3798836829936822
		outer loop
			vertex 0.3078608727455139 -0.15350000098347658 0.25000000000000006
			vertex 0.303295119702816 -0.15613603875041002 0.26272792182862764
			vertex 0.319149619936943 -0.1807534480839967 0.25000000000000006
		endloop
	endfacet
	facet normal 0.8546202326478132 0.35399530853220024 0.3798836394031604
		outer loop
			vertex 0.303295119702816 -0.15613603875041002 0.26272792182862764
			vertex 0.31405718535184857 -0.18211796231567853 0.26272792182862764
			vertex 0.319149619936943 -0.1807534480839967 0.25000000000000006
		endloop
	endfacet
	facet normal 0.9171205033843044 0.12074109480872691 0.379883627307772
		outer loop
			vertex 0.319149619936943 -0.1807534480839967 0.25000000000000006
			vertex 0.31405718535184857 -0.18211796231567853 0.26272792182862764
			vertex 0.3229999980330467 -0.2099999999999999 0.25000000000000006
		endloop
	endfacet
	facet normal 0.9171205161344692 0.12074111602852644 0.37988358978169967
		outer loop
			vertex 0.31405718535184857 -0.18211796231567853 0.26272792182862764
			vertex 0.3177279224991798 -0.2099999999999999 0.26272792182862764
			vertex 0.3229999980330467 -0.2099999999999999 0.25000000000000006
		endloop
	endfacet
	facet normal 0.3088057824763202 -0.950406716864474 0.03696026580098626
		outer loop
			vertex 0.105 -0.12299999922513957 0.19000000357627872
			vertex 0.105 -0.130000000372529 0.009999996423721347
			vertex 0.11558013457804918 -0.11956230599433179 0.19000000357627872
		endloop
	endfacet
	facet normal 0.3088059116089372 -0.9504066752956597 0.03696025580030307
		outer loop
			vertex 0.105 -0.130000000372529 0.009999996423721347
			vertex 0.11969463109970092 -0.12522542431950567 0.009999996423721347
			vertex 0.11558013457804918 -0.11956230599433179 0.19000000357627872
		endloop
	endfacet
	facet normal 0.8084642604319248 -0.5873835877530703 0.03696025490431864
		outer loop
			vertex 0.11558013457804918 -0.11956230599433179 0.19000000357627872
			vertex 0.11969463109970092 -0.12522542431950567 0.009999996423721347
			vertex 0.12211901649832725 -0.1105623059161007 0.19000000357627872
		endloop
	endfacet
	facet normal 0.8084642269082544 -0.5873836336308728 0.03696025909312929
		outer loop
			vertex 0.11969463109970092 -0.12522542431950567 0.009999996423721347
			vertex 0.12877641201019285 -0.11272542506456373 0.009999996423721347
			vertex 0.12211901649832725 -0.1105623059161007 0.19000000357627872
		endloop
	endfacet
	facet normal 0.9993167362292592 0 0.03696025827969158
		outer loop
			vertex 0.12211901649832725 -0.1105623059161007 0.19000000357627872
			vertex 0.12877641201019285 -0.11272542506456373 0.009999996423721347
			vertex 0.12211901649832725 -0.09943769408389921 0.19000000357627872
		endloop
	endfacet
	facet normal 0.9993167362292592 0 0.03696025827969157
		outer loop
			vertex 0.12877641201019285 -0.11272542506456373 0.009999996423721347
			vertex 0.12877641201019285 -0.09727457493543623 0.009999996423721347
			vertex 0.12211901649832725 -0.09943769408389921 0.19000000357627872
		endloop
	endfacet
	facet normal 0.8084642602861836 0.5873835876471833 0.03696025977502839
		outer loop
			vertex 0.12211901649832725 -0.09943769408389921 0.19000000357627872
			vertex 0.12877641201019285 -0.09727457493543623 0.009999996423721347
			vertex 0.11558013457804918 -0.09043769400566812 0.19000000357627872
		endloop
	endfacet
	facet normal 0.8084642270131879 0.5873836337071114 0.036960255586217856
		outer loop
			vertex 0.12877641201019285 -0.09727457493543623 0.009999996423721347
			vertex 0.11969463109970092 -0.08477457568049429 0.009999996423721347
			vertex 0.11558013457804918 -0.09043769400566812 0.19000000357627872
		endloop
	endfacet
	facet normal 0.3088057826092264 0.9504067172735174 0.03696025417228458
		outer loop
			vertex 0.11558013457804918 -0.09043769400566812 0.19000000357627872
			vertex 0.11969463109970092 -0.08477457568049429 0.009999996423721347
			vertex 0.105 -0.08700000077486034 0.19000000357627872
		endloop
	endfacet
	facet normal 0.30880591151324466 0.9504066750011484 0.03696026417296755
		outer loop
			vertex 0.11969463109970092 -0.08477457568049429 0.009999996423721347
			vertex 0.105 -0.07999999962747095 0.009999996423721347
			vertex 0.105 -0.08700000077486034 0.19000000357627872
		endloop
	endfacet
	facet normal -0.3088057824763202 0.950406716864474 0.036960265800985964
		outer loop
			vertex 0.105 -0.08700000077486034 0.19000000357627872
			vertex 0.105 -0.07999999962747095 0.009999996423721347
			vertex 0.09441986542195081 -0.09043769400566812 0.19000000357627872
		endloop
	endfacet
	facet normal -0.3088059116089372 0.9504066752956597 0.03696025580030278
		outer loop
			vertex 0.105 -0.07999999962747095 0.009999996423721347
			vertex 0.09030536890029907 -0.08477457568049429 0.009999996423721347
			vertex 0.09441986542195081 -0.09043769400566812 0.19000000357627872
		endloop
	endfacet
	facet normal -0.8084642604319247 0.5873835877530704 0.03696025490431846
		outer loop
			vertex 0.09441986542195081 -0.09043769400566812 0.19000000357627872
			vertex 0.09030536890029907 -0.08477457568049429 0.009999996423721347
			vertex 0.08788098350167274 -0.09943769408389921 0.19000000357627872
		endloop
	endfacet
	facet normal -0.8084642269082539 0.5873836336308734 0.036960259093129166
		outer loop
			vertex 0.09030536890029907 -0.08477457568049429 0.009999996423721347
			vertex 0.08122358798980713 -0.09727457493543623 0.009999996423721347
			vertex 0.08788098350167274 -0.09943769408389921 0.19000000357627872
		endloop
	endfacet
	facet normal -0.9993167362292592 0 0.036960258279691655
		outer loop
			vertex 0.08788098350167274 -0.09943769408389921 0.19000000357627872
			vertex 0.08122358798980713 -0.09727457493543623 0.009999996423721347
			vertex 0.08788098350167274 -0.1105623059161007 0.19000000357627872
		endloop
	endfacet
	facet normal -0.9993167362292592 0 0.036960258279691655
		outer loop
			vertex 0.08122358798980713 -0.09727457493543623 0.009999996423721347
			vertex 0.08122358798980713 -0.11272542506456373 0.009999996423721347
			vertex 0.08788098350167274 -0.1105623059161007 0.19000000357627872
		endloop
	endfacet
	facet normal -0.8084642602861836 -0.5873835876471833 0.03696025977502864
		outer loop
			vertex 0.08788098350167274 -0.1105623059161007 0.19000000357627872
			vertex 0.08122358798980713 -0.11272542506456373 0.009999996423721347
			vertex 0.09441986542195081 -0.11956230599433179 0.19000000357627872
		endloop
	endfacet
	facet normal -0.8084642270131874 -0.587383633707112 0.03696025558621804
		outer loop
			vertex 0.08122358798980713 -0.11272542506456373 0.009999996423721347
			vertex 0.09030536890029907 -0.12522542431950567 0.009999996423721347
			vertex 0.09441986542195081 -0.11956230599433179 0.19000000357627872
		endloop
	endfacet
	facet normal -0.3088057826092264 -0.9504067172735174 0.03696025417228488
		outer loop
			vertex 0.09441986542195081 -0.11956230599433179 0.19000000357627872
			vertex 0.09030536890029907 -0.12522542431950567 0.009999996423721347
			vertex 0.105 -0.12299999922513957 0.19000000357627872
		endloop
	endfacet
	facet normal -0.30880591151324466 -0.9504066750011484 0.03696026417296784
		outer loop
			vertex 0.09030536890029907 -0.12522542431950567 0.009999996423721347
			vertex 0.105 -0.130000000372529 0.009999996423721347
			vertex 0.105 -0.12299999922513957 0.19000000357627872
		endloop
	endfacet
	facet normal 0 0 1
		outer loop
			vertex 0.105 -0.12299999922513957 0.19000000357627872
			vertex 0.11558013457804918 -0.11956230599433179 0.19000000357627872
			vertex 0.105 -0.10499999999999995 0.19000000357627872
		endloop
	endfacet
	facet normal 0 0 1
		outer loop
			vertex 0.11558013457804918 -0.11956230599433179 0.19000000357627872
			vertex 0.12211901649832725 -0.1105623059161007 0.19000000357627872
			vertex 0.105 -0.10499999999999995 0.19000000357627872
		endloop
	endfacet
	facet normal 0 0 1
		outer loop
			vertex 0.12211901649832725 -0.1105623059161007 0.19000000357627872
			vertex 0.12211901649832725 -0.09943769408389921 0.19000000357627872
			vertex 0.105 -0.10499999999999995 0.19000000357627872
		endloop
	endfacet
	facet normal 0 0 1
		outer loop
			vertex 0.12211901649832725 -0.09943769408389921 0.19000000357627872
			vertex 0.11558013457804918 -0.09043769400566812 0.19000000357627872
			vertex 0.105 -0.10499999999999995 0.19000000357627872
		endloop
	endfacet
	facet normal 0 0 1
		outer loop
			vertex 0.11558013457804918 -0.09043769400566812 0.19000000357627872
			vertex 0.105 -0.08700000077486034 0.19000000357627872
			vertex 0.105 -0.10499999999999995 0.19000000357627872
		endloop
	endfacet
	facet normal 0 0 1
		outer loop
			vertex 0.105 -0.08700000077486034 0.19000000357627872
			vertex 0.09441986542195081 -0.09043769400566812 0.19000000357627872
			vertex 0.105 -0.10499999999999995 0.19000000357627872
		endloop
	endfacet
	facet normal 0 0 1
		outer loop
			vertex 0.09441986542195081 -0.09043769400566812 0.19000000357627872
			vertex 0.08788098350167274 -0.09943769408389921 0.19000000357627872
			vertex 0.105 -0.10499999999999995 0.19000000357627872
		endloop
	endfacet
	facet normal 0 0 1
		outer loop
			vertex 0.08788098350167274 -0.09943769408389921 0.19000000357627872
			vertex 0.08788098350167274 -0.1105623059161007 0.19000000357627872
			vertex 0.105 -0.10499999999999995 0.19000000357627872
		endloop
	endfacet
	facet normal 0 0 1
		outer loop
			vertex 0.08788098350167274 -0.1105623059161007 0.19000000357627872
			vertex 0.09441986542195081 -0.11956230599433179 0.19000000357627872
			vertex 0.105 -0.10499999999999995 0.19000000357627872
		endloop
	endfacet
	facet normal 0 0 1
		outer loop
			vertex 0.09441986542195081 -0.11956230599433179 0.19000000357627872
			vertex 0.105 -0.12299999922513957 0.19000000357627872
			vertex 0.105 -0.10499999999999995 0.19000000357627872
		endloop
	endfacet
	facet normal 0 0 -1
		outer loop
			vertex 0.11969463109970092 -0.12522542431950567 0.009999996423721347
			vertex 0.105 -0.130000000372529 0.009999996423721347
			vertex 0.105 -0.10499999999999998 0.009999996423721347
		endloop
	endfacet
	facet normal 0 0 -1
		outer loop
			vertex 0.12877641201019285 -0.11272542506456373 0.009999996423721347
			vertex 0.11969463109970092 -0.12522542431950567 0.009999996423721347
			vertex 0.105 -0.10499999999999998 0.009999996423721347
		endloop
	endfacet
	facet normal 0 0 -1
		outer loop
			vertex 0.12877641201019285 -0.09727457493543623 0.009999996423721347
			vertex 0.12877641201019285 -0.11272542506456373 0.009999996423721347
			vertex 0.105 -0.10499999999999998 0.009999996423721347
		endloop
	endfacet
	facet normal 0 0 -1
		outer loop
			vertex 0.11969463109970092 -0.08477457568049429 0.009999996423721347
			vertex 0.12877641201019285 -0.09727457493543623 0.009999996423721347
			vertex 0.105 -0.10499999999999998 0.009999996423721347
		endloop
	endfacet
	facet normal 0 0 -1
		outer loop
			vertex 0.105 -0.07999999962747095 0.009999996423721347
			vertex 0.11969463109970092 -0.08477457568049429 0.009999996423721347
			vertex 0.105 -0.10499999999999998 0.009999996423721347
		endloop
	endfacet
	facet normal 0 0 -1
		outer loop
			vertex 0.09030536890029907 -0.08477457568049429 0.009999996423721347
			vertex 0.105 -0.07999999962747095 0.009999996423721347
			vertex 0.105 -0.10499999999999998 0.009999996423721347
		endloop
	endfacet
	facet normal 0 0 -1
		outer loop
			vertex 0.08122358798980713 -0.09727457493543623 0.009999996423721347
			vertex 0.09030536890029907 -0.08477457568049429 0.009999996423721347
			vertex 0.105 -0.10499999999999998 0.009999996423721347
		endloop
	endfacet
	facet normal 0 0 -1
		outer loop
			vertex 0.08122358798980713 -0.11272542506456373 0.009999996423721347
			vertex 0.08122358798980713 -0.09727457493543623 0.009999996423721347
			vertex 0.105 -0.10499999999999998 0.009999996423721347
		endloop
	endfacet
	facet normal 0 0 -1
		outer loop
			vertex 0.09030536890029907 -0.12522542431950567 0.009999996423721347
			vertex 0.08122358798980713 -0.11272542506456373 0.009999996423721347
			vertex 0.105 -0.10499999999999998 0.009999996423721347
		endloop
	endfacet
	facet normal 0 0 -1
		outer loop
			vertex 0.105 -0.130000000372529 0.009999996423721347
			vertex 0.09030536890029907 -0.12522542431950567 0.009999996423721347
			vertex 0.105 -0.10499999999999998 0.009999996423721347
		endloop
	endfacet
endsolid exported
