solid exported
	facet normal -0.1313499037174368 -0.029472053127381576 0.9908978761092776
		outer loop
			vertex 0 8.881784263175702e-17 0.40000000298023225
			vertex -0.03782855980098247 8.770441782259124e-17 0.3949855834245682
			vertex -0.03597709648311138 -0.008251529932022005 0.3949855834245682
		endloop
	endfacet
	facet normal -0.11830129319745118 -0.08539313228183874 0.9892991544456647
		outer loop
			vertex 0 8.881784263175702e-17 0.40000000298023225
			vertex -0.03597709648311138 -0.008251529932022005 0.3949855834245682
			vertex -0.030603947304189204 -0.01569534279406062 0.3949855834245682
		endloop
	endfacet
	facet normal -0.09364049374588075 -0.13265736613999773 0.9867286765569481
		outer loop
			vertex 0 8.881784263175702e-17 0.40000000298023225
			vertex -0.030603947304189204 -0.01569534279406062 0.3949855834245682
			vertex -0.02223506895825267 -0.021602786332368763 0.3949855834245682
		endloop
	endfacet
	facet normal -0.059965483723479734 -0.16672596509887813 0.9841781308907738
		outer loop
			vertex 0 8.881784263175702e-17 0.40000000298023225
			vertex -0.02223506895825267 -0.021602786332368763 0.3949855834245682
			vertex -0.011689667403697966 -0.0253955975174903 0.3949855834245682
		endloop
	endfacet
	facet normal -0.020629833997754792 -0.18452297645200372 0.9826116634309398
		outer loop
			vertex 0 8.881784263175702e-17 0.40000000298023225
			vertex -0.011689667403697966 -0.0253955975174903 0.3949855834245682
			vertex -2.3163311322051556e-18 -0.026702512800693426 0.3949855834245682
		endloop
	endfacet
	facet normal 0.02062983399775479 -0.18452297645200375 0.9826116634309398
		outer loop
			vertex 0 8.881784263175702e-17 0.40000000298023225
			vertex -2.3163311322051556e-18 -0.026702512800693426 0.3949855834245682
			vertex 0.011689667403697966 -0.0253955975174903 0.3949855834245682
		endloop
	endfacet
	facet normal 0.059965483723479734 -0.16672596509887813 0.9841781308907738
		outer loop
			vertex 0 8.881784263175702e-17 0.40000000298023225
			vertex 0.011689667403697966 -0.0253955975174903 0.3949855834245682
			vertex 0.02223506895825267 -0.021602786332368763 0.3949855834245682
		endloop
	endfacet
	facet normal 0.09364049374588075 -0.13265736613999773 0.9867286765569481
		outer loop
			vertex 0 8.881784263175702e-17 0.40000000298023225
			vertex 0.02223506895825267 -0.021602786332368763 0.3949855834245682
			vertex 0.030603947304189204 -0.01569534279406062 0.3949855834245682
		endloop
	endfacet
	facet normal 0.11830129319745114 -0.08539313228183872 0.9892991544456646
		outer loop
			vertex 0 8.881784263175702e-17 0.40000000298023225
			vertex 0.030603947304189204 -0.01569534279406062 0.3949855834245682
			vertex 0.03597709648311138 -0.008251529932022005 0.3949855834245682
		endloop
	endfacet
	facet normal 0.13134990371743677 -0.029472053127381586 0.9908978761092775
		outer loop
			vertex 0 8.881784263175702e-17 0.40000000298023225
			vertex 0.03597709648311138 -0.008251529932022005 0.3949855834245682
			vertex 0.03782855980098247 8.44343032830075e-17 0.3949855834245682
		endloop
	endfacet
	facet normal 0.13134990371743677 0.029472053127381558 0.9908978761092776
		outer loop
			vertex 0 8.881784263175702e-17 0.40000000298023225
			vertex 0.03782855980098247 8.44343032830075e-17 0.3949855834245682
			vertex 0.03597709648311138 0.008251529932022182 0.3949855834245682
		endloop
	endfacet
	facet normal 0.11830129319745117 0.08539313228183876 0.9892991544456646
		outer loop
			vertex 0 8.881784263175702e-17 0.40000000298023225
			vertex 0.03597709648311138 0.008251529932022182 0.3949855834245682
			vertex 0.030603947304189204 0.015695342794060794 0.3949855834245682
		endloop
	endfacet
	facet normal 0.09364049374588077 0.13265736613999776 0.9867286765569481
		outer loop
			vertex 0 8.881784263175702e-17 0.40000000298023225
			vertex 0.030603947304189204 0.015695342794060794 0.3949855834245682
			vertex 0.02223506895825267 0.021602786332368937 0.3949855834245682
		endloop
	endfacet
	facet normal 0.05996548372347974 0.16672596509887816 0.9841781308907737
		outer loop
			vertex 0 8.881784263175702e-17 0.40000000298023225
			vertex 0.02223506895825267 0.021602786332368937 0.3949855834245682
			vertex 0.011689667403697966 0.025395597517490473 0.3949855834245682
		endloop
	endfacet
	facet normal 0.020629833997754806 0.18452297645200377 0.9826116634309398
		outer loop
			vertex 0 8.881784263175702e-17 0.40000000298023225
			vertex 0.011689667403697966 0.025395597517490473 0.3949855834245682
			vertex 6.948993572391348e-18 0.0267025128006936 0.3949855834245682
		endloop
	endfacet
	facet normal -0.020629833997754785 0.1845229764520038 0.9826116634309398
		outer loop
			vertex 0 8.881784263175702e-17 0.40000000298023225
			vertex 6.948993572391348e-18 0.0267025128006936 0.3949855834245682
			vertex -0.011689667403697966 0.025395597517490473 0.3949855834245682
		endloop
	endfacet
	facet normal -0.05996548372347974 0.16672596509887816 0.9841781308907737
		outer loop
			vertex 0 8.881784263175702e-17 0.40000000298023225
			vertex -0.011689667403697966 0.025395597517490473 0.3949855834245682
			vertex -0.02223506895825267 0.021602786332368937 0.3949855834245682
		endloop
	endfacet
	facet normal -0.09364049374588077 0.13265736613999776 0.9867286765569481
		outer loop
			vertex 0 8.881784263175702e-17 0.40000000298023225
			vertex -0.02223506895825267 0.021602786332368937 0.3949855834245682
			vertex -0.030603947304189204 0.015695342794060794 0.3949855834245682
		endloop
	endfacet
	facet normal -0.11830129319745117 0.08539313228183876 0.9892991544456646
		outer loop
			vertex 0 8.881784263175702e-17 0.40000000298023225
			vertex -0.030603947304189204 0.015695342794060794 0.3949855834245682
			vertex -0.03597709648311138 0.008251529932022182 0.3949855834245682
		endloop
	endfacet
	facet normal -0.13134990371743674 0.029472053127381583 0.9908978761092774
		outer loop
			vertex 0 8.881784263175702e-17 0.40000000298023225
			vertex -0.03597709648311138 0.008251529932022182 0.3949855834245682
			vertex -0.03782855980098247 9.424464690175873e-17 0.3949855834245682
		endloop
	endfacet
	facet normal -0.37928996335091975 -0.0851043939446525 0.9213557216583459
		outer loop
			vertex -0.03597709648311138 -0.008251529932022005 0.3949855834245682
			vertex -0.03782855980098247 8.770441782259124e-17 0.3949855834245682
			vertex -0.07015015110373497 -0.016089293360710057 0.380193766951561
		endloop
	endfacet
	facet normal -0.3792899780052788 -0.0851043616978764 0.9213557186042491
		outer loop
			vertex -0.03782855980098247 8.770441782259124e-17 0.3949855834245682
			vertex -0.07376023605465888 8.441997477771878e-17 0.380193766951561
			vertex -0.07015015110373497 -0.016089293360710057 0.380193766951561
		endloop
	endfacet
	facet normal -0.3376393854220535 -0.2437174093674687 0.9091762589195935
		outer loop
			vertex -0.030603947304189204 -0.01569534279406062 0.3949855834245682
			vertex -0.03597709648311138 -0.008251529932022005 0.3949855834245682
			vertex -0.059673283621668814 -0.03060365617275229 0.380193766951561
		endloop
	endfacet
	facet normal -0.3376393780985975 -0.24371741749016598 0.9091762594618915
		outer loop
			vertex -0.03597709648311138 -0.008251529932022005 0.3949855834245682
			vertex -0.07015015110373497 -0.016089293360710057 0.380193766951561
			vertex -0.059673283621668814 -0.03060365617275229 0.380193766951561
		endloop
	endfacet
	facet normal -0.26243404868976883 -0.37178156897717246 0.8904531627531951
		outer loop
			vertex -0.02223506895825267 -0.021602786332368763 0.3949855834245682
			vertex -0.030603947304189204 -0.01569534279406062 0.3949855834245682
			vertex -0.043355179578065874 -0.04212231785058967 0.380193766951561
		endloop
	endfacet
	facet normal -0.2624340486897689 -0.37178156897717246 0.890453162753195
		outer loop
			vertex -0.030603947304189204 -0.01569534279406062 0.3949855834245682
			vertex -0.059673283621668814 -0.03060365617275229 0.380193766951561
			vertex -0.043355179578065874 -0.04212231785058967 0.380193766951561
		endloop
	endfacet
	facet normal -0.16516041711783172 -0.4592063338817314 0.8728410963860282
		outer loop
			vertex -0.011689667403697966 -0.0253955975174903 0.3949855834245682
			vertex -0.02223506895825267 -0.021602786332368763 0.3949855834245682
			vertex -0.02279316559433937 -0.04951775372028342 0.380193766951561
		endloop
	endfacet
	facet normal -0.16516042590741595 -0.4592063330551391 0.8728410951577235
		outer loop
			vertex -0.02223506895825267 -0.021602786332368763 0.3949855834245682
			vertex -0.043355179578065874 -0.04212231785058967 0.380193766951561
			vertex -0.02279316559433937 -0.04951775372028342 0.380193766951561
		endloop
	endfacet
	facet normal -0.05623393735196974 -0.5029828887101209 0.8624650473814677
		outer loop
			vertex -2.3163311322051556e-18 -0.026702512800693426 0.3949855834245682
			vertex -0.011689667403697966 -0.0253955975174903 0.3949855834245682
			vertex -4.516511672106178e-18 -0.05206604897975913 0.380193766951561
		endloop
	endfacet
	facet normal -0.05623391304607728 -0.5029828813246032 0.862465053273422
		outer loop
			vertex -0.011689667403697966 -0.0253955975174903 0.3949855834245682
			vertex -0.02279316559433937 -0.04951775372028342 0.380193766951561
			vertex -4.516511672106178e-18 -0.05206604897975913 0.380193766951561
		endloop
	endfacet
	facet normal 0.05623393559718178 -0.5029828730144689 0.8624650566494637
		outer loop
			vertex 0.011689667403697966 -0.0253955975174903 0.3949855834245682
			vertex -2.3163311322051556e-18 -0.026702512800693426 0.3949855834245682
			vertex 0.02279316559433937 -0.04951775372028342 0.380193766951561
		endloop
	endfacet
	facet normal 0.056233913946034705 -0.5029828893742508 0.8624650485202517
		outer loop
			vertex -2.3163311322051556e-18 -0.026702512800693426 0.3949855834245682
			vertex -4.516511672106178e-18 -0.05206604897975913 0.380193766951561
			vertex 0.02279316559433937 -0.04951775372028342 0.380193766951561
		endloop
	endfacet
	facet normal 0.1651604189387905 -0.45920633894466245 0.8728410933778284
		outer loop
			vertex 0.02223506895825267 -0.021602786332368763 0.3949855834245682
			vertex 0.011689667403697966 -0.0253955975174903 0.3949855834245682
			vertex 0.043355179578065874 -0.04212231785058967 0.380193766951561
		endloop
	endfacet
	facet normal 0.16516042497352187 -0.4592063304585723 0.8728410967005037
		outer loop
			vertex 0.011689667403697966 -0.0253955975174903 0.3949855834245682
			vertex 0.02279316559433937 -0.04951775372028342 0.380193766951561
			vertex 0.043355179578065874 -0.04212231785058967 0.380193766951561
		endloop
	endfacet
	facet normal 0.2624340486897689 -0.37178156897717257 0.8904531627531951
		outer loop
			vertex 0.030603947304189204 -0.01569534279406062 0.3949855834245682
			vertex 0.02223506895825267 -0.021602786332368763 0.3949855834245682
			vertex 0.059673283621668814 -0.03060365617275229 0.380193766951561
		endloop
	endfacet
	facet normal 0.2624340486897689 -0.3717815689771724 0.8904531627531951
		outer loop
			vertex 0.02223506895825267 -0.021602786332368763 0.3949855834245682
			vertex 0.043355179578065874 -0.04212231785058967 0.380193766951561
			vertex 0.059673283621668814 -0.03060365617275229 0.380193766951561
		endloop
	endfacet
	facet normal 0.3376393813830609 -0.24371740645201254 0.9091762612010768
		outer loop
			vertex 0.03597709648311138 -0.008251529932022005 0.3949855834245682
			vertex 0.030603947304189204 -0.01569534279406062 0.3949855834245682
			vertex 0.07015015110373497 -0.016089293360710057 0.380193766951561
		endloop
	endfacet
	facet normal 0.3376393801700288 -0.2437174189853822 0.9091762582918137
		outer loop
			vertex 0.030603947304189204 -0.01569534279406062 0.3949855834245682
			vertex 0.059673283621668814 -0.03060365617275229 0.380193766951561
			vertex 0.07015015110373497 -0.016089293360710057 0.380193766951561
		endloop
	endfacet
	facet normal 0.37928997685823934 -0.08510439697540041 0.9213557158179081
		outer loop
			vertex 0.03782855980098247 8.44343032830075e-17 0.3949855834245682
			vertex 0.03597709648311138 -0.008251529932022005 0.3949855834245682
			vertex 0.07376023605465888 7.80437230053336e-17 0.380193766951561
		endloop
	endfacet
	facet normal 0.3792899710779356 -0.0851043601435324 0.9213557215995669
		outer loop
			vertex 0.03597709648311138 -0.008251529932022005 0.3949855834245682
			vertex 0.07015015110373497 -0.016089293360710057 0.380193766951561
			vertex 0.07376023605465888 7.80437230053336e-17 0.380193766951561
		endloop
	endfacet
	facet normal 0.3792899633509198 0.08510439394465247 0.9213557216583459
		outer loop
			vertex 0.03597709648311138 0.008251529932022182 0.3949855834245682
			vertex 0.03782855980098247 8.44343032830075e-17 0.3949855834245682
			vertex 0.07015015110373497 0.01608929336071023 0.380193766951561
		endloop
	endfacet
	facet normal 0.37928997800527875 0.08510436169787632 0.9213557186042493
		outer loop
			vertex 0.03782855980098247 8.44343032830075e-17 0.3949855834245682
			vertex 0.07376023605465888 7.80437230053336e-17 0.380193766951561
			vertex 0.07015015110373497 0.01608929336071023 0.380193766951561
		endloop
	endfacet
	facet normal 0.33763938542205346 0.24371740936746877 0.9091762589195934
		outer loop
			vertex 0.030603947304189204 0.015695342794060794 0.3949855834245682
			vertex 0.03597709648311138 0.008251529932022182 0.3949855834245682
			vertex 0.059673283621668814 0.030603656172752465 0.380193766951561
		endloop
	endfacet
	facet normal 0.33763937809859756 0.243717417490166 0.9091762594618914
		outer loop
			vertex 0.03597709648311138 0.008251529932022182 0.3949855834245682
			vertex 0.07015015110373497 0.01608929336071023 0.380193766951561
			vertex 0.059673283621668814 0.030603656172752465 0.380193766951561
		endloop
	endfacet
	facet normal 0.2624340486897689 0.37178156897717257 0.8904531627531951
		outer loop
			vertex 0.02223506895825267 0.021602786332368937 0.3949855834245682
			vertex 0.030603947304189204 0.015695342794060794 0.3949855834245682
			vertex 0.043355179578065874 0.042122317850589834 0.380193766951561
		endloop
	endfacet
	facet normal 0.2624340486897689 0.37178156897717257 0.890453162753195
		outer loop
			vertex 0.030603947304189204 0.015695342794060794 0.3949855834245682
			vertex 0.059673283621668814 0.030603656172752465 0.380193766951561
			vertex 0.043355179578065874 0.042122317850589834 0.380193766951561
		endloop
	endfacet
	facet normal 0.16516041711783172 0.4592063338817314 0.8728410963860281
		outer loop
			vertex 0.011689667403697966 0.025395597517490473 0.3949855834245682
			vertex 0.02223506895825267 0.021602786332368937 0.3949855834245682
			vertex 0.02279316559433937 0.04951775372028359 0.380193766951561
		endloop
	endfacet
	facet normal 0.16516042590741595 0.4592063330551391 0.8728410951577232
		outer loop
			vertex 0.02223506895825267 0.021602786332368937 0.3949855834245682
			vertex 0.043355179578065874 0.042122317850589834 0.380193766951561
			vertex 0.02279316559433937 0.04951775372028359 0.380193766951561
		endloop
	endfacet
	facet normal 0.056233937351969764 0.5029828887101209 0.8624650473814675
		outer loop
			vertex 6.948993572391348e-18 0.0267025128006936 0.3949855834245682
			vertex 0.011689667403697966 0.025395597517490473 0.3949855834245682
			vertex 1.3549536070973814e-17 0.0520660489797593 0.380193766951561
		endloop
	endfacet
	facet normal 0.05623391304607731 0.5029828813246032 0.8624650532734218
		outer loop
			vertex 0.011689667403697966 0.025395597517490473 0.3949855834245682
			vertex 0.02279316559433937 0.04951775372028359 0.380193766951561
			vertex 1.3549536070973814e-17 0.0520660489797593 0.380193766951561
		endloop
	endfacet
	facet normal -0.056233935597181775 0.502982873014469 0.8624650566494637
		outer loop
			vertex -0.011689667403697966 0.025395597517490473 0.3949855834245682
			vertex 6.948993572391348e-18 0.0267025128006936 0.3949855834245682
			vertex -0.02279316559433937 0.04951775372028359 0.380193766951561
		endloop
	endfacet
	facet normal -0.056233913946034685 0.502982889374251 0.8624650485202515
		outer loop
			vertex 6.948993572391348e-18 0.0267025128006936 0.3949855834245682
			vertex 1.3549536070973814e-17 0.0520660489797593 0.380193766951561
			vertex -0.02279316559433937 0.04951775372028359 0.380193766951561
		endloop
	endfacet
	facet normal -0.16516041893879055 0.4592063389446626 0.8728410933778286
		outer loop
			vertex -0.02223506895825267 0.021602786332368937 0.3949855834245682
			vertex -0.011689667403697966 0.025395597517490473 0.3949855834245682
			vertex -0.043355179578065874 0.042122317850589834 0.380193766951561
		endloop
	endfacet
	facet normal -0.1651604249735219 0.4592063304585724 0.8728410967005038
		outer loop
			vertex -0.011689667403697966 0.025395597517490473 0.3949855834245682
			vertex -0.02279316559433937 0.04951775372028359 0.380193766951561
			vertex -0.043355179578065874 0.042122317850589834 0.380193766951561
		endloop
	endfacet
	facet normal -0.2624340486897689 0.37178156897717257 0.8904531627531951
		outer loop
			vertex -0.030603947304189204 0.015695342794060794 0.3949855834245682
			vertex -0.02223506895825267 0.021602786332368937 0.3949855834245682
			vertex -0.059673283621668814 0.030603656172752465 0.380193766951561
		endloop
	endfacet
	facet normal -0.2624340486897689 0.3717815689771726 0.890453162753195
		outer loop
			vertex -0.02223506895825267 0.021602786332368937 0.3949855834245682
			vertex -0.043355179578065874 0.042122317850589834 0.380193766951561
			vertex -0.059673283621668814 0.030603656172752465 0.380193766951561
		endloop
	endfacet
	facet normal -0.33763938138306093 0.24371740645201267 0.9091762612010768
		outer loop
			vertex -0.03597709648311138 0.008251529932022182 0.3949855834245682
			vertex -0.030603947304189204 0.015695342794060794 0.3949855834245682
			vertex -0.07015015110373497 0.01608929336071023 0.380193766951561
		endloop
	endfacet
	facet normal -0.3376393801700288 0.2437174189853822 0.9091762582918137
		outer loop
			vertex -0.030603947304189204 0.015695342794060794 0.3949855834245682
			vertex -0.059673283621668814 0.030603656172752465 0.380193766951561
			vertex -0.07015015110373497 0.01608929336071023 0.380193766951561
		endloop
	endfacet
	facet normal -0.37928997685823934 0.08510439697540043 0.9213557158179081
		outer loop
			vertex -0.03782855980098247 9.424464690175873e-17 0.3949855834245682
			vertex -0.03597709648311138 0.008251529932022182 0.3949855834245682
			vertex -0.07376023605465888 9.717247832248916e-17 0.380193766951561
		endloop
	endfacet
	facet normal -0.3792899710779356 0.0851043601435324 0.9213557215995669
		outer loop
			vertex -0.03597709648311138 0.008251529932022182 0.3949855834245682
			vertex -0.07015015110373497 0.01608929336071023 0.380193766951561
			vertex -0.07376023605465888 9.717247832248916e-17 0.380193766951561
		endloop
	endfacet
	facet normal -0.589222158984653 -0.13220854398092124 0.797081017375216
		outer loop
			vertex -0.07015015110373497 -0.016089293360710057 0.380193766951561
			vertex -0.07376023605465888 8.441997477771878e-17 0.380193766951561
			vertex -0.10080558881163597 -0.023120272904634396 0.356366303563118
		endloop
	endfacet
	facet normal -0.5892222237650964 -0.13220843711785552 0.7970809872128234
		outer loop
			vertex -0.07376023605465888 8.441997477771878e-17 0.380193766951561
			vertex -0.1059932667762041 7.912921508326631e-17 0.356366303563118
			vertex -0.10080558881163597 -0.023120272904634396 0.356366303563118
		endloop
	endfacet
	facet normal -0.5150467102949224 -0.3717749239640765 0.7723407875581113
		outer loop
			vertex -0.059673283621668814 -0.03060365617275229 0.380193766951561
			vertex -0.07015015110373497 -0.016089293360710057 0.380193766951561
			vertex -0.08575035333633423 -0.04397737383842461 0.356366303563118
		endloop
	endfacet
	facet normal -0.5150466349867727 -0.3717749842177392 0.7723408087746639
		outer loop
			vertex -0.07015015110373497 -0.016089293360710057 0.380193766951561
			vertex -0.10080558881163597 -0.023120272904634396 0.356366303563118
			vertex -0.08575035333633423 -0.04397737383842461 0.356366303563118
		endloop
	endfacet
	facet normal -0.38991936558515944 -0.552385767912309 0.736771912975512
		outer loop
			vertex -0.043355179578065874 -0.04212231785058967 0.380193766951561
			vertex -0.059673283621668814 -0.03060365617275229 0.380193766951561
			vertex -0.06230127960443497 -0.06052966117858879 0.356366303563118
		endloop
	endfacet
	facet normal -0.38991936558515927 -0.552385767912309 0.7367719129755121
		outer loop
			vertex -0.059673283621668814 -0.03060365617275229 0.380193766951561
			vertex -0.08575035333633423 -0.04397737383842461 0.356366303563118
			vertex -0.06230127960443497 -0.06052966117858879 0.356366303563118
		endloop
	endfacet
	facet normal -0.23978723618090425 -0.666696133986631 0.7057041492665348
		outer loop
			vertex -0.02279316559433937 -0.04951775372028342 0.380193766951561
			vertex -0.043355179578065874 -0.04212231785058967 0.380193766951561
			vertex -0.032753719948232174 -0.07115688621997825 0.35636630356311805
		endloop
	endfacet
	facet normal -0.23978731141930398 -0.6666961376434705 0.7057041202469918
		outer loop
			vertex -0.043355179578065874 -0.04212231785058967 0.380193766951561
			vertex -0.06230127960443497 -0.06052966117858879 0.356366303563118
			vertex -0.032753719948232174 -0.07115688621997825 0.35636630356311805
		endloop
	endfacet
	facet normal -0.08059460988159431 -0.7208765476494694 0.6883614689296722
		outer loop
			vertex -4.516511672106178e-18 -0.05206604897975913 0.380193766951561
			vertex -0.02279316559433937 -0.04951775372028342 0.380193766951561
			vertex -6.490215712740042e-18 -0.0748187765479087 0.35636630356311805
		endloop
	endfacet
	facet normal -0.08059453243016006 -0.7208765168202265 0.6883615102832972
		outer loop
			vertex -0.02279316559433937 -0.04951775372028342 0.380193766951561
			vertex -0.032753719948232174 -0.07115688621997825 0.35636630356311805
			vertex -6.490215712740042e-18 -0.0748187765479087 0.35636630356311805
		endloop
	endfacet
	facet normal 0.08059460423788455 -0.7208764971694434 0.6883615224549178
		outer loop
			vertex 0.02279316559433937 -0.04951775372028342 0.380193766951561
			vertex -4.516511672106178e-18 -0.05206604897975913 0.380193766951561
			vertex 0.032753719948232174 -0.07115688621997825 0.35636630356311805
		endloop
	endfacet
	facet normal 0.08059453635758862 -0.7208765519490492 0.6883614730353197
		outer loop
			vertex -4.516511672106178e-18 -0.05206604897975913 0.380193766951561
			vertex -6.490215712740042e-18 -0.0748187765479087 0.35636630356311805
			vertex 0.032753719948232174 -0.07115688621997825 0.35636630356311805
		endloop
	endfacet
	facet normal 0.23978725169309337 -0.6666961771161847 0.7057041032501781
		outer loop
			vertex 0.043355179578065874 -0.04212231785058967 0.380193766951561
			vertex 0.02279316559433937 -0.04951775372028342 0.380193766951561
			vertex 0.06230127960443497 -0.06052966117858879 0.356366303563118
		endloop
	endfacet
	facet normal 0.23978730062443887 -0.6666961076298102 0.7057041522695652
		outer loop
			vertex 0.02279316559433937 -0.04951775372028342 0.380193766951561
			vertex 0.032753719948232174 -0.07115688621997825 0.35636630356311805
			vertex 0.06230127960443497 -0.06052966117858879 0.356366303563118
		endloop
	endfacet
	facet normal 0.38991936558515944 -0.5523857679123089 0.7367719129755123
		outer loop
			vertex 0.059673283621668814 -0.03060365617275229 0.380193766951561
			vertex 0.043355179578065874 -0.04212231785058967 0.380193766951561
			vertex 0.08575035333633423 -0.04397737383842461 0.356366303563118
		endloop
	endfacet
	facet normal 0.38991936558515944 -0.5523857679123091 0.7367719129755121
		outer loop
			vertex 0.043355179578065874 -0.04212231785058967 0.380193766951561
			vertex 0.06230127960443497 -0.06052966117858879 0.356366303563118
			vertex 0.08575035333633423 -0.04397737383842461 0.356366303563118
		endloop
	endfacet
	facet normal 0.5150466703863441 -0.37177489515696377 0.7723408280383536
		outer loop
			vertex 0.07015015110373497 -0.016089293360710057 0.380193766951561
			vertex 0.059673283621668814 -0.03060365617275229 0.380193766951561
			vertex 0.10080558881163597 -0.023120272904634396 0.356366303563118
		endloop
	endfacet
	facet normal 0.5150466627589683 -0.3717750042644822 0.7723407806046462
		outer loop
			vertex 0.059673283621668814 -0.03060365617275229 0.380193766951561
			vertex 0.08575035333633423 -0.04397737383842461 0.356366303563118
			vertex 0.10080558881163597 -0.023120272904634396 0.356366303563118
		endloop
	endfacet
	facet normal 0.5892222143081405 -0.13220855639429988 0.7970809744197556
		outer loop
			vertex 0.07376023605465888 7.80437230053336e-17 0.380193766951561
			vertex 0.07015015110373497 -0.016089293360710057 0.380193766951561
			vertex 0.1059932667762041 6.996655760645684e-17 0.356366303563118
		endloop
	endfacet
	facet normal 0.589222185265729 -0.1322084284794489 0.7970810171053336
		outer loop
			vertex 0.07015015110373497 -0.016089293360710057 0.380193766951561
			vertex 0.10080558881163597 -0.023120272904634396 0.356366303563118
			vertex 0.1059932667762041 6.996655760645684e-17 0.356366303563118
		endloop
	endfacet
	facet normal 0.5892221589846531 0.13220854398092116 0.7970810173752158
		outer loop
			vertex 0.07015015110373497 0.01608929336071023 0.380193766951561
			vertex 0.07376023605465888 7.80437230053336e-17 0.380193766951561
			vertex 0.10080558881163597 0.023120272904634556 0.356366303563118
		endloop
	endfacet
	facet normal 0.5892222237650964 0.13220843711785546 0.7970809872128234
		outer loop
			vertex 0.07376023605465888 7.80437230053336e-17 0.380193766951561
			vertex 0.1059932667762041 6.996655760645684e-17 0.356366303563118
			vertex 0.10080558881163597 0.023120272904634556 0.356366303563118
		endloop
	endfacet
	facet normal 0.5150467102949225 0.37177492396407663 0.7723407875581111
		outer loop
			vertex 0.059673283621668814 0.030603656172752465 0.380193766951561
			vertex 0.07015015110373497 0.01608929336071023 0.380193766951561
			vertex 0.08575035333633423 0.04397737383842476 0.356366303563118
		endloop
	endfacet
	facet normal 0.5150466349867728 0.37177498421773936 0.7723408087746638
		outer loop
			vertex 0.07015015110373497 0.01608929336071023 0.380193766951561
			vertex 0.10080558881163597 0.023120272904634556 0.356366303563118
			vertex 0.08575035333633423 0.04397737383842476 0.356366303563118
		endloop
	endfacet
	facet normal 0.38991936558515944 0.5523857679123092 0.7367719129755119
		outer loop
			vertex 0.043355179578065874 0.042122317850589834 0.380193766951561
			vertex 0.059673283621668814 0.030603656172752465 0.380193766951561
			vertex 0.06230127960443497 0.06052966117858894 0.356366303563118
		endloop
	endfacet
	facet normal 0.3899193655851595 0.5523857679123092 0.736771912975512
		outer loop
			vertex 0.059673283621668814 0.030603656172752465 0.380193766951561
			vertex 0.08575035333633423 0.04397737383842476 0.356366303563118
			vertex 0.06230127960443497 0.06052966117858894 0.356366303563118
		endloop
	endfacet
	facet normal 0.23978723618090478 0.6666961339866325 0.7057041492665331
		outer loop
			vertex 0.02279316559433937 0.04951775372028359 0.380193766951561
			vertex 0.043355179578065874 0.042122317850589834 0.380193766951561
			vertex 0.032753719948232174 0.07115688621997841 0.35636630356311794
		endloop
	endfacet
	facet normal 0.2397873114193021 0.6666961376434719 0.7057041202469909
		outer loop
			vertex 0.043355179578065874 0.042122317850589834 0.380193766951561
			vertex 0.06230127960443497 0.06052966117858894 0.356366303563118
			vertex 0.032753719948232174 0.07115688621997841 0.35636630356311794
		endloop
	endfacet
	facet normal 0.08059460988159453 0.720876547649471 0.6883614689296704
		outer loop
			vertex 1.3549536070973814e-17 0.0520660489797593 0.380193766951561
			vertex 0.02279316559433937 0.04951775372028359 0.380193766951561
			vertex 1.9470647841323646e-17 0.07481877654790886 0.35636630356311794
		endloop
	endfacet
	facet normal 0.08059453243016027 0.7208765168202279 0.6883615102832955
		outer loop
			vertex 0.02279316559433937 0.04951775372028359 0.380193766951561
			vertex 0.032753719948232174 0.07115688621997841 0.35636630356311794
			vertex 1.9470647841323646e-17 0.07481877654790886 0.35636630356311794
		endloop
	endfacet
	facet normal -0.08059460423788468 0.720876497169445 0.6883615224549161
		outer loop
			vertex -0.02279316559433937 0.04951775372028359 0.380193766951561
			vertex 1.3549536070973814e-17 0.0520660489797593 0.380193766951561
			vertex -0.032753719948232174 0.07115688621997841 0.35636630356311794
		endloop
	endfacet
	facet normal -0.08059453635758876 0.7208765519490508 0.688361473035318
		outer loop
			vertex 1.3549536070973814e-17 0.0520660489797593 0.380193766951561
			vertex 1.9470647841323646e-17 0.07481877654790886 0.35636630356311794
			vertex -0.032753719948232174 0.07115688621997841 0.35636630356311794
		endloop
	endfacet
	facet normal -0.23978725169309345 0.6666961771161849 0.7057041032501778
		outer loop
			vertex -0.043355179578065874 0.042122317850589834 0.380193766951561
			vertex -0.02279316559433937 0.04951775372028359 0.380193766951561
			vertex -0.06230127960443497 0.06052966117858894 0.356366303563118
		endloop
	endfacet
	facet normal -0.23978730062443734 0.6666961076298126 0.7057041522695633
		outer loop
			vertex -0.02279316559433937 0.04951775372028359 0.380193766951561
			vertex -0.032753719948232174 0.07115688621997841 0.35636630356311794
			vertex -0.06230127960443497 0.06052966117858894 0.356366303563118
		endloop
	endfacet
	facet normal -0.38991936558515944 0.5523857679123092 0.7367719129755119
		outer loop
			vertex -0.059673283621668814 0.030603656172752465 0.380193766951561
			vertex -0.043355179578065874 0.042122317850589834 0.380193766951561
			vertex -0.08575035333633423 0.04397737383842476 0.356366303563118
		endloop
	endfacet
	facet normal -0.3899193655851595 0.5523857679123092 0.736771912975512
		outer loop
			vertex -0.043355179578065874 0.042122317850589834 0.380193766951561
			vertex -0.06230127960443497 0.06052966117858894 0.356366303563118
			vertex -0.08575035333633423 0.04397737383842476 0.356366303563118
		endloop
	endfacet
	facet normal -0.5150466703863441 0.37177489515696377 0.7723408280383535
		outer loop
			vertex -0.07015015110373497 0.01608929336071023 0.380193766951561
			vertex -0.059673283621668814 0.030603656172752465 0.380193766951561
			vertex -0.10080558881163597 0.023120272904634556 0.356366303563118
		endloop
	endfacet
	facet normal -0.5150466627589684 0.37177500426448234 0.7723407806046458
		outer loop
			vertex -0.059673283621668814 0.030603656172752465 0.380193766951561
			vertex -0.08575035333633423 0.04397737383842476 0.356366303563118
			vertex -0.10080558881163597 0.023120272904634556 0.356366303563118
		endloop
	endfacet
	facet normal -0.5892222143081405 0.13220855639429988 0.7970809744197556
		outer loop
			vertex -0.07376023605465888 9.717247832248916e-17 0.380193766951561
			vertex -0.07015015110373497 0.01608929336071023 0.380193766951561
			vertex -0.1059932667762041 9.745453003688525e-17 0.356366303563118
		endloop
	endfacet
	facet normal -0.5892221852657291 0.13220842847944897 0.7970810171053339
		outer loop
			vertex -0.07015015110373497 0.01608929336071023 0.380193766951561
			vertex -0.10080558881163597 0.023120272904634556 0.356366303563118
			vertex -0.1059932667762041 9.745453003688525e-17 0.356366303563118
		endloop
	endfacet
	facet normal -0.7510426666136443 -0.16851736604117268 0.6383860981165018
		outer loop
			vertex -0.10080558881163597 -0.023120272904634396 0.356366303563118
			vertex -0.1059932667762041 7.912921508326631e-17 0.356366303563118
			vertex -0.12640620842576025 -0.02899190559983246 0.3246979609131813
		endloop
	endfacet
	facet normal -0.7510425625275604 -0.16851752674746193 0.6383861781484264
		outer loop
			vertex -0.1059932667762041 7.912921508326631e-17 0.356366303563118
			vertex -0.13291135802865028 7.20974304509306e-17 0.3246979609131813
			vertex -0.12640620842576025 -0.02899190559983246 0.3246979609131813
		endloop
	endfacet
	facet normal -0.6443121498689021 -0.46508242764261604 0.6070915820775019
		outer loop
			vertex -0.08575035333633423 -0.04397737383842461 0.356366303563118
			vertex -0.10080558881163597 -0.023120272904634396 0.356366303563118
			vertex -0.10752754211425782 -0.055145882070064475 0.3246979609131813
		endloop
	endfacet
	facet normal -0.644312170907613 -0.46508241256732497 0.6070915712978362
		outer loop
			vertex -0.10080558881163597 -0.023120272904634396 0.356366303563118
			vertex -0.12640620842576025 -0.02899190559983246 0.3246979609131813
			vertex -0.10752754211425782 -0.055145882070064475 0.3246979609131813
		endloop
	endfacet
	facet normal -0.47583550365796434 -0.6741002968487829 0.5649507617898698
		outer loop
			vertex -0.06230127960443497 -0.06052966117858879 0.356366303563118
			vertex -0.08575035333633423 -0.04397737383842461 0.356366303563118
			vertex -0.07812333293259144 -0.07590179443359368 0.3246979609131813
		endloop
	endfacet
	facet normal -0.4758355036579644 -0.6741002968487829 0.5649507617898699
		outer loop
			vertex -0.08575035333633423 -0.04397737383842461 0.356366303563118
			vertex -0.10752754211425782 -0.055145882070064475 0.3246979609131813
			vertex -0.07812333293259144 -0.07590179443359368 0.3246979609131813
		endloop
	endfacet
	facet normal -0.28688654045671075 -0.7976491638872802 0.5305204277449671
		outer loop
			vertex -0.032753719948232174 -0.07115688621997825 0.35636630356311805
			vertex -0.06230127960443497 -0.06052966117858879 0.356366303563118
			vertex -0.041071866266429426 -0.08922791182994835 0.3246979609131813
		endloop
	endfacet
	facet normal -0.28688652142159016 -0.7976491628635147 0.5305204395777355
		outer loop
			vertex -0.06230127960443497 -0.06052966117858879 0.356366303563118
			vertex -0.07812333293259144 -0.07590179443359368 0.3246979609131813
			vertex -0.041071866266429426 -0.08922791182994835 0.3246979609131813
		endloop
	endfacet
	facet normal -0.09543081199155536 -0.8535793840036513 0.5121476304021914
		outer loop
			vertex -6.490215712740042e-18 -0.0748187765479087 0.35636630356311805
			vertex -0.032753719948232174 -0.07115688621997825 0.35636630356311805
			vertex -8.138473172106068e-18 -0.09381978213787072 0.32469796091318137
		endloop
	endfacet
	facet normal -0.09543092054434163 -0.8535794226411522 0.5121475457791994
		outer loop
			vertex -0.032753719948232174 -0.07115688621997825 0.35636630356311805
			vertex -0.041071866266429426 -0.08922791182994835 0.3246979609131813
			vertex -8.138473172106068e-18 -0.09381978213787072 0.32469796091318137
		endloop
	endfacet
	facet normal 0.09543081859861832 -0.8535794431004216 0.5121475306764369
		outer loop
			vertex 0.032753719948232174 -0.07115688621997825 0.35636630356311805
			vertex -6.490215712740042e-18 -0.0748187765479087 0.35636630356311805
			vertex 0.041071866266429426 -0.08922791182994835 0.3246979609131813
		endloop
	endfacet
	facet normal 0.0954309152753791 -0.8535793755130522 0.5121476253078319
		outer loop
			vertex -6.490215712740042e-18 -0.0748187765479087 0.35636630356311805
			vertex -8.138473172106068e-18 -0.09381978213787072 0.32469796091318137
			vertex 0.041071866266429426 -0.08922791182994835 0.3246979609131813
		endloop
	endfacet
	facet normal 0.28688653713268225 -0.7976491546452693 0.5305204434380503
		outer loop
			vertex 0.06230127960443497 -0.06052966117858879 0.356366303563118
			vertex 0.032753719948232174 -0.07115688621997825 0.35636630356311805
			vertex 0.07812333293259144 -0.07590179443359368 0.3246979609131813
		endloop
	endfacet
	facet normal 0.28688652407241444 -0.7976491702337729 0.5305204270629187
		outer loop
			vertex 0.032753719948232174 -0.07115688621997825 0.35636630356311805
			vertex 0.041071866266429426 -0.08922791182994835 0.3246979609131813
			vertex 0.07812333293259144 -0.07590179443359368 0.3246979609131813
		endloop
	endfacet
	facet normal 0.47583550365796434 -0.6741002968487829 0.5649507617898698
		outer loop
			vertex 0.08575035333633423 -0.04397737383842461 0.356366303563118
			vertex 0.06230127960443497 -0.06052966117858879 0.356366303563118
			vertex 0.10752754211425782 -0.055145882070064475 0.3246979609131813
		endloop
	endfacet
	facet normal 0.4758355036579644 -0.6741002968487829 0.5649507617898699
		outer loop
			vertex 0.06230127960443497 -0.06052966117858879 0.356366303563118
			vertex 0.07812333293259144 -0.07590179443359368 0.3246979609131813
			vertex 0.10752754211425782 -0.055145882070064475 0.3246979609131813
		endloop
	endfacet
	facet normal 0.644312159644764 -0.4650824346991051 0.6070915662964304
		outer loop
			vertex 0.10080558881163597 -0.023120272904634396 0.356366303563118
			vertex 0.08575035333633423 -0.04397737383842461 0.356366303563118
			vertex 0.12640620842576025 -0.02899190559983246 0.3246979609131813
		endloop
	endfacet
	facet normal 0.6443121631116226 -0.4650824069399627 0.6070915838828214
		outer loop
			vertex 0.08575035333633423 -0.04397737383842461 0.356366303563118
			vertex 0.10752754211425782 -0.055145882070064475 0.3246979609131813
			vertex 0.12640620842576025 -0.02899190559983246 0.3246979609131813
		endloop
	endfacet
	facet normal 0.7510425858230025 -0.1685173479135393 0.6383861979495523
		outer loop
			vertex 0.1059932667762041 6.996655760645684e-17 0.356366303563118
			vertex 0.10080558881163597 -0.023120272904634396 0.356366303563118
			vertex 0.13291135802865028 6.060782126678086e-17 0.3246979609131813
		endloop
	endfacet
	facet normal 0.7510426269559397 -0.16851754120378137 0.6383860985342279
		outer loop
			vertex 0.10080558881163597 -0.023120272904634396 0.356366303563118
			vertex 0.12640620842576025 -0.02899190559983246 0.3246979609131813
			vertex 0.13291135802865028 6.060782126678086e-17 0.3246979609131813
		endloop
	endfacet
	facet normal 0.7510426666136443 0.1685173660411726 0.6383860981165017
		outer loop
			vertex 0.10080558881163597 0.023120272904634556 0.356366303563118
			vertex 0.1059932667762041 6.996655760645684e-17 0.356366303563118
			vertex 0.12640620842576025 0.028991905599832606 0.3246979609131813
		endloop
	endfacet
	facet normal 0.7510425625275604 0.16851752674746184 0.6383861781484262
		outer loop
			vertex 0.1059932667762041 6.996655760645684e-17 0.356366303563118
			vertex 0.13291135802865028 6.060782126678086e-17 0.3246979609131813
			vertex 0.12640620842576025 0.028991905599832606 0.3246979609131813
		endloop
	endfacet
	facet normal 0.6443121498689022 0.4650824276426163 0.6070915820775018
		outer loop
			vertex 0.08575035333633423 0.04397737383842476 0.356366303563118
			vertex 0.10080558881163597 0.023120272904634556 0.356366303563118
			vertex 0.10752754211425782 0.055145882070064614 0.3246979609131813
		endloop
	endfacet
	facet normal 0.6443121709076131 0.46508241256732513 0.607091571297836
		outer loop
			vertex 0.10080558881163597 0.023120272904634556 0.356366303563118
			vertex 0.12640620842576025 0.028991905599832606 0.3246979609131813
			vertex 0.10752754211425782 0.055145882070064614 0.3246979609131813
		endloop
	endfacet
	facet normal 0.47583550365796445 0.674100296848783 0.5649507617898697
		outer loop
			vertex 0.06230127960443497 0.06052966117858894 0.356366303563118
			vertex 0.08575035333633423 0.04397737383842476 0.356366303563118
			vertex 0.07812333293259144 0.07590179443359382 0.3246979609131813
		endloop
	endfacet
	facet normal 0.4758355036579645 0.674100296848783 0.5649507617898697
		outer loop
			vertex 0.08575035333633423 0.04397737383842476 0.356366303563118
			vertex 0.10752754211425782 0.055145882070064614 0.3246979609131813
			vertex 0.07812333293259144 0.07590179443359382 0.3246979609131813
		endloop
	endfacet
	facet normal 0.2868865404567092 0.7976491638872802 0.5305204277449679
		outer loop
			vertex 0.032753719948232174 0.07115688621997841 0.35636630356311794
			vertex 0.06230127960443497 0.06052966117858894 0.356366303563118
			vertex 0.041071866266429426 0.08922791182994849 0.3246979609131813
		endloop
	endfacet
	facet normal 0.2868865214215902 0.7976491628635148 0.5305204395777353
		outer loop
			vertex 0.06230127960443497 0.06052966117858894 0.356366303563118
			vertex 0.07812333293259144 0.07590179443359382 0.3246979609131813
			vertex 0.041071866266429426 0.08922791182994849 0.3246979609131813
		endloop
	endfacet
	facet normal 0.09543081199155544 0.8535793840036517 0.5121476304021908
		outer loop
			vertex 1.9470647841323646e-17 0.07481877654790886 0.35636630356311794
			vertex 0.032753719948232174 0.07115688621997841 0.35636630356311794
			vertex 2.4415418813214685e-17 0.09381978213787086 0.32469796091318126
		endloop
	endfacet
	facet normal 0.09543092054434024 0.8535794226411517 0.5121475457792
		outer loop
			vertex 0.032753719948232174 0.07115688621997841 0.35636630356311794
			vertex 0.041071866266429426 0.08922791182994849 0.3246979609131813
			vertex 2.4415418813214685e-17 0.09381978213787086 0.32469796091318126
		endloop
	endfacet
	facet normal -0.09543081859861821 0.8535794431004211 0.5121475306764376
		outer loop
			vertex -0.032753719948232174 0.07115688621997841 0.35636630356311794
			vertex 1.9470647841323646e-17 0.07481877654790886 0.35636630356311794
			vertex -0.041071866266429426 0.08922791182994849 0.3246979609131813
		endloop
	endfacet
	facet normal -0.09543091527537771 0.8535793755130526 0.5121476253078313
		outer loop
			vertex 1.9470647841323646e-17 0.07481877654790886 0.35636630356311794
			vertex 2.4415418813214685e-17 0.09381978213787086 0.32469796091318126
			vertex -0.041071866266429426 0.08922791182994849 0.3246979609131813
		endloop
	endfacet
	facet normal -0.286886537132681 0.7976491546452702 0.5305204434380498
		outer loop
			vertex -0.06230127960443497 0.06052966117858894 0.356366303563118
			vertex -0.032753719948232174 0.07115688621997841 0.35636630356311794
			vertex -0.07812333293259144 0.07590179443359382 0.3246979609131813
		endloop
	endfacet
	facet normal -0.2868865240724143 0.7976491702337726 0.5305204270629196
		outer loop
			vertex -0.032753719948232174 0.07115688621997841 0.35636630356311794
			vertex -0.041071866266429426 0.08922791182994849 0.3246979609131813
			vertex -0.07812333293259144 0.07590179443359382 0.3246979609131813
		endloop
	endfacet
	facet normal -0.47583550365796445 0.674100296848783 0.5649507617898697
		outer loop
			vertex -0.08575035333633423 0.04397737383842476 0.356366303563118
			vertex -0.06230127960443497 0.06052966117858894 0.356366303563118
			vertex -0.10752754211425782 0.055145882070064614 0.3246979609131813
		endloop
	endfacet
	facet normal -0.4758355036579645 0.674100296848783 0.5649507617898697
		outer loop
			vertex -0.06230127960443497 0.06052966117858894 0.356366303563118
			vertex -0.07812333293259144 0.07590179443359382 0.3246979609131813
			vertex -0.10752754211425782 0.055145882070064614 0.3246979609131813
		endloop
	endfacet
	facet normal -0.644312159644764 0.4650824346991052 0.6070915662964301
		outer loop
			vertex -0.10080558881163597 0.023120272904634556 0.356366303563118
			vertex -0.08575035333633423 0.04397737383842476 0.356366303563118
			vertex -0.12640620842576025 0.028991905599832606 0.3246979609131813
		endloop
	endfacet
	facet normal -0.6443121631116226 0.46508240693996283 0.6070915838828211
		outer loop
			vertex -0.08575035333633423 0.04397737383842476 0.356366303563118
			vertex -0.10752754211425782 0.055145882070064614 0.3246979609131813
			vertex -0.12640620842576025 0.028991905599832606 0.3246979609131813
		endloop
	endfacet
	facet normal -0.7510425858230024 0.16851734791353937 0.6383861979495523
		outer loop
			vertex -0.1059932667762041 9.745453003688525e-17 0.356366303563118
			vertex -0.10080558881163597 0.023120272904634556 0.356366303563118
			vertex -0.13291135802865028 9.507664881923008e-17 0.3246979609131813
		endloop
	endfacet
	facet normal -0.7510426269559398 0.16851754120378146 0.6383860985342279
		outer loop
			vertex -0.10080558881163597 0.023120272904634556 0.356366303563118
			vertex -0.12640620842576025 0.028991905599832606 0.3246979609131813
			vertex -0.13291135802865028 9.507664881923008e-17 0.3246979609131813
		endloop
	endfacet
	facet normal -0.8652907790811482 -0.1941523280883148 0.4621436369085127
		outer loop
			vertex -0.12640620842576025 -0.02899190559983246 0.3246979609131813
			vertex -0.13291135802865028 7.20974304509306e-17 0.3246979609131813
			vertex -0.14566829949617385 -0.03340976312756532 0.2867767482995987
		endloop
	endfacet
	facet normal -0.8652910190423972 -0.19415192074332638 0.46214335874947615
		outer loop
			vertex -0.13291135802865028 7.20974304509306e-17 0.3246979609131813
			vertex -0.15316470190882683 6.367722977786954e-17 0.2867767482995987
			vertex -0.14566829949617385 -0.03340976312756532 0.2867767482995987
		endloop
	endfacet
	facet normal -0.7309693585924703 -0.527633976443575 0.4327657376702248
		outer loop
			vertex -0.10752754211425782 -0.055145882070064475 0.3246979609131813
			vertex -0.12640620842576025 -0.02899190559983246 0.3246979609131813
			vertex -0.12391284555196762 -0.06354914456605905 0.2867767482995987
		endloop
	endfacet
	facet normal -0.7309691676358724 -0.5276341219407504 0.43276588281602496
		outer loop
			vertex -0.12640620842576025 -0.02899190559983246 0.3246979609131813
			vertex -0.14566829949617385 -0.03340976312756532 0.2867767482995987
			vertex -0.12391284555196762 -0.06354914456605905 0.2867767482995987
		endloop
	endfacet
	facet normal -0.5297394897029682 -0.7504642770792049 0.39519544769294274
		outer loop
			vertex -0.07812333293259144 -0.07590179443359368 0.3246979609131813
			vertex -0.10752754211425782 -0.055145882070064475 0.3246979609131813
			vertex -0.09002795480191707 -0.08746789097785944 0.2867767482995987
		endloop
	endfacet
	facet normal -0.5297394897029682 -0.7504642770792049 0.3951954476929427
		outer loop
			vertex -0.10752754211425782 -0.055145882070064475 0.3246979609131813
			vertex -0.12391284555196762 -0.06354914456605905 0.2867767482995987
			vertex -0.09002795480191707 -0.08746789097785944 0.2867767482995987
		endloop
	endfacet
	facet normal -0.3149616552033195 -0.8757082743453282 0.3659701818382382
		outer loop
			vertex -0.041071866266429426 -0.08922791182994835 0.3246979609131813
			vertex -0.07812333293259144 -0.07590179443359368 0.3246979609131813
			vertex -0.04733049776405096 -0.10282468199729913 0.28677674829959876
		endloop
	endfacet
	facet normal -0.3149618233876178 -0.8757082717110146 0.36597004339871203
		outer loop
			vertex -0.07812333293259144 -0.07590179443359368 0.3246979609131813
			vertex -0.09002795480191707 -0.08746789097785944 0.2867767482995987
			vertex -0.04733049776405096 -0.10282468199729913 0.28677674829959876
		endloop
	endfacet
	facet normal -0.10404551774400952 -0.9306324664767943 0.3508528788205954
		outer loop
			vertex -8.138473172106068e-18 -0.09381978213787072 0.32469796091318137
			vertex -0.041071866266429426 -0.08922791182994835 0.3246979609131813
			vertex -9.378633176694208e-18 -0.10811626017093652 0.28677674829959876
		endloop
	endfacet
	facet normal -0.10404526349948509 -0.9306324030052836 0.3508531225740112
		outer loop
			vertex -0.041071866266429426 -0.08922791182994835 0.3246979609131813
			vertex -0.04733049776405096 -0.10282468199729913 0.28677674829959876
			vertex -9.378633176694208e-18 -0.10811626017093652 0.28677674829959876
		endloop
	endfacet
	facet normal 0.10404550648331569 -0.9306323657558073 0.3508531493208797
		outer loop
			vertex 0.041071866266429426 -0.08922791182994835 0.3246979609131813
			vertex -8.138473172106068e-18 -0.09381978213787072 0.32469796091318137
			vertex 0.04733049776405096 -0.10282468199729913 0.28677674829959876
		endloop
	endfacet
	facet normal 0.104045273271126 -0.9306324904076831 0.35085288784265467
		outer loop
			vertex -8.138473172106068e-18 -0.09381978213787072 0.32469796091318137
			vertex -9.378633176694208e-18 -0.10811626017093652 0.28677674829959876
			vertex 0.04733049776405096 -0.10282468199729913 0.28677674829959876
		endloop
	endfacet
	facet normal 0.31496167715401596 -0.8757083353762701 0.3659700169096529
		outer loop
			vertex 0.07812333293259144 -0.07590179443359368 0.3246979609131813
			vertex 0.041071866266429426 -0.08922791182994835 0.3246979609131813
			vertex 0.09002795480191707 -0.08746789097785944 0.2867767482995987
		endloop
	endfacet
	facet normal 0.3149618043395078 -0.87570821875035 0.36597018651837077
		outer loop
			vertex 0.041071866266429426 -0.08922791182994835 0.3246979609131813
			vertex 0.04733049776405096 -0.10282468199729913 0.28677674829959876
			vertex 0.09002795480191707 -0.08746789097785944 0.2867767482995987
		endloop
	endfacet
	facet normal 0.5297394897029682 -0.7504642770792049 0.39519544769294274
		outer loop
			vertex 0.10752754211425782 -0.055145882070064475 0.3246979609131813
			vertex 0.07812333293259144 -0.07590179443359368 0.3246979609131813
			vertex 0.12391284555196762 -0.06354914456605905 0.2867767482995987
		endloop
	endfacet
	facet normal 0.5297394897029682 -0.7504642770792049 0.3951954476929427
		outer loop
			vertex 0.07812333293259144 -0.07590179443359368 0.3246979609131813
			vertex 0.09002795480191707 -0.08746789097785944 0.2867767482995987
			vertex 0.12391284555196762 -0.06354914456605905 0.2867767482995987
		endloop
	endfacet
	facet normal 0.7309692873556589 -0.5276339250228669 0.432765920686604
		outer loop
			vertex 0.12640620842576025 -0.02899190559983246 0.3246979609131813
			vertex 0.10752754211425782 -0.055145882070064475 0.3246979609131813
			vertex 0.14566829949617385 -0.03340976312756532 0.2867767482995987
		endloop
	endfacet
	facet normal 0.730969229452839 -0.5276341665619771 0.43276572400037694
		outer loop
			vertex 0.10752754211425782 -0.055145882070064475 0.3246979609131813
			vertex 0.12391284555196762 -0.06354914456605905 0.2867767482995987
			vertex 0.14566829949617385 -0.03340976312756532 0.2867767482995987
		endloop
	endfacet
	facet normal 0.8652909415638543 -0.19415236454588086 0.46214331736895414
		outer loop
			vertex 0.13291135802865028 6.060782126678086e-17 0.3246979609131813
			vertex 0.12640620842576025 -0.02899190559983246 0.3246979609131813
			vertex 0.15316470190882683 5.043680646959536e-17 0.2867767482995987
		endloop
	endfacet
	facet normal 0.8652908780451556 -0.19415188910670397 0.4621436360355318
		outer loop
			vertex 0.12640620842576025 -0.02899190559983246 0.3246979609131813
			vertex 0.14566829949617385 -0.03340976312756532 0.2867767482995987
			vertex 0.15316470190882683 5.043680646959536e-17 0.2867767482995987
		endloop
	endfacet
	facet normal 0.8652907790811482 0.1941523280883147 0.46214363690851257
		outer loop
			vertex 0.12640620842576025 0.028991905599832606 0.3246979609131813
			vertex 0.13291135802865028 6.060782126678086e-17 0.3246979609131813
			vertex 0.14566829949617385 0.033409763127565446 0.2867767482995987
		endloop
	endfacet
	facet normal 0.8652910190423972 0.1941519207433263 0.46214335874947604
		outer loop
			vertex 0.13291135802865028 6.060782126678086e-17 0.3246979609131813
			vertex 0.15316470190882683 5.043680646959536e-17 0.2867767482995987
			vertex 0.14566829949617385 0.033409763127565446 0.2867767482995987
		endloop
	endfacet
	facet normal 0.7309693585924703 0.5276339764435751 0.43276573767022436
		outer loop
			vertex 0.10752754211425782 0.055145882070064614 0.3246979609131813
			vertex 0.12640620842576025 0.028991905599832606 0.3246979609131813
			vertex 0.12391284555196762 0.06354914456605916 0.2867767482995987
		endloop
	endfacet
	facet normal 0.7309691676358723 0.5276341219407505 0.4327658828160246
		outer loop
			vertex 0.12640620842576025 0.028991905599832606 0.3246979609131813
			vertex 0.14566829949617385 0.033409763127565446 0.2867767482995987
			vertex 0.12391284555196762 0.06354914456605916 0.2867767482995987
		endloop
	endfacet
	facet normal 0.5297394897029682 0.750464277079205 0.3951954476929422
		outer loop
			vertex 0.07812333293259144 0.07590179443359382 0.3246979609131813
			vertex 0.10752754211425782 0.055145882070064614 0.3246979609131813
			vertex 0.09002795480191707 0.08746789097785955 0.2867767482995987
		endloop
	endfacet
	facet normal 0.5297394897029684 0.7504642770792052 0.39519544769294224
		outer loop
			vertex 0.10752754211425782 0.055145882070064614 0.3246979609131813
			vertex 0.12391284555196762 0.06354914456605916 0.2867767482995987
			vertex 0.09002795480191707 0.08746789097785955 0.2867767482995987
		endloop
	endfacet
	facet normal 0.31496165520331965 0.8757082743453286 0.3659701818382367
		outer loop
			vertex 0.041071866266429426 0.08922791182994849 0.3246979609131813
			vertex 0.07812333293259144 0.07590179443359382 0.3246979609131813
			vertex 0.04733049776405096 0.10282468199729924 0.28677674829959865
		endloop
	endfacet
	facet normal 0.3149618233876171 0.8757082717110152 0.3659700433987113
		outer loop
			vertex 0.07812333293259144 0.07590179443359382 0.3246979609131813
			vertex 0.09002795480191707 0.08746789097785955 0.2867767482995987
			vertex 0.04733049776405096 0.10282468199729924 0.28677674829959865
		endloop
	endfacet
	facet normal 0.10404551774400866 0.9306324664767947 0.35085287882059496
		outer loop
			vertex 2.4415418813214685e-17 0.09381978213787086 0.32469796091318126
			vertex 0.041071866266429426 0.08922791182994849 0.3246979609131813
			vertex 2.8135899530082626e-17 0.10811626017093663 0.28677674829959865
		endloop
	endfacet
	facet normal 0.10404526349948522 0.9306324030052843 0.3508531225740097
		outer loop
			vertex 0.041071866266429426 0.08922791182994849 0.3246979609131813
			vertex 0.04733049776405096 0.10282468199729924 0.28677674829959865
			vertex 2.8135899530082626e-17 0.10811626017093663 0.28677674829959865
		endloop
	endfacet
	facet normal -0.10404550648331479 0.9306323657558081 0.3508531493208781
		outer loop
			vertex -0.041071866266429426 0.08922791182994849 0.3246979609131813
			vertex 2.4415418813214685e-17 0.09381978213787086 0.32469796091318126
			vertex -0.04733049776405096 0.10282468199729924 0.28677674829959865
		endloop
	endfacet
	facet normal -0.10404527327112599 0.9306324904076835 0.35085288784265406
		outer loop
			vertex 2.4415418813214685e-17 0.09381978213787086 0.32469796091318126
			vertex 2.8135899530082626e-17 0.10811626017093663 0.28677674829959865
			vertex -0.04733049776405096 0.10282468199729924 0.28677674829959865
		endloop
	endfacet
	facet normal -0.314961677154016 0.8757083353762702 0.36597001690965236
		outer loop
			vertex -0.07812333293259144 0.07590179443359382 0.3246979609131813
			vertex -0.041071866266429426 0.08922791182994849 0.3246979609131813
			vertex -0.09002795480191707 0.08746789097785955 0.2867767482995987
		endloop
	endfacet
	facet normal -0.31496180433950716 0.8757082187503508 0.36597018651836927
		outer loop
			vertex -0.041071866266429426 0.08922791182994849 0.3246979609131813
			vertex -0.04733049776405096 0.10282468199729924 0.28677674829959865
			vertex -0.09002795480191707 0.08746789097785955 0.2867767482995987
		endloop
	endfacet
	facet normal -0.5297394897029682 0.750464277079205 0.39519544769294224
		outer loop
			vertex -0.10752754211425782 0.055145882070064614 0.3246979609131813
			vertex -0.07812333293259144 0.07590179443359382 0.3246979609131813
			vertex -0.12391284555196762 0.06354914456605916 0.2867767482995987
		endloop
	endfacet
	facet normal -0.5297394897029684 0.7504642770792052 0.39519544769294224
		outer loop
			vertex -0.07812333293259144 0.07590179443359382 0.3246979609131813
			vertex -0.09002795480191707 0.08746789097785955 0.2867767482995987
			vertex -0.12391284555196762 0.06354914456605916 0.2867767482995987
		endloop
	endfacet
	facet normal -0.7309692873556589 0.527633925022867 0.4327659206866037
		outer loop
			vertex -0.12640620842576025 0.028991905599832606 0.3246979609131813
			vertex -0.10752754211425782 0.055145882070064614 0.3246979609131813
			vertex -0.14566829949617385 0.033409763127565446 0.2867767482995987
		endloop
	endfacet
	facet normal -0.7309692294528392 0.5276341665619774 0.4327657240003766
		outer loop
			vertex -0.10752754211425782 0.055145882070064614 0.3246979609131813
			vertex -0.12391284555196762 0.06354914456605916 0.2867767482995987
			vertex -0.14566829949617385 0.033409763127565446 0.2867767482995987
		endloop
	endfacet
	facet normal -0.8652909415638543 0.19415236454588092 0.46214331736895403
		outer loop
			vertex -0.13291135802865028 9.507664881923008e-17 0.3246979609131813
			vertex -0.12640620842576025 0.028991905599832606 0.3246979609131813
			vertex -0.15316470190882683 9.01580763944179e-17 0.2867767482995987
		endloop
	endfacet
	facet normal -0.8652908780451555 0.19415188910670406 0.4621436360355317
		outer loop
			vertex -0.12640620842576025 0.028991905599832606 0.3246979609131813
			vertex -0.14566829949617385 0.033409763127565446 0.2867767482995987
			vertex -0.15316470190882683 9.01580763944179e-17 0.2867767482995987
		endloop
	endfacet
	facet normal -0.9370756035523972 -0.21025877341562393 0.27871232737119467
		outer loop
			vertex -0.14566829949617385 -0.03340976312756532 0.2867767482995987
			vertex -0.15316470190882683 6.367722977786954e-17 0.2867767482995987
			vertex -0.15762596651911734 -0.036152315139770456 0.24450418800115586
		endloop
	endfacet
	facet normal -0.9370754973627529 -0.21025900218693258 0.2787125118140646
		outer loop
			vertex -0.15316470190882683 6.367722977786954e-17 0.2867767482995987
			vertex -0.16573774591088294 5.4290835827232234e-17 0.24450418800115586
			vertex -0.15762596651911734 -0.036152315139770456 0.24450418800115586
		endloop
	endfacet
	facet normal -0.7833231902607103 -0.5654247292341665 0.2582627638089797
		outer loop
			vertex -0.12391284555196762 -0.06354914456605905 0.2867767482995987
			vertex -0.14566829949617385 -0.03340976312756532 0.2867767482995987
			vertex -0.1340846464037895 -0.06876579076051706 0.24450418800115586
		endloop
	endfacet
	facet normal -0.7833232587019429 -0.5654246668255608 0.2582626928570463
		outer loop
			vertex -0.14566829949617385 -0.03340976312756532 0.2867767482995987
			vertex -0.15762596651911734 -0.036152315139770456 0.24450418800115586
			vertex -0.1340846464037895 -0.06876579076051706 0.24450418800115586
		endloop
	endfacet
	facet normal -0.5608125882482784 -0.7944845000183943 0.23298845484870995
		outer loop
			vertex -0.09002795480191707 -0.08746789097785944 0.2867767482995987
			vertex -0.12391284555196762 -0.06354914456605905 0.2867767482995987
			vertex -0.09741820357739925 -0.09464798569679254 0.2445041880011559
		endloop
	endfacet
	facet normal -0.5608125882482785 -0.7944845000183941 0.23298845484870964
		outer loop
			vertex -0.12391284555196762 -0.06354914456605905 0.2867767482995987
			vertex -0.1340846464037895 -0.06876579076051706 0.24450418800115586
			vertex -0.09741820357739925 -0.09464798569679254 0.2445041880011559
		endloop
	endfacet
	facet normal -0.3306056005900153 -0.9192036545786847 0.21392657214031519
		outer loop
			vertex -0.04733049776405096 -0.10282468199729913 0.28677674829959876
			vertex -0.09002795480191707 -0.08746789097785944 0.2867767482995987
			vertex -0.05121577978134155 -0.1112653881311416 0.2445041880011559
		endloop
	endfacet
	facet normal -0.3306055381139143 -0.9192036626427842 0.2139266340419066
		outer loop
			vertex -0.09002795480191707 -0.08746789097785944 0.2867767482995987
			vertex -0.09741820357739925 -0.09464798569679254 0.2445041880011559
			vertex -0.05121577978134155 -0.1112653881311416 0.2445041880011559
		endloop
	endfacet
	facet normal -0.10876604954533911 -0.9728574530859984 0.2042506363302823
		outer loop
			vertex -9.378633176694208e-18 -0.10811626017093652 0.28677674829959876
			vertex -0.04733049776405096 -0.10282468199729913 0.28677674829959876
			vertex -1.0148509735618798e-17 -0.11699135005474084 0.2445041880011559
		endloop
	endfacet
	facet normal -0.1087661819176405 -0.9728574683307813 0.20425049322849023
		outer loop
			vertex -0.04733049776405096 -0.10282468199729913 0.28677674829959876
			vertex -0.05121577978134155 -0.1112653881311416 0.2445041880011559
			vertex -1.0148509735618798e-17 -0.11699135005474084 0.2445041880011559
		endloop
	endfacet
	facet normal 0.10876605306232681 -0.9728574845436798 0.20425048462264947
		outer loop
			vertex 0.04733049776405096 -0.10282468199729913 0.28677674829959876
			vertex -9.378633176694208e-18 -0.10811626017093652 0.28677674829959876
			vertex 0.05121577978134155 -0.1112653881311416 0.2445041880011559
		endloop
	endfacet
	facet normal 0.10876617866745124 -0.972857439259513 0.2042506334274229
		outer loop
			vertex -9.378633176694208e-18 -0.10811626017093652 0.28677674829959876
			vertex -1.0148509735618798e-17 -0.11699135005474084 0.2445041880011559
			vertex 0.05121577978134155 -0.1112653881311416 0.2445041880011559
		endloop
	endfacet
	facet normal 0.3306055955363938 -0.9192036405277809 0.2139266403244357
		outer loop
			vertex 0.09002795480191707 -0.08746789097785944 0.2867767482995987
			vertex 0.04733049776405096 -0.10282468199729913 0.28677674829959876
			vertex 0.09741820357739925 -0.09464798569679254 0.2445041880011559
		endloop
	endfacet
	facet normal 0.33060554278416177 -0.9192036756277712 0.21392657103030693
		outer loop
			vertex 0.04733049776405096 -0.10282468199729913 0.28677674829959876
			vertex 0.05121577978134155 -0.1112653881311416 0.2445041880011559
			vertex 0.09741820357739925 -0.09464798569679254 0.2445041880011559
		endloop
	endfacet
	facet normal 0.5608125882482783 -0.7944845000183942 0.23298845484870964
		outer loop
			vertex 0.12391284555196762 -0.06354914456605905 0.2867767482995987
			vertex 0.09002795480191707 -0.08746789097785944 0.2867767482995987
			vertex 0.1340846464037895 -0.06876579076051706 0.24450418800115586
		endloop
	endfacet
	facet normal 0.5608125882482786 -0.7944845000183941 0.23298845484870997
		outer loop
			vertex 0.09002795480191707 -0.08746789097785944 0.2867767482995987
			vertex 0.09741820357739925 -0.09464798569679254 0.2445041880011559
			vertex 0.1340846464037895 -0.06876579076051706 0.24450418800115586
		endloop
	endfacet
	facet normal 0.783323207711993 -0.5654247418309937 0.25826268329967533
		outer loop
			vertex 0.14566829949617385 -0.03340976312756532 0.2867767482995987
			vertex 0.12391284555196762 -0.06354914456605905 0.2867767482995987
			vertex 0.15762596651911734 -0.036152315139770456 0.24450418800115586
		endloop
	endfacet
	facet normal 0.7833232425745311 -0.5654246551843433 0.2582627672588308
		outer loop
			vertex 0.12391284555196762 -0.06354914456605905 0.2867767482995987
			vertex 0.1340846464037895 -0.06876579076051706 0.24450418800115586
			vertex 0.15762596651911734 -0.036152315139770456 0.24450418800115586
		endloop
	endfacet
	facet normal 0.9370755471317245 -0.210258760756089 0.2787125266167514
		outer loop
			vertex 0.15316470190882683 5.043680646959536e-17 0.2867767482995987
			vertex 0.14566829949617385 -0.03340976312756532 0.2867767482995987
			vertex 0.16573774591088294 3.9963527965182167e-17 0.24450418800115586
		endloop
	endfacet
	facet normal 0.9370755495032879 -0.21025901388611473 0.27871232768349125
		outer loop
			vertex 0.14566829949617385 -0.03340976312756532 0.2867767482995987
			vertex 0.15762596651911734 -0.036152315139770456 0.24450418800115586
			vertex 0.16573774591088294 3.9963527965182167e-17 0.24450418800115586
		endloop
	endfacet
	facet normal 0.9370756035523973 0.21025877341562388 0.2787123273711945
		outer loop
			vertex 0.14566829949617385 0.033409763127565446 0.2867767482995987
			vertex 0.15316470190882683 5.043680646959536e-17 0.2867767482995987
			vertex 0.15762596651911734 0.036152315139770554 0.24450418800115586
		endloop
	endfacet
	facet normal 0.9370754973627529 0.21025900218693258 0.2787125118140645
		outer loop
			vertex 0.15316470190882683 5.043680646959536e-17 0.2867767482995987
			vertex 0.16573774591088294 3.9963527965182167e-17 0.24450418800115586
			vertex 0.15762596651911734 0.036152315139770554 0.24450418800115586
		endloop
	endfacet
	facet normal 0.7833231902607102 0.5654247292341666 0.2582627638089796
		outer loop
			vertex 0.12391284555196762 0.06354914456605916 0.2867767482995987
			vertex 0.14566829949617385 0.033409763127565446 0.2867767482995987
			vertex 0.1340846464037895 0.06876579076051717 0.24450418800115586
		endloop
	endfacet
	facet normal 0.7833232587019429 0.5654246668255606 0.2582626928570459
		outer loop
			vertex 0.14566829949617385 0.033409763127565446 0.2867767482995987
			vertex 0.15762596651911734 0.036152315139770554 0.24450418800115586
			vertex 0.1340846464037895 0.06876579076051717 0.24450418800115586
		endloop
	endfacet
	facet normal 0.5608125882482783 0.7944845000183942 0.23298845484870961
		outer loop
			vertex 0.09002795480191707 0.08746789097785955 0.2867767482995987
			vertex 0.12391284555196762 0.06354914456605916 0.2867767482995987
			vertex 0.09741820357739925 0.09464798569679266 0.24450418800115584
		endloop
	endfacet
	facet normal 0.5608125882482783 0.7944845000183943 0.23298845484870964
		outer loop
			vertex 0.12391284555196762 0.06354914456605916 0.2867767482995987
			vertex 0.1340846464037895 0.06876579076051717 0.24450418800115586
			vertex 0.09741820357739925 0.09464798569679266 0.24450418800115584
		endloop
	endfacet
	facet normal 0.33060560059001487 0.9192036545786848 0.2139265721403155
		outer loop
			vertex 0.04733049776405096 0.10282468199729924 0.28677674829959865
			vertex 0.09002795480191707 0.08746789097785955 0.2867767482995987
			vertex 0.05121577978134155 0.11126538813114172 0.24450418800115584
		endloop
	endfacet
	facet normal 0.3306055381139143 0.9192036626427843 0.21392663404190632
		outer loop
			vertex 0.09002795480191707 0.08746789097785955 0.2867767482995987
			vertex 0.09741820357739925 0.09464798569679266 0.24450418800115584
			vertex 0.05121577978134155 0.11126538813114172 0.24450418800115584
		endloop
	endfacet
	facet normal 0.10876604954533917 0.9728574530859985 0.2042506363302826
		outer loop
			vertex 2.8135899530082626e-17 0.10811626017093663 0.28677674829959865
			vertex 0.04733049776405096 0.10282468199729924 0.28677674829959865
			vertex 3.0445529909959913e-17 0.11699135005474096 0.24450418800115584
		endloop
	endfacet
	facet normal 0.10876618191764055 0.9728574683307815 0.2042504932284905
		outer loop
			vertex 0.04733049776405096 0.10282468199729924 0.28677674829959865
			vertex 0.05121577978134155 0.11126538813114172 0.24450418800115584
			vertex 3.0445529909959913e-17 0.11699135005474096 0.24450418800115584
		endloop
	endfacet
	facet normal -0.10876605306232674 0.9728574845436797 0.2042504846226497
		outer loop
			vertex -0.04733049776405096 0.10282468199729924 0.28677674829959865
			vertex 2.8135899530082626e-17 0.10811626017093663 0.28677674829959865
			vertex -0.05121577978134155 0.11126538813114172 0.24450418800115584
		endloop
	endfacet
	facet normal -0.10876617866745115 0.9728574392595127 0.20425063342742306
		outer loop
			vertex 2.8135899530082626e-17 0.10811626017093663 0.28677674829959865
			vertex 3.0445529909959913e-17 0.11699135005474096 0.24450418800115584
			vertex -0.05121577978134155 0.11126538813114172 0.24450418800115584
		endloop
	endfacet
	facet normal -0.33060559553639324 0.9192036405277813 0.21392664032443537
		outer loop
			vertex -0.09002795480191707 0.08746789097785955 0.2867767482995987
			vertex -0.04733049776405096 0.10282468199729924 0.28677674829959865
			vertex -0.09741820357739925 0.09464798569679266 0.24450418800115584
		endloop
	endfacet
	facet normal -0.3306055427841618 0.9192036756277713 0.21392657103030724
		outer loop
			vertex -0.04733049776405096 0.10282468199729924 0.28677674829959865
			vertex -0.05121577978134155 0.11126538813114172 0.24450418800115584
			vertex -0.09741820357739925 0.09464798569679266 0.24450418800115584
		endloop
	endfacet
	facet normal -0.5608125882482783 0.7944845000183942 0.23298845484870964
		outer loop
			vertex -0.12391284555196762 0.06354914456605916 0.2867767482995987
			vertex -0.09002795480191707 0.08746789097785955 0.2867767482995987
			vertex -0.1340846464037895 0.06876579076051717 0.24450418800115586
		endloop
	endfacet
	facet normal -0.5608125882482784 0.7944845000183943 0.23298845484870967
		outer loop
			vertex -0.09002795480191707 0.08746789097785955 0.2867767482995987
			vertex -0.09741820357739925 0.09464798569679266 0.24450418800115584
			vertex -0.1340846464037895 0.06876579076051717 0.24450418800115586
		endloop
	endfacet
	facet normal -0.783323207711993 0.5654247418309939 0.25826268329967483
		outer loop
			vertex -0.14566829949617385 0.033409763127565446 0.2867767482995987
			vertex -0.12391284555196762 0.06354914456605916 0.2867767482995987
			vertex -0.15762596651911734 0.036152315139770554 0.24450418800115586
		endloop
	endfacet
	facet normal -0.7833232425745311 0.565424655184343 0.2582627672588308
		outer loop
			vertex -0.12391284555196762 0.06354914456605916 0.2867767482995987
			vertex -0.1340846464037895 0.06876579076051717 0.24450418800115586
			vertex -0.15762596651911734 0.036152315139770554 0.24450418800115586
		endloop
	endfacet
	facet normal -0.9370755471317243 0.210258760756089 0.2787125266167512
		outer loop
			vertex -0.15316470190882683 9.01580763944179e-17 0.2867767482995987
			vertex -0.14566829949617385 0.033409763127565446 0.2867767482995987
			vertex -0.16573774591088294 8.294545155133237e-17 0.24450418800115586
		endloop
	endfacet
	facet normal -0.937075549503288 0.2102590138861149 0.27871232768349113
		outer loop
			vertex -0.14566829949617385 0.033409763127565446 0.2867767482995987
			vertex -0.15762596651911734 0.036152315139770554 0.24450418800115586
			vertex -0.16573774591088294 8.294545155133237e-17 0.24450418800115586
		endloop
	endfacet
	facet normal -0.9715069237843125 -0.2179846522371626 0.09304293862612889
		outer loop
			vertex -0.15762596651911734 -0.036152315139770456 0.24450418800115586
			vertex -0.16573774591088294 5.4290835827232234e-17 0.24450418800115586
			vertex -0.16167960166931153 -0.037082040309905966 0.20000000000000004
		endloop
	endfacet
	facet normal -0.9715068356278158 -0.2179849395252756 0.09304318604062306
		outer loop
			vertex -0.16573774591088294 5.4290835827232234e-17 0.24450418800115586
			vertex -0.1700000025331974 4.4408920985006264e-17 0.2
			vertex -0.16167960166931153 -0.037082040309905966 0.20000000000000004
		endloop
	endfacet
	facet normal -0.8078433968990297 -0.5831239893167367 0.08576397361346662
		outer loop
			vertex -0.1340846464037895 -0.06876579076051706 0.24450418800115586
			vertex -0.15762596651911734 -0.036152315139770456 0.24450418800115586
			vertex -0.1375328853726387 -0.07053422927856441 0.20000000000000004
		endloop
	endfacet
	facet normal -0.8078435312269509 -0.5831238302197669 0.08576379005500741
		outer loop
			vertex -0.15762596651911734 -0.036152315139770456 0.24450418800115586
			vertex -0.16167960166931153 -0.037082040309905966 0.20000000000000004
			vertex -0.1375328853726387 -0.07053422927856441 0.20000000000000004
		endloop
	endfacet
	facet normal -0.5749747741124522 -0.8145475966593068 0.07691698064070131
		outer loop
			vertex -0.09741820357739925 -0.09464798569679254 0.2445041880011559
			vertex -0.1340846464037895 -0.06876579076051706 0.24450418800115586
			vertex -0.09992349147796631 -0.09708203673362728 0.20000000000000004
		endloop
	endfacet
	facet normal -0.5749747741124521 -0.8145475966593068 0.0769169806407013
		outer loop
			vertex -0.1340846464037895 -0.06876579076051706 0.24450418800115586
			vertex -0.1375328853726387 -0.07053422927856441 0.20000000000000004
			vertex -0.09992349147796631 -0.09708203673362728 0.20000000000000004
		endloop
	endfacet
	facet normal -0.3376021832819594 -0.9386568814284387 0.07034219779259224
		outer loop
			vertex -0.05121577978134155 -0.1112653881311416 0.2445041880011559
			vertex -0.09741820357739925 -0.09464798569679254 0.2445041880011559
			vertex -0.05253289043903351 -0.11412677764892573 0.20000000000000004
		endloop
	endfacet
	facet normal -0.3376020483814569 -0.9386569185344504 0.07034235008908131
		outer loop
			vertex -0.09741820357739925 -0.09464798569679254 0.2445041880011559
			vertex -0.09992349147796631 -0.09708203673362728 0.20000000000000004
			vertex -0.05253289043903351 -0.11412677764892573 0.20000000000000004
		endloop
	endfacet
	facet normal -0.11085858044144367 -0.9915728952651167 0.06703408474844742
		outer loop
			vertex -1.0148509735618798e-17 -0.11699135005474084 0.2445041880011559
			vertex -0.05121577978134155 -0.1112653881311416 0.2445041880011559
			vertex -1.0409497543870406e-17 -0.1200000017881393 0.20000000000000004
		endloop
	endfacet
	facet normal -0.11085873602095242 -0.9915728900443828 0.06703390468164219
		outer loop
			vertex -0.05121577978134155 -0.1112653881311416 0.2445041880011559
			vertex -0.05253289043903351 -0.11412677764892573 0.20000000000000004
			vertex -1.0409497543870406e-17 -0.1200000017881393 0.20000000000000004
		endloop
	endfacet
	facet normal 0.11085858181129518 -0.991572907517733 0.06703390124122166
		outer loop
			vertex 0.05121577978134155 -0.1112653881311416 0.2445041880011559
			vertex -1.0148509735618798e-17 -0.11699135005474084 0.2445041880011559
			vertex 0.05253289043903351 -0.11412677764892573 0.20000000000000004
		endloop
	endfacet
	facet normal 0.11085873468544405 -0.9915728780989655 0.06703408358795054
		outer loop
			vertex -1.0148509735618798e-17 -0.11699135005474084 0.2445041880011559
			vertex -1.0409497543870406e-17 -0.1200000017881393 0.20000000000000004
			vertex 0.05253289043903351 -0.11412677764892573 0.20000000000000004
		endloop
	endfacet
	facet normal 0.33760217953312144 -0.9386568710053056 0.07034235487254828
		outer loop
			vertex 0.09741820357739925 -0.09464798569679254 0.2445041880011559
			vertex 0.05121577978134155 -0.1112653881311416 0.2445041880011559
			vertex 0.09992349147796631 -0.09708203673362728 0.20000000000000004
		endloop
	endfacet
	facet normal 0.33760205203630256 -0.9386569286962554 0.07034219694742644
		outer loop
			vertex 0.05121577978134155 -0.1112653881311416 0.2445041880011559
			vertex 0.05253289043903351 -0.11412677764892573 0.20000000000000004
			vertex 0.09992349147796631 -0.09708203673362728 0.20000000000000004
		endloop
	endfacet
	facet normal 0.5749747741124521 -0.8145475966593068 0.0769169806407013
		outer loop
			vertex 0.1340846464037895 -0.06876579076051706 0.24450418800115586
			vertex 0.09741820357739925 -0.09464798569679254 0.2445041880011559
			vertex 0.1375328853726387 -0.07053422927856441 0.20000000000000004
		endloop
	endfacet
	facet normal 0.5749747741124521 -0.8145475966593069 0.07691698064070124
		outer loop
			vertex 0.09741820357739925 -0.09464798569679254 0.2445041880011559
			vertex 0.09992349147796631 -0.09708203673362728 0.20000000000000004
			vertex 0.1375328853726387 -0.07053422927856441 0.20000000000000004
		endloop
	endfacet
	facet normal 0.807843410234078 -0.5831239989423481 0.08576378255918857
		outer loop
			vertex 0.15762596651911734 -0.036152315139770456 0.24450418800115586
			vertex 0.1340846464037895 -0.06876579076051706 0.24450418800115586
			vertex 0.16167960166931153 -0.037082040309905966 0.20000000000000004
		endloop
	endfacet
	facet normal 0.8078435182262341 -0.5831238208354895 0.08576397631919998
		outer loop
			vertex 0.1340846464037895 -0.06876579076051706 0.24450418800115586
			vertex 0.1375328853726387 -0.07053422927856441 0.20000000000000004
			vertex 0.16167960166931153 -0.037082040309905966 0.20000000000000004
		endloop
	endfacet
	facet normal 0.9715069006568534 -0.21798464704787276 0.09304319226858628
		outer loop
			vertex 0.16573774591088294 3.9963527965182167e-17 0.24450418800115586
			vertex 0.15762596651911734 -0.036152315139770456 0.24450418800115586
			vertex 0.1700000025331974 2.971315974660099e-17 0.2
		endloop
	endfacet
	facet normal 0.9715068581754167 -0.2179849445844654 0.09304293875753494
		outer loop
			vertex 0.15762596651911734 -0.036152315139770456 0.24450418800115586
			vertex 0.16167960166931153 -0.037082040309905966 0.20000000000000004
			vertex 0.1700000025331974 2.971315974660099e-17 0.2
		endloop
	endfacet
	facet normal 0.9715069237843126 0.2179846522371627 0.0930429386261288
		outer loop
			vertex 0.15762596651911734 0.036152315139770554 0.24450418800115586
			vertex 0.16573774591088294 3.9963527965182167e-17 0.24450418800115586
			vertex 0.16167960166931153 0.03708204030990605 0.2
		endloop
	endfacet
	facet normal 0.9715068356278158 0.21798493952527556 0.09304318604062296
		outer loop
			vertex 0.16573774591088294 3.9963527965182167e-17 0.24450418800115586
			vertex 0.1700000025331974 2.971315974660099e-17 0.2
			vertex 0.16167960166931153 0.03708204030990605 0.2
		endloop
	endfacet
	facet normal 0.8078433968990297 0.5831239893167365 0.08576397361346617
		outer loop
			vertex 0.1340846464037895 0.06876579076051717 0.24450418800115586
			vertex 0.15762596651911734 0.036152315139770554 0.24450418800115586
			vertex 0.1375328853726387 0.0705342292785645 0.2
		endloop
	endfacet
	facet normal 0.8078435312269507 0.5831238302197668 0.08576379005500716
		outer loop
			vertex 0.15762596651911734 0.036152315139770554 0.24450418800115586
			vertex 0.16167960166931153 0.03708204030990605 0.2
			vertex 0.1375328853726387 0.0705342292785645 0.2
		endloop
	endfacet
	facet normal 0.574974774112452 0.8145475966593069 0.07691698064070081
		outer loop
			vertex 0.09741820357739925 0.09464798569679266 0.24450418800115584
			vertex 0.1340846464037895 0.06876579076051717 0.24450418800115586
			vertex 0.09992349147796631 0.09708203673362736 0.2
		endloop
	endfacet
	facet normal 0.5749747741124521 0.8145475966593069 0.07691698064070074
		outer loop
			vertex 0.1340846464037895 0.06876579076051717 0.24450418800115586
			vertex 0.1375328853726387 0.0705342292785645 0.2
			vertex 0.09992349147796631 0.09708203673362736 0.2
		endloop
	endfacet
	facet normal 0.33760218328195946 0.9386568814284388 0.0703421977925917
		outer loop
			vertex 0.05121577978134155 0.11126538813114172 0.24450418800115584
			vertex 0.09741820357739925 0.09464798569679266 0.24450418800115584
			vertex 0.05253289043903351 0.11412677764892581 0.2
		endloop
	endfacet
	facet normal 0.33760204838145685 0.9386569185344503 0.07034235008908075
		outer loop
			vertex 0.09741820357739925 0.09464798569679266 0.24450418800115584
			vertex 0.09992349147796631 0.09708203673362736 0.2
			vertex 0.05253289043903351 0.11412677764892581 0.2
		endloop
	endfacet
	facet normal 0.11085858044144371 0.9915728952651167 0.0670340847484468
		outer loop
			vertex 3.0445529909959913e-17 0.11699135005474096 0.24450418800115584
			vertex 0.05121577978134155 0.11126538813114172 0.24450418800115584
			vertex 3.122849474092178e-17 0.12000000178813938 0.19999999999999998
		endloop
	endfacet
	facet normal 0.11085873602095242 0.9915728900443826 0.06703390468164161
		outer loop
			vertex 0.05121577978134155 0.11126538813114172 0.24450418800115584
			vertex 0.05253289043903351 0.11412677764892581 0.2
			vertex 3.122849474092178e-17 0.12000000178813938 0.19999999999999998
		endloop
	endfacet
	facet normal -0.11085858181129515 0.9915729075177332 0.0670339012412211
		outer loop
			vertex -0.05121577978134155 0.11126538813114172 0.24450418800115584
			vertex 3.0445529909959913e-17 0.11699135005474096 0.24450418800115584
			vertex -0.05253289043903351 0.11412677764892581 0.2
		endloop
	endfacet
	facet normal -0.11085873468544398 0.9915728780989658 0.06703408358794993
		outer loop
			vertex 3.0445529909959913e-17 0.11699135005474096 0.24450418800115584
			vertex 3.122849474092178e-17 0.12000000178813938 0.19999999999999998
			vertex -0.05253289043903351 0.11412677764892581 0.2
		endloop
	endfacet
	facet normal -0.33760217953312144 0.9386568710053055 0.07034235487254772
		outer loop
			vertex -0.09741820357739925 0.09464798569679266 0.24450418800115584
			vertex -0.05121577978134155 0.11126538813114172 0.24450418800115584
			vertex -0.09992349147796631 0.09708203673362736 0.2
		endloop
	endfacet
	facet normal -0.3376020520363026 0.9386569286962556 0.07034219694742591
		outer loop
			vertex -0.05121577978134155 0.11126538813114172 0.24450418800115584
			vertex -0.05253289043903351 0.11412677764892581 0.2
			vertex -0.09992349147796631 0.09708203673362736 0.2
		endloop
	endfacet
	facet normal -0.5749747741124521 0.8145475966593069 0.07691698064070071
		outer loop
			vertex -0.1340846464037895 0.06876579076051717 0.24450418800115586
			vertex -0.09741820357739925 0.09464798569679266 0.24450418800115584
			vertex -0.1375328853726387 0.0705342292785645 0.2
		endloop
	endfacet
	facet normal -0.5749747741124521 0.8145475966593068 0.07691698064070078
		outer loop
			vertex -0.09741820357739925 0.09464798569679266 0.24450418800115584
			vertex -0.09992349147796631 0.09708203673362736 0.2
			vertex -0.1375328853726387 0.0705342292785645 0.2
		endloop
	endfacet
	facet normal -0.807843410234078 0.5831239989423479 0.0857637825591883
		outer loop
			vertex -0.15762596651911734 0.036152315139770554 0.24450418800115586
			vertex -0.1340846464037895 0.06876579076051717 0.24450418800115586
			vertex -0.16167960166931153 0.03708204030990605 0.2
		endloop
	endfacet
	facet normal -0.8078435182262342 0.5831238208354895 0.08576397631919956
		outer loop
			vertex -0.1340846464037895 0.06876579076051717 0.24450418800115586
			vertex -0.1375328853726387 0.0705342292785645 0.2
			vertex -0.16167960166931153 0.03708204030990605 0.2
		endloop
	endfacet
	facet normal -0.9715069006568535 0.217984647047873 0.0930431922685862
		outer loop
			vertex -0.16573774591088294 8.294545155133237e-17 0.24450418800115586
			vertex -0.15762596651911734 0.036152315139770554 0.24450418800115586
			vertex -0.1700000025331974 7.380044346181682e-17 0.2
		endloop
	endfacet
	facet normal -0.9715068581754167 0.2179849445844656 0.09304293875753483
		outer loop
			vertex -0.15762596651911734 0.036152315139770554 0.24450418800115586
			vertex -0.16167960166931153 0.03708204030990605 0.2
			vertex -0.1700000025331974 7.380044346181682e-17 0.2
		endloop
	endfacet
	facet normal -0.9715068581754167 -0.21798494458446546 -0.09304293875753476
		outer loop
			vertex -0.16167960166931153 -0.037082040309905966 0.20000000000000004
			vertex -0.1700000025331974 4.4408920985006264e-17 0.2
			vertex -0.15762596651911734 -0.03615231513977047 0.15549581199884416
		endloop
	endfacet
	facet normal -0.9715069006568535 -0.21798464704787276 -0.09304319226858618
		outer loop
			vertex -0.1700000025331974 4.4408920985006264e-17 0.2
			vertex -0.16573774591088294 3.4527006142780294e-17 0.15549581199884416
			vertex -0.15762596651911734 -0.03615231513977047 0.15549581199884416
		endloop
	endfacet
	facet normal -0.8078435182262341 -0.5831238208354895 -0.08576397631919952
		outer loop
			vertex -0.1375328853726387 -0.07053422927856441 0.20000000000000004
			vertex -0.16167960166931153 -0.037082040309905966 0.20000000000000004
			vertex -0.1340846464037895 -0.06876579076051709 0.15549581199884416
		endloop
	endfacet
	facet normal -0.8078434102340781 -0.5831239989423479 -0.08576378255918828
		outer loop
			vertex -0.16167960166931153 -0.037082040309905966 0.20000000000000004
			vertex -0.15762596651911734 -0.03615231513977047 0.15549581199884416
			vertex -0.1340846464037895 -0.06876579076051709 0.15549581199884416
		endloop
	endfacet
	facet normal -0.5749747741124521 -0.8145475966593069 -0.0769169806407008
		outer loop
			vertex -0.09992349147796631 -0.09708203673362728 0.20000000000000004
			vertex -0.1375328853726387 -0.07053422927856441 0.20000000000000004
			vertex -0.09741820357739925 -0.09464798569679257 0.15549581199884419
		endloop
	endfacet
	facet normal -0.5749747741124521 -0.8145475966593069 -0.0769169806407007
		outer loop
			vertex -0.1375328853726387 -0.07053422927856441 0.20000000000000004
			vertex -0.1340846464037895 -0.06876579076051709 0.15549581199884416
			vertex -0.09741820357739925 -0.09464798569679257 0.15549581199884419
		endloop
	endfacet
	facet normal -0.3376020520363026 -0.9386569286962556 -0.07034219694742588
		outer loop
			vertex -0.05253289043903351 -0.11412677764892573 0.20000000000000004
			vertex -0.09992349147796631 -0.09708203673362728 0.20000000000000004
			vertex -0.05121577978134155 -0.11126538813114163 0.15549581199884419
		endloop
	endfacet
	facet normal -0.33760217953312144 -0.9386568710053056 -0.07034235487254771
		outer loop
			vertex -0.09992349147796631 -0.09708203673362728 0.20000000000000004
			vertex -0.09741820357739925 -0.09464798569679257 0.15549581199884419
			vertex -0.05121577978134155 -0.11126538813114163 0.15549581199884419
		endloop
	endfacet
	facet normal -0.1108587346854441 -0.9915728780989655 -0.06703408358794996
		outer loop
			vertex -1.0409497543870406e-17 -0.1200000017881393 0.20000000000000004
			vertex -0.05253289043903351 -0.11412677764892573 0.20000000000000004
			vertex -1.0148509735618798e-17 -0.11699135005474087 0.15549581199884419
		endloop
	endfacet
	facet normal -0.1108585818112952 -0.991572907517733 -0.06703390124122104
		outer loop
			vertex -0.05253289043903351 -0.11412677764892573 0.20000000000000004
			vertex -0.05121577978134155 -0.11126538813114163 0.15549581199884419
			vertex -1.0148509735618798e-17 -0.11699135005474087 0.15549581199884419
		endloop
	endfacet
	facet normal 0.11085873602095235 -0.9915728900443826 -0.06703390468164157
		outer loop
			vertex 0.05253289043903351 -0.11412677764892573 0.20000000000000004
			vertex -1.0409497543870406e-17 -0.1200000017881393 0.20000000000000004
			vertex 0.05121577978134155 -0.11126538813114163 0.15549581199884419
		endloop
	endfacet
	facet normal 0.11085858044144366 -0.9915728952651168 -0.06703408474844678
		outer loop
			vertex -1.0409497543870406e-17 -0.1200000017881393 0.20000000000000004
			vertex -1.0148509735618798e-17 -0.11699135005474087 0.15549581199884419
			vertex 0.05121577978134155 -0.11126538813114163 0.15549581199884419
		endloop
	endfacet
	facet normal 0.3376020483814569 -0.9386569185344504 -0.07034235008908074
		outer loop
			vertex 0.09992349147796631 -0.09708203673362728 0.20000000000000004
			vertex 0.05253289043903351 -0.11412677764892573 0.20000000000000004
			vertex 0.09741820357739925 -0.09464798569679257 0.15549581199884419
		endloop
	endfacet
	facet normal 0.33760218328195946 -0.938656881428439 -0.07034219779259168
		outer loop
			vertex 0.05253289043903351 -0.11412677764892573 0.20000000000000004
			vertex 0.05121577978134155 -0.11126538813114163 0.15549581199884419
			vertex 0.09741820357739925 -0.09464798569679257 0.15549581199884419
		endloop
	endfacet
	facet normal 0.5749747741124521 -0.8145475966593069 -0.0769169806407007
		outer loop
			vertex 0.1375328853726387 -0.07053422927856441 0.20000000000000004
			vertex 0.09992349147796631 -0.09708203673362728 0.20000000000000004
			vertex 0.1340846464037895 -0.06876579076051709 0.15549581199884416
		endloop
	endfacet
	facet normal 0.5749747741124521 -0.8145475966593069 -0.07691698064070074
		outer loop
			vertex 0.09992349147796631 -0.09708203673362728 0.20000000000000004
			vertex 0.09741820357739925 -0.09464798569679257 0.15549581199884419
			vertex 0.1340846464037895 -0.06876579076051709 0.15549581199884416
		endloop
	endfacet
	facet normal 0.8078435312269509 -0.5831238302197669 -0.08576379005500712
		outer loop
			vertex 0.16167960166931153 -0.037082040309905966 0.20000000000000004
			vertex 0.1375328853726387 -0.07053422927856441 0.20000000000000004
			vertex 0.15762596651911734 -0.03615231513977047 0.15549581199884416
		endloop
	endfacet
	facet normal 0.8078433968990298 -0.5831239893167365 -0.08576397361346613
		outer loop
			vertex 0.1375328853726387 -0.07053422927856441 0.20000000000000004
			vertex 0.1340846464037895 -0.06876579076051709 0.15549581199884416
			vertex 0.15762596651911734 -0.03615231513977047 0.15549581199884416
		endloop
	endfacet
	facet normal 0.9715068356278158 -0.2179849395252758 -0.09304318604062299
		outer loop
			vertex 0.1700000025331974 2.971315974660099e-17 0.2
			vertex 0.16167960166931153 -0.037082040309905966 0.20000000000000004
			vertex 0.16573774591088294 2.0199698280730226e-17 0.15549581199884416
		endloop
	endfacet
	facet normal 0.9715069237843124 -0.21798465223716273 -0.0930429386261287
		outer loop
			vertex 0.16167960166931153 -0.037082040309905966 0.20000000000000004
			vertex 0.15762596651911734 -0.03615231513977047 0.15549581199884416
			vertex 0.16573774591088294 2.0199698280730226e-17 0.15549581199884416
		endloop
	endfacet
	facet normal 0.9715068581754167 0.21798494458446532 -0.09304293875753487
		outer loop
			vertex 0.16167960166931153 0.03708204030990605 0.2
			vertex 0.1700000025331974 2.971315974660099e-17 0.2
			vertex 0.15762596651911734 0.03615231513977054 0.15549581199884416
		endloop
	endfacet
	facet normal 0.9715069006568535 0.21798464704787268 -0.09304319226858629
		outer loop
			vertex 0.1700000025331974 2.971315974660099e-17 0.2
			vertex 0.16573774591088294 2.0199698280730226e-17 0.15549581199884416
			vertex 0.15762596651911734 0.03615231513977054 0.15549581199884416
		endloop
	endfacet
	facet normal 0.8078435182262342 0.5831238208354895 -0.08576397631919992
		outer loop
			vertex 0.1375328853726387 0.0705342292785645 0.2
			vertex 0.16167960166931153 0.03708204030990605 0.2
			vertex 0.1340846464037895 0.06876579076051714 0.15549581199884416
		endloop
	endfacet
	facet normal 0.8078434102340779 0.583123998942348 -0.0857637825591885
		outer loop
			vertex 0.16167960166931153 0.03708204030990605 0.2
			vertex 0.15762596651911734 0.03615231513977054 0.15549581199884416
			vertex 0.1340846464037895 0.06876579076051714 0.15549581199884416
		endloop
	endfacet
	facet normal 0.5749747741124521 0.8145475966593069 -0.07691698064070127
		outer loop
			vertex 0.09992349147796631 0.09708203673362736 0.2
			vertex 0.1375328853726387 0.0705342292785645 0.2
			vertex 0.09741820357739925 0.09464798569679263 0.15549581199884413
		endloop
	endfacet
	facet normal 0.5749747741124521 0.8145475966593069 -0.07691698064070125
		outer loop
			vertex 0.1375328853726387 0.0705342292785645 0.2
			vertex 0.1340846464037895 0.06876579076051714 0.15549581199884416
			vertex 0.09741820357739925 0.09464798569679263 0.15549581199884413
		endloop
	endfacet
	facet normal 0.3376020520363026 0.9386569286962555 -0.07034219694742641
		outer loop
			vertex 0.05253289043903351 0.11412677764892581 0.2
			vertex 0.09992349147796631 0.09708203673362736 0.2
			vertex 0.05121577978134155 0.11126538813114169 0.15549581199884413
		endloop
	endfacet
	facet normal 0.3376021795331215 0.9386568710053055 -0.07034235487254827
		outer loop
			vertex 0.09992349147796631 0.09708203673362736 0.2
			vertex 0.09741820357739925 0.09464798569679263 0.15549581199884413
			vertex 0.05121577978134155 0.11126538813114169 0.15549581199884413
		endloop
	endfacet
	facet normal 0.11085873468544417 0.9915728780989657 -0.06703408358795054
		outer loop
			vertex 3.122849474092178e-17 0.12000000178813938 0.19999999999999998
			vertex 0.05253289043903351 0.11412677764892581 0.2
			vertex 3.0445529909959913e-17 0.11699135005474093 0.15549581199884413
		endloop
	endfacet
	facet normal 0.11085858181129525 0.991572907517733 -0.06703390124122162
		outer loop
			vertex 0.05253289043903351 0.11412677764892581 0.2
			vertex 0.05121577978134155 0.11126538813114169 0.15549581199884413
			vertex 3.0445529909959913e-17 0.11699135005474093 0.15549581199884413
		endloop
	endfacet
	facet normal -0.11085873602095235 0.9915728900443828 -0.06703390468164215
		outer loop
			vertex -0.05253289043903351 0.11412677764892581 0.2
			vertex 3.122849474092178e-17 0.12000000178813938 0.19999999999999998
			vertex -0.05121577978134155 0.11126538813114169 0.15549581199884413
		endloop
	endfacet
	facet normal -0.11085858044144362 0.9915728952651168 -0.06703408474844741
		outer loop
			vertex 3.122849474092178e-17 0.12000000178813938 0.19999999999999998
			vertex 3.0445529909959913e-17 0.11699135005474093 0.15549581199884413
			vertex -0.05121577978134155 0.11126538813114169 0.15549581199884413
		endloop
	endfacet
	facet normal -0.3376020483814569 0.9386569185344503 -0.07034235008908128
		outer loop
			vertex -0.09992349147796631 0.09708203673362736 0.2
			vertex -0.05253289043903351 0.11412677764892581 0.2
			vertex -0.09741820357739925 0.09464798569679263 0.15549581199884413
		endloop
	endfacet
	facet normal -0.33760218328195946 0.9386568814284388 -0.07034219779259222
		outer loop
			vertex -0.05253289043903351 0.11412677764892581 0.2
			vertex -0.05121577978134155 0.11126538813114169 0.15549581199884413
			vertex -0.09741820357739925 0.09464798569679263 0.15549581199884413
		endloop
	endfacet
	facet normal -0.5749747741124521 0.8145475966593069 -0.07691698064070127
		outer loop
			vertex -0.1375328853726387 0.0705342292785645 0.2
			vertex -0.09992349147796631 0.09708203673362736 0.2
			vertex -0.1340846464037895 0.06876579076051714 0.15549581199884416
		endloop
	endfacet
	facet normal -0.5749747741124521 0.8145475966593069 -0.0769169806407012
		outer loop
			vertex -0.09992349147796631 0.09708203673362736 0.2
			vertex -0.09741820357739925 0.09464798569679263 0.15549581199884413
			vertex -0.1340846464037895 0.06876579076051714 0.15549581199884416
		endloop
	endfacet
	facet normal -0.8078435312269507 0.5831238302197668 -0.0857637900550074
		outer loop
			vertex -0.16167960166931153 0.03708204030990605 0.2
			vertex -0.1375328853726387 0.0705342292785645 0.2
			vertex -0.15762596651911734 0.03615231513977054 0.15549581199884416
		endloop
	endfacet
	facet normal -0.8078433968990296 0.5831239893167366 -0.08576397361346653
		outer loop
			vertex -0.1375328853726387 0.0705342292785645 0.2
			vertex -0.1340846464037895 0.06876579076051714 0.15549581199884416
			vertex -0.15762596651911734 0.03615231513977054 0.15549581199884416
		endloop
	endfacet
	facet normal -0.9715068356278159 0.2179849395252759 -0.09304318604062309
		outer loop
			vertex -0.1700000025331974 7.380044346181682e-17 0.2
			vertex -0.16167960166931153 0.03708204030990605 0.2
			vertex -0.16573774591088294 6.318162186688043e-17 0.15549581199884416
		endloop
	endfacet
	facet normal -0.9715069237843125 0.21798465223716287 -0.09304293862612882
		outer loop
			vertex -0.16167960166931153 0.03708204030990605 0.2
			vertex -0.15762596651911734 0.03615231513977054 0.15549581199884416
			vertex -0.16573774591088294 6.318162186688043e-17 0.15549581199884416
		endloop
	endfacet
	facet normal -0.9370755495032879 -0.2102590138861147 -0.2787123276834912
		outer loop
			vertex -0.15762596651911734 -0.03615231513977047 0.15549581199884416
			vertex -0.16573774591088294 3.4527006142780294e-17 0.15549581199884416
			vertex -0.14566829949617385 -0.03340976312756536 0.11322325170040133
		endloop
	endfacet
	facet normal -0.9370755471317244 -0.21025876075608896 -0.27871252661675133
		outer loop
			vertex -0.16573774591088294 3.4527006142780294e-17 0.15549581199884416
			vertex -0.15316470190882683 2.514061219214299e-17 0.11322325170040132
			vertex -0.14566829949617385 -0.03340976312756536 0.11322325170040133
		endloop
	endfacet
	facet normal -0.7833232425745312 -0.565424655184343 -0.25826276725883085
		outer loop
			vertex -0.1340846464037895 -0.06876579076051709 0.15549581199884416
			vertex -0.15762596651911734 -0.03615231513977047 0.15549581199884416
			vertex -0.12391284555196762 -0.06354914456605908 0.11322325170040133
		endloop
	endfacet
	facet normal -0.7833232077119929 -0.5654247418309938 -0.25826268329967494
		outer loop
			vertex -0.15762596651911734 -0.03615231513977047 0.15549581199884416
			vertex -0.14566829949617385 -0.03340976312756536 0.11322325170040133
			vertex -0.12391284555196762 -0.06354914456605908 0.11322325170040133
		endloop
	endfacet
	facet normal -0.5608125882482783 -0.7944845000183942 -0.2329884548487097
		outer loop
			vertex -0.09741820357739925 -0.09464798569679257 0.15549581199884419
			vertex -0.1340846464037895 -0.06876579076051709 0.15549581199884416
			vertex -0.09002795480191707 -0.08746789097785947 0.11322325170040133
		endloop
	endfacet
	facet normal -0.5608125882482783 -0.7944845000183942 -0.23298845484870967
		outer loop
			vertex -0.1340846464037895 -0.06876579076051709 0.15549581199884416
			vertex -0.12391284555196762 -0.06354914456605908 0.11322325170040133
			vertex -0.09002795480191707 -0.08746789097785947 0.11322325170040133
		endloop
	endfacet
	facet normal -0.33060554278416177 -0.9192036756277712 -0.21392657103030704
		outer loop
			vertex -0.05121577978134155 -0.11126538813114163 0.15549581199884419
			vertex -0.09741820357739925 -0.09464798569679257 0.15549581199884419
			vertex -0.04733049776405096 -0.10282468199729916 0.11322325170040135
		endloop
	endfacet
	facet normal -0.33060559553639346 -0.9192036405277811 -0.21392664032443548
		outer loop
			vertex -0.09741820357739925 -0.09464798569679257 0.15549581199884419
			vertex -0.09002795480191707 -0.08746789097785947 0.11322325170040133
			vertex -0.04733049776405096 -0.10282468199729916 0.11322325170040135
		endloop
	endfacet
	facet normal -0.10876617866745125 -0.972857439259513 -0.20425063342742297
		outer loop
			vertex -1.0148509735618798e-17 -0.11699135005474087 0.15549581199884419
			vertex -0.05121577978134155 -0.11126538813114163 0.15549581199884419
			vertex -9.378633176694208e-18 -0.10811626017093655 0.11322325170040135
		endloop
	endfacet
	facet normal -0.10876605306232685 -0.9728574845436798 -0.2042504846226496
		outer loop
			vertex -0.05121577978134155 -0.11126538813114163 0.15549581199884419
			vertex -0.04733049776405096 -0.10282468199729916 0.11322325170040135
			vertex -9.378633176694208e-18 -0.10811626017093655 0.11322325170040135
		endloop
	endfacet
	facet normal 0.10876618191764045 -0.9728574683307813 -0.20425049322849034
		outer loop
			vertex 0.05121577978134155 -0.11126538813114163 0.15549581199884419
			vertex -1.0148509735618798e-17 -0.11699135005474087 0.15549581199884419
			vertex 0.04733049776405096 -0.10282468199729916 0.11322325170040135
		endloop
	endfacet
	facet normal 0.10876604954533906 -0.9728574530859984 -0.20425063633028243
		outer loop
			vertex -1.0148509735618798e-17 -0.11699135005474087 0.15549581199884419
			vertex -9.378633176694208e-18 -0.10811626017093655 0.11322325170040135
			vertex 0.04733049776405096 -0.10282468199729916 0.11322325170040135
		endloop
	endfacet
	facet normal 0.3306055381139143 -0.9192036626427842 -0.21392663404190634
		outer loop
			vertex 0.09741820357739925 -0.09464798569679257 0.15549581199884419
			vertex 0.05121577978134155 -0.11126538813114163 0.15549581199884419
			vertex 0.09002795480191707 -0.08746789097785947 0.11322325170040133
		endloop
	endfacet
	facet normal 0.33060560059001504 -0.9192036545786847 -0.21392657214031532
		outer loop
			vertex 0.05121577978134155 -0.11126538813114163 0.15549581199884419
			vertex 0.04733049776405096 -0.10282468199729916 0.11322325170040135
			vertex 0.09002795480191707 -0.08746789097785947 0.11322325170040133
		endloop
	endfacet
	facet normal 0.5608125882482784 -0.7944845000183943 -0.23298845484870967
		outer loop
			vertex 0.1340846464037895 -0.06876579076051709 0.15549581199884416
			vertex 0.09741820357739925 -0.09464798569679257 0.15549581199884419
			vertex 0.12391284555196762 -0.06354914456605908 0.11322325170040133
		endloop
	endfacet
	facet normal 0.5608125882482783 -0.7944845000183943 -0.23298845484870973
		outer loop
			vertex 0.09741820357739925 -0.09464798569679257 0.15549581199884419
			vertex 0.09002795480191707 -0.08746789097785947 0.11322325170040133
			vertex 0.12391284555196762 -0.06354914456605908 0.11322325170040133
		endloop
	endfacet
	facet normal 0.783323258701943 -0.5654246668255605 -0.25826269285704595
		outer loop
			vertex 0.15762596651911734 -0.03615231513977047 0.15549581199884416
			vertex 0.1340846464037895 -0.06876579076051709 0.15549581199884416
			vertex 0.14566829949617385 -0.03340976312756536 0.11322325170040133
		endloop
	endfacet
	facet normal 0.7833231902607101 -0.5654247292341666 -0.2582627638089797
		outer loop
			vertex 0.1340846464037895 -0.06876579076051709 0.15549581199884416
			vertex 0.12391284555196762 -0.06354914456605908 0.11322325170040133
			vertex 0.14566829949617385 -0.03340976312756536 0.11322325170040133
		endloop
	endfacet
	facet normal 0.9370754973627529 -0.2102590021869327 -0.27871251181406453
		outer loop
			vertex 0.16573774591088294 2.0199698280730226e-17 0.15549581199884416
			vertex 0.15762596651911734 -0.03615231513977047 0.15549581199884416
			vertex 0.15316470190882683 1.1900188883868811e-17 0.11322325170040132
		endloop
	endfacet
	facet normal 0.9370756035523972 -0.2102587734156241 -0.27871232737119456
		outer loop
			vertex 0.15762596651911734 -0.03615231513977047 0.15549581199884416
			vertex 0.14566829949617385 -0.03340976312756536 0.11322325170040133
			vertex 0.15316470190882683 1.1900188883868811e-17 0.11322325170040132
		endloop
	endfacet
	facet normal 0.937075549503288 0.21025901388611462 -0.27871232768349113
		outer loop
			vertex 0.15762596651911734 0.03615231513977054 0.15549581199884416
			vertex 0.16573774591088294 2.0199698280730226e-17 0.15549581199884416
			vertex 0.14566829949617385 0.033409763127565405 0.1132232517004013
		endloop
	endfacet
	facet normal 0.9370755471317244 0.21025876075608874 -0.2787125266167514
		outer loop
			vertex 0.16573774591088294 2.0199698280730226e-17 0.15549581199884416
			vertex 0.15316470190882683 1.1900188883868811e-17 0.11322325170040132
			vertex 0.14566829949617385 0.033409763127565405 0.1132232517004013
		endloop
	endfacet
	facet normal 0.7833232425745312 0.5654246551843434 -0.2582627672588308
		outer loop
			vertex 0.1340846464037895 0.06876579076051714 0.15549581199884416
			vertex 0.15762596651911734 0.03615231513977054 0.15549581199884416
			vertex 0.12391284555196762 0.06354914456605913 0.1132232517004013
		endloop
	endfacet
	facet normal 0.783323207711993 0.5654247418309937 -0.25826268329967517
		outer loop
			vertex 0.15762596651911734 0.03615231513977054 0.15549581199884416
			vertex 0.14566829949617385 0.033409763127565405 0.1132232517004013
			vertex 0.12391284555196762 0.06354914456605913 0.1132232517004013
		endloop
	endfacet
	facet normal 0.5608125882482786 0.794484500018394 -0.23298845484870984
		outer loop
			vertex 0.09741820357739925 0.09464798569679263 0.15549581199884413
			vertex 0.1340846464037895 0.06876579076051714 0.15549581199884416
			vertex 0.09002795480191707 0.08746789097785952 0.1132232517004013
		endloop
	endfacet
	facet normal 0.5608125882482783 0.7944845000183942 -0.23298845484870953
		outer loop
			vertex 0.1340846464037895 0.06876579076051714 0.15549581199884416
			vertex 0.12391284555196762 0.06354914456605913 0.1132232517004013
			vertex 0.09002795480191707 0.08746789097785952 0.1132232517004013
		endloop
	endfacet
	facet normal 0.33060554278416177 0.9192036756277712 -0.21392657103030704
		outer loop
			vertex 0.05121577978134155 0.11126538813114169 0.15549581199884413
			vertex 0.09741820357739925 0.09464798569679263 0.15549581199884413
			vertex 0.04733049776405096 0.10282468199729922 0.11322325170040129
		endloop
	endfacet
	facet normal 0.33060559553639357 0.919203640527781 -0.21392664032443562
		outer loop
			vertex 0.09741820357739925 0.09464798569679263 0.15549581199884413
			vertex 0.09002795480191707 0.08746789097785952 0.1132232517004013
			vertex 0.04733049776405096 0.10282468199729922 0.11322325170040129
		endloop
	endfacet
	facet normal 0.1087661786674513 0.972857439259513 -0.20425063342742297
		outer loop
			vertex 3.0445529909959913e-17 0.11699135005474093 0.15549581199884413
			vertex 0.05121577978134155 0.11126538813114169 0.15549581199884413
			vertex 2.8135899530082626e-17 0.1081162601709366 0.11322325170040129
		endloop
	endfacet
	facet normal 0.10876605306232691 0.9728574845436798 -0.20425048462264964
		outer loop
			vertex 0.05121577978134155 0.11126538813114169 0.15549581199884413
			vertex 0.04733049776405096 0.10282468199729922 0.11322325170040129
			vertex 2.8135899530082626e-17 0.1081162601709366 0.11322325170040129
		endloop
	endfacet
	facet normal -0.10876618191764041 0.9728574683307813 -0.20425049322849034
		outer loop
			vertex -0.05121577978134155 0.11126538813114169 0.15549581199884413
			vertex 3.0445529909959913e-17 0.11699135005474093 0.15549581199884413
			vertex -0.04733049776405096 0.10282468199729922 0.11322325170040129
		endloop
	endfacet
	facet normal -0.10876604954533903 0.9728574530859986 -0.20425063633028245
		outer loop
			vertex 3.0445529909959913e-17 0.11699135005474093 0.15549581199884413
			vertex 2.8135899530082626e-17 0.1081162601709366 0.11322325170040129
			vertex -0.04733049776405096 0.10282468199729922 0.11322325170040129
		endloop
	endfacet
	facet normal -0.3306055381139143 0.9192036626427842 -0.21392663404190648
		outer loop
			vertex -0.09741820357739925 0.09464798569679263 0.15549581199884413
			vertex -0.05121577978134155 0.11126538813114169 0.15549581199884413
			vertex -0.09002795480191707 0.08746789097785952 0.1132232517004013
		endloop
	endfacet
	facet normal -0.33060560059001515 0.9192036545786847 -0.21392657214031532
		outer loop
			vertex -0.05121577978134155 0.11126538813114169 0.15549581199884413
			vertex -0.04733049776405096 0.10282468199729922 0.11322325170040129
			vertex -0.09002795480191707 0.08746789097785952 0.1132232517004013
		endloop
	endfacet
	facet normal -0.5608125882482786 0.7944845000183941 -0.2329884548487096
		outer loop
			vertex -0.1340846464037895 0.06876579076051714 0.15549581199884416
			vertex -0.09741820357739925 0.09464798569679263 0.15549581199884413
			vertex -0.12391284555196762 0.06354914456605913 0.1132232517004013
		endloop
	endfacet
	facet normal -0.5608125882482783 0.7944845000183942 -0.23298845484870986
		outer loop
			vertex -0.09741820357739925 0.09464798569679263 0.15549581199884413
			vertex -0.09002795480191707 0.08746789097785952 0.1132232517004013
			vertex -0.12391284555196762 0.06354914456605913 0.1132232517004013
		endloop
	endfacet
	facet normal -0.7833232587019429 0.5654246668255608 -0.2582626928570461
		outer loop
			vertex -0.15762596651911734 0.03615231513977054 0.15549581199884416
			vertex -0.1340846464037895 0.06876579076051714 0.15549581199884416
			vertex -0.14566829949617385 0.033409763127565405 0.1132232517004013
		endloop
	endfacet
	facet normal -0.7833231902607103 0.5654247292341665 -0.2582627638089796
		outer loop
			vertex -0.1340846464037895 0.06876579076051714 0.15549581199884416
			vertex -0.12391284555196762 0.06354914456605913 0.1132232517004013
			vertex -0.14566829949617385 0.033409763127565405 0.1132232517004013
		endloop
	endfacet
	facet normal -0.9370754973627528 0.21025900218693275 -0.27871251181406465
		outer loop
			vertex -0.16573774591088294 6.318162186688043e-17 0.15549581199884416
			vertex -0.15762596651911734 0.03615231513977054 0.15549581199884416
			vertex -0.15316470190882683 5.162145880869135e-17 0.11322325170040132
		endloop
	endfacet
	facet normal -0.9370756035523972 0.21025877341562402 -0.27871232737119456
		outer loop
			vertex -0.15762596651911734 0.03615231513977054 0.15549581199884416
			vertex -0.14566829949617385 0.033409763127565405 0.1132232517004013
			vertex -0.15316470190882683 5.162145880869135e-17 0.11322325170040132
		endloop
	endfacet
	facet normal -0.8652908780451555 -0.19415188910670406 -0.4621436360355317
		outer loop
			vertex -0.14566829949617385 -0.03340976312756536 0.11322325170040133
			vertex -0.15316470190882683 2.514061219214299e-17 0.11322325170040132
			vertex -0.12640620842576025 -0.028991905599832515 0.0753020390868187
		endloop
	endfacet
	facet normal -0.8652909415638544 -0.19415236454588083 -0.46214331736895414
		outer loop
			vertex -0.15316470190882683 2.514061219214299e-17 0.11322325170040132
			vertex -0.13291135802865028 1.6720411519081925e-17 0.0753020390868187
			vertex -0.12640620842576025 -0.028991905599832515 0.0753020390868187
		endloop
	endfacet
	facet normal -0.7309692294528392 -0.5276341665619774 -0.4327657240003767
		outer loop
			vertex -0.12391284555196762 -0.06354914456605908 0.11322325170040133
			vertex -0.14566829949617385 -0.03340976312756536 0.11322325170040133
			vertex -0.10752754211425782 -0.05514588207006453 0.07530203908681872
		endloop
	endfacet
	facet normal -0.7309692873556589 -0.5276339250228669 -0.43276592068660363
		outer loop
			vertex -0.14566829949617385 -0.03340976312756536 0.11322325170040133
			vertex -0.12640620842576025 -0.028991905599832515 0.0753020390868187
			vertex -0.10752754211425782 -0.05514588207006453 0.07530203908681872
		endloop
	endfacet
	facet normal -0.5297394897029684 -0.7504642770792052 -0.39519544769294224
		outer loop
			vertex -0.09002795480191707 -0.08746789097785947 0.11322325170040133
			vertex -0.12391284555196762 -0.06354914456605908 0.11322325170040133
			vertex -0.07812333293259144 -0.07590179443359374 0.07530203908681872
		endloop
	endfacet
	facet normal -0.5297394897029682 -0.750464277079205 -0.3951954476929422
		outer loop
			vertex -0.12391284555196762 -0.06354914456605908 0.11322325170040133
			vertex -0.10752754211425782 -0.05514588207006453 0.07530203908681872
			vertex -0.07812333293259144 -0.07590179443359374 0.07530203908681872
		endloop
	endfacet
	facet normal -0.31496180433950743 -0.8757082187503505 -0.3659701865183696
		outer loop
			vertex -0.04733049776405096 -0.10282468199729916 0.11322325170040135
			vertex -0.09002795480191707 -0.08746789097785947 0.11322325170040133
			vertex -0.041071866266429426 -0.08922791182994841 0.07530203908681872
		endloop
	endfacet
	facet normal -0.314961677154016 -0.8757083353762702 -0.3659700169096523
		outer loop
			vertex -0.09002795480191707 -0.08746789097785947 0.11322325170040133
			vertex -0.07812333293259144 -0.07590179443359374 0.07530203908681872
			vertex -0.041071866266429426 -0.08922791182994841 0.07530203908681872
		endloop
	endfacet
	facet normal -0.10404527327112606 -0.9306324904076834 -0.3508528878426541
		outer loop
			vertex -9.378633176694208e-18 -0.10811626017093655 0.11322325170040135
			vertex -0.04733049776405096 -0.10282468199729916 0.11322325170040135
			vertex -8.138473172106068e-18 -0.09381978213787077 0.07530203908681873
		endloop
	endfacet
	facet normal -0.10404550648331522 -0.930632365755808 -0.3508531493208785
		outer loop
			vertex -0.04733049776405096 -0.10282468199729916 0.11322325170040135
			vertex -0.041071866266429426 -0.08922791182994841 0.07530203908681872
			vertex -8.138473172106068e-18 -0.09381978213787077 0.07530203908681873
		endloop
	endfacet
	facet normal 0.10404526349948512 -0.9306324030052842 -0.3508531225740101
		outer loop
			vertex 0.04733049776405096 -0.10282468199729916 0.11322325170040135
			vertex -9.378633176694208e-18 -0.10811626017093655 0.11322325170040135
			vertex 0.041071866266429426 -0.08922791182994841 0.07530203908681872
		endloop
	endfacet
	facet normal 0.10404551774400894 -0.9306324664767947 -0.35085287882059485
		outer loop
			vertex -9.378633176694208e-18 -0.10811626017093655 0.11322325170040135
			vertex -8.138473172106068e-18 -0.09381978213787077 0.07530203908681873
			vertex 0.041071866266429426 -0.08922791182994841 0.07530203908681872
		endloop
	endfacet
	facet normal 0.3149618233876174 -0.875708271711015 -0.36597004339871136
		outer loop
			vertex 0.09002795480191707 -0.08746789097785947 0.11322325170040133
			vertex 0.04733049776405096 -0.10282468199729916 0.11322325170040135
			vertex 0.07812333293259144 -0.07590179443359374 0.07530203908681872
		endloop
	endfacet
	facet normal 0.3149616552033196 -0.8757082743453285 -0.365970181838237
		outer loop
			vertex 0.04733049776405096 -0.10282468199729916 0.11322325170040135
			vertex 0.041071866266429426 -0.08922791182994841 0.07530203908681872
			vertex 0.07812333293259144 -0.07590179443359374 0.07530203908681872
		endloop
	endfacet
	facet normal 0.5297394897029682 -0.7504642770792049 -0.39519544769294224
		outer loop
			vertex 0.12391284555196762 -0.06354914456605908 0.11322325170040133
			vertex 0.09002795480191707 -0.08746789097785947 0.11322325170040133
			vertex 0.10752754211425782 -0.05514588207006453 0.07530203908681872
		endloop
	endfacet
	facet normal 0.5297394897029682 -0.750464277079205 -0.39519544769294224
		outer loop
			vertex 0.09002795480191707 -0.08746789097785947 0.11322325170040133
			vertex 0.07812333293259144 -0.07590179443359374 0.07530203908681872
			vertex 0.10752754211425782 -0.05514588207006453 0.07530203908681872
		endloop
	endfacet
	facet normal 0.7309691676358723 -0.5276341219407507 -0.4327658828160247
		outer loop
			vertex 0.14566829949617385 -0.03340976312756536 0.11322325170040133
			vertex 0.12391284555196762 -0.06354914456605908 0.11322325170040133
			vertex 0.12640620842576025 -0.028991905599832515 0.0753020390868187
		endloop
	endfacet
	facet normal 0.7309693585924703 -0.5276339764435752 -0.43276573767022447
		outer loop
			vertex 0.12391284555196762 -0.06354914456605908 0.11322325170040133
			vertex 0.10752754211425782 -0.05514588207006453 0.07530203908681872
			vertex 0.12640620842576025 -0.028991905599832515 0.0753020390868187
		endloop
	endfacet
	facet normal 0.8652910190423972 -0.19415192074332657 -0.46214335874947604
		outer loop
			vertex 0.15316470190882683 1.1900188883868811e-17 0.11322325170040132
			vertex 0.14566829949617385 -0.03340976312756536 0.11322325170040133
			vertex 0.13291135802865028 5.2308023349321786e-18 0.0753020390868187
		endloop
	endfacet
	facet normal 0.8652907790811482 -0.1941523280883149 -0.4621436369085125
		outer loop
			vertex 0.14566829949617385 -0.03340976312756536 0.11322325170040133
			vertex 0.12640620842576025 -0.028991905599832515 0.0753020390868187
			vertex 0.13291135802865028 5.2308023349321786e-18 0.0753020390868187
		endloop
	endfacet
	facet normal 0.8652908780451556 0.1941518891067037 -0.46214363603553205
		outer loop
			vertex 0.14566829949617385 0.033409763127565405 0.1132232517004013
			vertex 0.15316470190882683 1.1900188883868811e-17 0.11322325170040132
			vertex 0.12640620842576025 0.02899190559983255 0.0753020390868187
		endloop
	endfacet
	facet normal 0.8652909415638543 0.19415236454588072 -0.46214331736895414
		outer loop
			vertex 0.15316470190882683 1.1900188883868811e-17 0.11322325170040132
			vertex 0.13291135802865028 5.2308023349321786e-18 0.0753020390868187
			vertex 0.12640620842576025 0.02899190559983255 0.0753020390868187
		endloop
	endfacet
	facet normal 0.730969229452839 0.5276341665619771 -0.43276572400037694
		outer loop
			vertex 0.12391284555196762 0.06354914456605913 0.1132232517004013
			vertex 0.14566829949617385 0.033409763127565405 0.1132232517004013
			vertex 0.10752754211425782 0.05514588207006456 0.07530203908681869
		endloop
	endfacet
	facet normal 0.7309692873556589 0.5276339250228668 -0.43276592068660413
		outer loop
			vertex 0.14566829949617385 0.033409763127565405 0.1132232517004013
			vertex 0.12640620842576025 0.02899190559983255 0.0753020390868187
			vertex 0.10752754211425782 0.05514588207006456 0.07530203908681869
		endloop
	endfacet
	facet normal 0.5297394897029682 0.7504642770792049 -0.3951954476929427
		outer loop
			vertex 0.09002795480191707 0.08746789097785952 0.1132232517004013
			vertex 0.12391284555196762 0.06354914456605913 0.1132232517004013
			vertex 0.07812333293259144 0.07590179443359377 0.07530203908681869
		endloop
	endfacet
	facet normal 0.5297394897029681 0.7504642770792049 -0.3951954476929426
		outer loop
			vertex 0.12391284555196762 0.06354914456605913 0.1132232517004013
			vertex 0.10752754211425782 0.05514588207006456 0.07530203908681869
			vertex 0.07812333293259144 0.07590179443359377 0.07530203908681869
		endloop
	endfacet
	facet normal 0.31496180433950755 0.8757082187503502 -0.36597018651837043
		outer loop
			vertex 0.04733049776405096 0.10282468199729922 0.11322325170040129
			vertex 0.09002795480191707 0.08746789097785952 0.1132232517004013
			vertex 0.041071866266429426 0.08922791182994844 0.07530203908681869
		endloop
	endfacet
	facet normal 0.31496167715401596 0.8757083353762701 -0.3659700169096529
		outer loop
			vertex 0.09002795480191707 0.08746789097785952 0.1132232517004013
			vertex 0.07812333293259144 0.07590179443359377 0.07530203908681869
			vertex 0.041071866266429426 0.08922791182994844 0.07530203908681869
		endloop
	endfacet
	facet normal 0.10404527327112607 0.9306324904076831 -0.35085288784265467
		outer loop
			vertex 2.8135899530082626e-17 0.1081162601709366 0.11322325170040129
			vertex 0.04733049776405096 0.10282468199729922 0.11322325170040129
			vertex 2.4415418813214685e-17 0.0938197821378708 0.07530203908681868
		endloop
	endfacet
	facet normal 0.10404550648331544 0.9306323657558077 -0.35085314932087935
		outer loop
			vertex 0.04733049776405096 0.10282468199729922 0.11322325170040129
			vertex 0.041071866266429426 0.08922791182994844 0.07530203908681869
			vertex 2.4415418813214685e-17 0.0938197821378708 0.07530203908681868
		endloop
	endfacet
	facet normal -0.10404526349948502 0.9306324030052837 -0.3508531225740108
		outer loop
			vertex -0.04733049776405096 0.10282468199729922 0.11322325170040129
			vertex 2.8135899530082626e-17 0.1081162601709366 0.11322325170040129
			vertex -0.041071866266429426 0.08922791182994844 0.07530203908681869
		endloop
	endfacet
	facet normal -0.10404551774400908 0.9306324664767944 -0.35085287882059546
		outer loop
			vertex 2.8135899530082626e-17 0.1081162601709366 0.11322325170040129
			vertex 2.4415418813214685e-17 0.0938197821378708 0.07530203908681868
			vertex -0.041071866266429426 0.08922791182994844 0.07530203908681869
		endloop
	endfacet
	facet normal -0.31496182338761747 0.8757082717110146 -0.365970043398712
		outer loop
			vertex -0.09002795480191707 0.08746789097785952 0.1132232517004013
			vertex -0.04733049776405096 0.10282468199729922 0.11322325170040129
			vertex -0.07812333293259144 0.07590179443359377 0.07530203908681869
		endloop
	endfacet
	facet normal -0.3149616552033195 0.8757082743453283 -0.36597018183823776
		outer loop
			vertex -0.04733049776405096 0.10282468199729922 0.11322325170040129
			vertex -0.041071866266429426 0.08922791182994844 0.07530203908681869
			vertex -0.07812333293259144 0.07590179443359377 0.07530203908681869
		endloop
	endfacet
	facet normal -0.5297394897029681 0.7504642770792047 -0.3951954476929426
		outer loop
			vertex -0.12391284555196762 0.06354914456605913 0.1132232517004013
			vertex -0.09002795480191707 0.08746789097785952 0.1132232517004013
			vertex -0.10752754211425782 0.05514588207006456 0.07530203908681869
		endloop
	endfacet
	facet normal -0.5297394897029682 0.7504642770792049 -0.39519544769294274
		outer loop
			vertex -0.09002795480191707 0.08746789097785952 0.1132232517004013
			vertex -0.07812333293259144 0.07590179443359377 0.07530203908681869
			vertex -0.10752754211425782 0.05514588207006456 0.07530203908681869
		endloop
	endfacet
	facet normal -0.7309691676358723 0.5276341219407503 -0.43276588281602496
		outer loop
			vertex -0.14566829949617385 0.033409763127565405 0.1132232517004013
			vertex -0.12391284555196762 0.06354914456605913 0.1132232517004013
			vertex -0.12640620842576025 0.02899190559983255 0.0753020390868187
		endloop
	endfacet
	facet normal -0.7309693585924703 0.5276339764435749 -0.4327657376702247
		outer loop
			vertex -0.12391284555196762 0.06354914456605913 0.1132232517004013
			vertex -0.10752754211425782 0.05514588207006456 0.07530203908681869
			vertex -0.12640620842576025 0.02899190559983255 0.0753020390868187
		endloop
	endfacet
	facet normal -0.8652910190423974 0.1941519207433264 -0.4621433587494762
		outer loop
			vertex -0.15316470190882683 5.162145880869135e-17 0.11322325170040132
			vertex -0.14566829949617385 0.033409763127565405 0.1132232517004013
			vertex -0.13291135802865028 3.969962988738141e-17 0.0753020390868187
		endloop
	endfacet
	facet normal -0.865290779081148 0.1941523280883149 -0.46214363690851284
		outer loop
			vertex -0.14566829949617385 0.033409763127565405 0.1132232517004013
			vertex -0.12640620842576025 0.02899190559983255 0.0753020390868187
			vertex -0.13291135802865028 3.969962988738141e-17 0.0753020390868187
		endloop
	endfacet
	facet normal -0.7510426269559397 -0.16851754120378132 -0.6383860985342279
		outer loop
			vertex -0.12640620842576025 -0.028991905599832515 0.0753020390868187
			vertex -0.13291135802865028 1.6720411519081925e-17 0.0753020390868187
			vertex -0.10080558881163597 -0.023120272904634465 0.04363369643688203
		endloop
	endfacet
	facet normal -0.7510425858230024 -0.16851734791353926 -0.6383861979495523
		outer loop
			vertex -0.13291135802865028 1.6720411519081925e-17 0.0753020390868187
			vertex -0.1059932667762041 9.688626886746217e-18 0.04363369643688203
			vertex -0.10080558881163597 -0.023120272904634465 0.04363369643688203
		endloop
	endfacet
	facet normal -0.6443121631116228 -0.4650824069399631 -0.6070915838828211
		outer loop
			vertex -0.10752754211425782 -0.05514588207006453 0.07530203908681872
			vertex -0.12640620842576025 -0.028991905599832515 0.0753020390868187
			vertex -0.08575035333633423 -0.04397737383842468 0.04363369643688203
		endloop
	endfacet
	facet normal -0.6443121596447641 -0.4650824346991052 -0.6070915662964301
		outer loop
			vertex -0.12640620842576025 -0.028991905599832515 0.0753020390868187
			vertex -0.10080558881163597 -0.023120272904634465 0.04363369643688203
			vertex -0.08575035333633423 -0.04397737383842468 0.04363369643688203
		endloop
	endfacet
	facet normal -0.47583550365796456 -0.674100296848783 -0.5649507617898696
		outer loop
			vertex -0.07812333293259144 -0.07590179443359374 0.07530203908681872
			vertex -0.10752754211425782 -0.05514588207006453 0.07530203908681872
			vertex -0.06230127960443497 -0.06052966117858886 0.04363369643688203
		endloop
	endfacet
	facet normal -0.4758355036579645 -0.6741002968487831 -0.5649507617898695
		outer loop
			vertex -0.10752754211425782 -0.05514588207006453 0.07530203908681872
			vertex -0.08575035333633423 -0.04397737383842468 0.04363369643688203
			vertex -0.06230127960443497 -0.06052966117858886 0.04363369643688203
		endloop
	endfacet
	facet normal -0.28688652407241433 -0.7976491702337727 -0.5305204270629189
		outer loop
			vertex -0.041071866266429426 -0.08922791182994841 0.07530203908681872
			vertex -0.07812333293259144 -0.07590179443359374 0.07530203908681872
			vertex -0.032753719948232174 -0.07115688621997833 0.04363369643688206
		endloop
	endfacet
	facet normal -0.2868865371326815 -0.7976491546452701 -0.5305204434380498
		outer loop
			vertex -0.07812333293259144 -0.07590179443359374 0.07530203908681872
			vertex -0.06230127960443497 -0.06052966117858886 0.04363369643688203
			vertex -0.032753719948232174 -0.07115688621997833 0.04363369643688206
		endloop
	endfacet
	facet normal -0.09543091527537831 -0.8535793755130526 -0.5121476253078313
		outer loop
			vertex -8.138473172106068e-18 -0.09381978213787077 0.07530203908681873
			vertex -0.041071866266429426 -0.08922791182994841 0.07530203908681872
			vertex -6.490215712740042e-18 -0.07481877654790878 0.04363369643688206
		endloop
	endfacet
	facet normal -0.09543081859861835 -0.8535794431004214 -0.5121475306764371
		outer loop
			vertex -0.041071866266429426 -0.08922791182994841 0.07530203908681872
			vertex -0.032753719948232174 -0.07115688621997833 0.04363369643688206
			vertex -6.490215712740042e-18 -0.07481877654790878 0.04363369643688206
		endloop
	endfacet
	facet normal 0.0954309205443407 -0.8535794226411519 -0.5121475457791995
		outer loop
			vertex 0.041071866266429426 -0.08922791182994841 0.07530203908681872
			vertex -8.138473172106068e-18 -0.09381978213787077 0.07530203908681873
			vertex 0.032753719948232174 -0.07115688621997833 0.04363369643688206
		endloop
	endfacet
	facet normal 0.09543081199155536 -0.8535793840036516 -0.5121476304021908
		outer loop
			vertex -8.138473172106068e-18 -0.09381978213787077 0.07530203908681873
			vertex -6.490215712740042e-18 -0.07481877654790878 0.04363369643688206
			vertex 0.032753719948232174 -0.07115688621997833 0.04363369643688206
		endloop
	endfacet
	facet normal 0.2868865214215902 -0.797649162863515 -0.530520439577735
		outer loop
			vertex 0.07812333293259144 -0.07590179443359374 0.07530203908681872
			vertex 0.041071866266429426 -0.08922791182994841 0.07530203908681872
			vertex 0.06230127960443497 -0.06052966117858886 0.04363369643688203
		endloop
	endfacet
	facet normal 0.2868865404567097 -0.7976491638872804 -0.5305204277449673
		outer loop
			vertex 0.041071866266429426 -0.08922791182994841 0.07530203908681872
			vertex 0.032753719948232174 -0.07115688621997833 0.04363369643688206
			vertex 0.06230127960443497 -0.06052966117858886 0.04363369643688203
		endloop
	endfacet
	facet normal 0.47583550365796456 -0.674100296848783 -0.5649507617898695
		outer loop
			vertex 0.10752754211425782 -0.05514588207006453 0.07530203908681872
			vertex 0.07812333293259144 -0.07590179443359374 0.07530203908681872
			vertex 0.08575035333633423 -0.04397737383842468 0.04363369643688203
		endloop
	endfacet
	facet normal 0.47583550365796445 -0.674100296848783 -0.5649507617898696
		outer loop
			vertex 0.07812333293259144 -0.07590179443359374 0.07530203908681872
			vertex 0.06230127960443497 -0.06052966117858886 0.04363369643688203
			vertex 0.08575035333633423 -0.04397737383842468 0.04363369643688203
		endloop
	endfacet
	facet normal 0.644312170907613 -0.4650824125673252 -0.6070915712978359
		outer loop
			vertex 0.12640620842576025 -0.028991905599832515 0.0753020390868187
			vertex 0.10752754211425782 -0.05514588207006453 0.07530203908681872
			vertex 0.10080558881163597 -0.023120272904634465 0.04363369643688203
		endloop
	endfacet
	facet normal 0.6443121498689022 -0.46508242764261626 -0.6070915820775017
		outer loop
			vertex 0.10752754211425782 -0.05514588207006453 0.07530203908681872
			vertex 0.08575035333633423 -0.04397737383842468 0.04363369643688203
			vertex 0.10080558881163597 -0.023120272904634465 0.04363369643688203
		endloop
	endfacet
	facet normal 0.7510425625275603 -0.16851752674746198 -0.6383861781484262
		outer loop
			vertex 0.13291135802865028 5.2308023349321786e-18 0.0753020390868187
			vertex 0.12640620842576025 -0.028991905599832515 0.0753020390868187
			vertex 0.1059932667762041 5.259694099367431e-19 0.04363369643688203
		endloop
	endfacet
	facet normal 0.7510426666136443 -0.16851736604117276 -0.6383860981165019
		outer loop
			vertex 0.12640620842576025 -0.028991905599832515 0.0753020390868187
			vertex 0.10080558881163597 -0.023120272904634465 0.04363369643688203
			vertex 0.1059932667762041 5.259694099367431e-19 0.04363369643688203
		endloop
	endfacet
	facet normal 0.7510426269559398 0.16851754120378126 -0.6383860985342279
		outer loop
			vertex 0.12640620842576025 0.02899190559983255 0.0753020390868187
			vertex 0.13291135802865028 5.2308023349321786e-18 0.0753020390868187
			vertex 0.10080558881163597 0.023120272904634486 0.04363369643688203
		endloop
	endfacet
	facet normal 0.7510425858230028 0.1685173479135392 -0.6383861979495524
		outer loop
			vertex 0.13291135802865028 5.2308023349321786e-18 0.0753020390868187
			vertex 0.1059932667762041 5.259694099367431e-19 0.04363369643688203
			vertex 0.10080558881163597 0.023120272904634486 0.04363369643688203
		endloop
	endfacet
	facet normal 0.6443121631116228 0.46508240693996256 -0.6070915838828215
		outer loop
			vertex 0.10752754211425782 0.05514588207006456 0.07530203908681869
			vertex 0.12640620842576025 0.02899190559983255 0.0753020390868187
			vertex 0.08575035333633423 0.04397737383842469 0.04363369643688203
		endloop
	endfacet
	facet normal 0.6443121596447638 0.4650824346991052 -0.6070915662964304
		outer loop
			vertex 0.12640620842576025 0.02899190559983255 0.0753020390868187
			vertex 0.10080558881163597 0.023120272904634486 0.04363369643688203
			vertex 0.08575035333633423 0.04397737383842469 0.04363369643688203
		endloop
	endfacet
	facet normal 0.4758355036579643 0.6741002968487827 -0.56495076178987
		outer loop
			vertex 0.07812333293259144 0.07590179443359377 0.07530203908681869
			vertex 0.10752754211425782 0.05514588207006456 0.07530203908681869
			vertex 0.06230127960443497 0.06052966117858887 0.04363369643688203
		endloop
	endfacet
	facet normal 0.4758355036579643 0.6741002968487828 -0.56495076178987
		outer loop
			vertex 0.10752754211425782 0.05514588207006456 0.07530203908681869
			vertex 0.08575035333633423 0.04397737383842469 0.04363369643688203
			vertex 0.06230127960443497 0.06052966117858887 0.04363369643688203
		endloop
	endfacet
	facet normal 0.28688652407241433 0.7976491702337728 -0.5305204270629192
		outer loop
			vertex 0.041071866266429426 0.08922791182994844 0.07530203908681869
			vertex 0.07812333293259144 0.07590179443359377 0.07530203908681869
			vertex 0.032753719948232174 0.07115688621997833 0.043633696436882
		endloop
	endfacet
	facet normal 0.28688653713268186 0.7976491546452695 -0.5305204434380504
		outer loop
			vertex 0.07812333293259144 0.07590179443359377 0.07530203908681869
			vertex 0.06230127960443497 0.06052966117858887 0.04363369643688203
			vertex 0.032753719948232174 0.07115688621997833 0.043633696436882
		endloop
	endfacet
	facet normal 0.09543091527537867 0.8535793755130522 -0.5121476253078319
		outer loop
			vertex 2.4415418813214685e-17 0.0938197821378708 0.07530203908681868
			vertex 0.041071866266429426 0.08922791182994844 0.07530203908681869
			vertex 1.9470647841323646e-17 0.07481877654790878 0.043633696436882
		endloop
	endfacet
	facet normal 0.09543081859861838 0.8535794431004213 -0.5121475306764374
		outer loop
			vertex 0.041071866266429426 0.08922791182994844 0.07530203908681869
			vertex 0.032753719948232174 0.07115688621997833 0.043633696436882
			vertex 1.9470647841323646e-17 0.07481877654790878 0.043633696436882
		endloop
	endfacet
	facet normal -0.09543092054434103 0.853579422641152 -0.5121475457791999
		outer loop
			vertex -0.041071866266429426 0.08922791182994844 0.07530203908681869
			vertex 2.4415418813214685e-17 0.0938197821378708 0.07530203908681868
			vertex -0.032753719948232174 0.07115688621997833 0.043633696436882
		endloop
	endfacet
	facet normal -0.0954308119915553 0.8535793840036515 -0.5121476304021914
		outer loop
			vertex 2.4415418813214685e-17 0.0938197821378708 0.07530203908681868
			vertex 1.9470647841323646e-17 0.07481877654790878 0.043633696436882
			vertex -0.032753719948232174 0.07115688621997833 0.043633696436882
		endloop
	endfacet
	facet normal -0.28688652142159016 0.7976491628635147 -0.5305204395777356
		outer loop
			vertex -0.07812333293259144 0.07590179443359377 0.07530203908681869
			vertex -0.041071866266429426 0.08922791182994844 0.07530203908681869
			vertex -0.06230127960443497 0.06052966117858887 0.04363369643688203
		endloop
	endfacet
	facet normal -0.28688654045671025 0.7976491638872801 -0.5305204277449675
		outer loop
			vertex -0.041071866266429426 0.08922791182994844 0.07530203908681869
			vertex -0.032753719948232174 0.07115688621997833 0.043633696436882
			vertex -0.06230127960443497 0.06052966117858887 0.04363369643688203
		endloop
	endfacet
	facet normal -0.4758355036579644 0.6741002968487828 -0.56495076178987
		outer loop
			vertex -0.10752754211425782 0.05514588207006456 0.07530203908681869
			vertex -0.07812333293259144 0.07590179443359377 0.07530203908681869
			vertex -0.08575035333633423 0.04397737383842469 0.04363369643688203
		endloop
	endfacet
	facet normal -0.4758355036579643 0.6741002968487828 -0.56495076178987
		outer loop
			vertex -0.07812333293259144 0.07590179443359377 0.07530203908681869
			vertex -0.06230127960443497 0.06052966117858887 0.04363369643688203
			vertex -0.08575035333633423 0.04397737383842469 0.04363369643688203
		endloop
	endfacet
	facet normal -0.6443121709076131 0.4650824125673247 -0.6070915712978361
		outer loop
			vertex -0.12640620842576025 0.02899190559983255 0.0753020390868187
			vertex -0.10752754211425782 0.05514588207006456 0.07530203908681869
			vertex -0.10080558881163597 0.023120272904634486 0.04363369643688203
		endloop
	endfacet
	facet normal -0.644312149868902 0.4650824276426162 -0.6070915820775021
		outer loop
			vertex -0.10752754211425782 0.05514588207006456 0.07530203908681869
			vertex -0.08575035333633423 0.04397737383842469 0.04363369643688203
			vertex -0.10080558881163597 0.023120272904634486 0.04363369643688203
		endloop
	endfacet
	facet normal -0.7510425625275602 0.16851752674746204 -0.6383861781484262
		outer loop
			vertex -0.13291135802865028 3.969962988738141e-17 0.0753020390868187
			vertex -0.12640620842576025 0.02899190559983255 0.0753020390868187
			vertex -0.1059932667762041 2.801394184036516e-17 0.04363369643688203
		endloop
	endfacet
	facet normal -0.7510426666136442 0.1685173660411728 -0.6383860981165019
		outer loop
			vertex -0.12640620842576025 0.02899190559983255 0.0753020390868187
			vertex -0.10080558881163597 0.023120272904634486 0.04363369643688203
			vertex -0.1059932667762041 2.801394184036516e-17 0.04363369643688203
		endloop
	endfacet
	facet normal -0.5892221852657291 -0.13220842847944886 -0.7970810171053337
		outer loop
			vertex -0.10080558881163597 -0.023120272904634465 0.04363369643688203
			vertex -0.1059932667762041 9.688626886746217e-18 0.04363369643688203
			vertex -0.07015015110373497 -0.01608929336071014 0.019806233048439037
		endloop
	endfacet
	facet normal -0.5892222143081404 -0.13220855639429976 -0.7970809744197557
		outer loop
			vertex -0.1059932667762041 9.688626886746217e-18 0.04363369643688203
			vertex -0.07376023605465888 4.3978671922937444e-18 0.019806233048439037
			vertex -0.07015015110373497 -0.01608929336071014 0.019806233048439037
		endloop
	endfacet
	facet normal -0.5150466627589684 -0.3717750042644823 -0.7723407806046461
		outer loop
			vertex -0.08575035333633423 -0.04397737383842468 0.04363369643688203
			vertex -0.10080558881163597 -0.023120272904634465 0.04363369643688203
			vertex -0.059673283621668814 -0.030603656172752375 0.019806233048439037
		endloop
	endfacet
	facet normal -0.5150466703863441 -0.37177489515696377 -0.7723408280383535
		outer loop
			vertex -0.10080558881163597 -0.023120272904634465 0.04363369643688203
			vertex -0.07015015110373497 -0.01608929336071014 0.019806233048439037
			vertex -0.059673283621668814 -0.030603656172752375 0.019806233048439037
		endloop
	endfacet
	facet normal -0.3899193655851595 -0.5523857679123092 -0.736771912975512
		outer loop
			vertex -0.06230127960443497 -0.06052966117858886 0.04363369643688203
			vertex -0.08575035333633423 -0.04397737383842468 0.04363369643688203
			vertex -0.043355179578065874 -0.04212231785058975 0.019806233048439037
		endloop
	endfacet
	facet normal -0.38991936558515944 -0.552385767912309 -0.736771912975512
		outer loop
			vertex -0.08575035333633423 -0.04397737383842468 0.04363369643688203
			vertex -0.059673283621668814 -0.030603656172752375 0.019806233048439037
			vertex -0.043355179578065874 -0.04212231785058975 0.019806233048439037
		endloop
	endfacet
	facet normal -0.23978730062443776 -0.666696107629812 -0.7057041522695638
		outer loop
			vertex -0.032753719948232174 -0.07115688621997833 0.04363369643688206
			vertex -0.06230127960443497 -0.06052966117858886 0.04363369643688203
			vertex -0.02279316559433937 -0.049517753720283504 0.019806233048439037
		endloop
	endfacet
	facet normal -0.23978725169309345 -0.6666961771161849 -0.7057041032501778
		outer loop
			vertex -0.06230127960443497 -0.06052966117858886 0.04363369643688203
			vertex -0.043355179578065874 -0.04212231785058975 0.019806233048439037
			vertex -0.02279316559433937 -0.049517753720283504 0.019806233048439037
		endloop
	endfacet
	facet normal -0.08059453635758879 -0.7208765519490504 -0.6883614730353185
		outer loop
			vertex -6.490215712740042e-18 -0.07481877654790878 0.04363369643688206
			vertex -0.032753719948232174 -0.07115688621997833 0.04363369643688206
			vertex -4.516511672106178e-18 -0.052066048979759215 0.019806233048439037
		endloop
	endfacet
	facet normal -0.08059460423788471 -0.7208764971694446 -0.6883615224549166
		outer loop
			vertex -0.032753719948232174 -0.07115688621997833 0.04363369643688206
			vertex -0.02279316559433937 -0.049517753720283504 0.019806233048439037
			vertex -4.516511672106178e-18 -0.052066048979759215 0.019806233048439037
		endloop
	endfacet
	facet normal 0.08059453243016015 -0.7208765168202276 -0.688361510283296
		outer loop
			vertex 0.032753719948232174 -0.07115688621997833 0.04363369643688206
			vertex -6.490215712740042e-18 -0.07481877654790878 0.04363369643688206
			vertex 0.02279316559433937 -0.049517753720283504 0.019806233048439037
		endloop
	endfacet
	facet normal 0.08059460988159443 -0.7208765476494706 -0.6883614689296709
		outer loop
			vertex -6.490215712740042e-18 -0.07481877654790878 0.04363369643688206
			vertex -4.516511672106178e-18 -0.052066048979759215 0.019806233048439037
			vertex 0.02279316559433937 -0.049517753720283504 0.019806233048439037
		endloop
	endfacet
	facet normal 0.23978731141930262 -0.6666961376434715 -0.7057041202469911
		outer loop
			vertex 0.06230127960443497 -0.06052966117858886 0.04363369643688203
			vertex 0.032753719948232174 -0.07115688621997833 0.04363369643688206
			vertex 0.043355179578065874 -0.04212231785058975 0.019806233048439037
		endloop
	endfacet
	facet normal 0.23978723618090467 -0.6666961339866321 -0.7057041492665335
		outer loop
			vertex 0.032753719948232174 -0.07115688621997833 0.04363369643688206
			vertex 0.02279316559433937 -0.049517753720283504 0.019806233048439037
			vertex 0.043355179578065874 -0.04212231785058975 0.019806233048439037
		endloop
	endfacet
	facet normal 0.38991936558515944 -0.5523857679123091 -0.736771912975512
		outer loop
			vertex 0.08575035333633423 -0.04397737383842468 0.04363369643688203
			vertex 0.06230127960443497 -0.06052966117858886 0.04363369643688203
			vertex 0.059673283621668814 -0.030603656172752375 0.019806233048439037
		endloop
	endfacet
	facet normal 0.38991936558515966 -0.5523857679123092 -0.7367719129755119
		outer loop
			vertex 0.06230127960443497 -0.06052966117858886 0.04363369643688203
			vertex 0.043355179578065874 -0.04212231785058975 0.019806233048439037
			vertex 0.059673283621668814 -0.030603656172752375 0.019806233048439037
		endloop
	endfacet
	facet normal 0.5150466349867728 -0.3717749842177393 -0.7723408087746638
		outer loop
			vertex 0.10080558881163597 -0.023120272904634465 0.04363369643688203
			vertex 0.08575035333633423 -0.04397737383842468 0.04363369643688203
			vertex 0.07015015110373497 -0.01608929336071014 0.019806233048439037
		endloop
	endfacet
	facet normal 0.5150467102949224 -0.3717749239640766 -0.7723407875581112
		outer loop
			vertex 0.08575035333633423 -0.04397737383842468 0.04363369643688203
			vertex 0.059673283621668814 -0.030603656172752375 0.019806233048439037
			vertex 0.07015015110373497 -0.01608929336071014 0.019806233048439037
		endloop
	endfacet
	facet normal 0.5892222237650964 -0.13220843711785557 -0.7970809872128232
		outer loop
			vertex 0.1059932667762041 5.259694099367431e-19 0.04363369643688203
			vertex 0.10080558881163597 -0.023120272904634465 0.04363369643688203
			vertex 0.07376023605465888 -1.978384580091446e-18 0.019806233048439037
		endloop
	endfacet
	facet normal 0.5892221589846531 -0.1322085439809213 -0.797081017375216
		outer loop
			vertex 0.10080558881163597 -0.023120272904634465 0.04363369643688203
			vertex 0.07015015110373497 -0.01608929336071014 0.019806233048439037
			vertex 0.07376023605465888 -1.978384580091446e-18 0.019806233048439037
		endloop
	endfacet
	facet normal 0.589222185265729 0.1322084284794488 -0.797081017105334
		outer loop
			vertex 0.10080558881163597 0.023120272904634486 0.04363369643688203
			vertex 0.1059932667762041 5.259694099367431e-19 0.04363369643688203
			vertex 0.07015015110373497 0.016089293360710147 0.019806233048439037
		endloop
	endfacet
	facet normal 0.5892222143081404 0.1322085563942997 -0.7970809744197557
		outer loop
			vertex 0.1059932667762041 5.259694099367431e-19 0.04363369643688203
			vertex 0.07376023605465888 -1.978384580091446e-18 0.019806233048439037
			vertex 0.07015015110373497 0.016089293360710147 0.019806233048439037
		endloop
	endfacet
	facet normal 0.5150466627589683 0.3717750042644823 -0.7723407806046461
		outer loop
			vertex 0.08575035333633423 0.04397737383842469 0.04363369643688203
			vertex 0.10080558881163597 0.023120272904634486 0.04363369643688203
			vertex 0.059673283621668814 0.030603656172752382 0.019806233048439037
		endloop
	endfacet
	facet normal 0.515046670386344 0.37177489515696366 -0.7723408280383535
		outer loop
			vertex 0.10080558881163597 0.023120272904634486 0.04363369643688203
			vertex 0.07015015110373497 0.016089293360710147 0.019806233048439037
			vertex 0.059673283621668814 0.030603656172752382 0.019806233048439037
		endloop
	endfacet
	facet normal 0.38991936558515944 0.5523857679123091 -0.7367719129755121
		outer loop
			vertex 0.06230127960443497 0.06052966117858887 0.04363369643688203
			vertex 0.08575035333633423 0.04397737383842469 0.04363369643688203
			vertex 0.043355179578065874 0.04212231785058975 0.019806233048439037
		endloop
	endfacet
	facet normal 0.38991936558515927 0.5523857679123091 -0.736771912975512
		outer loop
			vertex 0.08575035333633423 0.04397737383842469 0.04363369643688203
			vertex 0.059673283621668814 0.030603656172752382 0.019806233048439037
			vertex 0.043355179578065874 0.04212231785058975 0.019806233048439037
		endloop
	endfacet
	facet normal 0.2397873006244384 0.6666961076298109 -0.7057041522695646
		outer loop
			vertex 0.032753719948232174 0.07115688621997833 0.043633696436882
			vertex 0.06230127960443497 0.06052966117858887 0.04363369643688203
			vertex 0.02279316559433937 0.049517753720283504 0.019806233048439037
		endloop
	endfacet
	facet normal 0.23978725169309337 0.6666961771161847 -0.7057041032501781
		outer loop
			vertex 0.06230127960443497 0.06052966117858887 0.04363369643688203
			vertex 0.043355179578065874 0.04212231785058975 0.019806233048439037
			vertex 0.02279316559433937 0.049517753720283504 0.019806233048439037
		endloop
	endfacet
	facet normal 0.08059453635758873 0.7208765519490495 -0.6883614730353194
		outer loop
			vertex 1.9470647841323646e-17 0.07481877654790878 0.043633696436882
			vertex 0.032753719948232174 0.07115688621997833 0.043633696436882
			vertex 1.3549536070973814e-17 0.052066048979759215 0.019806233048439037
		endloop
	endfacet
	facet normal 0.08059460423788464 0.7208764971694437 -0.6883615224549174
		outer loop
			vertex 0.032753719948232174 0.07115688621997833 0.043633696436882
			vertex 0.02279316559433937 0.049517753720283504 0.019806233048439037
			vertex 1.3549536070973814e-17 0.052066048979759215 0.019806233048439037
		endloop
	endfacet
	facet normal -0.08059453243016003 0.7208765168202268 -0.6883615102832967
		outer loop
			vertex -0.032753719948232174 0.07115688621997833 0.043633696436882
			vertex 1.9470647841323646e-17 0.07481877654790878 0.043633696436882
			vertex -0.02279316559433937 0.049517753720283504 0.019806233048439037
		endloop
	endfacet
	facet normal -0.08059460988159432 0.7208765476494698 -0.6883614689296718
		outer loop
			vertex 1.9470647841323646e-17 0.07481877654790878 0.043633696436882
			vertex 1.3549536070973814e-17 0.052066048979759215 0.019806233048439037
			vertex -0.02279316559433937 0.049517753720283504 0.019806233048439037
		endloop
	endfacet
	facet normal -0.23978731141930346 0.6666961376434708 -0.7057041202469917
		outer loop
			vertex -0.06230127960443497 0.06052966117858887 0.04363369643688203
			vertex -0.032753719948232174 0.07115688621997833 0.043633696436882
			vertex -0.043355179578065874 0.04212231785058975 0.019806233048439037
		endloop
	endfacet
	facet normal -0.2397872361809044 0.6666961339866313 -0.7057041492665345
		outer loop
			vertex -0.032753719948232174 0.07115688621997833 0.043633696436882
			vertex -0.02279316559433937 0.049517753720283504 0.019806233048439037
			vertex -0.043355179578065874 0.04212231785058975 0.019806233048439037
		endloop
	endfacet
	facet normal -0.38991936558515944 0.5523857679123091 -0.7367719129755121
		outer loop
			vertex -0.08575035333633423 0.04397737383842469 0.04363369643688203
			vertex -0.06230127960443497 0.06052966117858887 0.04363369643688203
			vertex -0.059673283621668814 0.030603656172752382 0.019806233048439037
		endloop
	endfacet
	facet normal -0.38991936558515927 0.5523857679123091 -0.736771912975512
		outer loop
			vertex -0.06230127960443497 0.06052966117858887 0.04363369643688203
			vertex -0.043355179578065874 0.04212231785058975 0.019806233048439037
			vertex -0.059673283621668814 0.030603656172752382 0.019806233048439037
		endloop
	endfacet
	facet normal -0.5150466349867727 0.3717749842177393 -0.7723408087746638
		outer loop
			vertex -0.10080558881163597 0.023120272904634486 0.04363369643688203
			vertex -0.08575035333633423 0.04397737383842469 0.04363369643688203
			vertex -0.07015015110373497 0.016089293360710147 0.019806233048439037
		endloop
	endfacet
	facet normal -0.5150467102949224 0.3717749239640765 -0.7723407875581113
		outer loop
			vertex -0.08575035333633423 0.04397737383842469 0.04363369643688203
			vertex -0.059673283621668814 0.030603656172752382 0.019806233048439037
			vertex -0.07015015110373497 0.016089293360710147 0.019806233048439037
		endloop
	endfacet
	facet normal -0.5892222237650963 0.1322084371178556 -0.7970809872128234
		outer loop
			vertex -0.1059932667762041 2.801394184036516e-17 0.04363369643688203
			vertex -0.10080558881163597 0.023120272904634486 0.04363369643688203
			vertex -0.07376023605465888 1.7150370737064126e-17 0.019806233048439037
		endloop
	endfacet
	facet normal -0.589222158984653 0.13220854398092133 -0.7970810173752159
		outer loop
			vertex -0.10080558881163597 0.023120272904634486 0.04363369643688203
			vertex -0.07015015110373497 0.016089293360710147 0.019806233048439037
			vertex -0.07376023605465888 1.7150370737064126e-17 0.019806233048439037
		endloop
	endfacet
	facet normal -0.37928997107793566 -0.08510436014353236 -0.9213557215995671
		outer loop
			vertex -0.07015015110373497 -0.01608929336071014 0.019806233048439037
			vertex -0.07376023605465888 4.3978671922937444e-18 0.019806233048439037
			vertex -0.03597709648311138 -0.008251529932022092 0.005014416575431835
		endloop
	endfacet
	facet normal -0.37928997685823945 -0.08510439697540038 -0.9213557158179082
		outer loop
			vertex -0.07376023605465888 4.3978671922937444e-18 0.019806233048439037
			vertex -0.03782855980098247 1.1134241474212902e-18 0.005014416575431835
			vertex -0.03597709648311138 -0.008251529932022092 0.005014416575431835
		endloop
	endfacet
	facet normal -0.3376393801700288 -0.2437174189853822 -0.9091762582918137
		outer loop
			vertex -0.059673283621668814 -0.030603656172752375 0.019806233048439037
			vertex -0.07015015110373497 -0.01608929336071014 0.019806233048439037
			vertex -0.030603947304189204 -0.015695342794060704 0.005014416575431835
		endloop
	endfacet
	facet normal -0.33763938138306093 -0.24371740645201267 -0.9091762612010768
		outer loop
			vertex -0.07015015110373497 -0.01608929336071014 0.019806233048439037
			vertex -0.03597709648311138 -0.008251529932022092 0.005014416575431835
			vertex -0.030603947304189204 -0.015695342794060704 0.005014416575431835
		endloop
	endfacet
	facet normal -0.2624340486897689 -0.37178156897717246 -0.890453162753195
		outer loop
			vertex -0.043355179578065874 -0.04212231785058975 0.019806233048439037
			vertex -0.059673283621668814 -0.030603656172752375 0.019806233048439037
			vertex -0.02223506895825267 -0.021602786332368847 0.005014416575431835
		endloop
	endfacet
	facet normal -0.2624340486897689 -0.37178156897717257 -0.8904531627531951
		outer loop
			vertex -0.059673283621668814 -0.030603656172752375 0.019806233048439037
			vertex -0.030603947304189204 -0.015695342794060704 0.005014416575431835
			vertex -0.02223506895825267 -0.021602786332368847 0.005014416575431835
		endloop
	endfacet
	facet normal -0.16516042497352187 -0.4592063304585723 -0.8728410967005037
		outer loop
			vertex -0.02279316559433937 -0.049517753720283504 0.019806233048439037
			vertex -0.043355179578065874 -0.04212231785058975 0.019806233048439037
			vertex -0.011689667403697966 -0.025395597517490383 0.005014416575431835
		endloop
	endfacet
	facet normal -0.1651604189387905 -0.45920633894466245 -0.8728410933778284
		outer loop
			vertex -0.043355179578065874 -0.04212231785058975 0.019806233048439037
			vertex -0.02223506895825267 -0.021602786332368847 0.005014416575431835
			vertex -0.011689667403697966 -0.025395597517490383 0.005014416575431835
		endloop
	endfacet
	facet normal -0.05623391394603473 -0.502982889374251 -0.8624650485202517
		outer loop
			vertex -4.516511672106178e-18 -0.052066048979759215 0.019806233048439037
			vertex -0.02279316559433937 -0.049517753720283504 0.019806233048439037
			vertex -2.3163311322051556e-18 -0.02670251280069351 0.005014416575431835
		endloop
	endfacet
	facet normal -0.05623393559718179 -0.5029828730144689 -0.8624650566494637
		outer loop
			vertex -0.02279316559433937 -0.049517753720283504 0.019806233048439037
			vertex -0.011689667403697966 -0.025395597517490383 0.005014416575431835
			vertex -2.3163311322051556e-18 -0.02670251280069351 0.005014416575431835
		endloop
	endfacet
	facet normal 0.05623391304607725 -0.5029828813246031 -0.8624650532734219
		outer loop
			vertex 0.02279316559433937 -0.049517753720283504 0.019806233048439037
			vertex -4.516511672106178e-18 -0.052066048979759215 0.019806233048439037
			vertex 0.011689667403697966 -0.025395597517490383 0.005014416575431835
		endloop
	endfacet
	facet normal 0.05623393735196973 -0.5029828887101209 -0.8624650473814676
		outer loop
			vertex -4.516511672106178e-18 -0.052066048979759215 0.019806233048439037
			vertex -2.3163311322051556e-18 -0.02670251280069351 0.005014416575431835
			vertex 0.011689667403697966 -0.025395597517490383 0.005014416575431835
		endloop
	endfacet
	facet normal 0.16516042590741595 -0.4592063330551391 -0.8728410951577235
		outer loop
			vertex 0.043355179578065874 -0.04212231785058975 0.019806233048439037
			vertex 0.02279316559433937 -0.049517753720283504 0.019806233048439037
			vertex 0.02223506895825267 -0.021602786332368847 0.005014416575431835
		endloop
	endfacet
	facet normal 0.16516041711783172 -0.4592063338817314 -0.8728410963860282
		outer loop
			vertex 0.02279316559433937 -0.049517753720283504 0.019806233048439037
			vertex 0.011689667403697966 -0.025395597517490383 0.005014416575431835
			vertex 0.02223506895825267 -0.021602786332368847 0.005014416575431835
		endloop
	endfacet
	facet normal 0.2624340486897689 -0.37178156897717246 -0.890453162753195
		outer loop
			vertex 0.059673283621668814 -0.030603656172752375 0.019806233048439037
			vertex 0.043355179578065874 -0.04212231785058975 0.019806233048439037
			vertex 0.030603947304189204 -0.015695342794060704 0.005014416575431835
		endloop
	endfacet
	facet normal 0.26243404868976883 -0.37178156897717246 -0.8904531627531951
		outer loop
			vertex 0.043355179578065874 -0.04212231785058975 0.019806233048439037
			vertex 0.02223506895825267 -0.021602786332368847 0.005014416575431835
			vertex 0.030603947304189204 -0.015695342794060704 0.005014416575431835
		endloop
	endfacet
	facet normal 0.33763937809859756 -0.243717417490166 -0.9091762594618914
		outer loop
			vertex 0.07015015110373497 -0.01608929336071014 0.019806233048439037
			vertex 0.059673283621668814 -0.030603656172752375 0.019806233048439037
			vertex 0.03597709648311138 -0.008251529932022092 0.005014416575431835
		endloop
	endfacet
	facet normal 0.33763938542205346 -0.24371740936746877 -0.9091762589195934
		outer loop
			vertex 0.059673283621668814 -0.030603656172752375 0.019806233048439037
			vertex 0.030603947304189204 -0.015695342794060704 0.005014416575431835
			vertex 0.03597709648311138 -0.008251529932022092 0.005014416575431835
		endloop
	endfacet
	facet normal 0.37928997800527875 -0.08510436169787641 -0.9213557186042491
		outer loop
			vertex 0.07376023605465888 -1.978384580091446e-18 0.019806233048439037
			vertex 0.07015015110373497 -0.01608929336071014 0.019806233048439037
			vertex 0.03782855980098247 -2.156690392162458e-18 0.005014416575431835
		endloop
	endfacet
	facet normal 0.3792899633509197 -0.08510439394465252 -0.921355721658346
		outer loop
			vertex 0.07015015110373497 -0.01608929336071014 0.019806233048439037
			vertex 0.03597709648311138 -0.008251529932022092 0.005014416575431835
			vertex 0.03782855980098247 -2.156690392162458e-18 0.005014416575431835
		endloop
	endfacet
	facet normal 0.3792899710779356 0.08510436014353231 -0.921355721599567
		outer loop
			vertex 0.07015015110373497 0.016089293360710147 0.019806233048439037
			vertex 0.07376023605465888 -1.978384580091446e-18 0.019806233048439037
			vertex 0.03597709648311138 0.008251529932022095 0.005014416575431835
		endloop
	endfacet
	facet normal 0.37928997685823945 0.08510439697540034 -0.9213557158179082
		outer loop
			vertex 0.07376023605465888 -1.978384580091446e-18 0.019806233048439037
			vertex 0.03782855980098247 -2.156690392162458e-18 0.005014416575431835
			vertex 0.03597709648311138 0.008251529932022095 0.005014416575431835
		endloop
	endfacet
	facet normal 0.3376393801700288 0.2437174189853822 -0.9091762582918137
		outer loop
			vertex 0.059673283621668814 0.030603656172752382 0.019806233048439037
			vertex 0.07015015110373497 0.016089293360710147 0.019806233048439037
			vertex 0.030603947304189204 0.01569534279406071 0.005014416575431835
		endloop
	endfacet
	facet normal 0.3376393813830609 0.24371740645201254 -0.9091762612010768
		outer loop
			vertex 0.07015015110373497 0.016089293360710147 0.019806233048439037
			vertex 0.03597709648311138 0.008251529932022095 0.005014416575431835
			vertex 0.030603947304189204 0.01569534279406071 0.005014416575431835
		endloop
	endfacet
	facet normal 0.2624340486897689 0.3717815689771726 -0.890453162753195
		outer loop
			vertex 0.043355179578065874 0.04212231785058975 0.019806233048439037
			vertex 0.059673283621668814 0.030603656172752382 0.019806233048439037
			vertex 0.02223506895825267 0.021602786332368853 0.005014416575431835
		endloop
	endfacet
	facet normal 0.2624340486897689 0.37178156897717257 -0.8904531627531951
		outer loop
			vertex 0.059673283621668814 0.030603656172752382 0.019806233048439037
			vertex 0.030603947304189204 0.01569534279406071 0.005014416575431835
			vertex 0.02223506895825267 0.021602786332368853 0.005014416575431835
		endloop
	endfacet
	facet normal 0.1651604249735219 0.4592063304585724 -0.8728410967005038
		outer loop
			vertex 0.02279316559433937 0.049517753720283504 0.019806233048439037
			vertex 0.043355179578065874 0.04212231785058975 0.019806233048439037
			vertex 0.011689667403697966 0.02539559751749039 0.005014416575431835
		endloop
	endfacet
	facet normal 0.16516041893879055 0.4592063389446626 -0.8728410933778286
		outer loop
			vertex 0.043355179578065874 0.04212231785058975 0.019806233048439037
			vertex 0.02223506895825267 0.021602786332368853 0.005014416575431835
			vertex 0.011689667403697966 0.02539559751749039 0.005014416575431835
		endloop
	endfacet
	facet normal 0.05623391394603476 0.502982889374251 -0.8624650485202517
		outer loop
			vertex 1.3549536070973814e-17 0.052066048979759215 0.019806233048439037
			vertex 0.02279316559433937 0.049517753720283504 0.019806233048439037
			vertex 6.948993572391348e-18 0.026702512800693516 0.005014416575431835
		endloop
	endfacet
	facet normal 0.05623393559718183 0.502982873014469 -0.8624650566494637
		outer loop
			vertex 0.02279316559433937 0.049517753720283504 0.019806233048439037
			vertex 0.011689667403697966 0.02539559751749039 0.005014416575431835
			vertex 6.948993572391348e-18 0.026702512800693516 0.005014416575431835
		endloop
	endfacet
	facet normal -0.05623391304607724 0.5029828813246032 -0.8624650532734218
		outer loop
			vertex -0.02279316559433937 0.049517753720283504 0.019806233048439037
			vertex 1.3549536070973814e-17 0.052066048979759215 0.019806233048439037
			vertex -0.011689667403697966 0.02539559751749039 0.005014416575431835
		endloop
	endfacet
	facet normal -0.0562339373519697 0.5029828887101209 -0.8624650473814675
		outer loop
			vertex 1.3549536070973814e-17 0.052066048979759215 0.019806233048439037
			vertex 6.948993572391348e-18 0.026702512800693516 0.005014416575431835
			vertex -0.011689667403697966 0.02539559751749039 0.005014416575431835
		endloop
	endfacet
	facet normal -0.16516042590741595 0.45920633305513914 -0.8728410951577235
		outer loop
			vertex -0.043355179578065874 0.04212231785058975 0.019806233048439037
			vertex -0.02279316559433937 0.049517753720283504 0.019806233048439037
			vertex -0.02223506895825267 0.021602786332368853 0.005014416575431835
		endloop
	endfacet
	facet normal -0.16516041711783172 0.4592063338817314 -0.8728410963860281
		outer loop
			vertex -0.02279316559433937 0.049517753720283504 0.019806233048439037
			vertex -0.011689667403697966 0.02539559751749039 0.005014416575431835
			vertex -0.02223506895825267 0.021602786332368853 0.005014416575431835
		endloop
	endfacet
	facet normal -0.2624340486897689 0.37178156897717257 -0.890453162753195
		outer loop
			vertex -0.059673283621668814 0.030603656172752382 0.019806233048439037
			vertex -0.043355179578065874 0.04212231785058975 0.019806233048439037
			vertex -0.030603947304189204 0.01569534279406071 0.005014416575431835
		endloop
	endfacet
	facet normal -0.2624340486897689 0.37178156897717257 -0.8904531627531951
		outer loop
			vertex -0.043355179578065874 0.04212231785058975 0.019806233048439037
			vertex -0.02223506895825267 0.021602786332368853 0.005014416575431835
			vertex -0.030603947304189204 0.01569534279406071 0.005014416575431835
		endloop
	endfacet
	facet normal -0.3376393780985975 0.24371741749016598 -0.9091762594618915
		outer loop
			vertex -0.07015015110373497 0.016089293360710147 0.019806233048439037
			vertex -0.059673283621668814 0.030603656172752382 0.019806233048439037
			vertex -0.03597709648311138 0.008251529932022095 0.005014416575431835
		endloop
	endfacet
	facet normal -0.3376393854220535 0.2437174093674687 -0.9091762589195935
		outer loop
			vertex -0.059673283621668814 0.030603656172752382 0.019806233048439037
			vertex -0.030603947304189204 0.01569534279406071 0.005014416575431835
			vertex -0.03597709648311138 0.008251529932022095 0.005014416575431835
		endloop
	endfacet
	facet normal -0.3792899780052787 0.08510436169787644 -0.9213557186042491
		outer loop
			vertex -0.07376023605465888 1.7150370737064126e-17 0.019806233048439037
			vertex -0.07015015110373497 0.016089293360710147 0.019806233048439037
			vertex -0.03782855980098247 7.653653226588787e-18 0.005014416575431835
		endloop
	endfacet
	facet normal -0.37928996335091975 0.08510439394465254 -0.921355721658346
		outer loop
			vertex -0.07015015110373497 0.016089293360710147 0.019806233048439037
			vertex -0.03597709648311138 0.008251529932022095 0.005014416575431835
			vertex -0.03782855980098247 7.653653226588787e-18 0.005014416575431835
		endloop
	endfacet
	facet normal -0.13134990371743682 -0.029472053127381583 -0.9908978761092774
		outer loop
			vertex -0.03597709648311138 -0.008251529932022092 0.005014416575431835
			vertex -0.03782855980098247 1.1134241474212902e-18 0.005014416575431835
			vertex -1.9800041997308287e-17 -4.541240588070211e-18 -2.980232227667301e-9
		endloop
	endfacet
	facet normal -0.11830129319745124 -0.08539313228183881 -0.9892991544456647
		outer loop
			vertex -0.030603947304189204 -0.015695342794060704 0.005014416575431835
			vertex -0.03597709648311138 -0.008251529932022092 0.005014416575431835
			vertex -1.6842920772831844e-17 -8.637952991465443e-18 -2.980232227667301e-9
		endloop
	endfacet
	facet normal -0.09364049374588082 -0.13265736613999785 -0.9867286765569481
		outer loop
			vertex -0.02223506895825267 -0.021602786332368847 0.005014416575431835
			vertex -0.030603947304189204 -0.015695342794060704 0.005014416575431835
			vertex -1.2237099133771351e-17 -1.1889121207272845e-17 -2.980232227667301e-9
		endloop
	endfacet
	facet normal -0.05996548372347979 -0.16672596509887827 -0.9841781308907738
		outer loop
			vertex -0.011689667403697966 -0.025395597517490383 0.005014416575431835
			vertex -0.02223506895825267 -0.021602786332368847 0.005014416575431835
			vertex -6.433423228961438e-18 -1.3976500895138572e-17 -2.980232227667301e-9
		endloop
	endfacet
	facet normal -0.02062983399775481 -0.18452297645200388 -0.9826116634309398
		outer loop
			vertex -2.3163311322051556e-18 -0.02670251280069351 0.005014416575431835
			vertex -0.011689667403697966 -0.025395597517490383 0.005014416575431835
			vertex -1.2747958248620837e-33 -1.469576190014977e-17 -2.980232227667301e-9
		endloop
	endfacet
	facet normal 0.020629833997754806 -0.18452297645200388 -0.9826116634309398
		outer loop
			vertex 0.011689667403697966 -0.025395597517490383 0.005014416575431835
			vertex -2.3163311322051556e-18 -0.02670251280069351 0.005014416575431835
			vertex 6.433423228961438e-18 -1.3976500895138572e-17 -2.980232227667301e-9
		endloop
	endfacet
	facet normal 0.05996548372347979 -0.16672596509887827 -0.9841781308907738
		outer loop
			vertex 0.02223506895825267 -0.021602786332368847 0.005014416575431835
			vertex 0.011689667403697966 -0.025395597517490383 0.005014416575431835
			vertex 1.2237099133771351e-17 -1.1889121207272845e-17 -2.980232227667301e-9
		endloop
	endfacet
	facet normal 0.09364049374588082 -0.13265736613999785 -0.9867286765569481
		outer loop
			vertex 0.030603947304189204 -0.015695342794060704 0.005014416575431835
			vertex 0.02223506895825267 -0.021602786332368847 0.005014416575431835
			vertex 1.6842920772831844e-17 -8.637952991465443e-18 -2.980232227667301e-9
		endloop
	endfacet
	facet normal 0.11830129319745124 -0.08539313228183881 -0.9892991544456647
		outer loop
			vertex 0.03597709648311138 -0.008251529932022092 0.005014416575431835
			vertex 0.030603947304189204 -0.015695342794060704 0.005014416575431835
			vertex 1.9800041997308287e-17 -4.541240588070211e-18 -2.980232227667301e-9
		endloop
	endfacet
	facet normal 0.13134990371743682 -0.0294720531273816 -0.9908978761092776
		outer loop
			vertex 0.03782855980098247 -2.156690392162458e-18 0.005014416575431835
			vertex 0.03597709648311138 -0.008251529932022092 0.005014416575431835
			vertex 2.0818995087740812e-17 -6.617444875772318e-25 -2.980232227667301e-9
		endloop
	endfacet
	facet normal 0.13134990371743685 0.029472053127381576 -0.9908978761092776
		outer loop
			vertex 0.03597709648311138 0.008251529932022095 0.005014416575431835
			vertex 0.03782855980098247 -2.156690392162458e-18 0.005014416575431835
			vertex 1.9800041997308287e-17 4.5412392645812355e-18 -2.980232227667301e-9
		endloop
	endfacet
	facet normal 0.11830129319745121 0.08539313228183876 -0.9892991544456646
		outer loop
			vertex 0.030603947304189204 0.01569534279406071 0.005014416575431835
			vertex 0.03597709648311138 0.008251529932022095 0.005014416575431835
			vertex 1.6842920772831844e-17 8.637951667976468e-18 -2.980232227667301e-9
		endloop
	endfacet
	facet normal 0.0936404937458808 0.13265736613999782 -0.9867286765569482
		outer loop
			vertex 0.02223506895825267 0.021602786332368853 0.005014416575431835
			vertex 0.030603947304189204 0.01569534279406071 0.005014416575431835
			vertex 1.2237099133771351e-17 1.188911988378387e-17 -2.980232227667301e-9
		endloop
	endfacet
	facet normal 0.05996548372347977 0.16672596509887821 -0.9841781308907738
		outer loop
			vertex 0.011689667403697966 0.02539559751749039 0.005014416575431835
			vertex 0.02223506895825267 0.021602786332368853 0.005014416575431835
			vertex 6.433423228961438e-18 1.3976499571649597e-17 -2.980232227667301e-9
		endloop
	endfacet
	facet normal 0.020629833997754816 0.18452297645200386 -0.9826116634309399
		outer loop
			vertex 6.948993572391348e-18 0.026702512800693516 0.005014416575431835
			vertex 0.011689667403697966 0.02539559751749039 0.005014416575431835
			vertex 3.8243873184659075e-33 1.4695760576660794e-17 -2.980232227667301e-9
		endloop
	endfacet
	facet normal -0.020629833997754792 0.18452297645200386 -0.9826116634309398
		outer loop
			vertex -0.011689667403697966 0.02539559751749039 0.005014416575431835
			vertex 6.948993572391348e-18 0.026702512800693516 0.005014416575431835
			vertex -6.433423228961438e-18 1.3976499571649597e-17 -2.980232227667301e-9
		endloop
	endfacet
	facet normal -0.05996548372347977 0.16672596509887821 -0.9841781308907738
		outer loop
			vertex -0.02223506895825267 0.021602786332368853 0.005014416575431835
			vertex -0.011689667403697966 0.02539559751749039 0.005014416575431835
			vertex -1.2237099133771351e-17 1.188911988378387e-17 -2.980232227667301e-9
		endloop
	endfacet
	facet normal -0.0936404937458808 0.13265736613999782 -0.9867286765569482
		outer loop
			vertex -0.030603947304189204 0.01569534279406071 0.005014416575431835
			vertex -0.02223506895825267 0.021602786332368853 0.005014416575431835
			vertex -1.6842920772831844e-17 8.637951667976468e-18 -2.980232227667301e-9
		endloop
	endfacet
	facet normal -0.11830129319745121 0.08539313228183876 -0.9892991544456646
		outer loop
			vertex -0.03597709648311138 0.008251529932022095 0.005014416575431835
			vertex -0.030603947304189204 0.01569534279406071 0.005014416575431835
			vertex -1.9800041997308287e-17 4.5412392645812355e-18 -2.980232227667301e-9
		endloop
	endfacet
	facet normal -0.13134990371743685 0.02947205312738161 -0.9908978761092775
		outer loop
			vertex -0.03782855980098247 7.653653226588787e-18 0.005014416575431835
			vertex -0.03597709648311138 0.008251529932022095 0.005014416575431835
			vertex -2.0818995087740812e-17 -6.61744481414256e-25 -2.980232227667301e-9
		endloop
	endfacet
	facet normal -0.5773502691896257 -0.5773502691896257 0.5773502691896258
		outer loop
			vertex -0.049091115891933435 -0.07360235601663581 0.39
			vertex 0.07 -0.11909111589193334 0.4636023560166359
			vertex -0.003602356016635888 1.130409356990677e-16 0.5090911158919335
		endloop
	endfacet
	facet normal 0 -0.3568220991015946 0.934172355399544
		outer loop
			vertex 0.07 -0.11909111589193334 0.4636023560166359
			vertex 0.1436023560166359 1.130409356990677e-16 0.5090911158919335
			vertex -0.003602356016635888 1.130409356990677e-16 0.5090911158919335
		endloop
	endfacet
	facet normal 0 0.35682209910159474 0.9341723553995438
		outer loop
			vertex 0.1436023560166359 1.130409356990677e-16 0.5090911158919335
			vertex 0.07 0.11909111589193354 0.4636023560166359
			vertex -0.003602356016635888 1.130409356990677e-16 0.5090911158919335
		endloop
	endfacet
	facet normal -0.5773502691896258 0.5773502691896258 0.5773502691896257
		outer loop
			vertex 0.07 0.11909111589193354 0.4636023560166359
			vertex -0.049091115891933435 0.07360235601663598 0.39
			vertex -0.003602356016635888 1.130409356990677e-16 0.5090911158919335
		endloop
	endfacet
	facet normal -0.934172355399544 0 0.3568220991015947
		outer loop
			vertex -0.049091115891933435 0.07360235601663598 0.39
			vertex -0.049091115891933435 -0.07360235601663581 0.39
			vertex -0.003602356016635888 1.130409356990677e-16 0.5090911158919335
		endloop
	endfacet
	facet normal 0.5773502691896257 -0.5773502691896257 0.5773502691896258
		outer loop
			vertex 0.07 -0.11909111589193334 0.4636023560166359
			vertex 0.18909111589193345 -0.07360235601663581 0.39
			vertex 0.1436023560166359 1.130409356990677e-16 0.5090911158919335
		endloop
	endfacet
	facet normal -0.3568220991015947 -0.934172355399544 1.7613900458880524e-16
		outer loop
			vertex -0.049091115891933435 -0.07360235601663581 0.39
			vertex 0.07 -0.11909111589193337 0.3163976439833641
			vertex 0.07 -0.11909111589193334 0.4636023560166359
		endloop
	endfacet
	facet normal -0.934172355399544 0 -0.3568220991015947
		outer loop
			vertex -0.049091115891933435 0.07360235601663598 0.39
			vertex -0.003602356016635888 6.015385614245673e-17 0.27090888410806657
			vertex -0.049091115891933435 -0.07360235601663581 0.39
		endloop
	endfacet
	facet normal -0.3568220991015947 0.934172355399544 -1.7613900458880524e-16
		outer loop
			vertex 0.07 0.11909111589193354 0.4636023560166359
			vertex 0.07 0.11909111589193351 0.3163976439833641
			vertex -0.049091115891933435 0.07360235601663598 0.39
		endloop
	endfacet
	facet normal 0.5773502691896258 0.5773502691896258 0.5773502691896257
		outer loop
			vertex 0.1436023560166359 1.130409356990677e-16 0.5090911158919335
			vertex 0.18909111589193345 0.07360235601663598 0.39
			vertex 0.07 0.11909111589193354 0.4636023560166359
		endloop
	endfacet
	facet normal 0.5773502691896258 -0.577350269189626 -0.5773502691896257
		outer loop
			vertex 0.18909111589193345 -0.07360235601663581 0.39
			vertex 0.07 -0.11909111589193337 0.3163976439833641
			vertex 0.1436023560166359 6.015385614245673e-17 0.27090888410806657
		endloop
	endfacet
	facet normal 0 -0.35682209910159474 -0.9341723553995438
		outer loop
			vertex 0.07 -0.11909111589193337 0.3163976439833641
			vertex -0.003602356016635888 6.015385614245673e-17 0.27090888410806657
			vertex 0.1436023560166359 6.015385614245673e-17 0.27090888410806657
		endloop
	endfacet
	facet normal 0 0.3568220991015946 -0.934172355399544
		outer loop
			vertex -0.003602356016635888 6.015385614245673e-17 0.27090888410806657
			vertex 0.07 0.11909111589193351 0.3163976439833641
			vertex 0.1436023560166359 6.015385614245673e-17 0.27090888410806657
		endloop
	endfacet
	facet normal 0.5773502691896257 0.5773502691896257 -0.5773502691896258
		outer loop
			vertex 0.07 0.11909111589193351 0.3163976439833641
			vertex 0.18909111589193345 0.07360235601663598 0.39
			vertex 0.1436023560166359 6.015385614245673e-17 0.27090888410806657
		endloop
	endfacet
	facet normal 0.934172355399544 0 -0.3568220991015947
		outer loop
			vertex 0.18909111589193345 0.07360235601663598 0.39
			vertex 0.18909111589193345 -0.07360235601663581 0.39
			vertex 0.1436023560166359 6.015385614245673e-17 0.27090888410806657
		endloop
	endfacet
	facet normal 0.3568220991015947 -0.934172355399544 1.7613900458880524e-16
		outer loop
			vertex 0.18909111589193345 -0.07360235601663581 0.39
			vertex 0.07 -0.11909111589193334 0.4636023560166359
			vertex 0.07 -0.11909111589193337 0.3163976439833641
		endloop
	endfacet
	facet normal -0.5773502691896258 -0.5773502691896258 -0.5773502691896257
		outer loop
			vertex 0.07 -0.11909111589193337 0.3163976439833641
			vertex -0.049091115891933435 -0.07360235601663581 0.39
			vertex -0.003602356016635888 6.015385614245673e-17 0.27090888410806657
		endloop
	endfacet
	facet normal -0.5773502691896257 0.5773502691896257 -0.5773502691896258
		outer loop
			vertex -0.003602356016635888 6.015385614245673e-17 0.27090888410806657
			vertex -0.049091115891933435 0.07360235601663598 0.39
			vertex 0.07 0.11909111589193351 0.3163976439833641
		endloop
	endfacet
	facet normal 0.3568220991015947 0.934172355399544 -1.7613900458880524e-16
		outer loop
			vertex 0.07 0.11909111589193351 0.3163976439833641
			vertex 0.07 0.11909111589193354 0.4636023560166359
			vertex 0.18909111589193345 0.07360235601663598 0.39
		endloop
	endfacet
	facet normal 0.934172355399544 0 0.3568220991015947
		outer loop
			vertex 0.18909111589193345 0.07360235601663598 0.39
			vertex 0.1436023560166359 1.130409356990677e-16 0.5090911158919335
			vertex 0.18909111589193345 -0.07360235601663581 0.39
		endloop
	endfacet
	facet normal 0.6844749733412149 -0.6844749733412149 0.25097414555903286
		outer loop
			vertex 0.06 0.020000000298023318 0.4449999970197678
			vertex 0.11499999970197677 0.0750000000000001 0.4449999970197678
			vertex 0.06 0.07500000000000012 0.5950000029802323
		endloop
	endfacet
	facet normal 0.684474973341215 0.6844749733412149 0.25097414555903264
		outer loop
			vertex 0.11499999970197677 0.0750000000000001 0.4449999970197678
			vertex 0.060000000000000005 0.12999999970197687 0.4449999970197678
			vertex 0.06 0.07500000000000012 0.5950000029802323
		endloop
	endfacet
	facet normal -0.6844749733412148 0.6844749733412151 0.2509741455590325
		outer loop
			vertex 0.060000000000000005 0.12999999970197687 0.4449999970197678
			vertex 0.005000000298023222 0.07500000000000011 0.4449999970197678
			vertex 0.06 0.07500000000000012 0.5950000029802323
		endloop
	endfacet
	facet normal -0.684474973341215 -0.6844749733412147 0.2509741455590328
		outer loop
			vertex 0.005000000298023222 0.07500000000000011 0.4449999970197678
			vertex 0.059999999999999984 0.020000000298023318 0.4449999970197678
			vertex 0.06 0.07500000000000012 0.5950000029802323
		endloop
	endfacet
	facet normal 0 0 -1
		outer loop
			vertex 0.11499999970197677 0.0750000000000001 0.4449999970197678
			vertex 0.06 0.020000000298023318 0.4449999970197678
			vertex 0.06 0.0750000000000001 0.4449999970197678
		endloop
	endfacet
	facet normal 0 0 -1
		outer loop
			vertex 0.060000000000000005 0.12999999970197687 0.4449999970197678
			vertex 0.11499999970197677 0.0750000000000001 0.4449999970197678
			vertex 0.06 0.0750000000000001 0.4449999970197678
		endloop
	endfacet
	facet normal 0 0 -1
		outer loop
			vertex 0.005000000298023222 0.07500000000000011 0.4449999970197678
			vertex 0.060000000000000005 0.12999999970197687 0.4449999970197678
			vertex 0.06 0.0750000000000001 0.4449999970197678
		endloop
	endfacet
	facet normal 0 0 -1
		outer loop
			vertex 0.059999999999999984 0.020000000298023318 0.4449999970197678
			vertex 0.005000000298023222 0.07500000000000011 0.4449999970197678
			vertex 0.06 0.0750000000000001 0.4449999970197678
		endloop
	endfacet
	facet normal 0.6844749733412149 -0.6844749733412149 0.25097414555903286
		outer loop
			vertex 0.06 -0.12999999970197668 0.4449999970197678
			vertex 0.11499999970197677 -0.0749999999999999 0.4449999970197678
			vertex 0.06 -0.07499999999999987 0.5950000029802323
		endloop
	endfacet
	facet normal 0.684474973341215 0.6844749733412149 0.25097414555903264
		outer loop
			vertex 0.11499999970197677 -0.0749999999999999 0.4449999970197678
			vertex 0.060000000000000005 -0.020000000298023124 0.4449999970197678
			vertex 0.06 -0.07499999999999987 0.5950000029802323
		endloop
	endfacet
	facet normal -0.6844749733412148 0.6844749733412151 0.2509741455590325
		outer loop
			vertex 0.060000000000000005 -0.020000000298023124 0.4449999970197678
			vertex 0.005000000298023222 -0.07499999999999989 0.4449999970197678
			vertex 0.06 -0.07499999999999987 0.5950000029802323
		endloop
	endfacet
	facet normal -0.684474973341215 -0.6844749733412147 0.2509741455590328
		outer loop
			vertex 0.005000000298023222 -0.07499999999999989 0.4449999970197678
			vertex 0.059999999999999984 -0.12999999970197668 0.4449999970197678
			vertex 0.06 -0.07499999999999987 0.5950000029802323
		endloop
	endfacet
	facet normal 0 0 -1
		outer loop
			vertex 0.11499999970197677 -0.0749999999999999 0.4449999970197678
			vertex 0.06 -0.12999999970197668 0.4449999970197678
			vertex 0.06 -0.0749999999999999 0.4449999970197678
		endloop
	endfacet
	facet normal 0 0 -1
		outer loop
			vertex 0.060000000000000005 -0.020000000298023124 0.4449999970197678
			vertex 0.11499999970197677 -0.0749999999999999 0.4449999970197678
			vertex 0.06 -0.0749999999999999 0.4449999970197678
		endloop
	endfacet
	facet normal 0 0 -1
		outer loop
			vertex 0.005000000298023222 -0.07499999999999989 0.4449999970197678
			vertex 0.060000000000000005 -0.020000000298023124 0.4449999970197678
			vertex 0.06 -0.0749999999999999 0.4449999970197678
		endloop
	endfacet
	facet normal 0 0 -1
		outer loop
			vertex 0.059999999999999984 -0.12999999970197668 0.4449999970197678
			vertex 0.005000000298023222 -0.07499999999999989 0.4449999970197678
			vertex 0.06 -0.0749999999999999 0.4449999970197678
		endloop
	endfacet
	facet normal 0.3475932558312951 -0.936877963960385 0.03792900138473939
		outer loop
			vertex -0.308832110961625 -0.11999999731779097 0.09189410751060743
			vertex -0.2802865310758239 -0.11086554080247878 0.055922160442775565
			vertex -0.01116788903837504 7.285414327138198e-17 0.3281058924893926
		endloop
	endfacet
	facet normal 0.5616397032359226 -0.7942468359813792 -0.23180338065402067
		outer loop
			vertex -0.2802865310758239 -0.11086554080247878 0.055922160442775565
			vertex -0.2560867555242087 -0.08485281467437744 0.025426614418533777
			vertex -0.01116788903837504 7.285414327138198e-17 0.3281058924893926
		endloop
	endfacet
	facet normal 0.7254638741106874 -0.5306986639169449 -0.4382477558152265
		outer loop
			vertex -0.2560867555242087 -0.08485281467437744 0.025426614418533777
			vertex -0.23991698566108607 -0.04592201113700867 0.005050146049622034
			vertex -0.01116788903837504 7.285414327138198e-17 0.3281058924893926
		endloop
	endfacet
	facet normal 0.8141248013496294 -0.18635662528842392 -0.5499745594466499
		outer loop
			vertex -0.23991698566108607 -0.04592201113700867 0.005050146049622034
			vertex -0.2342389164364331 -7.815311387463299e-18 -0.0021051195436440906
			vertex -0.01116788903837504 7.285414327138198e-17 0.3281058924893926
		endloop
	endfacet
	facet normal 0.8141248013496294 0.18635662528842387 -0.54997455944665
		outer loop
			vertex -0.2342389164364331 -7.815311387463299e-18 -0.0021051195436440906
			vertex -0.23991698566108607 0.04592201113700867 0.005050146049622034
			vertex -0.01116788903837504 7.285414327138198e-17 0.3281058924893926
		endloop
	endfacet
	facet normal 0.7254638741106875 0.5306986639169444 -0.4382477558152268
		outer loop
			vertex -0.23991698566108607 0.04592201113700867 0.005050146049622034
			vertex -0.2560867555242087 0.08485281467437744 0.02542661441853372
			vertex -0.01116788903837504 7.285414327138198e-17 0.3281058924893926
		endloop
	endfacet
	facet normal 0.5616397032359228 0.7942468359813791 -0.23180338065402117
		outer loop
			vertex -0.2560867555242087 0.08485281467437744 0.02542661441853372
			vertex -0.2802865310758239 0.1108655408024788 0.05592216044277551
			vertex -0.01116788903837504 7.285414327138198e-17 0.3281058924893926
		endloop
	endfacet
	facet normal 0.3475932558312949 0.936877963960385 0.03792900138473924
		outer loop
			vertex -0.2802865310758239 0.1108655408024788 0.05592216044277551
			vertex -0.308832110961625 0.119999997317791 0.09189410751060736
			vertex -0.01116788903837504 7.285414327138198e-17 0.3281058924893926
		endloop
	endfacet
	facet normal 0.11591098396616446 0.9368779639603851 0.32988532013631505
		outer loop
			vertex -0.308832110961625 0.119999997317791 0.09189410751060736
			vertex -0.337377690847426 0.11086554080247882 0.12786605457843925
			vertex -0.01116788903837504 7.285414327138198e-17 0.3281058924893926
		endloop
	endfacet
	facet normal -0.09813545604146909 0.7942468359813797 0.5996177080449681
		outer loop
			vertex -0.337377690847426 0.11086554080247882 0.12786605457843925
			vertex -0.3615774663990413 0.08485281467437747 0.15836160060268104
			vertex -0.01116788903837504 7.285414327138198e-17 0.3281058924893926
		endloop
	endfacet
	facet normal -0.2619596269162341 0.5306986639169448 0.8060620832061741
		outer loop
			vertex -0.3615774663990413 0.08485281467437747 0.15836160060268104
			vertex -0.3777472362621639 0.04592201113700871 0.17873806897159278
			vertex -0.01116788903837504 7.285414327138198e-17 0.3281058924893926
		endloop
	endfacet
	facet normal -0.35062056155216986 0.18635662528842395 0.9177888809677045
		outer loop
			vertex -0.3777472362621639 0.04592201113700871 0.17873806897159278
			vertex -0.38342530548681686 6.33202540546948e-17 0.1858933345648589
			vertex -0.01116788903837504 7.285414327138198e-17 0.3281058924893926
		endloop
	endfacet
	facet normal -0.3506205615521699 -0.18635662528842384 0.9177888809677045
		outer loop
			vertex -0.38342530548681686 6.33202540546948e-17 0.1858933345648589
			vertex -0.3777472362621639 -0.045922011137008625 0.17873806897159278
			vertex -0.01116788903837504 7.285414327138198e-17 0.3281058924893926
		endloop
	endfacet
	facet normal -0.2619596269162344 -0.5306986639169438 0.8060620832061749
		outer loop
			vertex -0.3777472362621639 -0.045922011137008625 0.17873806897159278
			vertex -0.3615774663990413 -0.08485281467437741 0.1583616006026811
			vertex -0.01116788903837504 7.285414327138198e-17 0.3281058924893926
		endloop
	endfacet
	facet normal -0.09813545604146885 -0.7942468359813795 0.5996177080449682
		outer loop
			vertex -0.3615774663990413 -0.08485281467437741 0.1583616006026811
			vertex -0.337377690847426 -0.11086554080247876 0.1278660545784393
			vertex -0.01116788903837504 7.285414327138198e-17 0.3281058924893926
		endloop
	endfacet
	facet normal 0.11591098396616416 -0.9368779639603847 0.3298853201363159
		outer loop
			vertex -0.337377690847426 -0.11086554080247876 0.1278660545784393
			vertex -0.308832110961625 -0.11999999731779097 0.09189410751060746
			vertex -0.01116788903837504 7.285414327138198e-17 0.3281058924893926
		endloop
	endfacet
	facet normal -0.7833269096274831 -1.437761905283577e-16 -0.6216099682706648
		outer loop
			vertex -0.2802865310758239 -0.11086554080247878 0.055922160442775565
			vertex -0.308832110961625 -0.11999999731779097 0.09189410751060743
			vertex -0.308832110961625 2.0404590797131174e-17 0.0918941075106074
		endloop
	endfacet
	facet normal -0.7833269096274836 -6.099157175466108e-16 -0.6216099682706641
		outer loop
			vertex -0.2560867555242087 -0.08485281467437744 0.025426614418533777
			vertex -0.2802865310758239 -0.11086554080247878 0.055922160442775565
			vertex -0.308832110961625 2.0404590797131174e-17 0.0918941075106074
		endloop
	endfacet
	facet normal -0.7833269096274833 2.3609640679223615e-16 -0.6216099682706647
		outer loop
			vertex -0.23991698566108607 -0.04592201113700867 0.005050146049622034
			vertex -0.2560867555242087 -0.08485281467437744 0.025426614418533777
			vertex -0.308832110961625 2.0404590797131174e-17 0.0918941075106074
		endloop
	endfacet
	facet normal -0.7833269096274833 -3.9349401658556385e-17 -0.6216099682706646
		outer loop
			vertex -0.2342389164364331 -7.815311387463299e-18 -0.0021051195436440906
			vertex -0.23991698566108607 -0.04592201113700867 0.005050146049622034
			vertex -0.308832110961625 2.0404590797131174e-17 0.0918941075106074
		endloop
	endfacet
	facet normal -0.7833269096274833 5.902410248783455e-17 -0.6216099682706646
		outer loop
			vertex -0.23991698566108607 0.04592201113700867 0.005050146049622034
			vertex -0.2342389164364331 -7.815311387463299e-18 -0.0021051195436440906
			vertex -0.308832110961625 2.0404590797131174e-17 0.0918941075106074
		endloop
	endfacet
	facet normal -0.7833269096274832 -9.443856271689452e-16 -0.621609968270665
		outer loop
			vertex -0.2560867555242087 0.08485281467437744 0.02542661441853372
			vertex -0.23991698566108607 0.04592201113700867 0.005050146049622034
			vertex -0.308832110961625 2.0404590797131174e-17 0.0918941075106074
		endloop
	endfacet
	facet normal -0.7833269096274837 3.9349401132039383e-16 -0.621609968270664
		outer loop
			vertex -0.2802865310758239 0.1108655408024788 0.05592216044277551
			vertex -0.2560867555242087 0.08485281467437744 0.02542661441853372
			vertex -0.308832110961625 2.0404590797131174e-17 0.0918941075106074
		endloop
	endfacet
	facet normal -0.7833269096274831 -1.9674700829278188e-16 -0.621609968270665
		outer loop
			vertex -0.308832110961625 0.119999997317791 0.09189410751060736
			vertex -0.2802865310758239 0.1108655408024788 0.05592216044277551
			vertex -0.308832110961625 2.0404590797131174e-17 0.0918941075106074
		endloop
	endfacet
	facet normal -0.7833269096274837 -2.1566428579253624e-16 -0.621609968270664
		outer loop
			vertex -0.337377690847426 0.11086554080247882 0.12786605457843925
			vertex -0.308832110961625 0.119999997317791 0.09189410751060736
			vertex -0.308832110961625 2.0404590797131174e-17 0.0918941075106074
		endloop
	endfacet
	facet normal -0.7833269096274834 3.934940113203938e-17 -0.6216099682706647
		outer loop
			vertex -0.3615774663990413 0.08485281467437747 0.15836160060268104
			vertex -0.337377690847426 0.11086554080247882 0.12786605457843925
			vertex -0.308832110961625 2.0404590797131174e-17 0.0918941075106074
		endloop
	endfacet
	facet normal -0.7833269096274834 -1.1804820339611815e-16 -0.6216099682706645
		outer loop
			vertex -0.3777472362621639 0.04592201113700871 0.17873806897159278
			vertex -0.3615774663990413 0.08485281467437747 0.15836160060268104
			vertex -0.308832110961625 2.0404590797131174e-17 0.0918941075106074
		endloop
	endfacet
	facet normal -0.7833269096274836 0 -0.6216099682706644
		outer loop
			vertex -0.38342530548681686 6.33202540546948e-17 0.1858933345648589
			vertex -0.3777472362621639 0.04592201113700871 0.17873806897159278
			vertex -0.308832110961625 2.0404590797131174e-17 0.0918941075106074
		endloop
	endfacet
	facet normal -0.7833269096274835 1.9674700829278187e-17 -0.6216099682706645
		outer loop
			vertex -0.3777472362621639 -0.045922011137008625 0.17873806897159278
			vertex -0.38342530548681686 6.33202540546948e-17 0.1858933345648589
			vertex -0.308832110961625 2.0404590797131174e-17 0.0918941075106074
		endloop
	endfacet
	facet normal -0.7833269096274834 -5.508916158485514e-16 -0.6216099682706647
		outer loop
			vertex -0.3615774663990413 -0.08485281467437741 0.1583616006026811
			vertex -0.3777472362621639 -0.045922011137008625 0.17873806897159278
			vertex -0.308832110961625 2.0404590797131174e-17 0.0918941075106074
		endloop
	endfacet
	facet normal -0.7833269096274834 -2.754458079242756e-16 -0.6216099682706644
		outer loop
			vertex -0.337377690847426 -0.11086554080247876 0.1278660545784393
			vertex -0.3615774663990413 -0.08485281467437741 0.1583616006026811
			vertex -0.308832110961625 2.0404590797131174e-17 0.0918941075106074
		endloop
	endfacet
	facet normal -0.7833269096274834 -2.7544581160989485e-16 -0.6216099682706644
		outer loop
			vertex -0.308832110961625 -0.11999999731779097 0.09189410751060746
			vertex -0.337377690847426 -0.11086554080247876 0.1278660545784393
			vertex -0.308832110961625 2.0404590797131174e-17 0.0918941075106074
		endloop
	endfacet
	facet normal 0.35583001016508536 -0.6608271346827079 -0.6608271346827077
		outer loop
			vertex 0.1350000023841858 -0.07000000029802314 0.35
			vertex 0.1350000023841858 5.788622549422235e-17 0.27999999970197675
			vertex 0.2649999976158142 7.771561172376095e-17 0.35
		endloop
	endfacet
	facet normal 0.3558300101650854 0.6608271346827075 -0.6608271346827083
		outer loop
			vertex 0.1350000023841858 5.788622549422235e-17 0.27999999970197675
			vertex 0.1350000023841858 0.07000000029802331 0.3499999999999999
			vertex 0.2649999976158142 7.771561172376095e-17 0.35
		endloop
	endfacet
	facet normal 0.35583001016508525 0.6608271346827083 0.6608271346827075
		outer loop
			vertex 0.1350000023841858 0.07000000029802331 0.3499999999999999
			vertex 0.1350000023841858 1.0611752559052349e-16 0.4200000002980232
			vertex 0.2649999976158142 7.771561172376095e-17 0.35
		endloop
	endfacet
	facet normal 0.35583001016508525 -0.6608271346827077 0.660827134682708
		outer loop
			vertex 0.1350000023841858 1.0611752559052349e-16 0.4200000002980232
			vertex 0.1350000023841858 -0.07000000029802314 0.35
			vertex 0.2649999976158142 7.771561172376095e-17 0.35
		endloop
	endfacet
	facet normal -1 0 0
		outer loop
			vertex 0.1350000023841858 5.788622549422235e-17 0.27999999970197675
			vertex 0.1350000023841858 -0.07000000029802314 0.35
			vertex 0.1350000023841858 7.771561172376095e-17 0.35
		endloop
	endfacet
	facet normal -1 0 0
		outer loop
			vertex 0.1350000023841858 0.07000000029802331 0.3499999999999999
			vertex 0.1350000023841858 5.788622549422235e-17 0.27999999970197675
			vertex 0.1350000023841858 7.771561172376095e-17 0.35
		endloop
	endfacet
	facet normal -1 0 0
		outer loop
			vertex 0.1350000023841858 1.0611752559052349e-16 0.4200000002980232
			vertex 0.1350000023841858 0.07000000029802331 0.3499999999999999
			vertex 0.1350000023841858 7.771561172376095e-17 0.35
		endloop
	endfacet
	facet normal -1 0 0
		outer loop
			vertex 0.1350000023841858 -0.07000000029802314 0.35
			vertex 0.1350000023841858 1.0611752559052349e-16 0.4200000002980232
			vertex 0.1350000023841858 7.771561172376095e-17 0.35
		endloop
	endfacet
endsolid exported
