solid exported
	facet normal 0.0955301676557264 -0.9699348481548759 0.2238311359092983
		outer loop
			vertex 0 -0.1299999952316283 0.3949999928474427
			vertex 0 -0.2199999988079071 0.00500000715255744
			vertex 0.025361740961670876 -0.12750208377838124 0.3949999928474427
		endloop
	endfacet
	facet normal 0.0955301908274471 -0.9699348463207835 0.22383113396743953
		outer loop
			vertex 0 -0.2199999988079071 0.00500000715255744
			vertex 0.04291987046599388 -0.21577276289463043 0.00500000715255744
			vertex 0.025361740961670876 -0.12750208377838124 0.3949999928474427
		endloop
	endfacet
	facet normal 0.28291934068337926 -0.9326608534193216 0.2238311398497196
		outer loop
			vertex 0.025361740961670876 -0.12750208377838124 0.3949999928474427
			vertex 0.04291987046599388 -0.21577276289463043 0.00500000715255744
			vertex 0.049748845398426056 -0.12010434269905082 0.3949999928474427
		endloop
	endfacet
	facet normal 0.2829196819462662 -0.9326607570082729 0.2238311102241585
		outer loop
			vertex 0.04291987046599388 -0.21577276289463043 0.00500000715255744
			vertex 0.08419035375118256 -0.20325349271297455 0.00500000715255744
			vertex 0.049748845398426056 -0.12010434269905082 0.3949999928474427
		endloop
	endfacet
	facet normal 0.4594365067643995 -0.8595450726144775 0.22383110685581323
		outer loop
			vertex 0.049748845398426056 -0.12010434269905082 0.3949999928474427
			vertex 0.08419035375118256 -0.20325349271297455 0.00500000715255744
			vertex 0.07222413271665573 -0.10809104889631263 0.3949999928474427
		endloop
	endfacet
	facet normal 0.4594363277919452 -0.8595451639064581 0.2238311236402857
		outer loop
			vertex 0.08419035375118256 -0.20325349271297455 0.00500000715255744
			vertex 0.12222544848918915 -0.1829233169555664 0.005000007152557412
			vertex 0.07222413271665573 -0.10809104889631263 0.3949999928474427
		endloop
	endfacet
	facet normal 0.6182973054826014 -0.7533976830229245 0.22383112663042115
		outer loop
			vertex 0.07222413271665573 -0.10809104889631263 0.3949999928474427
			vertex 0.12222544848918915 -0.1829233169555664 0.005000007152557412
			vertex 0.09192388504743576 -0.09192388504743568 0.3949999928474427
		endloop
	endfacet
	facet normal 0.6182975042346214 -0.7533975261951231 0.22383110547979498
		outer loop
			vertex 0.12222544848918915 -0.1829233169555664 0.005000007152557412
			vertex 0.15556348860263824 -0.15556348860263824 0.005000007152557412
			vertex 0.09192388504743576 -0.09192388504743568 0.3949999928474427
		endloop
	endfacet
	facet normal 0.7533976877432823 -0.6182973093564971 0.223831100041062
		outer loop
			vertex 0.09192388504743576 -0.09192388504743568 0.3949999928474427
			vertex 0.15556348860263824 -0.15556348860263824 0.005000007152557412
			vertex 0.10809104889631271 -0.07222413271665565 0.3949999928474427
		endloop
	endfacet
	facet normal 0.7533975234058221 -0.6182975019455006 0.22383112119168677
		outer loop
			vertex 0.15556348860263824 -0.15556348860263824 0.005000007152557412
			vertex 0.1829233169555664 -0.12222544848918915 0.005000007152557412
			vertex 0.10809104889631271 -0.07222413271665565 0.3949999928474427
		endloop
	endfacet
	facet normal 0.8595450683407811 -0.45943650448006074 0.22383112795629065
		outer loop
			vertex 0.10809104889631271 -0.07222413271665565 0.3949999928474427
			vertex 0.1829233169555664 -0.12222544848918915 0.005000007152557412
			vertex 0.1201043426990509 -0.04974884539842597 0.39499999284744264
		endloop
	endfacet
	facet normal 0.8595451664318251 -0.4594363291417815 0.22383111117181798
		outer loop
			vertex 0.1829233169555664 -0.12222544848918915 0.005000007152557412
			vertex 0.20325349271297455 -0.08419035375118256 0.005000007152557412
			vertex 0.1201043426990509 -0.04974884539842597 0.39499999284744264
		endloop
	endfacet
	facet normal 0.9326608616043047 -0.28291934316626544 0.22383110260615016
		outer loop
			vertex 0.1201043426990509 -0.04974884539842597 0.39499999284744264
			vertex 0.20325349271297455 -0.08419035375118256 0.005000007152557412
			vertex 0.12750208377838135 -0.02536174096167079 0.39499999284744264
		endloop
	endfacet
	facet normal 0.9326607521716926 -0.28291968047910476 0.22383113223172013
		outer loop
			vertex 0.20325349271297455 -0.08419035375118256 0.005000007152557412
			vertex 0.21577276289463043 -0.04291987046599388 0.005000007152557384
			vertex 0.12750208377838135 -0.02536174096167079 0.39499999284744264
		endloop
	endfacet
	facet normal 0.9699348487128161 -0.09553016771067871 0.2238311334681037
		outer loop
			vertex 0.12750208377838135 -0.02536174096167079 0.39499999284744264
			vertex 0.21577276289463043 -0.04291987046599388 0.005000007152557384
			vertex 0.12999999523162842 7.974741347714149e-17 0.39499999284744264
		endloop
	endfacet
	facet normal 0.9699348459910915 -0.09553019079497532 0.2238311354099632
		outer loop
			vertex 0.21577276289463043 -0.04291987046599388 0.005000007152557384
			vertex 0.2199999988079071 -1.2360889773008176e-17 0.005000007152557384
			vertex 0.12999999523162842 7.974741347714149e-17 0.39499999284744264
		endloop
	endfacet
	facet normal 0.9699348481548761 0.09553016765572639 0.22383113590929804
		outer loop
			vertex 0.12999999523162842 7.974741347714149e-17 0.39499999284744264
			vertex 0.2199999988079071 -1.2360889773008176e-17 0.005000007152557384
			vertex 0.12750208377838135 0.025361740961670962 0.39499999284744264
		endloop
	endfacet
	facet normal 0.9699348463207835 0.09553019082744706 0.2238311339674392
		outer loop
			vertex 0.2199999988079071 -1.2360889773008176e-17 0.005000007152557384
			vertex 0.21577276289463043 0.04291987046599388 0.005000007152557384
			vertex 0.12750208377838135 0.025361740961670962 0.39499999284744264
		endloop
	endfacet
	facet normal 0.9326608534193216 0.28291934068338 0.22383113984971936
		outer loop
			vertex 0.12750208377838135 0.025361740961670962 0.39499999284744264
			vertex 0.21577276289463043 0.04291987046599388 0.005000007152557384
			vertex 0.1201043426990509 0.04974884539842614 0.39499999284744264
		endloop
	endfacet
	facet normal 0.9326607570082729 0.2829196819462663 0.22383111022415825
		outer loop
			vertex 0.21577276289463043 0.04291987046599388 0.005000007152557384
			vertex 0.20325349271297455 0.08419035375118256 0.005000007152557356
			vertex 0.1201043426990509 0.04974884539842614 0.39499999284744264
		endloop
	endfacet
	facet normal 0.8595450726144778 0.4594365067643996 0.223831106855813
		outer loop
			vertex 0.1201043426990509 0.04974884539842614 0.39499999284744264
			vertex 0.20325349271297455 0.08419035375118256 0.005000007152557356
			vertex 0.10809104889631271 0.07222413271665581 0.3949999928474426
		endloop
	endfacet
	facet normal 0.859545163906458 0.459436327791945 0.22383112364028537
		outer loop
			vertex 0.20325349271297455 0.08419035375118256 0.005000007152557356
			vertex 0.1829233169555664 0.12222544848918915 0.005000007152557356
			vertex 0.10809104889631271 0.07222413271665581 0.3949999928474426
		endloop
	endfacet
	facet normal 0.7533976830229249 0.6182973054826012 0.22383112663042085
		outer loop
			vertex 0.10809104889631271 0.07222413271665581 0.3949999928474426
			vertex 0.1829233169555664 0.12222544848918915 0.005000007152557356
			vertex 0.09192388504743576 0.09192388504743584 0.3949999928474426
		endloop
	endfacet
	facet normal 0.7533975261951231 0.6182975042346214 0.2238311054797947
		outer loop
			vertex 0.1829233169555664 0.12222544848918915 0.005000007152557356
			vertex 0.15556348860263824 0.15556348860263824 0.005000007152557356
			vertex 0.09192388504743576 0.09192388504743584 0.3949999928474426
		endloop
	endfacet
	facet normal 0.6182973093564973 0.7533976877432823 0.2238311000410618
		outer loop
			vertex 0.09192388504743576 0.09192388504743584 0.3949999928474426
			vertex 0.15556348860263824 0.15556348860263824 0.005000007152557356
			vertex 0.07222413271665573 0.1080910488963128 0.3949999928474426
		endloop
	endfacet
	facet normal 0.6182975019455006 0.7533975234058221 0.22383112119168647
		outer loop
			vertex 0.15556348860263824 0.15556348860263824 0.005000007152557356
			vertex 0.12222544848918915 0.1829233169555664 0.005000007152557356
			vertex 0.07222413271665573 0.1080910488963128 0.3949999928474426
		endloop
	endfacet
	facet normal 0.4594365044800607 0.8595450683407811 0.22383112795629037
		outer loop
			vertex 0.07222413271665573 0.1080910488963128 0.3949999928474426
			vertex 0.12222544848918915 0.1829233169555664 0.005000007152557356
			vertex 0.049748845398426056 0.12010434269905099 0.3949999928474426
		endloop
	endfacet
	facet normal 0.4594363291417814 0.8595451664318252 0.22383111117181773
		outer loop
			vertex 0.12222544848918915 0.1829233169555664 0.005000007152557356
			vertex 0.08419035375118256 0.20325349271297455 0.005000007152557329
			vertex 0.049748845398426056 0.12010434269905099 0.3949999928474426
		endloop
	endfacet
	facet normal 0.28291934316626605 0.9326608616043047 0.22383110260614997
		outer loop
			vertex 0.049748845398426056 0.12010434269905099 0.3949999928474426
			vertex 0.08419035375118256 0.20325349271297455 0.005000007152557329
			vertex 0.025361740961670876 0.12750208377838146 0.3949999928474426
		endloop
	endfacet
	facet normal 0.28291968047910493 0.9326607521716926 0.2238311322317198
		outer loop
			vertex 0.08419035375118256 0.20325349271297455 0.005000007152557329
			vertex 0.04291987046599388 0.21577276289463043 0.005000007152557329
			vertex 0.025361740961670876 0.12750208377838146 0.3949999928474426
		endloop
	endfacet
	facet normal 0.09553016771067875 0.9699348487128162 0.22383113346810343
		outer loop
			vertex 0.025361740961670876 0.12750208377838146 0.3949999928474426
			vertex 0.04291987046599388 0.21577276289463043 0.005000007152557329
			vertex 1.5920407760118202e-17 0.12999999523162853 0.3949999928474426
		endloop
	endfacet
	facet normal 0.09553019079497538 0.9699348459910917 0.2238311354099629
		outer loop
			vertex 0.04291987046599388 0.21577276289463043 0.005000007152557329
			vertex 2.6942228771640223e-17 0.2199999988079071 0.005000007152557329
			vertex 1.5920407760118202e-17 0.12999999523162853 0.3949999928474426
		endloop
	endfacet
	facet normal -0.09553016765572635 0.9699348481548761 0.2238311359092978
		outer loop
			vertex 1.5920407760118202e-17 0.12999999523162853 0.3949999928474426
			vertex 2.6942228771640223e-17 0.2199999988079071 0.005000007152557329
			vertex -0.025361740961670876 0.12750208377838146 0.3949999928474426
		endloop
	endfacet
	facet normal -0.09553019082744704 0.9699348463207835 0.223831133967439
		outer loop
			vertex 2.6942228771640223e-17 0.2199999988079071 0.005000007152557329
			vertex -0.04291987046599388 0.21577276289463043 0.005000007152557329
			vertex -0.025361740961670876 0.12750208377838146 0.3949999928474426
		endloop
	endfacet
	facet normal -0.28291934068338054 0.9326608534193213 0.22383113984971909
		outer loop
			vertex -0.025361740961670876 0.12750208377838146 0.3949999928474426
			vertex -0.04291987046599388 0.21577276289463043 0.005000007152557329
			vertex -0.049748845398426056 0.12010434269905099 0.3949999928474426
		endloop
	endfacet
	facet normal -0.2829196819462662 0.9326607570082729 0.22383111022415808
		outer loop
			vertex -0.04291987046599388 0.21577276289463043 0.005000007152557329
			vertex -0.08419035375118256 0.20325349271297455 0.005000007152557329
			vertex -0.049748845398426056 0.12010434269905099 0.3949999928474426
		endloop
	endfacet
	facet normal -0.4594365067643996 0.8595450726144778 0.22383110685581292
		outer loop
			vertex -0.049748845398426056 0.12010434269905099 0.3949999928474426
			vertex -0.08419035375118256 0.20325349271297455 0.005000007152557329
			vertex -0.07222413271665573 0.1080910488963128 0.3949999928474426
		endloop
	endfacet
	facet normal -0.45943632779194493 0.8595451639064581 0.2238311236402853
		outer loop
			vertex -0.08419035375118256 0.20325349271297455 0.005000007152557329
			vertex -0.12222544848918915 0.1829233169555664 0.005000007152557356
			vertex -0.07222413271665573 0.1080910488963128 0.3949999928474426
		endloop
	endfacet
	facet normal -0.6182973054826011 0.753397683022925 0.22383112663042093
		outer loop
			vertex -0.07222413271665573 0.1080910488963128 0.3949999928474426
			vertex -0.12222544848918915 0.1829233169555664 0.005000007152557356
			vertex -0.09192388504743576 0.09192388504743584 0.3949999928474426
		endloop
	endfacet
	facet normal -0.6182975042346214 0.7533975261951231 0.2238311054797947
		outer loop
			vertex -0.12222544848918915 0.1829233169555664 0.005000007152557356
			vertex -0.15556348860263824 0.15556348860263824 0.005000007152557356
			vertex -0.09192388504743576 0.09192388504743584 0.3949999928474426
		endloop
	endfacet
	facet normal -0.7533976877432821 0.6182973093564975 0.22383110004106188
		outer loop
			vertex -0.09192388504743576 0.09192388504743584 0.3949999928474426
			vertex -0.15556348860263824 0.15556348860263824 0.005000007152557356
			vertex -0.10809104889631271 0.07222413271665581 0.3949999928474426
		endloop
	endfacet
	facet normal -0.7533975234058221 0.6182975019455006 0.22383112119168647
		outer loop
			vertex -0.15556348860263824 0.15556348860263824 0.005000007152557356
			vertex -0.1829233169555664 0.12222544848918915 0.005000007152557356
			vertex -0.10809104889631271 0.07222413271665581 0.3949999928474426
		endloop
	endfacet
	facet normal -0.8595450683407811 0.4594365044800607 0.22383112795629045
		outer loop
			vertex -0.10809104889631271 0.07222413271665581 0.3949999928474426
			vertex -0.1829233169555664 0.12222544848918915 0.005000007152557356
			vertex -0.1201043426990509 0.04974884539842614 0.39499999284744264
		endloop
	endfacet
	facet normal -0.8595451664318251 0.4594363291417815 0.22383111117181778
		outer loop
			vertex -0.1829233169555664 0.12222544848918915 0.005000007152557356
			vertex -0.20325349271297455 0.08419035375118256 0.005000007152557356
			vertex -0.1201043426990509 0.04974884539842614 0.39499999284744264
		endloop
	endfacet
	facet normal -0.932660861604305 0.2829193431662654 0.22383110260615005
		outer loop
			vertex -0.1201043426990509 0.04974884539842614 0.39499999284744264
			vertex -0.20325349271297455 0.08419035375118256 0.005000007152557356
			vertex -0.12750208377838135 0.025361740961670962 0.39499999284744264
		endloop
	endfacet
	facet normal -0.9326607521716926 0.28291968047910504 0.22383113223172005
		outer loop
			vertex -0.20325349271297455 0.08419035375118256 0.005000007152557356
			vertex -0.21577276289463043 0.04291987046599388 0.005000007152557384
			vertex -0.12750208377838135 0.025361740961670962 0.39499999284744264
		endloop
	endfacet
	facet normal -0.9699348487128162 0.09553016771067875 0.2238311334681036
		outer loop
			vertex -0.12750208377838135 0.025361740961670962 0.39499999284744264
			vertex -0.21577276289463043 0.04291987046599388 0.005000007152557384
			vertex -0.12999999523162842 1.115882306517391e-16 0.39499999284744264
		endloop
	endfacet
	facet normal -0.9699348459910915 0.09553019079497538 0.2238311354099631
		outer loop
			vertex -0.21577276289463043 0.04291987046599388 0.005000007152557384
			vertex -0.2199999988079071 4.1523569424633494e-17 0.005000007152557384
			vertex -0.12999999523162842 1.115882306517391e-16 0.39499999284744264
		endloop
	endfacet
	facet normal -0.969934848154876 -0.0955301676557263 0.22383113590929807
		outer loop
			vertex -0.12999999523162842 1.115882306517391e-16 0.39499999284744264
			vertex -0.2199999988079071 4.1523569424633494e-17 0.005000007152557384
			vertex -0.12750208377838135 -0.02536174096167079 0.39499999284744264
		endloop
	endfacet
	facet normal -0.9699348463207835 -0.09553019082744699 0.22383113396743926
		outer loop
			vertex -0.2199999988079071 4.1523569424633494e-17 0.005000007152557384
			vertex -0.21577276289463043 -0.04291987046599388 0.005000007152557384
			vertex -0.12750208377838135 -0.02536174096167079 0.39499999284744264
		endloop
	endfacet
	facet normal -0.9326608534193216 -0.28291934068337987 0.22383113984971945
		outer loop
			vertex -0.12750208377838135 -0.02536174096167079 0.39499999284744264
			vertex -0.21577276289463043 -0.04291987046599388 0.005000007152557384
			vertex -0.1201043426990509 -0.04974884539842597 0.39499999284744264
		endloop
	endfacet
	facet normal -0.9326607570082729 -0.28291968194626604 0.22383111022415833
		outer loop
			vertex -0.21577276289463043 -0.04291987046599388 0.005000007152557384
			vertex -0.20325349271297455 -0.08419035375118256 0.005000007152557412
			vertex -0.1201043426990509 -0.04974884539842597 0.39499999284744264
		endloop
	endfacet
	facet normal -0.8595450726144778 -0.4594365067643996 0.22383110685581317
		outer loop
			vertex -0.1201043426990509 -0.04974884539842597 0.39499999284744264
			vertex -0.20325349271297455 -0.08419035375118256 0.005000007152557412
			vertex -0.10809104889631271 -0.07222413271665565 0.3949999928474427
		endloop
	endfacet
	facet normal -0.859545163906458 -0.459436327791945 0.22383112364028557
		outer loop
			vertex -0.20325349271297455 -0.08419035375118256 0.005000007152557412
			vertex -0.1829233169555664 -0.12222544848918915 0.005000007152557412
			vertex -0.10809104889631271 -0.07222413271665565 0.3949999928474427
		endloop
	endfacet
	facet normal -0.7533976830229248 -0.6182973054826014 0.22383112663042126
		outer loop
			vertex -0.10809104889631271 -0.07222413271665565 0.3949999928474427
			vertex -0.1829233169555664 -0.12222544848918915 0.005000007152557412
			vertex -0.09192388504743576 -0.09192388504743568 0.3949999928474427
		endloop
	endfacet
	facet normal -0.7533975261951231 -0.6182975042346214 0.22383110547979498
		outer loop
			vertex -0.1829233169555664 -0.12222544848918915 0.005000007152557412
			vertex -0.15556348860263824 -0.15556348860263824 0.005000007152557412
			vertex -0.09192388504743576 -0.09192388504743568 0.3949999928474427
		endloop
	endfacet
	facet normal -0.6182973093564973 -0.7533976877432823 0.22383110004106213
		outer loop
			vertex -0.09192388504743576 -0.09192388504743568 0.3949999928474427
			vertex -0.15556348860263824 -0.15556348860263824 0.005000007152557412
			vertex -0.07222413271665573 -0.10809104889631263 0.3949999928474427
		endloop
	endfacet
	facet normal -0.6182975019455006 -0.7533975234058221 0.22383112119168677
		outer loop
			vertex -0.15556348860263824 -0.15556348860263824 0.005000007152557412
			vertex -0.12222544848918915 -0.1829233169555664 0.005000007152557412
			vertex -0.07222413271665573 -0.10809104889631263 0.3949999928474427
		endloop
	endfacet
	facet normal -0.45943650448006074 -0.8595450683407811 0.22383112795629073
		outer loop
			vertex -0.07222413271665573 -0.10809104889631263 0.3949999928474427
			vertex -0.12222544848918915 -0.1829233169555664 0.005000007152557412
			vertex -0.049748845398426056 -0.12010434269905082 0.3949999928474427
		endloop
	endfacet
	facet normal -0.4594363291417816 -0.859545166431825 0.22383111117181806
		outer loop
			vertex -0.12222544848918915 -0.1829233169555664 0.005000007152557412
			vertex -0.08419035375118256 -0.20325349271297455 0.00500000715255744
			vertex -0.049748845398426056 -0.12010434269905082 0.3949999928474427
		endloop
	endfacet
	facet normal -0.28291934316626477 -0.932660861604305 0.22383110260615025
		outer loop
			vertex -0.049748845398426056 -0.12010434269905082 0.3949999928474427
			vertex -0.08419035375118256 -0.20325349271297455 0.00500000715255744
			vertex -0.025361740961670876 -0.12750208377838124 0.3949999928474427
		endloop
	endfacet
	facet normal -0.28291968047910493 -0.9326607521716926 0.22383113223172035
		outer loop
			vertex -0.08419035375118256 -0.20325349271297455 0.00500000715255744
			vertex -0.04291987046599388 -0.21577276289463043 0.00500000715255744
			vertex -0.025361740961670876 -0.12750208377838124 0.3949999928474427
		endloop
	endfacet
	facet normal -0.09553016771067879 -0.969934848712816 0.22383113346810396
		outer loop
			vertex -0.025361740961670876 -0.12750208377838124 0.3949999928474427
			vertex -0.04291987046599388 -0.21577276289463043 0.00500000715255744
			vertex -3.1840815520236404e-17 -0.1299999952316283 0.3949999928474427
		endloop
	endfacet
	facet normal -0.0955301907949754 -0.9699348459910915 0.2238311354099634
		outer loop
			vertex -0.04291987046599388 -0.21577276289463043 0.00500000715255744
			vertex -5.3884457543280445e-17 -0.2199999988079071 0.00500000715255744
			vertex -3.1840815520236404e-17 -0.1299999952316283 0.3949999928474427
		endloop
	endfacet
	facet normal -4.2056669210505955e-17 4.2700887128765245e-16 1
		outer loop
			vertex 0 -0.1299999952316283 0.3949999928474427
			vertex 0.025361740961670876 -0.12750208377838124 0.3949999928474427
			vertex 0 8.770761735720059e-17 0.39499999284744264
		endloop
	endfacet
	facet normal -1.245537935338931e-16 4.1059917322491955e-16 1
		outer loop
			vertex 0.025361740961670876 -0.12750208377838124 0.3949999928474427
			vertex 0.049748845398426056 -0.12010434269905082 0.3949999928474427
			vertex 0 8.770761735720059e-17 0.39499999284744264
		endloop
	endfacet
	facet normal -2.0226456972871623e-16 3.7841031723662983e-16 1
		outer loop
			vertex 0.049748845398426056 -0.12010434269905082 0.3949999928474427
			vertex 0.07222413271665573 -0.10809104889631263 0.3949999928474427
			vertex 0 8.770761735720059e-17 0.39499999284744264
		endloop
	endfacet
	facet normal -2.7220222139735144e-16 3.3167947053301295e-16 1
		outer loop
			vertex 0.07222413271665573 -0.10809104889631263 0.3949999928474427
			vertex 0.09192388504743576 -0.09192388504743568 0.3949999928474427
			vertex 0 8.770761735720059e-17 0.39499999284744264
		endloop
	endfacet
	facet normal -3.3167947053301295e-16 2.7220222139735144e-16 1
		outer loop
			vertex 0.09192388504743576 -0.09192388504743568 0.3949999928474427
			vertex 0.10809104889631271 -0.07222413271665565 0.3949999928474427
			vertex 0 8.770761735720059e-17 0.39499999284744264
		endloop
	endfacet
	facet normal 8.37607817992393e-16 2.0221642454991605e-15 1
		outer loop
			vertex 0.10809104889631271 -0.07222413271665565 0.3949999928474427
			vertex 0.1201043426990509 -0.04974884539842597 0.39499999284744264
			vertex 0 8.770761735720059e-17 0.39499999284744264
		endloop
	endfacet
	facet normal 0 0 1
		outer loop
			vertex 0.1201043426990509 -0.04974884539842597 0.39499999284744264
			vertex 0.12750208377838135 -0.02536174096167079 0.39499999284744264
			vertex 0 8.770761735720059e-17 0.39499999284744264
		endloop
	endfacet
	facet normal 0 0 1
		outer loop
			vertex 0.12750208377838135 -0.02536174096167079 0.39499999284744264
			vertex 0.12999999523162842 7.974741347714149e-17 0.39499999284744264
			vertex 0 8.770761735720059e-17 0.39499999284744264
		endloop
	endfacet
	facet normal 0 0 1
		outer loop
			vertex 0.12999999523162842 7.974741347714149e-17 0.39499999284744264
			vertex 0.12750208377838135 0.025361740961670962 0.39499999284744264
			vertex 0 8.770761735720059e-17 0.39499999284744264
		endloop
	endfacet
	facet normal 0 0 1
		outer loop
			vertex 0.12750208377838135 0.025361740961670962 0.39499999284744264
			vertex 0.1201043426990509 0.04974884539842614 0.39499999284744264
			vertex 0 8.770761735720059e-17 0.39499999284744264
		endloop
	endfacet
	facet normal -8.376078179923928e-16 2.0221642454991605e-15 1
		outer loop
			vertex 0.1201043426990509 0.04974884539842614 0.39499999284744264
			vertex 0.10809104889631271 0.07222413271665581 0.3949999928474426
			vertex 0 8.770761735720059e-17 0.39499999284744264
		endloop
	endfacet
	facet normal 3.3167947053301295e-16 2.7220222139735144e-16 1
		outer loop
			vertex 0.10809104889631271 0.07222413271665581 0.3949999928474426
			vertex 0.09192388504743576 0.09192388504743584 0.3949999928474426
			vertex 0 8.770761735720059e-17 0.39499999284744264
		endloop
	endfacet
	facet normal 2.7220222139735144e-16 3.3167947053301295e-16 1
		outer loop
			vertex 0.09192388504743576 0.09192388504743584 0.3949999928474426
			vertex 0.07222413271665573 0.1080910488963128 0.3949999928474426
			vertex 0 8.770761735720059e-17 0.39499999284744264
		endloop
	endfacet
	facet normal 2.0226456972871623e-16 3.7841031723662983e-16 1
		outer loop
			vertex 0.07222413271665573 0.1080910488963128 0.3949999928474426
			vertex 0.049748845398426056 0.12010434269905099 0.3949999928474426
			vertex 0 8.770761735720059e-17 0.39499999284744264
		endloop
	endfacet
	facet normal 1.2455379353389393e-16 4.1059917322491915e-16 1
		outer loop
			vertex 0.049748845398426056 0.12010434269905099 0.3949999928474426
			vertex 0.025361740961670876 0.12750208377838146 0.3949999928474426
			vertex 0 8.770761735720059e-17 0.39499999284744264
		endloop
	endfacet
	facet normal 4.2056669210505955e-17 4.270088712876522e-16 1
		outer loop
			vertex 0.025361740961670876 0.12750208377838146 0.3949999928474426
			vertex 1.5920407760118202e-17 0.12999999523162853 0.3949999928474426
			vertex 0 8.770761735720059e-17 0.39499999284744264
		endloop
	endfacet
	facet normal -4.2056669210505893e-17 4.2700887128765215e-16 1
		outer loop
			vertex 1.5920407760118202e-17 0.12999999523162853 0.3949999928474426
			vertex -0.025361740961670876 0.12750208377838146 0.3949999928474426
			vertex 0 8.770761735720059e-17 0.39499999284744264
		endloop
	endfacet
	facet normal -1.2455379353389395e-16 4.1059917322491925e-16 1
		outer loop
			vertex -0.025361740961670876 0.12750208377838146 0.3949999928474426
			vertex -0.049748845398426056 0.12010434269905099 0.3949999928474426
			vertex 0 8.770761735720059e-17 0.39499999284744264
		endloop
	endfacet
	facet normal -2.0226456972871623e-16 3.7841031723662983e-16 1
		outer loop
			vertex -0.049748845398426056 0.12010434269905099 0.3949999928474426
			vertex -0.07222413271665573 0.1080910488963128 0.3949999928474426
			vertex 0 8.770761735720059e-17 0.39499999284744264
		endloop
	endfacet
	facet normal -2.7220222139735144e-16 3.3167947053301295e-16 1
		outer loop
			vertex -0.07222413271665573 0.1080910488963128 0.3949999928474426
			vertex -0.09192388504743576 0.09192388504743584 0.3949999928474426
			vertex 0 8.770761735720059e-17 0.39499999284744264
		endloop
	endfacet
	facet normal -3.3167947053301295e-16 2.7220222139735144e-16 1
		outer loop
			vertex -0.09192388504743576 0.09192388504743584 0.3949999928474426
			vertex -0.10809104889631271 0.07222413271665581 0.3949999928474426
			vertex 0 8.770761735720059e-17 0.39499999284744264
		endloop
	endfacet
	facet normal 8.376078179923927e-16 2.0221642454991605e-15 1
		outer loop
			vertex -0.10809104889631271 0.07222413271665581 0.3949999928474426
			vertex -0.1201043426990509 0.04974884539842614 0.39499999284744264
			vertex 0 8.770761735720059e-17 0.39499999284744264
		endloop
	endfacet
	facet normal 0 0 1
		outer loop
			vertex -0.1201043426990509 0.04974884539842614 0.39499999284744264
			vertex -0.12750208377838135 0.025361740961670962 0.39499999284744264
			vertex 0 8.770761735720059e-17 0.39499999284744264
		endloop
	endfacet
	facet normal 0 0 1
		outer loop
			vertex -0.12750208377838135 0.025361740961670962 0.39499999284744264
			vertex -0.12999999523162842 1.115882306517391e-16 0.39499999284744264
			vertex 0 8.770761735720059e-17 0.39499999284744264
		endloop
	endfacet
	facet normal 0 0 1
		outer loop
			vertex -0.12999999523162842 1.115882306517391e-16 0.39499999284744264
			vertex -0.12750208377838135 -0.02536174096167079 0.39499999284744264
			vertex 0 8.770761735720059e-17 0.39499999284744264
		endloop
	endfacet
	facet normal 0 0 1
		outer loop
			vertex -0.12750208377838135 -0.02536174096167079 0.39499999284744264
			vertex -0.1201043426990509 -0.04974884539842597 0.39499999284744264
			vertex 0 8.770761735720059e-17 0.39499999284744264
		endloop
	endfacet
	facet normal -8.376078179923928e-16 2.0221642454991605e-15 1
		outer loop
			vertex -0.1201043426990509 -0.04974884539842597 0.39499999284744264
			vertex -0.10809104889631271 -0.07222413271665565 0.3949999928474427
			vertex 0 8.770761735720059e-17 0.39499999284744264
		endloop
	endfacet
	facet normal 3.3167947053301295e-16 2.7220222139735144e-16 1
		outer loop
			vertex -0.10809104889631271 -0.07222413271665565 0.3949999928474427
			vertex -0.09192388504743576 -0.09192388504743568 0.3949999928474427
			vertex 0 8.770761735720059e-17 0.39499999284744264
		endloop
	endfacet
	facet normal 2.7220222139735144e-16 3.3167947053301295e-16 1
		outer loop
			vertex -0.09192388504743576 -0.09192388504743568 0.3949999928474427
			vertex -0.07222413271665573 -0.10809104889631263 0.3949999928474427
			vertex 0 8.770761735720059e-17 0.39499999284744264
		endloop
	endfacet
	facet normal 2.0226456972871623e-16 3.7841031723662983e-16 1
		outer loop
			vertex -0.07222413271665573 -0.10809104889631263 0.3949999928474427
			vertex -0.049748845398426056 -0.12010434269905082 0.3949999928474427
			vertex 0 8.770761735720059e-17 0.39499999284744264
		endloop
	endfacet
	facet normal 1.2455379353389311e-16 4.1059917322491964e-16 1
		outer loop
			vertex -0.049748845398426056 -0.12010434269905082 0.3949999928474427
			vertex -0.025361740961670876 -0.12750208377838124 0.3949999928474427
			vertex 0 8.770761735720059e-17 0.39499999284744264
		endloop
	endfacet
	facet normal 4.2056669210506e-17 4.270088712876524e-16 1
		outer loop
			vertex -0.025361740961670876 -0.12750208377838124 0.3949999928474427
			vertex -3.1840815520236404e-17 -0.1299999952316283 0.3949999928474427
			vertex 0 8.770761735720059e-17 0.39499999284744264
		endloop
	endfacet
	facet normal 2.4851673467945597e-17 -2.5232341605477626e-16 -1
		outer loop
			vertex 0.04291987046599388 -0.21577276289463043 0.00500000715255744
			vertex 0 -0.2199999988079071 0.00500000715255744
			vertex 0 1.1102246128119351e-18 0.005000007152557384
		endloop
	endfacet
	facet normal 7.360005785187289e-17 -2.4262675965052767e-16 -1
		outer loop
			vertex 0.08419035375118256 -0.20325349271297455 0.00500000715255744
			vertex 0.04291987046599388 -0.21577276289463043 0.00500000715255744
			vertex 0 1.1102246128119351e-18 0.005000007152557384
		endloop
	endfacet
	facet normal -4.779378447378732e-16 -4.710812403407475e-16 -1
		outer loop
			vertex 0.12222544848918915 -0.1829233169555664 0.005000007152557412
			vertex 0.08419035375118256 -0.20325349271297455 0.00500000715255744
			vertex 0 1.1102246128119351e-18 0.005000007152557384
		endloop
	endfacet
	facet normal 8.042341172945882e-17 -9.799618958538467e-17 -1
		outer loop
			vertex 0.15556348860263824 -0.15556348860263824 0.005000007152557412
			vertex 0.12222544848918915 -0.1829233169555664 0.005000007152557412
			vertex 0 1.1102246128119351e-18 0.005000007152557384
		endloop
	endfacet
	facet normal 9.799618958538467e-17 -8.042341172945882e-17 -1
		outer loop
			vertex 0.1829233169555664 -0.12222544848918915 0.005000007152557412
			vertex 0.15556348860263824 -0.15556348860263824 0.005000007152557412
			vertex 0 1.1102246128119351e-18 0.005000007152557384
		endloop
	endfacet
	facet normal 1.1180306296763766e-16 -5.975996473797055e-17 -1
		outer loop
			vertex 0.20325349271297455 -0.08419035375118256 0.005000007152557412
			vertex 0.1829233169555664 -0.12222544848918915 0.005000007152557412
			vertex 0 1.1102246128119351e-18 0.005000007152557384
		endloop
	endfacet
	facet normal -1.2616170525342167e-16 -6.34257732338625e-16 -1
		outer loop
			vertex 0.21577276289463043 -0.04291987046599388 0.005000007152557384
			vertex 0.20325349271297455 -0.08419035375118256 0.005000007152557412
			vertex 0 1.1102246128119351e-18 0.005000007152557384
		endloop
	endfacet
	facet normal 0 0 -1
		outer loop
			vertex 0.2199999988079071 -1.2360889773008176e-17 0.005000007152557384
			vertex 0.21577276289463043 -0.04291987046599388 0.005000007152557384
			vertex 0 1.1102246128119351e-18 0.005000007152557384
		endloop
	endfacet
	facet normal 0 0 -1
		outer loop
			vertex 0.21577276289463043 0.04291987046599388 0.005000007152557384
			vertex 0.2199999988079071 -1.2360889773008176e-17 0.005000007152557384
			vertex 0 1.1102246128119351e-18 0.005000007152557384
		endloop
	endfacet
	facet normal 1.2616170525342167e-16 -6.34257732338625e-16 -1
		outer loop
			vertex 0.20325349271297455 0.08419035375118256 0.005000007152557356
			vertex 0.21577276289463043 0.04291987046599388 0.005000007152557384
			vertex 0 1.1102246128119351e-18 0.005000007152557384
		endloop
	endfacet
	facet normal -1.1180306296763766e-16 -5.975996473797055e-17 -1
		outer loop
			vertex 0.1829233169555664 0.12222544848918915 0.005000007152557356
			vertex 0.20325349271297455 0.08419035375118256 0.005000007152557356
			vertex 0 1.1102246128119351e-18 0.005000007152557384
		endloop
	endfacet
	facet normal -9.799618958538467e-17 -8.042341172945882e-17 -1
		outer loop
			vertex 0.15556348860263824 0.15556348860263824 0.005000007152557356
			vertex 0.1829233169555664 0.12222544848918915 0.005000007152557356
			vertex 0 1.1102246128119351e-18 0.005000007152557384
		endloop
	endfacet
	facet normal -8.042341172945882e-17 -9.799618958538467e-17 -1
		outer loop
			vertex 0.12222544848918915 0.1829233169555664 0.005000007152557356
			vertex 0.15556348860263824 0.15556348860263824 0.005000007152557356
			vertex 0 1.1102246128119351e-18 0.005000007152557384
		endloop
	endfacet
	facet normal 4.779378447378732e-16 -4.710812403407475e-16 -1
		outer loop
			vertex 0.08419035375118256 0.20325349271297455 0.005000007152557329
			vertex 0.12222544848918915 0.1829233169555664 0.005000007152557356
			vertex 0 1.1102246128119351e-18 0.005000007152557384
		endloop
	endfacet
	facet normal -7.360005785187289e-17 -2.4262675965052767e-16 -1
		outer loop
			vertex 0.04291987046599388 0.21577276289463043 0.005000007152557329
			vertex 0.08419035375118256 0.20325349271297455 0.005000007152557329
			vertex 0 1.1102246128119351e-18 0.005000007152557384
		endloop
	endfacet
	facet normal -2.485167346794561e-17 -2.5232341605477626e-16 -1
		outer loop
			vertex 2.6942228771640223e-17 0.2199999988079071 0.005000007152557329
			vertex 0.04291987046599388 0.21577276289463043 0.005000007152557329
			vertex 0 1.1102246128119351e-18 0.005000007152557384
		endloop
	endfacet
	facet normal 2.4851673467945575e-17 -2.5232341605477626e-16 -1
		outer loop
			vertex -0.04291987046599388 0.21577276289463043 0.005000007152557329
			vertex 2.6942228771640223e-17 0.2199999988079071 0.005000007152557329
			vertex 0 1.1102246128119351e-18 0.005000007152557384
		endloop
	endfacet
	facet normal 7.360005785187289e-17 -2.4262675965052767e-16 -1
		outer loop
			vertex -0.08419035375118256 0.20325349271297455 0.005000007152557329
			vertex -0.04291987046599388 0.21577276289463043 0.005000007152557329
			vertex 0 1.1102246128119351e-18 0.005000007152557384
		endloop
	endfacet
	facet normal -4.779378447378732e-16 -4.710812403407475e-16 -1
		outer loop
			vertex -0.12222544848918915 0.1829233169555664 0.005000007152557356
			vertex -0.08419035375118256 0.20325349271297455 0.005000007152557329
			vertex 0 1.1102246128119351e-18 0.005000007152557384
		endloop
	endfacet
	facet normal 8.042341172945882e-17 -9.799618958538467e-17 -1
		outer loop
			vertex -0.15556348860263824 0.15556348860263824 0.005000007152557356
			vertex -0.12222544848918915 0.1829233169555664 0.005000007152557356
			vertex 0 1.1102246128119351e-18 0.005000007152557384
		endloop
	endfacet
	facet normal 9.799618958538467e-17 -8.042341172945882e-17 -1
		outer loop
			vertex -0.1829233169555664 0.12222544848918915 0.005000007152557356
			vertex -0.15556348860263824 0.15556348860263824 0.005000007152557356
			vertex 0 1.1102246128119351e-18 0.005000007152557384
		endloop
	endfacet
	facet normal 1.1180306296763766e-16 -5.975996473797055e-17 -1
		outer loop
			vertex -0.20325349271297455 0.08419035375118256 0.005000007152557356
			vertex -0.1829233169555664 0.12222544848918915 0.005000007152557356
			vertex 0 1.1102246128119351e-18 0.005000007152557384
		endloop
	endfacet
	facet normal -1.2616170525342167e-16 -6.34257732338625e-16 -1
		outer loop
			vertex -0.21577276289463043 0.04291987046599388 0.005000007152557384
			vertex -0.20325349271297455 0.08419035375118256 0.005000007152557356
			vertex 0 1.1102246128119351e-18 0.005000007152557384
		endloop
	endfacet
	facet normal 0 0 -1
		outer loop
			vertex -0.2199999988079071 4.1523569424633494e-17 0.005000007152557384
			vertex -0.21577276289463043 0.04291987046599388 0.005000007152557384
			vertex 0 1.1102246128119351e-18 0.005000007152557384
		endloop
	endfacet
	facet normal 0 0 -1
		outer loop
			vertex -0.21577276289463043 -0.04291987046599388 0.005000007152557384
			vertex -0.2199999988079071 4.1523569424633494e-17 0.005000007152557384
			vertex 0 1.1102246128119351e-18 0.005000007152557384
		endloop
	endfacet
	facet normal 1.2616170525342167e-16 -6.34257732338625e-16 -1
		outer loop
			vertex -0.20325349271297455 -0.08419035375118256 0.005000007152557412
			vertex -0.21577276289463043 -0.04291987046599388 0.005000007152557384
			vertex 0 1.1102246128119351e-18 0.005000007152557384
		endloop
	endfacet
	facet normal -1.1180306296763766e-16 -5.975996473797055e-17 -1
		outer loop
			vertex -0.1829233169555664 -0.12222544848918915 0.005000007152557412
			vertex -0.20325349271297455 -0.08419035375118256 0.005000007152557412
			vertex 0 1.1102246128119351e-18 0.005000007152557384
		endloop
	endfacet
	facet normal -9.799618958538467e-17 -8.042341172945882e-17 -1
		outer loop
			vertex -0.15556348860263824 -0.15556348860263824 0.005000007152557412
			vertex -0.1829233169555664 -0.12222544848918915 0.005000007152557412
			vertex 0 1.1102246128119351e-18 0.005000007152557384
		endloop
	endfacet
	facet normal -8.042341172945882e-17 -9.799618958538467e-17 -1
		outer loop
			vertex -0.12222544848918915 -0.1829233169555664 0.005000007152557412
			vertex -0.15556348860263824 -0.15556348860263824 0.005000007152557412
			vertex 0 1.1102246128119351e-18 0.005000007152557384
		endloop
	endfacet
	facet normal 4.779378447378732e-16 -4.710812403407475e-16 -1
		outer loop
			vertex -0.08419035375118256 -0.20325349271297455 0.00500000715255744
			vertex -0.12222544848918915 -0.1829233169555664 0.005000007152557412
			vertex 0 1.1102246128119351e-18 0.005000007152557384
		endloop
	endfacet
	facet normal -7.360005785187289e-17 -2.4262675965052767e-16 -1
		outer loop
			vertex -0.04291987046599388 -0.21577276289463043 0.00500000715255744
			vertex -0.08419035375118256 -0.20325349271297455 0.00500000715255744
			vertex 0 1.1102246128119351e-18 0.005000007152557384
		endloop
	endfacet
	facet normal -2.4851673467945634e-17 -2.523234160547763e-16 -1
		outer loop
			vertex -5.3884457543280445e-17 -0.2199999988079071 0.00500000715255744
			vertex -0.04291987046599388 -0.21577276289463043 0.00500000715255744
			vertex 0 1.1102246128119351e-18 0.005000007152557384
		endloop
	endfacet
	facet normal 0.0980172144038039 -0.9951847193765181 0
		outer loop
			vertex 0 -0.18999999761581413 0.42750000007450584
			vertex 0 -0.18999999761581413 0.3924999999254942
			vertex 0.03706716001033783 -0.18634919822216026 0.42750000007450584
		endloop
	endfacet
	facet normal 0.0980172144038039 -0.9951847193765181 0
		outer loop
			vertex 0 -0.18999999761581413 0.3924999999254942
			vertex 0.03706716001033783 -0.18634919822216026 0.3924999999254942
			vertex 0.03706716001033783 -0.18634919822216026 0.42750000007450584
		endloop
	endfacet
	facet normal 0.2902845973663054 -0.9569403599660127 0
		outer loop
			vertex 0.03706716001033783 -0.18634919822216026 0.42750000007450584
			vertex 0.03706716001033783 -0.18634919822216026 0.3924999999254942
			vertex 0.07270985096693039 -0.17553710937499992 0.42750000007450584
		endloop
	endfacet
	facet normal 0.2902845973663054 -0.9569403599660127 0
		outer loop
			vertex 0.03706716001033783 -0.18634919822216026 0.3924999999254942
			vertex 0.07270985096693039 -0.17553710937499992 0.3924999999254942
			vertex 0.07270985096693039 -0.17553710937499992 0.42750000007450584
		endloop
	endfacet
	facet normal 0.47139682679434713 -0.8819212162592645 0
		outer loop
			vertex 0.07270985096693039 -0.17553710937499992 0.42750000007450584
			vertex 0.07270985096693039 -0.17553710937499992 0.3924999999254942
			vertex 0.10555834323167801 -0.15797922015190116 0.42750000007450584
		endloop
	endfacet
	facet normal 0.47139682679434713 -0.8819212162592645 0
		outer loop
			vertex 0.07270985096693039 -0.17553710937499992 0.3924999999254942
			vertex 0.10555834323167801 -0.15797922015190116 0.3924999999254942
			vertex 0.10555834323167801 -0.15797922015190116 0.42750000007450584
		endloop
	endfacet
	facet normal 0.6343932731894495 -0.7730104623690267 0
		outer loop
			vertex 0.10555834323167801 -0.15797922015190116 0.42750000007450584
			vertex 0.10555834323167801 -0.15797922015190116 0.3924999999254942
			vertex 0.13435028493404388 -0.1343502849340438 0.42750000007450584
		endloop
	endfacet
	facet normal 0.6343932731894495 -0.7730104623690267 0
		outer loop
			vertex 0.10555834323167801 -0.15797922015190116 0.3924999999254942
			vertex 0.13435028493404388 -0.1343502849340438 0.3924999999254942
			vertex 0.13435028493404388 -0.1343502849340438 0.42750000007450584
		endloop
	endfacet
	facet normal 0.773010462369027 -0.6343932731894494 0
		outer loop
			vertex 0.13435028493404388 -0.1343502849340438 0.42750000007450584
			vertex 0.13435028493404388 -0.1343502849340438 0.3924999999254942
			vertex 0.15797922015190125 -0.10555834323167791 0.4275000000745058
		endloop
	endfacet
	facet normal 0.773010462369027 -0.6343932731894494 0
		outer loop
			vertex 0.13435028493404388 -0.1343502849340438 0.3924999999254942
			vertex 0.15797922015190125 -0.10555834323167791 0.39249999992549417
			vertex 0.15797922015190125 -0.10555834323167791 0.4275000000745058
		endloop
	endfacet
	facet normal 0.8819212162592645 -0.47139682679434713 0
		outer loop
			vertex 0.15797922015190125 -0.10555834323167791 0.4275000000745058
			vertex 0.15797922015190125 -0.10555834323167791 0.39249999992549417
			vertex 0.175537109375 -0.07270985096693029 0.4275000000745058
		endloop
	endfacet
	facet normal 0.8819212162592645 -0.47139682679434713 0
		outer loop
			vertex 0.15797922015190125 -0.10555834323167791 0.39249999992549417
			vertex 0.175537109375 -0.07270985096693029 0.39249999992549417
			vertex 0.175537109375 -0.07270985096693029 0.4275000000745058
		endloop
	endfacet
	facet normal 0.9569403599660127 -0.2902845973663054 0
		outer loop
			vertex 0.175537109375 -0.07270985096693029 0.4275000000745058
			vertex 0.175537109375 -0.07270985096693029 0.39249999992549417
			vertex 0.18634919822216034 -0.03706716001033773 0.4275000000745058
		endloop
	endfacet
	facet normal 0.9569403599660128 -0.2902845973663055 1.1510022939929065e-16
		outer loop
			vertex 0.175537109375 -0.07270985096693029 0.39249999992549417
			vertex 0.18634919822216034 -0.037067160010337746 0.39249999992549417
			vertex 0.18634919822216034 -0.03706716001033773 0.4275000000745058
		endloop
	endfacet
	facet normal 0.995184719376518 -0.09801721440380391 3.886463134907898e-17
		outer loop
			vertex 0.18634919822216034 -0.03706716001033773 0.4275000000745058
			vertex 0.18634919822216034 -0.037067160010337746 0.39249999992549417
			vertex 0.1899999976158142 8.328992385330764e-17 0.4275000000745058
		endloop
	endfacet
	facet normal 0.9951847193765179 -0.09801721440380387 2.176419364814472e-17
		outer loop
			vertex 0.18634919822216034 -0.037067160010337746 0.39249999992549417
			vertex 0.1899999976158142 7.551836264784432e-17 0.39249999992549417
			vertex 0.1899999976158142 8.328992385330764e-17 0.4275000000745058
		endloop
	endfacet
	facet normal 0.995184719376518 0.09801721440380384 -2.1764193648144712e-17
		outer loop
			vertex 0.1899999976158142 8.328992385330764e-17 0.4275000000745058
			vertex 0.1899999976158142 7.551836264784432e-17 0.39249999992549417
			vertex 0.18634919822216034 0.03706716001033793 0.4275000000745058
		endloop
	endfacet
	facet normal 0.995184719376518 0.09801721440380386 -3.8864631349078954e-17
		outer loop
			vertex 0.1899999976158142 7.551836264784432e-17 0.39249999992549417
			vertex 0.18634919822216034 0.03706716001033791 0.39249999992549417
			vertex 0.18634919822216034 0.03706716001033793 0.4275000000745058
		endloop
	endfacet
	facet normal 0.9569403599660127 0.2902845973663054 -1.151002293992906e-16
		outer loop
			vertex 0.18634919822216034 0.03706716001033793 0.4275000000745058
			vertex 0.18634919822216034 0.03706716001033791 0.39249999992549417
			vertex 0.175537109375 0.07270985096693049 0.4275000000745058
		endloop
	endfacet
	facet normal 0.9569403599660129 0.29028459736630535 0
		outer loop
			vertex 0.18634919822216034 0.03706716001033791 0.39249999992549417
			vertex 0.175537109375 0.07270985096693049 0.39249999992549417
			vertex 0.175537109375 0.07270985096693049 0.4275000000745058
		endloop
	endfacet
	facet normal 0.8819212162592645 0.47139682679434713 0
		outer loop
			vertex 0.175537109375 0.07270985096693049 0.4275000000745058
			vertex 0.175537109375 0.07270985096693049 0.39249999992549417
			vertex 0.15797922015190125 0.1055583432316781 0.4275000000745058
		endloop
	endfacet
	facet normal 0.8819212162592645 0.47139682679434713 0
		outer loop
			vertex 0.175537109375 0.07270985096693049 0.39249999992549417
			vertex 0.15797922015190125 0.1055583432316781 0.39249999992549417
			vertex 0.15797922015190125 0.1055583432316781 0.4275000000745058
		endloop
	endfacet
	facet normal 0.7730104623690266 0.6343932731894497 0
		outer loop
			vertex 0.15797922015190125 0.1055583432316781 0.4275000000745058
			vertex 0.15797922015190125 0.1055583432316781 0.39249999992549417
			vertex 0.13435028493404388 0.13435028493404397 0.4275000000745057
		endloop
	endfacet
	facet normal 0.7730104623690266 0.6343932731894497 0
		outer loop
			vertex 0.15797922015190125 0.1055583432316781 0.39249999992549417
			vertex 0.13435028493404388 0.13435028493404397 0.3924999999254941
			vertex 0.13435028493404388 0.13435028493404397 0.4275000000745057
		endloop
	endfacet
	facet normal 0.6343932731894495 0.7730104623690267 0
		outer loop
			vertex 0.13435028493404388 0.13435028493404397 0.4275000000745057
			vertex 0.13435028493404388 0.13435028493404397 0.3924999999254941
			vertex 0.10555834323167801 0.15797922015190133 0.4275000000745057
		endloop
	endfacet
	facet normal 0.6343932731894495 0.7730104623690267 0
		outer loop
			vertex 0.13435028493404388 0.13435028493404397 0.3924999999254941
			vertex 0.10555834323167801 0.15797922015190133 0.3924999999254941
			vertex 0.10555834323167801 0.15797922015190133 0.4275000000745057
		endloop
	endfacet
	facet normal 0.47139682679434713 0.8819212162592645 0
		outer loop
			vertex 0.10555834323167801 0.15797922015190133 0.4275000000745057
			vertex 0.10555834323167801 0.15797922015190133 0.3924999999254941
			vertex 0.07270985096693039 0.17553710937500008 0.4275000000745057
		endloop
	endfacet
	facet normal 0.47139682679434713 0.8819212162592645 0
		outer loop
			vertex 0.10555834323167801 0.15797922015190133 0.3924999999254941
			vertex 0.07270985096693039 0.17553710937500008 0.3924999999254941
			vertex 0.07270985096693039 0.17553710937500008 0.4275000000745057
		endloop
	endfacet
	facet normal 0.2902845973663054 0.9569403599660127 0
		outer loop
			vertex 0.07270985096693039 0.17553710937500008 0.4275000000745057
			vertex 0.07270985096693039 0.17553710937500008 0.3924999999254941
			vertex 0.03706716001033783 0.18634919822216042 0.4275000000745057
		endloop
	endfacet
	facet normal 0.2902845973663054 0.9569403599660127 0
		outer loop
			vertex 0.07270985096693039 0.17553710937500008 0.3924999999254941
			vertex 0.03706716001033783 0.18634919822216042 0.3924999999254941
			vertex 0.03706716001033783 0.18634919822216042 0.4275000000745057
		endloop
	endfacet
	facet normal 0.09801721440380393 0.995184719376518 0
		outer loop
			vertex 0.03706716001033783 0.18634919822216042 0.4275000000745057
			vertex 0.03706716001033783 0.18634919822216042 0.3924999999254941
			vertex 2.32682895373737e-17 0.1899999976158143 0.4275000000745057
		endloop
	endfacet
	facet normal 0.09801721440380393 0.995184719376518 0
		outer loop
			vertex 0.03706716001033783 0.18634919822216042 0.3924999999254941
			vertex 2.32682895373737e-17 0.1899999976158143 0.3924999999254941
			vertex 2.32682895373737e-17 0.1899999976158143 0.4275000000745057
		endloop
	endfacet
	facet normal -0.09801721440380383 0.995184719376518 0
		outer loop
			vertex 2.32682895373737e-17 0.1899999976158143 0.4275000000745057
			vertex 2.32682895373737e-17 0.1899999976158143 0.3924999999254941
			vertex -0.03706716001033783 0.18634919822216042 0.4275000000745057
		endloop
	endfacet
	facet normal -0.09801721440380383 0.995184719376518 0
		outer loop
			vertex 2.32682895373737e-17 0.1899999976158143 0.3924999999254941
			vertex -0.03706716001033783 0.18634919822216042 0.3924999999254941
			vertex -0.03706716001033783 0.18634919822216042 0.4275000000745057
		endloop
	endfacet
	facet normal -0.2902845973663054 0.9569403599660127 0
		outer loop
			vertex -0.03706716001033783 0.18634919822216042 0.4275000000745057
			vertex -0.03706716001033783 0.18634919822216042 0.3924999999254941
			vertex -0.07270985096693039 0.17553710937500008 0.4275000000745057
		endloop
	endfacet
	facet normal -0.2902845973663054 0.9569403599660127 0
		outer loop
			vertex -0.03706716001033783 0.18634919822216042 0.3924999999254941
			vertex -0.07270985096693039 0.17553710937500008 0.3924999999254941
			vertex -0.07270985096693039 0.17553710937500008 0.4275000000745057
		endloop
	endfacet
	facet normal -0.47139682679434713 0.8819212162592645 0
		outer loop
			vertex -0.07270985096693039 0.17553710937500008 0.4275000000745057
			vertex -0.07270985096693039 0.17553710937500008 0.3924999999254941
			vertex -0.10555834323167801 0.15797922015190133 0.4275000000745057
		endloop
	endfacet
	facet normal -0.47139682679434713 0.8819212162592645 0
		outer loop
			vertex -0.07270985096693039 0.17553710937500008 0.3924999999254941
			vertex -0.10555834323167801 0.15797922015190133 0.3924999999254941
			vertex -0.10555834323167801 0.15797922015190133 0.4275000000745057
		endloop
	endfacet
	facet normal -0.6343932731894495 0.7730104623690267 0
		outer loop
			vertex -0.10555834323167801 0.15797922015190133 0.4275000000745057
			vertex -0.10555834323167801 0.15797922015190133 0.3924999999254941
			vertex -0.13435028493404388 0.13435028493404397 0.4275000000745057
		endloop
	endfacet
	facet normal -0.6343932731894495 0.7730104623690267 0
		outer loop
			vertex -0.10555834323167801 0.15797922015190133 0.3924999999254941
			vertex -0.13435028493404388 0.13435028493404397 0.3924999999254941
			vertex -0.13435028493404388 0.13435028493404397 0.4275000000745057
		endloop
	endfacet
	facet normal -0.7730104623690266 0.6343932731894497 0
		outer loop
			vertex -0.13435028493404388 0.13435028493404397 0.4275000000745057
			vertex -0.13435028493404388 0.13435028493404397 0.3924999999254941
			vertex -0.15797922015190125 0.1055583432316781 0.4275000000745058
		endloop
	endfacet
	facet normal -0.7730104623690266 0.6343932731894497 0
		outer loop
			vertex -0.13435028493404388 0.13435028493404397 0.3924999999254941
			vertex -0.15797922015190125 0.1055583432316781 0.39249999992549417
			vertex -0.15797922015190125 0.1055583432316781 0.4275000000745058
		endloop
	endfacet
	facet normal -0.8819212162592645 0.47139682679434713 0
		outer loop
			vertex -0.15797922015190125 0.1055583432316781 0.4275000000745058
			vertex -0.15797922015190125 0.1055583432316781 0.39249999992549417
			vertex -0.175537109375 0.07270985096693049 0.4275000000745058
		endloop
	endfacet
	facet normal -0.8819212162592645 0.47139682679434713 0
		outer loop
			vertex -0.15797922015190125 0.1055583432316781 0.39249999992549417
			vertex -0.175537109375 0.07270985096693049 0.39249999992549417
			vertex -0.175537109375 0.07270985096693049 0.4275000000745058
		endloop
	endfacet
	facet normal -0.9569403599660127 0.2902845973663054 0
		outer loop
			vertex -0.175537109375 0.07270985096693049 0.4275000000745058
			vertex -0.175537109375 0.07270985096693049 0.39249999992549417
			vertex -0.18634919822216034 0.03706716001033793 0.4275000000745058
		endloop
	endfacet
	facet normal -0.9569403599660129 0.29028459736630535 -1.151002293992906e-16
		outer loop
			vertex -0.175537109375 0.07270985096693049 0.39249999992549417
			vertex -0.18634919822216034 0.03706716001033791 0.39249999992549417
			vertex -0.18634919822216034 0.03706716001033793 0.4275000000745058
		endloop
	endfacet
	facet normal -0.995184719376518 0.09801721440380397 -3.8864631349079e-17
		outer loop
			vertex -0.18634919822216034 0.03706716001033793 0.4275000000745058
			vertex -0.18634919822216034 0.03706716001033791 0.39249999992549417
			vertex -0.1899999976158142 1.298265012736938e-16 0.4275000000745058
		endloop
	endfacet
	facet normal -0.995184719376518 0.098017214403804 -2.1764193648144746e-17
		outer loop
			vertex -0.18634919822216034 0.03706716001033791 0.39249999992549417
			vertex -0.1899999976158142 1.2205494006823048e-16 0.39249999992549417
			vertex -0.1899999976158142 1.298265012736938e-16 0.4275000000745058
		endloop
	endfacet
	facet normal -0.995184719376518 -0.0980172144038038 2.1764193648144703e-17
		outer loop
			vertex -0.1899999976158142 1.298265012736938e-16 0.4275000000745058
			vertex -0.1899999976158142 1.2205494006823048e-16 0.39249999992549417
			vertex -0.18634919822216034 -0.03706716001033773 0.4275000000745058
		endloop
	endfacet
	facet normal -0.9951847193765179 -0.09801721440380375 3.886463134907891e-17
		outer loop
			vertex -0.1899999976158142 1.2205494006823048e-16 0.39249999992549417
			vertex -0.18634919822216034 -0.037067160010337746 0.39249999992549417
			vertex -0.18634919822216034 -0.03706716001033773 0.4275000000745058
		endloop
	endfacet
	facet normal -0.9569403599660127 -0.2902845973663054 1.151002293992906e-16
		outer loop
			vertex -0.18634919822216034 -0.03706716001033773 0.4275000000745058
			vertex -0.18634919822216034 -0.037067160010337746 0.39249999992549417
			vertex -0.175537109375 -0.07270985096693029 0.4275000000745058
		endloop
	endfacet
	facet normal -0.9569403599660128 -0.2902845973663055 0
		outer loop
			vertex -0.18634919822216034 -0.037067160010337746 0.39249999992549417
			vertex -0.175537109375 -0.07270985096693029 0.39249999992549417
			vertex -0.175537109375 -0.07270985096693029 0.4275000000745058
		endloop
	endfacet
	facet normal -0.8819212162592645 -0.47139682679434713 0
		outer loop
			vertex -0.175537109375 -0.07270985096693029 0.4275000000745058
			vertex -0.175537109375 -0.07270985096693029 0.39249999992549417
			vertex -0.15797922015190125 -0.10555834323167791 0.4275000000745058
		endloop
	endfacet
	facet normal -0.8819212162592645 -0.47139682679434713 0
		outer loop
			vertex -0.175537109375 -0.07270985096693029 0.39249999992549417
			vertex -0.15797922015190125 -0.10555834323167791 0.39249999992549417
			vertex -0.15797922015190125 -0.10555834323167791 0.4275000000745058
		endloop
	endfacet
	facet normal -0.773010462369027 -0.6343932731894494 0
		outer loop
			vertex -0.15797922015190125 -0.10555834323167791 0.4275000000745058
			vertex -0.15797922015190125 -0.10555834323167791 0.39249999992549417
			vertex -0.13435028493404388 -0.1343502849340438 0.42750000007450584
		endloop
	endfacet
	facet normal -0.773010462369027 -0.6343932731894494 0
		outer loop
			vertex -0.15797922015190125 -0.10555834323167791 0.39249999992549417
			vertex -0.13435028493404388 -0.1343502849340438 0.3924999999254942
			vertex -0.13435028493404388 -0.1343502849340438 0.42750000007450584
		endloop
	endfacet
	facet normal -0.6343932731894495 -0.7730104623690267 0
		outer loop
			vertex -0.13435028493404388 -0.1343502849340438 0.42750000007450584
			vertex -0.13435028493404388 -0.1343502849340438 0.3924999999254942
			vertex -0.10555834323167801 -0.15797922015190116 0.42750000007450584
		endloop
	endfacet
	facet normal -0.6343932731894495 -0.7730104623690267 0
		outer loop
			vertex -0.13435028493404388 -0.1343502849340438 0.3924999999254942
			vertex -0.10555834323167801 -0.15797922015190116 0.3924999999254942
			vertex -0.10555834323167801 -0.15797922015190116 0.42750000007450584
		endloop
	endfacet
	facet normal -0.47139682679434713 -0.8819212162592645 0
		outer loop
			vertex -0.10555834323167801 -0.15797922015190116 0.42750000007450584
			vertex -0.10555834323167801 -0.15797922015190116 0.3924999999254942
			vertex -0.07270985096693039 -0.17553710937499992 0.42750000007450584
		endloop
	endfacet
	facet normal -0.47139682679434713 -0.8819212162592645 0
		outer loop
			vertex -0.10555834323167801 -0.15797922015190116 0.3924999999254942
			vertex -0.07270985096693039 -0.17553710937499992 0.3924999999254942
			vertex -0.07270985096693039 -0.17553710937499992 0.42750000007450584
		endloop
	endfacet
	facet normal -0.2902845973663054 -0.9569403599660127 0
		outer loop
			vertex -0.07270985096693039 -0.17553710937499992 0.42750000007450584
			vertex -0.07270985096693039 -0.17553710937499992 0.3924999999254942
			vertex -0.03706716001033783 -0.18634919822216026 0.42750000007450584
		endloop
	endfacet
	facet normal -0.2902845973663054 -0.9569403599660127 0
		outer loop
			vertex -0.07270985096693039 -0.17553710937499992 0.3924999999254942
			vertex -0.03706716001033783 -0.18634919822216026 0.3924999999254942
			vertex -0.03706716001033783 -0.18634919822216026 0.42750000007450584
		endloop
	endfacet
	facet normal -0.09801721440380401 -0.9951847193765179 0
		outer loop
			vertex -0.03706716001033783 -0.18634919822216026 0.42750000007450584
			vertex -0.03706716001033783 -0.18634919822216026 0.3924999999254942
			vertex -4.65365790747474e-17 -0.18999999761581413 0.42750000007450584
		endloop
	endfacet
	facet normal -0.09801721440380401 -0.9951847193765179 0
		outer loop
			vertex -0.03706716001033783 -0.18634919822216026 0.3924999999254942
			vertex -4.65365790747474e-17 -0.18999999761581413 0.3924999999254942
			vertex -4.65365790747474e-17 -0.18999999761581413 0.42750000007450584
		endloop
	endfacet
	facet normal -2.8775660143518785e-17 2.9216395751489993e-16 1
		outer loop
			vertex 0 -0.18999999761581413 0.42750000007450584
			vertex 0.03706716001033783 -0.18634919822216026 0.42750000007450584
			vertex 0 9.492406862199449e-17 0.4275000000745058
		endloop
	endfacet
	facet normal -8.522106003006721e-17 2.8093626944646056e-16 1
		outer loop
			vertex 0.03706716001033783 -0.18634919822216026 0.42750000007450584
			vertex 0.07270985096693039 -0.17553710937499992 0.42750000007450584
			vertex 0 9.492406862199449e-17 0.4275000000745058
		endloop
	endfacet
	facet normal -1.3839155686799381e-16 2.5891232867012983e-16 1
		outer loop
			vertex 0.07270985096693039 -0.17553710937499992 0.42750000007450584
			vertex 0.10555834323167801 -0.15797922015190116 0.42750000007450584
			vertex 0 9.492406862199449e-17 0.4275000000745058
		endloop
	endfacet
	facet normal -1.8624366622433094e-16 2.2693857048257087e-16 1
		outer loop
			vertex 0.10555834323167801 -0.15797922015190116 0.42750000007450584
			vertex 0.13435028493404388 -0.1343502849340438 0.42750000007450584
			vertex 0 9.492406862199449e-17 0.4275000000745058
		endloop
	endfacet
	facet normal 8.320126430909355e-16 1.2451948797978372e-15 1
		outer loop
			vertex 0.13435028493404388 -0.1343502849340438 0.42750000007450584
			vertex 0.15797922015190125 -0.10555834323167791 0.4275000000745058
			vertex 0 9.492406862199449e-17 0.4275000000745058
		endloop
	endfacet
	facet normal 0 0 1
		outer loop
			vertex 0.15797922015190125 -0.10555834323167791 0.4275000000745058
			vertex 0.175537109375 -0.07270985096693029 0.4275000000745058
			vertex 0 9.492406862199449e-17 0.4275000000745058
		endloop
	endfacet
	facet normal 0 0 1
		outer loop
			vertex 0.175537109375 -0.07270985096693029 0.4275000000745058
			vertex 0.18634919822216034 -0.03706716001033773 0.4275000000745058
			vertex 0 9.492406862199449e-17 0.4275000000745058
		endloop
	endfacet
	facet normal 0 0 1
		outer loop
			vertex 0.18634919822216034 -0.03706716001033773 0.4275000000745058
			vertex 0.1899999976158142 8.328992385330764e-17 0.4275000000745058
			vertex 0 9.492406862199449e-17 0.4275000000745058
		endloop
	endfacet
	facet normal 0 0 1
		outer loop
			vertex 0.1899999976158142 8.328992385330764e-17 0.4275000000745058
			vertex 0.18634919822216034 0.03706716001033793 0.4275000000745058
			vertex 0 9.492406862199449e-17 0.4275000000745058
		endloop
	endfacet
	facet normal 0 0 1
		outer loop
			vertex 0.18634919822216034 0.03706716001033793 0.4275000000745058
			vertex 0.175537109375 0.07270985096693049 0.4275000000745058
			vertex 0 9.492406862199449e-17 0.4275000000745058
		endloop
	endfacet
	facet normal 0 0 1
		outer loop
			vertex 0.175537109375 0.07270985096693049 0.4275000000745058
			vertex 0.15797922015190125 0.1055583432316781 0.4275000000745058
			vertex 0 9.492406862199449e-17 0.4275000000745058
		endloop
	endfacet
	facet normal -8.320126430909363e-16 1.2451948797978382e-15 1
		outer loop
			vertex 0.15797922015190125 0.1055583432316781 0.4275000000745058
			vertex 0.13435028493404388 0.13435028493404397 0.4275000000745057
			vertex 0 9.492406862199449e-17 0.4275000000745058
		endloop
	endfacet
	facet normal 1.8624366622433094e-16 2.2693857048257087e-16 1
		outer loop
			vertex 0.13435028493404388 0.13435028493404397 0.4275000000745057
			vertex 0.10555834323167801 0.15797922015190133 0.4275000000745057
			vertex 0 9.492406862199449e-17 0.4275000000745058
		endloop
	endfacet
	facet normal 1.3839155686799381e-16 2.5891232867012983e-16 1
		outer loop
			vertex 0.10555834323167801 0.15797922015190133 0.4275000000745057
			vertex 0.07270985096693039 0.17553710937500008 0.4275000000745057
			vertex 0 9.492406862199449e-17 0.4275000000745058
		endloop
	endfacet
	facet normal 8.522106003006721e-17 2.8093626944646056e-16 1
		outer loop
			vertex 0.07270985096693039 0.17553710937500008 0.4275000000745057
			vertex 0.03706716001033783 0.18634919822216042 0.4275000000745057
			vertex 0 9.492406862199449e-17 0.4275000000745058
		endloop
	endfacet
	facet normal 2.87756601435188e-17 2.9216395751489993e-16 1
		outer loop
			vertex 0.03706716001033783 0.18634919822216042 0.4275000000745057
			vertex 2.32682895373737e-17 0.1899999976158143 0.4275000000745057
			vertex 0 9.492406862199449e-17 0.4275000000745058
		endloop
	endfacet
	facet normal -2.8775660143518766e-17 2.9216395751489993e-16 1
		outer loop
			vertex 2.32682895373737e-17 0.1899999976158143 0.4275000000745057
			vertex -0.03706716001033783 0.18634919822216042 0.4275000000745057
			vertex 0 9.492406862199449e-17 0.4275000000745058
		endloop
	endfacet
	facet normal -8.522106003006721e-17 2.8093626944646056e-16 1
		outer loop
			vertex -0.03706716001033783 0.18634919822216042 0.4275000000745057
			vertex -0.07270985096693039 0.17553710937500008 0.4275000000745057
			vertex 0 9.492406862199449e-17 0.4275000000745058
		endloop
	endfacet
	facet normal -1.3839155686799381e-16 2.5891232867012983e-16 1
		outer loop
			vertex -0.07270985096693039 0.17553710937500008 0.4275000000745057
			vertex -0.10555834323167801 0.15797922015190133 0.4275000000745057
			vertex 0 9.492406862199449e-17 0.4275000000745058
		endloop
	endfacet
	facet normal -1.8624366622433094e-16 2.2693857048257087e-16 1
		outer loop
			vertex -0.10555834323167801 0.15797922015190133 0.4275000000745057
			vertex -0.13435028493404388 0.13435028493404397 0.4275000000745057
			vertex 0 9.492406862199449e-17 0.4275000000745058
		endloop
	endfacet
	facet normal 8.320126430909362e-16 1.2451948797978382e-15 1
		outer loop
			vertex -0.13435028493404388 0.13435028493404397 0.4275000000745057
			vertex -0.15797922015190125 0.1055583432316781 0.4275000000745058
			vertex 0 9.492406862199449e-17 0.4275000000745058
		endloop
	endfacet
	facet normal 0 0 1
		outer loop
			vertex -0.15797922015190125 0.1055583432316781 0.4275000000745058
			vertex -0.175537109375 0.07270985096693049 0.4275000000745058
			vertex 0 9.492406862199449e-17 0.4275000000745058
		endloop
	endfacet
	facet normal 0 0 1
		outer loop
			vertex -0.175537109375 0.07270985096693049 0.4275000000745058
			vertex -0.18634919822216034 0.03706716001033793 0.4275000000745058
			vertex 0 9.492406862199449e-17 0.4275000000745058
		endloop
	endfacet
	facet normal 0 0 1
		outer loop
			vertex -0.18634919822216034 0.03706716001033793 0.4275000000745058
			vertex -0.1899999976158142 1.298265012736938e-16 0.4275000000745058
			vertex 0 9.492406862199449e-17 0.4275000000745058
		endloop
	endfacet
	facet normal 0 0 1
		outer loop
			vertex -0.1899999976158142 1.298265012736938e-16 0.4275000000745058
			vertex -0.18634919822216034 -0.03706716001033773 0.4275000000745058
			vertex 0 9.492406862199449e-17 0.4275000000745058
		endloop
	endfacet
	facet normal 0 0 1
		outer loop
			vertex -0.18634919822216034 -0.03706716001033773 0.4275000000745058
			vertex -0.175537109375 -0.07270985096693029 0.4275000000745058
			vertex 0 9.492406862199449e-17 0.4275000000745058
		endloop
	endfacet
	facet normal 0 0 1
		outer loop
			vertex -0.175537109375 -0.07270985096693029 0.4275000000745058
			vertex -0.15797922015190125 -0.10555834323167791 0.4275000000745058
			vertex 0 9.492406862199449e-17 0.4275000000745058
		endloop
	endfacet
	facet normal -8.320126430909356e-16 1.2451948797978374e-15 1
		outer loop
			vertex -0.15797922015190125 -0.10555834323167791 0.4275000000745058
			vertex -0.13435028493404388 -0.1343502849340438 0.42750000007450584
			vertex 0 9.492406862199449e-17 0.4275000000745058
		endloop
	endfacet
	facet normal 1.8624366622433094e-16 2.2693857048257087e-16 1
		outer loop
			vertex -0.13435028493404388 -0.1343502849340438 0.42750000007450584
			vertex -0.10555834323167801 -0.15797922015190116 0.42750000007450584
			vertex 0 9.492406862199449e-17 0.4275000000745058
		endloop
	endfacet
	facet normal 1.3839155686799381e-16 2.5891232867012983e-16 1
		outer loop
			vertex -0.10555834323167801 -0.15797922015190116 0.42750000007450584
			vertex -0.07270985096693039 -0.17553710937499992 0.42750000007450584
			vertex 0 9.492406862199449e-17 0.4275000000745058
		endloop
	endfacet
	facet normal 8.522106003006721e-17 2.8093626944646056e-16 1
		outer loop
			vertex -0.07270985096693039 -0.17553710937499992 0.42750000007450584
			vertex -0.03706716001033783 -0.18634919822216026 0.42750000007450584
			vertex 0 9.492406862199449e-17 0.4275000000745058
		endloop
	endfacet
	facet normal 2.877566014351883e-17 2.9216395751489993e-16 1
		outer loop
			vertex -0.03706716001033783 -0.18634919822216026 0.42750000007450584
			vertex -4.65365790747474e-17 -0.18999999761581413 0.42750000007450584
			vertex 0 9.492406862199449e-17 0.4275000000745058
		endloop
	endfacet
	facet normal 2.8775660143518785e-17 -2.9216395751489993e-16 -1
		outer loop
			vertex 0.03706716001033783 -0.18634919822216026 0.3924999999254942
			vertex 0 -0.18999999761581413 0.3924999999254942
			vertex 0 8.715250741653117e-17 0.39249999992549417
		endloop
	endfacet
	facet normal 8.522106003006721e-17 -2.8093626944646056e-16 -1
		outer loop
			vertex 0.07270985096693039 -0.17553710937499992 0.3924999999254942
			vertex 0.03706716001033783 -0.18634919822216026 0.3924999999254942
			vertex 0 8.715250741653117e-17 0.39249999992549417
		endloop
	endfacet
	facet normal 1.3839155686799381e-16 -2.5891232867012983e-16 -1
		outer loop
			vertex 0.10555834323167801 -0.15797922015190116 0.3924999999254942
			vertex 0.07270985096693039 -0.17553710937499992 0.3924999999254942
			vertex 0 8.715250741653117e-17 0.39249999992549417
		endloop
	endfacet
	facet normal 1.8624366622433094e-16 -2.2693857048257087e-16 -1
		outer loop
			vertex 0.13435028493404388 -0.1343502849340438 0.3924999999254942
			vertex 0.10555834323167801 -0.15797922015190116 0.3924999999254942
			vertex 0 8.715250741653117e-17 0.39249999992549417
		endloop
	endfacet
	facet normal -8.320126430909356e-16 -1.2451948797978374e-15 -1
		outer loop
			vertex 0.15797922015190125 -0.10555834323167791 0.39249999992549417
			vertex 0.13435028493404388 -0.1343502849340438 0.3924999999254942
			vertex 0 8.715250741653117e-17 0.39249999992549417
		endloop
	endfacet
	facet normal 0 0 -1
		outer loop
			vertex 0.175537109375 -0.07270985096693029 0.39249999992549417
			vertex 0.15797922015190125 -0.10555834323167791 0.39249999992549417
			vertex 0 8.715250741653117e-17 0.39249999992549417
		endloop
	endfacet
	facet normal 0 0 -1
		outer loop
			vertex 0.18634919822216034 -0.037067160010337746 0.39249999992549417
			vertex 0.175537109375 -0.07270985096693029 0.39249999992549417
			vertex 0 8.715250741653117e-17 0.39249999992549417
		endloop
	endfacet
	facet normal 0 0 -1
		outer loop
			vertex 0.1899999976158142 7.551836264784432e-17 0.39249999992549417
			vertex 0.18634919822216034 -0.037067160010337746 0.39249999992549417
			vertex 0 8.715250741653117e-17 0.39249999992549417
		endloop
	endfacet
	facet normal 0 0 -1
		outer loop
			vertex 0.18634919822216034 0.03706716001033791 0.39249999992549417
			vertex 0.1899999976158142 7.551836264784432e-17 0.39249999992549417
			vertex 0 8.715250741653117e-17 0.39249999992549417
		endloop
	endfacet
	facet normal 0 0 -1
		outer loop
			vertex 0.175537109375 0.07270985096693049 0.39249999992549417
			vertex 0.18634919822216034 0.03706716001033791 0.39249999992549417
			vertex 0 8.715250741653117e-17 0.39249999992549417
		endloop
	endfacet
	facet normal 0 0 -1
		outer loop
			vertex 0.15797922015190125 0.1055583432316781 0.39249999992549417
			vertex 0.175537109375 0.07270985096693049 0.39249999992549417
			vertex 0 8.715250741653117e-17 0.39249999992549417
		endloop
	endfacet
	facet normal 8.320126430909363e-16 -1.2451948797978382e-15 -1
		outer loop
			vertex 0.13435028493404388 0.13435028493404397 0.3924999999254941
			vertex 0.15797922015190125 0.1055583432316781 0.39249999992549417
			vertex 0 8.715250741653117e-17 0.39249999992549417
		endloop
	endfacet
	facet normal -1.8624366622433094e-16 -2.2693857048257087e-16 -1
		outer loop
			vertex 0.10555834323167801 0.15797922015190133 0.3924999999254941
			vertex 0.13435028493404388 0.13435028493404397 0.3924999999254941
			vertex 0 8.715250741653117e-17 0.39249999992549417
		endloop
	endfacet
	facet normal -1.3839155686799381e-16 -2.5891232867012983e-16 -1
		outer loop
			vertex 0.07270985096693039 0.17553710937500008 0.3924999999254941
			vertex 0.10555834323167801 0.15797922015190133 0.3924999999254941
			vertex 0 8.715250741653117e-17 0.39249999992549417
		endloop
	endfacet
	facet normal -8.522106003006721e-17 -2.8093626944646056e-16 -1
		outer loop
			vertex 0.03706716001033783 0.18634919822216042 0.3924999999254941
			vertex 0.07270985096693039 0.17553710937500008 0.3924999999254941
			vertex 0 8.715250741653117e-17 0.39249999992549417
		endloop
	endfacet
	facet normal -2.8775660143518797e-17 -2.921639575148999e-16 -1
		outer loop
			vertex 2.32682895373737e-17 0.1899999976158143 0.3924999999254941
			vertex 0.03706716001033783 0.18634919822216042 0.3924999999254941
			vertex 0 8.715250741653117e-17 0.39249999992549417
		endloop
	endfacet
	facet normal 2.8775660143518766e-17 -2.9216395751489993e-16 -1
		outer loop
			vertex -0.03706716001033783 0.18634919822216042 0.3924999999254941
			vertex 2.32682895373737e-17 0.1899999976158143 0.3924999999254941
			vertex 0 8.715250741653117e-17 0.39249999992549417
		endloop
	endfacet
	facet normal 8.522106003006721e-17 -2.8093626944646056e-16 -1
		outer loop
			vertex -0.07270985096693039 0.17553710937500008 0.3924999999254941
			vertex -0.03706716001033783 0.18634919822216042 0.3924999999254941
			vertex 0 8.715250741653117e-17 0.39249999992549417
		endloop
	endfacet
	facet normal 1.3839155686799381e-16 -2.5891232867012983e-16 -1
		outer loop
			vertex -0.10555834323167801 0.15797922015190133 0.3924999999254941
			vertex -0.07270985096693039 0.17553710937500008 0.3924999999254941
			vertex 0 8.715250741653117e-17 0.39249999992549417
		endloop
	endfacet
	facet normal 1.8624366622433094e-16 -2.2693857048257087e-16 -1
		outer loop
			vertex -0.13435028493404388 0.13435028493404397 0.3924999999254941
			vertex -0.10555834323167801 0.15797922015190133 0.3924999999254941
			vertex 0 8.715250741653117e-17 0.39249999992549417
		endloop
	endfacet
	facet normal -8.320126430909363e-16 -1.2451948797978382e-15 -1
		outer loop
			vertex -0.15797922015190125 0.1055583432316781 0.39249999992549417
			vertex -0.13435028493404388 0.13435028493404397 0.3924999999254941
			vertex 0 8.715250741653117e-17 0.39249999992549417
		endloop
	endfacet
	facet normal 0 0 -1
		outer loop
			vertex -0.175537109375 0.07270985096693049 0.39249999992549417
			vertex -0.15797922015190125 0.1055583432316781 0.39249999992549417
			vertex 0 8.715250741653117e-17 0.39249999992549417
		endloop
	endfacet
	facet normal 0 0 -1
		outer loop
			vertex -0.18634919822216034 0.03706716001033791 0.39249999992549417
			vertex -0.175537109375 0.07270985096693049 0.39249999992549417
			vertex 0 8.715250741653117e-17 0.39249999992549417
		endloop
	endfacet
	facet normal 0 0 -1
		outer loop
			vertex -0.1899999976158142 1.2205494006823048e-16 0.39249999992549417
			vertex -0.18634919822216034 0.03706716001033791 0.39249999992549417
			vertex 0 8.715250741653117e-17 0.39249999992549417
		endloop
	endfacet
	facet normal 0 0 -1
		outer loop
			vertex -0.18634919822216034 -0.037067160010337746 0.39249999992549417
			vertex -0.1899999976158142 1.2205494006823048e-16 0.39249999992549417
			vertex 0 8.715250741653117e-17 0.39249999992549417
		endloop
	endfacet
	facet normal 0 0 -1
		outer loop
			vertex -0.175537109375 -0.07270985096693029 0.39249999992549417
			vertex -0.18634919822216034 -0.037067160010337746 0.39249999992549417
			vertex 0 8.715250741653117e-17 0.39249999992549417
		endloop
	endfacet
	facet normal 0 0 -1
		outer loop
			vertex -0.15797922015190125 -0.10555834323167791 0.39249999992549417
			vertex -0.175537109375 -0.07270985096693029 0.39249999992549417
			vertex 0 8.715250741653117e-17 0.39249999992549417
		endloop
	endfacet
	facet normal 8.320126430909356e-16 -1.2451948797978374e-15 -1
		outer loop
			vertex -0.13435028493404388 -0.1343502849340438 0.3924999999254942
			vertex -0.15797922015190125 -0.10555834323167791 0.39249999992549417
			vertex 0 8.715250741653117e-17 0.39249999992549417
		endloop
	endfacet
	facet normal -1.8624366622433094e-16 -2.2693857048257087e-16 -1
		outer loop
			vertex -0.10555834323167801 -0.15797922015190116 0.3924999999254942
			vertex -0.13435028493404388 -0.1343502849340438 0.3924999999254942
			vertex 0 8.715250741653117e-17 0.39249999992549417
		endloop
	endfacet
	facet normal -1.3839155686799381e-16 -2.5891232867012983e-16 -1
		outer loop
			vertex -0.07270985096693039 -0.17553710937499992 0.3924999999254942
			vertex -0.10555834323167801 -0.15797922015190116 0.3924999999254942
			vertex 0 8.715250741653117e-17 0.39249999992549417
		endloop
	endfacet
	facet normal -8.522106003006721e-17 -2.8093626944646056e-16 -1
		outer loop
			vertex -0.03706716001033783 -0.18634919822216026 0.3924999999254942
			vertex -0.07270985096693039 -0.17553710937499992 0.3924999999254942
			vertex 0 8.715250741653117e-17 0.39249999992549417
		endloop
	endfacet
	facet normal -2.877566014351882e-17 -2.921639575148999e-16 -1
		outer loop
			vertex -4.65365790747474e-17 -0.18999999761581413 0.3924999999254942
			vertex -0.03706716001033783 -0.18634919822216026 0.3924999999254942
			vertex 0 8.715250741653117e-17 0.39249999992549417
		endloop
	endfacet
	facet normal 0.19509039485645902 -0.9807852659143852 2.7222259205138155e-16
		outer loop
			vertex 0 -0.100000001490116 0.530000000745058
			vertex 0 -0.10000000149011602 0.4299999992549419
			vertex 0.03826834261417389 -0.09238795191049563 0.530000000745058
		endloop
	endfacet
	facet normal 0.19509039485645902 -0.9807852659143852 2.7222259205138155e-16
		outer loop
			vertex 0 -0.10000000149011602 0.4299999992549419
			vertex 0.03826834261417389 -0.09238795191049566 0.4299999992549419
			vertex 0.03826834261417389 -0.09238795191049563 0.530000000745058
		endloop
	endfacet
	facet normal 0.5555701055342971 -0.8314696974854887 2.307791971677478e-16
		outer loop
			vertex 0.03826834261417389 -0.09238795191049563 0.530000000745058
			vertex 0.03826834261417389 -0.09238795191049566 0.4299999992549419
			vertex 0.0707106813788414 -0.07071068137884128 0.530000000745058
		endloop
	endfacet
	facet normal 0.5555701055342971 -0.8314696974854887 2.307791971677478e-16
		outer loop
			vertex 0.03826834261417389 -0.09238795191049566 0.4299999992549419
			vertex 0.0707106813788414 -0.0707106813788413 0.4299999992549419
			vertex 0.0707106813788414 -0.07071068137884128 0.530000000745058
		endloop
	endfacet
	facet normal 0.8314696974854886 -0.5555701055342971 1.5420167844161713e-16
		outer loop
			vertex 0.0707106813788414 -0.07071068137884128 0.530000000745058
			vertex 0.0707106813788414 -0.0707106813788413 0.4299999992549419
			vertex 0.09238795191049576 -0.03826834261417377 0.530000000745058
		endloop
	endfacet
	facet normal 0.8314696974854886 -0.5555701055342972 1.5420167844161715e-16
		outer loop
			vertex 0.0707106813788414 -0.0707106813788413 0.4299999992549419
			vertex 0.09238795191049576 -0.0382683426141738 0.4299999992549419
			vertex 0.09238795191049576 -0.03826834261417377 0.530000000745058
		endloop
	endfacet
	facet normal 0.9807852659143851 -0.195090394856459 5.414846125633855e-17
		outer loop
			vertex 0.09238795191049576 -0.03826834261417377 0.530000000745058
			vertex 0.09238795191049576 -0.0382683426141738 0.4299999992549419
			vertex 0.10000000149011612 1.1156040692636718e-16 0.530000000745058
		endloop
	endfacet
	facet normal 0.9807852659143852 -0.19509039485645902 4.33187696505708e-17
		outer loop
			vertex 0.09238795191049576 -0.0382683426141738 0.4299999992549419
			vertex 0.10000000149011612 8.93559461029918e-17 0.4299999992549419
			vertex 0.10000000149011612 1.1156040692636718e-16 0.530000000745058
		endloop
	endfacet
	facet normal 0.9807852659143851 0.19509039485645896 -4.331876965057079e-17
		outer loop
			vertex 0.10000000149011612 1.1156040692636718e-16 0.530000000745058
			vertex 0.10000000149011612 8.93559461029918e-17 0.4299999992549419
			vertex 0.09238795191049576 0.03826834261417401 0.530000000745058
		endloop
	endfacet
	facet normal 0.9807852659143852 0.19509039485645902 -5.414846125633855e-17
		outer loop
			vertex 0.10000000149011612 8.93559461029918e-17 0.4299999992549419
			vertex 0.09238795191049576 0.03826834261417398 0.4299999992549419
			vertex 0.09238795191049576 0.03826834261417401 0.530000000745058
		endloop
	endfacet
	facet normal 0.8314696974854887 0.555570105534297 -1.5420167844161708e-16
		outer loop
			vertex 0.09238795191049576 0.03826834261417401 0.530000000745058
			vertex 0.09238795191049576 0.03826834261417398 0.4299999992549419
			vertex 0.0707106813788414 0.07071068137884153 0.530000000745058
		endloop
	endfacet
	facet normal 0.8314696974854887 0.555570105534297 -1.5420167844161708e-16
		outer loop
			vertex 0.09238795191049576 0.03826834261417398 0.4299999992549419
			vertex 0.0707106813788414 0.0707106813788415 0.4299999992549419
			vertex 0.0707106813788414 0.07071068137884153 0.530000000745058
		endloop
	endfacet
	facet normal 0.5555701055342971 0.8314696974854887 -2.307791971677478e-16
		outer loop
			vertex 0.0707106813788414 0.07071068137884153 0.530000000745058
			vertex 0.0707106813788414 0.0707106813788415 0.4299999992549419
			vertex 0.03826834261417389 0.09238795191049588 0.530000000745058
		endloop
	endfacet
	facet normal 0.5555701055342971 0.8314696974854887 -2.307791971677478e-16
		outer loop
			vertex 0.0707106813788414 0.0707106813788415 0.4299999992549419
			vertex 0.03826834261417389 0.09238795191049586 0.4299999992549419
			vertex 0.03826834261417389 0.09238795191049588 0.530000000745058
		endloop
	endfacet
	facet normal 0.19509039485645904 0.9807852659143851 -2.7222259205138155e-16
		outer loop
			vertex 0.03826834261417389 0.09238795191049588 0.530000000745058
			vertex 0.03826834261417389 0.09238795191049586 0.4299999992549419
			vertex 1.2246467698671066e-17 0.10000000149011624 0.530000000745058
		endloop
	endfacet
	facet normal 0.19509039485645904 0.9807852659143851 -2.7222259205138155e-16
		outer loop
			vertex 0.03826834261417389 0.09238795191049586 0.4299999992549419
			vertex 1.2246467698671066e-17 0.10000000149011622 0.4299999992549419
			vertex 1.2246467698671066e-17 0.10000000149011624 0.530000000745058
		endloop
	endfacet
	facet normal -0.1950903948564589 0.9807852659143851 -2.7222259205138155e-16
		outer loop
			vertex 1.2246467698671066e-17 0.10000000149011624 0.530000000745058
			vertex 1.2246467698671066e-17 0.10000000149011622 0.4299999992549419
			vertex -0.03826834261417389 0.09238795191049588 0.530000000745058
		endloop
	endfacet
	facet normal -0.1950903948564589 0.9807852659143851 -2.7222259205138155e-16
		outer loop
			vertex 1.2246467698671066e-17 0.10000000149011622 0.4299999992549419
			vertex -0.03826834261417389 0.09238795191049586 0.4299999992549419
			vertex -0.03826834261417389 0.09238795191049588 0.530000000745058
		endloop
	endfacet
	facet normal -0.5555701055342971 0.8314696974854887 -2.307791971677478e-16
		outer loop
			vertex -0.03826834261417389 0.09238795191049588 0.530000000745058
			vertex -0.03826834261417389 0.09238795191049586 0.4299999992549419
			vertex -0.0707106813788414 0.07071068137884153 0.530000000745058
		endloop
	endfacet
	facet normal -0.5555701055342971 0.8314696974854887 -2.307791971677478e-16
		outer loop
			vertex -0.03826834261417389 0.09238795191049586 0.4299999992549419
			vertex -0.0707106813788414 0.0707106813788415 0.4299999992549419
			vertex -0.0707106813788414 0.07071068137884153 0.530000000745058
		endloop
	endfacet
	facet normal -0.8314696974854888 0.5555701055342971 -1.542016784416171e-16
		outer loop
			vertex -0.0707106813788414 0.07071068137884153 0.530000000745058
			vertex -0.0707106813788414 0.0707106813788415 0.4299999992549419
			vertex -0.09238795191049576 0.03826834261417401 0.530000000745058
		endloop
	endfacet
	facet normal -0.8314696974854887 0.555570105534297 -1.5420167844161708e-16
		outer loop
			vertex -0.0707106813788414 0.0707106813788415 0.4299999992549419
			vertex -0.09238795191049576 0.03826834261417398 0.4299999992549419
			vertex -0.09238795191049576 0.03826834261417401 0.530000000745058
		endloop
	endfacet
	facet normal -0.9807852659143851 0.1950903948564591 -5.4148461256338573e-17
		outer loop
			vertex -0.09238795191049576 0.03826834261417401 0.530000000745058
			vertex -0.09238795191049576 0.03826834261417398 0.4299999992549419
			vertex -0.10000000149011612 1.3605334356448023e-16 0.530000000745058
		endloop
	endfacet
	facet normal -0.9807852659143851 0.1950903948564591 -4.331876965057082e-17
		outer loop
			vertex -0.09238795191049576 0.03826834261417398 0.4299999992549419
			vertex -0.10000000149011612 1.1384888274110485e-16 0.4299999992549419
			vertex -0.10000000149011612 1.3605334356448023e-16 0.530000000745058
		endloop
	endfacet
	facet normal -0.9807852659143851 -0.1950903948564589 4.331876965057078e-17
		outer loop
			vertex -0.10000000149011612 1.3605334356448023e-16 0.530000000745058
			vertex -0.10000000149011612 1.1384888274110485e-16 0.4299999992549419
			vertex -0.09238795191049576 -0.03826834261417377 0.530000000745058
		endloop
	endfacet
	facet normal -0.9807852659143851 -0.19509039485645888 5.414846125633851e-17
		outer loop
			vertex -0.10000000149011612 1.1384888274110485e-16 0.4299999992549419
			vertex -0.09238795191049576 -0.0382683426141738 0.4299999992549419
			vertex -0.09238795191049576 -0.03826834261417377 0.530000000745058
		endloop
	endfacet
	facet normal -0.8314696974854886 -0.5555701055342972 1.5420167844161715e-16
		outer loop
			vertex -0.09238795191049576 -0.03826834261417377 0.530000000745058
			vertex -0.09238795191049576 -0.0382683426141738 0.4299999992549419
			vertex -0.0707106813788414 -0.07071068137884128 0.530000000745058
		endloop
	endfacet
	facet normal -0.8314696974854886 -0.5555701055342972 1.5420167844161715e-16
		outer loop
			vertex -0.09238795191049576 -0.0382683426141738 0.4299999992549419
			vertex -0.0707106813788414 -0.0707106813788413 0.4299999992549419
			vertex -0.0707106813788414 -0.07071068137884128 0.530000000745058
		endloop
	endfacet
	facet normal -0.5555701055342971 -0.8314696974854887 2.307791971677478e-16
		outer loop
			vertex -0.0707106813788414 -0.07071068137884128 0.530000000745058
			vertex -0.0707106813788414 -0.0707106813788413 0.4299999992549419
			vertex -0.03826834261417389 -0.09238795191049563 0.530000000745058
		endloop
	endfacet
	facet normal -0.5555701055342971 -0.8314696974854887 2.307791971677478e-16
		outer loop
			vertex -0.0707106813788414 -0.0707106813788413 0.4299999992549419
			vertex -0.03826834261417389 -0.09238795191049566 0.4299999992549419
			vertex -0.03826834261417389 -0.09238795191049563 0.530000000745058
		endloop
	endfacet
	facet normal -0.1950903948564591 -0.980785265914385 2.722225920513815e-16
		outer loop
			vertex -0.03826834261417389 -0.09238795191049563 0.530000000745058
			vertex -0.03826834261417389 -0.09238795191049566 0.4299999992549419
			vertex -2.4492935397342132e-17 -0.100000001490116 0.530000000745058
		endloop
	endfacet
	facet normal -0.1950903948564591 -0.980785265914385 2.722225920513815e-16
		outer loop
			vertex -0.03826834261417389 -0.09238795191049566 0.4299999992549419
			vertex -2.4492935397342132e-17 -0.10000000149011602 0.4299999992549419
			vertex -2.4492935397342132e-17 -0.100000001490116 0.530000000745058
		endloop
	endfacet
	facet normal 0 0 1
		outer loop
			vertex 0 -0.100000001490116 0.530000000745058
			vertex 0.03826834261417389 -0.09238795191049563 0.530000000745058
			vertex 0 1.176836407757027e-16 0.530000000745058
		endloop
	endfacet
	facet normal 0 0 1
		outer loop
			vertex 0.03826834261417389 -0.09238795191049563 0.530000000745058
			vertex 0.0707106813788414 -0.07071068137884128 0.530000000745058
			vertex 0 1.176836407757027e-16 0.530000000745058
		endloop
	endfacet
	facet normal 0 0 1
		outer loop
			vertex 0.0707106813788414 -0.07071068137884128 0.530000000745058
			vertex 0.09238795191049576 -0.03826834261417377 0.530000000745058
			vertex 0 1.176836407757027e-16 0.530000000745058
		endloop
	endfacet
	facet normal 0 0 1
		outer loop
			vertex 0.09238795191049576 -0.03826834261417377 0.530000000745058
			vertex 0.10000000149011612 1.1156040692636718e-16 0.530000000745058
			vertex 0 1.176836407757027e-16 0.530000000745058
		endloop
	endfacet
	facet normal 0 0 1
		outer loop
			vertex 0.10000000149011612 1.1156040692636718e-16 0.530000000745058
			vertex 0.09238795191049576 0.03826834261417401 0.530000000745058
			vertex 0 1.176836407757027e-16 0.530000000745058
		endloop
	endfacet
	facet normal 0 0 1
		outer loop
			vertex 0.09238795191049576 0.03826834261417401 0.530000000745058
			vertex 0.0707106813788414 0.07071068137884153 0.530000000745058
			vertex 0 1.176836407757027e-16 0.530000000745058
		endloop
	endfacet
	facet normal 0 0 1
		outer loop
			vertex 0.0707106813788414 0.07071068137884153 0.530000000745058
			vertex 0.03826834261417389 0.09238795191049588 0.530000000745058
			vertex 0 1.176836407757027e-16 0.530000000745058
		endloop
	endfacet
	facet normal 0 0 1
		outer loop
			vertex 0.03826834261417389 0.09238795191049588 0.530000000745058
			vertex 1.2246467698671066e-17 0.10000000149011624 0.530000000745058
			vertex 0 1.176836407757027e-16 0.530000000745058
		endloop
	endfacet
	facet normal 0 0 1
		outer loop
			vertex 1.2246467698671066e-17 0.10000000149011624 0.530000000745058
			vertex -0.03826834261417389 0.09238795191049588 0.530000000745058
			vertex 0 1.176836407757027e-16 0.530000000745058
		endloop
	endfacet
	facet normal 0 0 1
		outer loop
			vertex -0.03826834261417389 0.09238795191049588 0.530000000745058
			vertex -0.0707106813788414 0.07071068137884153 0.530000000745058
			vertex 0 1.176836407757027e-16 0.530000000745058
		endloop
	endfacet
	facet normal 0 0 1
		outer loop
			vertex -0.0707106813788414 0.07071068137884153 0.530000000745058
			vertex -0.09238795191049576 0.03826834261417401 0.530000000745058
			vertex 0 1.176836407757027e-16 0.530000000745058
		endloop
	endfacet
	facet normal 0 0 1
		outer loop
			vertex -0.09238795191049576 0.03826834261417401 0.530000000745058
			vertex -0.10000000149011612 1.3605334356448023e-16 0.530000000745058
			vertex 0 1.176836407757027e-16 0.530000000745058
		endloop
	endfacet
	facet normal 0 0 1
		outer loop
			vertex -0.10000000149011612 1.3605334356448023e-16 0.530000000745058
			vertex -0.09238795191049576 -0.03826834261417377 0.530000000745058
			vertex 0 1.176836407757027e-16 0.530000000745058
		endloop
	endfacet
	facet normal 0 0 1
		outer loop
			vertex -0.09238795191049576 -0.03826834261417377 0.530000000745058
			vertex -0.0707106813788414 -0.07071068137884128 0.530000000745058
			vertex 0 1.176836407757027e-16 0.530000000745058
		endloop
	endfacet
	facet normal 0 0 1
		outer loop
			vertex -0.0707106813788414 -0.07071068137884128 0.530000000745058
			vertex -0.03826834261417389 -0.09238795191049563 0.530000000745058
			vertex 0 1.176836407757027e-16 0.530000000745058
		endloop
	endfacet
	facet normal 0 0 1
		outer loop
			vertex -0.03826834261417389 -0.09238795191049563 0.530000000745058
			vertex -2.4492935397342132e-17 -0.100000001490116 0.530000000745058
			vertex 0 1.176836407757027e-16 0.530000000745058
		endloop
	endfacet
	facet normal 0 0 -1
		outer loop
			vertex 0.03826834261417389 -0.09238795191049566 0.4299999992549419
			vertex 0 -0.10000000149011602 0.4299999992549419
			vertex 0 9.547917995232734e-17 0.4299999992549419
		endloop
	endfacet
	facet normal 0 0 -1
		outer loop
			vertex 0.0707106813788414 -0.0707106813788413 0.4299999992549419
			vertex 0.03826834261417389 -0.09238795191049566 0.4299999992549419
			vertex 0 9.547917995232734e-17 0.4299999992549419
		endloop
	endfacet
	facet normal 0 0 -1
		outer loop
			vertex 0.09238795191049576 -0.0382683426141738 0.4299999992549419
			vertex 0.0707106813788414 -0.0707106813788413 0.4299999992549419
			vertex 0 9.547917995232734e-17 0.4299999992549419
		endloop
	endfacet
	facet normal 0 0 -1
		outer loop
			vertex 0.10000000149011612 8.93559461029918e-17 0.4299999992549419
			vertex 0.09238795191049576 -0.0382683426141738 0.4299999992549419
			vertex 0 9.547917995232734e-17 0.4299999992549419
		endloop
	endfacet
	facet normal 0 0 -1
		outer loop
			vertex 0.09238795191049576 0.03826834261417398 0.4299999992549419
			vertex 0.10000000149011612 8.93559461029918e-17 0.4299999992549419
			vertex 0 9.547917995232734e-17 0.4299999992549419
		endloop
	endfacet
	facet normal 0 0 -1
		outer loop
			vertex 0.0707106813788414 0.0707106813788415 0.4299999992549419
			vertex 0.09238795191049576 0.03826834261417398 0.4299999992549419
			vertex 0 9.547917995232734e-17 0.4299999992549419
		endloop
	endfacet
	facet normal 0 0 -1
		outer loop
			vertex 0.03826834261417389 0.09238795191049586 0.4299999992549419
			vertex 0.0707106813788414 0.0707106813788415 0.4299999992549419
			vertex 0 9.547917995232734e-17 0.4299999992549419
		endloop
	endfacet
	facet normal 0 0 -1
		outer loop
			vertex 1.2246467698671066e-17 0.10000000149011622 0.4299999992549419
			vertex 0.03826834261417389 0.09238795191049586 0.4299999992549419
			vertex 0 9.547917995232734e-17 0.4299999992549419
		endloop
	endfacet
	facet normal 0 0 -1
		outer loop
			vertex -0.03826834261417389 0.09238795191049586 0.4299999992549419
			vertex 1.2246467698671066e-17 0.10000000149011622 0.4299999992549419
			vertex 0 9.547917995232734e-17 0.4299999992549419
		endloop
	endfacet
	facet normal 0 0 -1
		outer loop
			vertex -0.0707106813788414 0.0707106813788415 0.4299999992549419
			vertex -0.03826834261417389 0.09238795191049586 0.4299999992549419
			vertex 0 9.547917995232734e-17 0.4299999992549419
		endloop
	endfacet
	facet normal 0 0 -1
		outer loop
			vertex -0.09238795191049576 0.03826834261417398 0.4299999992549419
			vertex -0.0707106813788414 0.0707106813788415 0.4299999992549419
			vertex 0 9.547917995232734e-17 0.4299999992549419
		endloop
	endfacet
	facet normal 0 0 -1
		outer loop
			vertex -0.10000000149011612 1.1384888274110485e-16 0.4299999992549419
			vertex -0.09238795191049576 0.03826834261417398 0.4299999992549419
			vertex 0 9.547917995232734e-17 0.4299999992549419
		endloop
	endfacet
	facet normal 0 0 -1
		outer loop
			vertex -0.09238795191049576 -0.0382683426141738 0.4299999992549419
			vertex -0.10000000149011612 1.1384888274110485e-16 0.4299999992549419
			vertex 0 9.547917995232734e-17 0.4299999992549419
		endloop
	endfacet
	facet normal 0 0 -1
		outer loop
			vertex -0.0707106813788414 -0.0707106813788413 0.4299999992549419
			vertex -0.09238795191049576 -0.0382683426141738 0.4299999992549419
			vertex 0 9.547917995232734e-17 0.4299999992549419
		endloop
	endfacet
	facet normal 0 0 -1
		outer loop
			vertex -0.03826834261417389 -0.09238795191049566 0.4299999992549419
			vertex -0.0707106813788414 -0.0707106813788413 0.4299999992549419
			vertex 0 9.547917995232734e-17 0.4299999992549419
		endloop
	endfacet
	facet normal 0 0 -1
		outer loop
			vertex -2.4492935397342132e-17 -0.10000000149011602 0.4299999992549419
			vertex -0.03826834261417389 -0.09238795191049566 0.4299999992549419
			vertex 0 9.547917995232734e-17 0.4299999992549419
		endloop
	endfacet
	facet normal 0.05455206943581523 -0.5538741834382107 0.8308113267408703
		outer loop
			vertex 0 -0.18000000715255723 0.5300000013411045
			vertex 0.03511625900864601 -0.17654134333133684 0.5300000013411045
			vertex 0 1.4432899290348532e-16 0.6499999986588955
		endloop
	endfacet
	facet normal 0.16155906848621682 -0.5325891626020967 0.8308113211004432
		outer loop
			vertex 0.03511625900864601 -0.17654134333133684 0.5300000013411045
			vertex 0.068883016705513 -0.16629831492900835 0.5300000013411045
			vertex 0 1.4432899290348532e-16 0.6499999986588955
		endloop
	endfacet
	facet normal 0.26235774461680494 -0.49083698962091477 0.8308113284371257
		outer loop
			vertex 0.068883016705513 -0.16629831492900835 0.5300000013411045
			vertex 0.10000263899564743 -0.14966453611850725 0.5300000013411045
			vertex 0 1.4432899290348532e-16 0.6499999986588955
		endloop
	endfacet
	facet normal 0.3530742307551417 -0.43022217691321124 0.8308113300074347
		outer loop
			vertex 0.10000263899564743 -0.14966453611850725 0.5300000013411045
			vertex 0.12727922201156616 -0.12727922201156602 0.5300000013411045
			vertex 0 1.4432899290348532e-16 0.6499999986588955
		endloop
	endfacet
	facet normal 0.4302221769132111 -0.35307423075514194 0.8308113300074349
		outer loop
			vertex 0.12727922201156616 -0.12727922201156602 0.5300000013411045
			vertex 0.14966453611850739 -0.10000263899564732 0.5300000013411045
			vertex 0 1.4432899290348532e-16 0.6499999986588955
		endloop
	endfacet
	facet normal 0.49083698962091477 -0.26235774461680494 0.8308113284371257
		outer loop
			vertex 0.14966453611850739 -0.10000263899564732 0.5300000013411045
			vertex 0.16629831492900848 -0.06888301670551289 0.5300000013411045
			vertex 0 1.4432899290348532e-16 0.6499999986588955
		endloop
	endfacet
	facet normal 0.5325891626020967 -0.1615590684862168 0.8308113211004431
		outer loop
			vertex 0.16629831492900848 -0.06888301670551289 0.5300000013411045
			vertex 0.17654134333133698 -0.03511625900864589 0.5300000013411045
			vertex 0 1.4432899290348532e-16 0.6499999986588955
		endloop
	endfacet
	facet normal 0.5538741834382107 -0.05455206943581526 0.8308113267408703
		outer loop
			vertex 0.17654134333133698 -0.03511625900864589 0.5300000013411045
			vertex 0.18000000715255737 1.0666181989652959e-16 0.5300000013411045
			vertex 0 1.4432899290348532e-16 0.6499999986588955
		endloop
	endfacet
	facet normal 0.5538741834382108 0.054552069435815226 0.8308113267408704
		outer loop
			vertex 0.18000000715255737 1.0666181989652959e-16 0.5300000013411045
			vertex 0.17654134333133698 0.03511625900864613 0.5300000013411045
			vertex 0 1.4432899290348532e-16 0.6499999986588955
		endloop
	endfacet
	facet normal 0.5325891626020965 0.16155906848621682 0.8308113211004431
		outer loop
			vertex 0.17654134333133698 0.03511625900864613 0.5300000013411045
			vertex 0.16629831492900848 0.06888301670551311 0.5300000013411045
			vertex 0 1.4432899290348532e-16 0.6499999986588955
		endloop
	endfacet
	facet normal 0.49083698962091477 0.26235774461680494 0.8308113284371257
		outer loop
			vertex 0.16629831492900848 0.06888301670551311 0.5300000013411045
			vertex 0.14966453611850739 0.10000263899564754 0.5300000013411045
			vertex 0 1.4432899290348532e-16 0.6499999986588955
		endloop
	endfacet
	facet normal 0.4302221769132114 0.3530742307551415 0.8308113300074347
		outer loop
			vertex 0.14966453611850739 0.10000263899564754 0.5300000013411045
			vertex 0.12727922201156616 0.1272792220115663 0.5300000013411045
			vertex 0 1.4432899290348532e-16 0.6499999986588955
		endloop
	endfacet
	facet normal 0.3530742307551417 0.43022217691321124 0.8308113300074347
		outer loop
			vertex 0.12727922201156616 0.1272792220115663 0.5300000013411045
			vertex 0.10000263899564743 0.14966453611850752 0.5300000013411045
			vertex 0 1.4432899290348532e-16 0.6499999986588955
		endloop
	endfacet
	facet normal 0.26235774461680494 0.49083698962091477 0.8308113284371257
		outer loop
			vertex 0.10000263899564743 0.14966453611850752 0.5300000013411045
			vertex 0.068883016705513 0.16629831492900862 0.5300000013411045
			vertex 0 1.4432899290348532e-16 0.6499999986588955
		endloop
	endfacet
	facet normal 0.16155906848621682 0.5325891626020967 0.8308113211004432
		outer loop
			vertex 0.068883016705513 0.16629831492900862 0.5300000013411045
			vertex 0.03511625900864601 0.1765413433313371 0.5300000013411045
			vertex 0 1.4432899290348532e-16 0.6499999986588955
		endloop
	endfacet
	facet normal 0.054552069435815274 0.5538741834382107 0.8308113267408703
		outer loop
			vertex 0.03511625900864601 0.1765413433313371 0.5300000013411045
			vertex 2.204364202304404e-17 0.1800000071525575 0.5300000013411045
			vertex 0 1.4432899290348532e-16 0.6499999986588955
		endloop
	endfacet
	facet normal -0.05455206943581521 0.5538741834382108 0.8308113267408704
		outer loop
			vertex 2.204364202304404e-17 0.1800000071525575 0.5300000013411045
			vertex -0.03511625900864601 0.1765413433313371 0.5300000013411045
			vertex 0 1.4432899290348532e-16 0.6499999986588955
		endloop
	endfacet
	facet normal -0.16155906848621682 0.5325891626020967 0.8308113211004432
		outer loop
			vertex -0.03511625900864601 0.1765413433313371 0.5300000013411045
			vertex -0.068883016705513 0.16629831492900862 0.5300000013411045
			vertex 0 1.4432899290348532e-16 0.6499999986588955
		endloop
	endfacet
	facet normal -0.26235774461680494 0.49083698962091477 0.8308113284371257
		outer loop
			vertex -0.068883016705513 0.16629831492900862 0.5300000013411045
			vertex -0.10000263899564743 0.14966453611850752 0.5300000013411045
			vertex 0 1.4432899290348532e-16 0.6499999986588955
		endloop
	endfacet
	facet normal -0.3530742307551417 0.43022217691321124 0.8308113300074347
		outer loop
			vertex -0.10000263899564743 0.14966453611850752 0.5300000013411045
			vertex -0.12727922201156616 0.1272792220115663 0.5300000013411045
			vertex 0 1.4432899290348532e-16 0.6499999986588955
		endloop
	endfacet
	facet normal -0.4302221769132114 0.3530742307551415 0.8308113300074347
		outer loop
			vertex -0.12727922201156616 0.1272792220115663 0.5300000013411045
			vertex -0.14966453611850739 0.10000263899564754 0.5300000013411045
			vertex 0 1.4432899290348532e-16 0.6499999986588955
		endloop
	endfacet
	facet normal -0.49083698962091477 0.26235774461680494 0.8308113284371257
		outer loop
			vertex -0.14966453611850739 0.10000263899564754 0.5300000013411045
			vertex -0.16629831492900848 0.06888301670551311 0.5300000013411045
			vertex 0 1.4432899290348532e-16 0.6499999986588955
		endloop
	endfacet
	facet normal -0.5325891626020965 0.16155906848621682 0.8308113211004431
		outer loop
			vertex -0.16629831492900848 0.06888301670551311 0.5300000013411045
			vertex -0.17654134333133698 0.03511625900864613 0.5300000013411045
			vertex 0 1.4432899290348532e-16 0.6499999986588955
		endloop
	endfacet
	facet normal -0.5538741834382107 0.054552069435815295 0.8308113267408703
		outer loop
			vertex -0.17654134333133698 0.03511625900864613 0.5300000013411045
			vertex -0.18000000715255737 1.5074910394261767e-16 0.5300000013411045
			vertex 0 1.4432899290348532e-16 0.6499999986588955
		endloop
	endfacet
	facet normal -0.5538741834382108 -0.05455206943581519 0.8308113267408703
		outer loop
			vertex -0.18000000715255737 1.5074910394261767e-16 0.5300000013411045
			vertex -0.17654134333133698 -0.03511625900864589 0.5300000013411045
			vertex 0 1.4432899290348532e-16 0.6499999986588955
		endloop
	endfacet
	facet normal -0.5325891626020967 -0.1615590684862168 0.8308113211004431
		outer loop
			vertex -0.17654134333133698 -0.03511625900864589 0.5300000013411045
			vertex -0.16629831492900848 -0.06888301670551289 0.5300000013411045
			vertex 0 1.4432899290348532e-16 0.6499999986588955
		endloop
	endfacet
	facet normal -0.49083698962091477 -0.26235774461680494 0.8308113284371257
		outer loop
			vertex -0.16629831492900848 -0.06888301670551289 0.5300000013411045
			vertex -0.14966453611850739 -0.10000263899564732 0.5300000013411045
			vertex 0 1.4432899290348532e-16 0.6499999986588955
		endloop
	endfacet
	facet normal -0.4302221769132111 -0.35307423075514194 0.8308113300074349
		outer loop
			vertex -0.14966453611850739 -0.10000263899564732 0.5300000013411045
			vertex -0.12727922201156616 -0.12727922201156602 0.5300000013411045
			vertex 0 1.4432899290348532e-16 0.6499999986588955
		endloop
	endfacet
	facet normal -0.3530742307551417 -0.43022217691321124 0.8308113300074347
		outer loop
			vertex -0.12727922201156616 -0.12727922201156602 0.5300000013411045
			vertex -0.10000263899564743 -0.14966453611850725 0.5300000013411045
			vertex 0 1.4432899290348532e-16 0.6499999986588955
		endloop
	endfacet
	facet normal -0.26235774461680494 -0.49083698962091477 0.8308113284371257
		outer loop
			vertex -0.10000263899564743 -0.14966453611850725 0.5300000013411045
			vertex -0.068883016705513 -0.16629831492900835 0.5300000013411045
			vertex 0 1.4432899290348532e-16 0.6499999986588955
		endloop
	endfacet
	facet normal -0.16155906848621682 -0.5325891626020967 0.8308113211004432
		outer loop
			vertex -0.068883016705513 -0.16629831492900835 0.5300000013411045
			vertex -0.03511625900864601 -0.17654134333133684 0.5300000013411045
			vertex 0 1.4432899290348532e-16 0.6499999986588955
		endloop
	endfacet
	facet normal -0.05455206943581531 -0.5538741834382107 0.8308113267408703
		outer loop
			vertex -0.03511625900864601 -0.17654134333133684 0.5300000013411045
			vertex -4.408728404608808e-17 -0.18000000715255723 0.5300000013411045
			vertex 0 1.4432899290348532e-16 0.6499999986588955
		endloop
	endfacet
	facet normal 0 0 -1
		outer loop
			vertex 0.03511625900864601 -0.17654134333133684 0.5300000013411045
			vertex 0 -0.18000000715255723 0.5300000013411045
			vertex 0 1.176836409080516e-16 0.5300000013411045
		endloop
	endfacet
	facet normal 0 0 -1
		outer loop
			vertex 0.068883016705513 -0.16629831492900835 0.5300000013411045
			vertex 0.03511625900864601 -0.17654134333133684 0.5300000013411045
			vertex 0 1.176836409080516e-16 0.5300000013411045
		endloop
	endfacet
	facet normal 0 0 -1
		outer loop
			vertex 0.10000263899564743 -0.14966453611850725 0.5300000013411045
			vertex 0.068883016705513 -0.16629831492900835 0.5300000013411045
			vertex 0 1.176836409080516e-16 0.5300000013411045
		endloop
	endfacet
	facet normal 0 0 -1
		outer loop
			vertex 0.12727922201156616 -0.12727922201156602 0.5300000013411045
			vertex 0.10000263899564743 -0.14966453611850725 0.5300000013411045
			vertex 0 1.176836409080516e-16 0.5300000013411045
		endloop
	endfacet
	facet normal 0 0 -1
		outer loop
			vertex 0.14966453611850739 -0.10000263899564732 0.5300000013411045
			vertex 0.12727922201156616 -0.12727922201156602 0.5300000013411045
			vertex 0 1.176836409080516e-16 0.5300000013411045
		endloop
	endfacet
	facet normal 0 0 -1
		outer loop
			vertex 0.16629831492900848 -0.06888301670551289 0.5300000013411045
			vertex 0.14966453611850739 -0.10000263899564732 0.5300000013411045
			vertex 0 1.176836409080516e-16 0.5300000013411045
		endloop
	endfacet
	facet normal 0 0 -1
		outer loop
			vertex 0.17654134333133698 -0.03511625900864589 0.5300000013411045
			vertex 0.16629831492900848 -0.06888301670551289 0.5300000013411045
			vertex 0 1.176836409080516e-16 0.5300000013411045
		endloop
	endfacet
	facet normal 0 0 -1
		outer loop
			vertex 0.18000000715255737 1.0666181989652959e-16 0.5300000013411045
			vertex 0.17654134333133698 -0.03511625900864589 0.5300000013411045
			vertex 0 1.176836409080516e-16 0.5300000013411045
		endloop
	endfacet
	facet normal 0 0 -1
		outer loop
			vertex 0.17654134333133698 0.03511625900864613 0.5300000013411045
			vertex 0.18000000715255737 1.0666181989652959e-16 0.5300000013411045
			vertex 0 1.176836409080516e-16 0.5300000013411045
		endloop
	endfacet
	facet normal 0 0 -1
		outer loop
			vertex 0.16629831492900848 0.06888301670551311 0.5300000013411045
			vertex 0.17654134333133698 0.03511625900864613 0.5300000013411045
			vertex 0 1.176836409080516e-16 0.5300000013411045
		endloop
	endfacet
	facet normal 0 0 -1
		outer loop
			vertex 0.14966453611850739 0.10000263899564754 0.5300000013411045
			vertex 0.16629831492900848 0.06888301670551311 0.5300000013411045
			vertex 0 1.176836409080516e-16 0.5300000013411045
		endloop
	endfacet
	facet normal 0 0 -1
		outer loop
			vertex 0.12727922201156616 0.1272792220115663 0.5300000013411045
			vertex 0.14966453611850739 0.10000263899564754 0.5300000013411045
			vertex 0 1.176836409080516e-16 0.5300000013411045
		endloop
	endfacet
	facet normal 0 0 -1
		outer loop
			vertex 0.10000263899564743 0.14966453611850752 0.5300000013411045
			vertex 0.12727922201156616 0.1272792220115663 0.5300000013411045
			vertex 0 1.176836409080516e-16 0.5300000013411045
		endloop
	endfacet
	facet normal 0 0 -1
		outer loop
			vertex 0.068883016705513 0.16629831492900862 0.5300000013411045
			vertex 0.10000263899564743 0.14966453611850752 0.5300000013411045
			vertex 0 1.176836409080516e-16 0.5300000013411045
		endloop
	endfacet
	facet normal 0 0 -1
		outer loop
			vertex 0.03511625900864601 0.1765413433313371 0.5300000013411045
			vertex 0.068883016705513 0.16629831492900862 0.5300000013411045
			vertex 0 1.176836409080516e-16 0.5300000013411045
		endloop
	endfacet
	facet normal 0 0 -1
		outer loop
			vertex 2.204364202304404e-17 0.1800000071525575 0.5300000013411045
			vertex 0.03511625900864601 0.1765413433313371 0.5300000013411045
			vertex 0 1.176836409080516e-16 0.5300000013411045
		endloop
	endfacet
	facet normal 0 0 -1
		outer loop
			vertex -0.03511625900864601 0.1765413433313371 0.5300000013411045
			vertex 2.204364202304404e-17 0.1800000071525575 0.5300000013411045
			vertex 0 1.176836409080516e-16 0.5300000013411045
		endloop
	endfacet
	facet normal 0 0 -1
		outer loop
			vertex -0.068883016705513 0.16629831492900862 0.5300000013411045
			vertex -0.03511625900864601 0.1765413433313371 0.5300000013411045
			vertex 0 1.176836409080516e-16 0.5300000013411045
		endloop
	endfacet
	facet normal 0 0 -1
		outer loop
			vertex -0.10000263899564743 0.14966453611850752 0.5300000013411045
			vertex -0.068883016705513 0.16629831492900862 0.5300000013411045
			vertex 0 1.176836409080516e-16 0.5300000013411045
		endloop
	endfacet
	facet normal 0 0 -1
		outer loop
			vertex -0.12727922201156616 0.1272792220115663 0.5300000013411045
			vertex -0.10000263899564743 0.14966453611850752 0.5300000013411045
			vertex 0 1.176836409080516e-16 0.5300000013411045
		endloop
	endfacet
	facet normal 0 0 -1
		outer loop
			vertex -0.14966453611850739 0.10000263899564754 0.5300000013411045
			vertex -0.12727922201156616 0.1272792220115663 0.5300000013411045
			vertex 0 1.176836409080516e-16 0.5300000013411045
		endloop
	endfacet
	facet normal 0 0 -1
		outer loop
			vertex -0.16629831492900848 0.06888301670551311 0.5300000013411045
			vertex -0.14966453611850739 0.10000263899564754 0.5300000013411045
			vertex 0 1.176836409080516e-16 0.5300000013411045
		endloop
	endfacet
	facet normal 0 0 -1
		outer loop
			vertex -0.17654134333133698 0.03511625900864613 0.5300000013411045
			vertex -0.16629831492900848 0.06888301670551311 0.5300000013411045
			vertex 0 1.176836409080516e-16 0.5300000013411045
		endloop
	endfacet
	facet normal 0 0 -1
		outer loop
			vertex -0.18000000715255737 1.5074910394261767e-16 0.5300000013411045
			vertex -0.17654134333133698 0.03511625900864613 0.5300000013411045
			vertex 0 1.176836409080516e-16 0.5300000013411045
		endloop
	endfacet
	facet normal 0 0 -1
		outer loop
			vertex -0.17654134333133698 -0.03511625900864589 0.5300000013411045
			vertex -0.18000000715255737 1.5074910394261767e-16 0.5300000013411045
			vertex 0 1.176836409080516e-16 0.5300000013411045
		endloop
	endfacet
	facet normal 0 0 -1
		outer loop
			vertex -0.16629831492900848 -0.06888301670551289 0.5300000013411045
			vertex -0.17654134333133698 -0.03511625900864589 0.5300000013411045
			vertex 0 1.176836409080516e-16 0.5300000013411045
		endloop
	endfacet
	facet normal 0 0 -1
		outer loop
			vertex -0.14966453611850739 -0.10000263899564732 0.5300000013411045
			vertex -0.16629831492900848 -0.06888301670551289 0.5300000013411045
			vertex 0 1.176836409080516e-16 0.5300000013411045
		endloop
	endfacet
	facet normal 0 0 -1
		outer loop
			vertex -0.12727922201156616 -0.12727922201156602 0.5300000013411045
			vertex -0.14966453611850739 -0.10000263899564732 0.5300000013411045
			vertex 0 1.176836409080516e-16 0.5300000013411045
		endloop
	endfacet
	facet normal 0 0 -1
		outer loop
			vertex -0.10000263899564743 -0.14966453611850725 0.5300000013411045
			vertex -0.12727922201156616 -0.12727922201156602 0.5300000013411045
			vertex 0 1.176836409080516e-16 0.5300000013411045
		endloop
	endfacet
	facet normal 0 0 -1
		outer loop
			vertex -0.068883016705513 -0.16629831492900835 0.5300000013411045
			vertex -0.10000263899564743 -0.14966453611850725 0.5300000013411045
			vertex 0 1.176836409080516e-16 0.5300000013411045
		endloop
	endfacet
	facet normal 0 0 -1
		outer loop
			vertex -0.03511625900864601 -0.17654134333133684 0.5300000013411045
			vertex -0.068883016705513 -0.16629831492900835 0.5300000013411045
			vertex 0 1.176836409080516e-16 0.5300000013411045
		endloop
	endfacet
	facet normal 0 0 -1
		outer loop
			vertex -4.408728404608808e-17 -0.18000000715255723 0.5300000013411045
			vertex -0.03511625900864601 -0.17654134333133684 0.5300000013411045
			vertex 0 1.176836409080516e-16 0.5300000013411045
		endloop
	endfacet
endsolid exported
