solid exported
	facet normal 1 0 0
		outer loop
			vertex 0.11500000208616257 -0.08500000089406959 0.3400000014901161
			vertex 0.11500000208616257 -0.08500000089406964 0.13999999850988387
			vertex 0.11500000208616257 0.08500000089406975 0.3400000014901161
		endloop
	endfacet
	facet normal 1 0 0
		outer loop
			vertex 0.11500000208616257 -0.08500000089406964 0.13999999850988387
			vertex 0.11500000208616257 0.0850000008940697 0.13999999850988387
			vertex 0.11500000208616257 0.08500000089406975 0.3400000014901161
		endloop
	endfacet
	facet normal -1 0 0
		outer loop
			vertex -0.11500000208616257 0.08500000089406975 0.3400000014901161
			vertex -0.11500000208616257 0.0850000008940697 0.13999999850988387
			vertex -0.11500000208616257 -0.08500000089406959 0.3400000014901161
		endloop
	endfacet
	facet normal -1 0 0
		outer loop
			vertex -0.11500000208616257 0.0850000008940697 0.13999999850988387
			vertex -0.11500000208616257 -0.08500000089406964 0.13999999850988387
			vertex -0.11500000208616257 -0.08500000089406959 0.3400000014901161
		endloop
	endfacet
	facet normal 0 0 1
		outer loop
			vertex -0.11500000208616257 0.08500000089406975 0.3400000014901161
			vertex -0.11500000208616257 -0.08500000089406959 0.3400000014901161
			vertex 0.11500000208616257 0.08500000089406975 0.3400000014901161
		endloop
	endfacet
	facet normal 0 0 1
		outer loop
			vertex -0.11500000208616257 -0.08500000089406959 0.3400000014901161
			vertex 0.11500000208616257 -0.08500000089406959 0.3400000014901161
			vertex 0.11500000208616257 0.08500000089406975 0.3400000014901161
		endloop
	endfacet
	facet normal 0 0 -1
		outer loop
			vertex -0.11500000208616257 -0.08500000089406964 0.13999999850988387
			vertex -0.11500000208616257 0.0850000008940697 0.13999999850988387
			vertex 0.11500000208616257 -0.08500000089406964 0.13999999850988387
		endloop
	endfacet
	facet normal 0 0 -1
		outer loop
			vertex -0.11500000208616257 0.0850000008940697 0.13999999850988387
			vertex 0.11500000208616257 0.0850000008940697 0.13999999850988387
			vertex 0.11500000208616257 -0.08500000089406964 0.13999999850988387
		endloop
	endfacet
	facet normal 0 -1 2.775557520203861e-16
		outer loop
			vertex -0.11500000208616257 -0.08500000089406959 0.3400000014901161
			vertex -0.11500000208616257 -0.08500000089406964 0.13999999850988387
			vertex 0.11500000208616257 -0.08500000089406959 0.3400000014901161
		endloop
	endfacet
	facet normal 0 -1 2.775557520203861e-16
		outer loop
			vertex -0.11500000208616257 -0.08500000089406964 0.13999999850988387
			vertex 0.11500000208616257 -0.08500000089406964 0.13999999850988387
			vertex 0.11500000208616257 -0.08500000089406959 0.3400000014901161
		endloop
	endfacet
	facet normal 0 1 -2.775557520203861e-16
		outer loop
			vertex 0.11500000208616257 0.08500000089406975 0.3400000014901161
			vertex 0.11500000208616257 0.0850000008940697 0.13999999850988387
			vertex -0.11500000208616257 0.08500000089406975 0.3400000014901161
		endloop
	endfacet
	facet normal 0 1 -2.775557520203861e-16
		outer loop
			vertex 0.11500000208616257 0.0850000008940697 0.13999999850988387
			vertex -0.11500000208616257 0.0850000008940697 0.13999999850988387
			vertex -0.11500000208616257 0.08500000089406975 0.3400000014901161
		endloop
	endfacet
	facet normal 1 0 0
		outer loop
			vertex 0.125 -0.10000000149011601 0.5250000008940697
			vertex 0.125 -0.10000000149011604 0.3549999991059304
			vertex 0.125 0.10000000149011623 0.5250000008940696
		endloop
	endfacet
	facet normal 1 0 0
		outer loop
			vertex 0.125 -0.10000000149011604 0.3549999991059304
			vertex 0.125 0.1000000014901162 0.3549999991059303
			vertex 0.125 0.10000000149011623 0.5250000008940696
		endloop
	endfacet
	facet normal -1 0 0
		outer loop
			vertex -0.125 0.10000000149011623 0.5250000008940696
			vertex -0.125 0.1000000014901162 0.3549999991059303
			vertex -0.125 -0.10000000149011601 0.5250000008940697
		endloop
	endfacet
	facet normal -1 0 0
		outer loop
			vertex -0.125 0.1000000014901162 0.3549999991059303
			vertex -0.125 -0.10000000149011604 0.3549999991059304
			vertex -0.125 -0.10000000149011601 0.5250000008940697
		endloop
	endfacet
	facet normal 0 5.551115040407722e-16 1
		outer loop
			vertex -0.125 0.10000000149011623 0.5250000008940696
			vertex -0.125 -0.10000000149011601 0.5250000008940697
			vertex 0.125 0.10000000149011623 0.5250000008940696
		endloop
	endfacet
	facet normal 0 5.551115040407722e-16 1
		outer loop
			vertex -0.125 -0.10000000149011601 0.5250000008940697
			vertex 0.125 -0.10000000149011601 0.5250000008940697
			vertex 0.125 0.10000000149011623 0.5250000008940696
		endloop
	endfacet
	facet normal 0 -5.551115040407722e-16 -1
		outer loop
			vertex -0.125 -0.10000000149011604 0.3549999991059304
			vertex -0.125 0.1000000014901162 0.3549999991059303
			vertex 0.125 -0.10000000149011604 0.3549999991059304
		endloop
	endfacet
	facet normal 0 -5.551115040407722e-16 -1
		outer loop
			vertex -0.125 0.1000000014901162 0.3549999991059303
			vertex 0.125 0.1000000014901162 0.3549999991059303
			vertex 0.125 -0.10000000149011604 0.3549999991059304
		endloop
	endfacet
	facet normal 0 -1 1.632680901393107e-16
		outer loop
			vertex -0.125 -0.10000000149011601 0.5250000008940697
			vertex -0.125 -0.10000000149011604 0.3549999991059304
			vertex 0.125 -0.10000000149011601 0.5250000008940697
		endloop
	endfacet
	facet normal 0 -1 1.632680901393107e-16
		outer loop
			vertex -0.125 -0.10000000149011604 0.3549999991059304
			vertex 0.125 -0.10000000149011604 0.3549999991059304
			vertex 0.125 -0.10000000149011601 0.5250000008940697
		endloop
	endfacet
	facet normal 0 1 -1.632680901393107e-16
		outer loop
			vertex 0.125 0.10000000149011623 0.5250000008940696
			vertex 0.125 0.1000000014901162 0.3549999991059303
			vertex -0.125 0.10000000149011623 0.5250000008940696
		endloop
	endfacet
	facet normal 0 1 -1.632680901393107e-16
		outer loop
			vertex 0.125 0.1000000014901162 0.3549999991059303
			vertex -0.125 0.1000000014901162 0.3549999991059303
			vertex -0.125 0.10000000149011623 0.5250000008940696
		endloop
	endfacet
	facet normal 1 0 0
		outer loop
			vertex -0.03249999850988389 -0.05999999865889546 0.1349999997019768
			vertex -0.03249999850988389 -0.059999998658895486 0.02500000029802324
			vertex -0.03249999850988389 0.05999999865889553 0.13499999970197676
		endloop
	endfacet
	facet normal 1 0 0
		outer loop
			vertex -0.03249999850988389 -0.059999998658895486 0.02500000029802324
			vertex -0.03249999850988389 0.0599999986588955 0.02500000029802321
			vertex -0.03249999850988389 0.05999999865889553 0.13499999970197676
		endloop
	endfacet
	facet normal -1 0 0
		outer loop
			vertex -0.10750000149011613 0.05999999865889553 0.13499999970197676
			vertex -0.10750000149011613 0.0599999986588955 0.02500000029802321
			vertex -0.10750000149011613 -0.05999999865889546 0.1349999997019768
		endloop
	endfacet
	facet normal -1 0 0
		outer loop
			vertex -0.10750000149011613 0.0599999986588955 0.02500000029802321
			vertex -0.10750000149011613 -0.059999998658895486 0.02500000029802324
			vertex -0.10750000149011613 -0.05999999865889546 0.1349999997019768
		endloop
	endfacet
	facet normal 0 2.312964686334532e-16 1
		outer loop
			vertex -0.10750000149011613 0.05999999865889553 0.13499999970197676
			vertex -0.10750000149011613 -0.05999999865889546 0.1349999997019768
			vertex -0.03249999850988389 0.05999999865889553 0.13499999970197676
		endloop
	endfacet
	facet normal 0 2.312964686334532e-16 1
		outer loop
			vertex -0.10750000149011613 -0.05999999865889546 0.1349999997019768
			vertex -0.03249999850988389 -0.05999999865889546 0.1349999997019768
			vertex -0.03249999850988389 0.05999999865889553 0.13499999970197676
		endloop
	endfacet
	facet normal 0 -2.312964686334532e-16 -1
		outer loop
			vertex -0.10750000149011613 -0.059999998658895486 0.02500000029802324
			vertex -0.10750000149011613 0.0599999986588955 0.02500000029802321
			vertex -0.03249999850988389 -0.059999998658895486 0.02500000029802324
		endloop
	endfacet
	facet normal 0 -2.312964686334532e-16 -1
		outer loop
			vertex -0.10750000149011613 0.0599999986588955 0.02500000029802321
			vertex -0.03249999850988389 0.0599999986588955 0.02500000029802321
			vertex -0.03249999850988389 -0.059999998658895486 0.02500000029802324
		endloop
	endfacet
	facet normal 0 -1 2.5232341605477626e-16
		outer loop
			vertex -0.10750000149011613 -0.05999999865889546 0.1349999997019768
			vertex -0.10750000149011613 -0.059999998658895486 0.02500000029802324
			vertex -0.03249999850988389 -0.05999999865889546 0.1349999997019768
		endloop
	endfacet
	facet normal 0 -1 2.5232341605477626e-16
		outer loop
			vertex -0.10750000149011613 -0.059999998658895486 0.02500000029802324
			vertex -0.03249999850988389 -0.059999998658895486 0.02500000029802324
			vertex -0.03249999850988389 -0.05999999865889546 0.1349999997019768
		endloop
	endfacet
	facet normal 0 1 -2.5232341605477626e-16
		outer loop
			vertex -0.03249999850988389 0.05999999865889553 0.13499999970197676
			vertex -0.03249999850988389 0.0599999986588955 0.02500000029802321
			vertex -0.10750000149011613 0.05999999865889553 0.13499999970197676
		endloop
	endfacet
	facet normal 0 1 -2.5232341605477626e-16
		outer loop
			vertex -0.03249999850988389 0.0599999986588955 0.02500000029802321
			vertex -0.10750000149011613 0.0599999986588955 0.02500000029802321
			vertex -0.10750000149011613 0.05999999865889553 0.13499999970197676
		endloop
	endfacet
	facet normal -0.19482438742367944 -0.052203046470828206 0.9794479567614366
		outer loop
			vertex -0.07 -0.1079999999999999 0.48500000037252905
			vertex -0.07956708565354348 -0.1079999999999999 0.48309698797762396
			vertex -0.07828533899039031 -0.11278354282677164 0.48309698797762396
		endloop
	endfacet
	facet normal -0.14262135257957503 -0.14262135257957503 0.9794479565432486
		outer loop
			vertex -0.07 -0.1079999999999999 0.48500000037252905
			vertex -0.07828533899039031 -0.11278354282677164 0.48309698797762396
			vertex -0.07478354282677174 -0.1162853389903902 0.48309698797762396
		endloop
	endfacet
	facet normal -0.052203046470828206 -0.19482438742367944 0.9794479567614366
		outer loop
			vertex -0.07 -0.1079999999999999 0.48500000037252905
			vertex -0.07478354282677174 -0.1162853389903902 0.48309698797762396
			vertex -0.07 -0.11756708565354337 0.48309698797762396
		endloop
	endfacet
	facet normal 0.052203046470828206 -0.19482438742367944 0.9794479567614366
		outer loop
			vertex -0.07 -0.1079999999999999 0.48500000037252905
			vertex -0.07 -0.11756708565354337 0.48309698797762396
			vertex -0.06521645717322827 -0.1162853389903902 0.48309698797762396
		endloop
	endfacet
	facet normal 0.14262135257957503 -0.14262135257957503 0.9794479565432486
		outer loop
			vertex -0.07 -0.1079999999999999 0.48500000037252905
			vertex -0.06521645717322827 -0.1162853389903902 0.48309698797762396
			vertex -0.061714661009609706 -0.11278354282677164 0.48309698797762396
		endloop
	endfacet
	facet normal 0.19482438742367944 -0.052203046470828206 0.9794479567614366
		outer loop
			vertex -0.07 -0.1079999999999999 0.48500000037252905
			vertex -0.061714661009609706 -0.11278354282677164 0.48309698797762396
			vertex -0.060432914346456534 -0.1079999999999999 0.48309698797762396
		endloop
	endfacet
	facet normal 0.19482438742367944 0.052203046470828206 0.9794479567614366
		outer loop
			vertex -0.07 -0.1079999999999999 0.48500000037252905
			vertex -0.060432914346456534 -0.1079999999999999 0.48309698797762396
			vertex -0.061714661009609706 -0.10321645717322817 0.48309698797762396
		endloop
	endfacet
	facet normal 0.14262135257957503 0.14262135257957503 0.9794479565432486
		outer loop
			vertex -0.07 -0.1079999999999999 0.48500000037252905
			vertex -0.061714661009609706 -0.10321645717322817 0.48309698797762396
			vertex -0.06521645717322827 -0.0997146610096096 0.48309698797762396
		endloop
	endfacet
	facet normal 0.052203046470828206 0.19482438742367944 0.9794479567614366
		outer loop
			vertex -0.07 -0.1079999999999999 0.48500000037252905
			vertex -0.06521645717322827 -0.0997146610096096 0.48309698797762396
			vertex -0.07 -0.09843291434645643 0.48309698797762396
		endloop
	endfacet
	facet normal -0.052203046470828206 0.19482438742367944 0.9794479567614366
		outer loop
			vertex -0.07 -0.1079999999999999 0.48500000037252905
			vertex -0.07 -0.09843291434645643 0.48309698797762396
			vertex -0.07478354282677174 -0.0997146610096096 0.48309698797762396
		endloop
	endfacet
	facet normal -0.14262135257957503 0.14262135257957503 0.9794479565432486
		outer loop
			vertex -0.07 -0.1079999999999999 0.48500000037252905
			vertex -0.07478354282677174 -0.0997146610096096 0.48309698797762396
			vertex -0.07828533899039031 -0.10321645717322817 0.48309698797762396
		endloop
	endfacet
	facet normal -0.19482438742367933 0.05220304647082833 0.9794479567614366
		outer loop
			vertex -0.07 -0.1079999999999999 0.48500000037252905
			vertex -0.07828533899039031 -0.10321645717322817 0.48309698797762396
			vertex -0.07956708565354348 -0.10799999999999989 0.48309698797762396
		endloop
	endfacet
	facet normal -0.5495146949337675 -0.14724204467096316 0.8224070648608041
		outer loop
			vertex -0.07828533899039031 -0.11278354282677164 0.48309698797762396
			vertex -0.07956708565354348 -0.1079999999999999 0.48309698797762396
			vertex -0.08530931051820517 -0.11683883517235508 0.47767767034471037
		endloop
	endfacet
	facet normal -0.5495146612223648 -0.14724207685025473 0.8224070816247228
		outer loop
			vertex -0.07956708565354348 -0.1079999999999999 0.48309698797762396
			vertex -0.08767767034471036 -0.1079999999999999 0.47767767034471037
			vertex -0.08530931051820517 -0.11683883517235508 0.47767767034471037
		endloop
	endfacet
	facet normal -0.40227267647492315 -0.40227267647492315 0.8224070692323866
		outer loop
			vertex -0.07478354282677174 -0.1162853389903902 0.48309698797762396
			vertex -0.07828533899039031 -0.11278354282677164 0.48309698797762396
			vertex -0.07883883517235518 -0.12330931051820507 0.47767767034471037
		endloop
	endfacet
	facet normal -0.40227267647492315 -0.40227267647492315 0.8224070692323867
		outer loop
			vertex -0.07828533899039031 -0.11278354282677164 0.48309698797762396
			vertex -0.08530931051820517 -0.11683883517235508 0.47767767034471037
			vertex -0.07883883517235518 -0.12330931051820507 0.47767767034471037
		endloop
	endfacet
	facet normal -0.14724203653150883 -0.5495146645569157 0.8224070866152323
		outer loop
			vertex -0.07 -0.11756708565354337 0.48309698797762396
			vertex -0.07478354282677174 -0.1162853389903902 0.48309698797762396
			vertex -0.07 -0.12567767034471025 0.47767767034471037
		endloop
	endfacet
	facet normal -0.14724208125529642 -0.5495146776621969 0.8224070698513118
		outer loop
			vertex -0.07478354282677174 -0.1162853389903902 0.48309698797762396
			vertex -0.07883883517235518 -0.12330931051820507 0.47767767034471037
			vertex -0.07 -0.12567767034471025 0.47767767034471037
		endloop
	endfacet
	facet normal 0.14724204467096316 -0.5495146949337675 0.8224070648608041
		outer loop
			vertex -0.06521645717322827 -0.1162853389903902 0.48309698797762396
			vertex -0.07 -0.11756708565354337 0.48309698797762396
			vertex -0.06116116482764483 -0.12330931051820507 0.47767767034471037
		endloop
	endfacet
	facet normal 0.14724207685025473 -0.5495146612223648 0.8224070816247228
		outer loop
			vertex -0.07 -0.11756708565354337 0.48309698797762396
			vertex -0.07 -0.12567767034471025 0.47767767034471037
			vertex -0.06116116482764483 -0.12330931051820507 0.47767767034471037
		endloop
	endfacet
	facet normal 0.40227267647492315 -0.40227267647492315 0.8224070692323866
		outer loop
			vertex -0.061714661009609706 -0.11278354282677164 0.48309698797762396
			vertex -0.06521645717322827 -0.1162853389903902 0.48309698797762396
			vertex -0.05469068948179484 -0.11683883517235508 0.47767767034471037
		endloop
	endfacet
	facet normal 0.40227267647492315 -0.40227267647492315 0.8224070692323867
		outer loop
			vertex -0.06521645717322827 -0.1162853389903902 0.48309698797762396
			vertex -0.06116116482764483 -0.12330931051820507 0.47767767034471037
			vertex -0.05469068948179484 -0.11683883517235508 0.47767767034471037
		endloop
	endfacet
	facet normal 0.5495146645569157 -0.14724203653150883 0.8224070866152323
		outer loop
			vertex -0.060432914346456534 -0.1079999999999999 0.48309698797762396
			vertex -0.061714661009609706 -0.11278354282677164 0.48309698797762396
			vertex -0.05232232965528966 -0.1079999999999999 0.47767767034471037
		endloop
	endfacet
	facet normal 0.5495146776621969 -0.14724208125529642 0.8224070698513118
		outer loop
			vertex -0.061714661009609706 -0.11278354282677164 0.48309698797762396
			vertex -0.05469068948179484 -0.11683883517235508 0.47767767034471037
			vertex -0.05232232965528966 -0.1079999999999999 0.47767767034471037
		endloop
	endfacet
	facet normal 0.5495146949337675 0.14724204467096316 0.8224070648608041
		outer loop
			vertex -0.061714661009609706 -0.10321645717322817 0.48309698797762396
			vertex -0.060432914346456534 -0.1079999999999999 0.48309698797762396
			vertex -0.05469068948179484 -0.09916116482764473 0.47767767034471037
		endloop
	endfacet
	facet normal 0.5495146612223648 0.14724207685025473 0.8224070816247228
		outer loop
			vertex -0.060432914346456534 -0.1079999999999999 0.48309698797762396
			vertex -0.05232232965528966 -0.1079999999999999 0.47767767034471037
			vertex -0.05469068948179484 -0.09916116482764473 0.47767767034471037
		endloop
	endfacet
	facet normal 0.40227267647492315 0.40227267647492315 0.8224070692323866
		outer loop
			vertex -0.06521645717322827 -0.0997146610096096 0.48309698797762396
			vertex -0.061714661009609706 -0.10321645717322817 0.48309698797762396
			vertex -0.06116116482764483 -0.09269068948179474 0.47767767034471037
		endloop
	endfacet
	facet normal 0.40227267647492315 0.40227267647492315 0.8224070692323867
		outer loop
			vertex -0.061714661009609706 -0.10321645717322817 0.48309698797762396
			vertex -0.05469068948179484 -0.09916116482764473 0.47767767034471037
			vertex -0.06116116482764483 -0.09269068948179474 0.47767767034471037
		endloop
	endfacet
	facet normal 0.14724203653150883 0.5495146645569157 0.8224070866152323
		outer loop
			vertex -0.07 -0.09843291434645643 0.48309698797762396
			vertex -0.06521645717322827 -0.0997146610096096 0.48309698797762396
			vertex -0.07 -0.09032232965528955 0.47767767034471037
		endloop
	endfacet
	facet normal 0.14724208125529642 0.5495146776621969 0.8224070698513118
		outer loop
			vertex -0.06521645717322827 -0.0997146610096096 0.48309698797762396
			vertex -0.06116116482764483 -0.09269068948179474 0.47767767034471037
			vertex -0.07 -0.09032232965528955 0.47767767034471037
		endloop
	endfacet
	facet normal -0.14724204467096316 0.5495146949337675 0.8224070648608041
		outer loop
			vertex -0.07478354282677174 -0.0997146610096096 0.48309698797762396
			vertex -0.07 -0.09843291434645643 0.48309698797762396
			vertex -0.07883883517235518 -0.09269068948179474 0.47767767034471037
		endloop
	endfacet
	facet normal -0.14724207685025473 0.5495146612223648 0.8224070816247228
		outer loop
			vertex -0.07 -0.09843291434645643 0.48309698797762396
			vertex -0.07 -0.09032232965528955 0.47767767034471037
			vertex -0.07883883517235518 -0.09269068948179474 0.47767767034471037
		endloop
	endfacet
	facet normal -0.40227267647492315 0.40227267647492315 0.8224070692323866
		outer loop
			vertex -0.07828533899039031 -0.10321645717322817 0.48309698797762396
			vertex -0.07478354282677174 -0.0997146610096096 0.48309698797762396
			vertex -0.08530931051820517 -0.09916116482764473 0.47767767034471037
		endloop
	endfacet
	facet normal -0.40227267647492315 0.40227267647492315 0.8224070692323867
		outer loop
			vertex -0.07478354282677174 -0.0997146610096096 0.48309698797762396
			vertex -0.07883883517235518 -0.09269068948179474 0.47767767034471037
			vertex -0.08530931051820517 -0.09916116482764473 0.47767767034471037
		endloop
	endfacet
	facet normal -0.5495146645569157 0.14724203653150927 0.8224070866152324
		outer loop
			vertex -0.07956708565354348 -0.10799999999999989 0.48309698797762396
			vertex -0.07828533899039031 -0.10321645717322817 0.48309698797762396
			vertex -0.08767767034471036 -0.10799999999999989 0.47767767034471037
		endloop
	endfacet
	facet normal -0.5495146776621967 0.14724208125529664 0.8224070698513118
		outer loop
			vertex -0.07828533899039031 -0.10321645717322817 0.48309698797762396
			vertex -0.08530931051820517 -0.09916116482764473 0.47767767034471037
			vertex -0.08767767034471036 -0.10799999999999989 0.47767767034471037
		endloop
	endfacet
	facet normal -0.811571857076704 -0.21746012287165617 0.5422750370077111
		outer loop
			vertex -0.08530931051820517 -0.11683883517235508 0.47767767034471037
			vertex -0.08767767034471036 -0.1079999999999999 0.47767767034471037
			vertex -0.09000257931649686 -0.11954849398881187 0.4695670856535435
		endloop
	endfacet
	facet normal -0.8115719918613726 -0.2174599911622195 0.5422748881055544
		outer loop
			vertex -0.08767767034471036 -0.1079999999999999 0.47767767034471037
			vertex -0.09309698797762395 -0.1079999999999999 0.4695670856535435
			vertex -0.09000257931649686 -0.11954849398881187 0.4695670856535435
		endloop
	endfacet
	facet normal -0.5941118746276868 -0.5941118746276868 0.5422749863793752
		outer loop
			vertex -0.07883883517235518 -0.12330931051820507 0.47767767034471037
			vertex -0.08530931051820517 -0.11683883517235508 0.47767767034471037
			vertex -0.08154849398881198 -0.12800257931649675 0.4695670856535435
		endloop
	endfacet
	facet normal -0.5941118746276868 -0.5941118746276868 0.5422749863793752
		outer loop
			vertex -0.08530931051820517 -0.11683883517235508 0.47767767034471037
			vertex -0.09000257931649686 -0.11954849398881187 0.4695670856535435
			vertex -0.08154849398881198 -0.12800257931649675 0.4695670856535435
		endloop
	endfacet
	facet normal -0.21746015105086108 -0.8115719622428803 0.5422748683151171
		outer loop
			vertex -0.07 -0.12567767034471025 0.47767767034471037
			vertex -0.07883883517235518 -0.12330931051820507 0.47767767034471037
			vertex -0.07 -0.13109698797762384 0.4695670856535435
		endloop
	endfacet
	facet normal -0.21745996959480293 -0.8115719113706528 0.5422750172172905
		outer loop
			vertex -0.07883883517235518 -0.12330931051820507 0.47767767034471037
			vertex -0.08154849398881198 -0.12800257931649675 0.4695670856535435
			vertex -0.07 -0.13109698797762384 0.4695670856535435
		endloop
	endfacet
	facet normal 0.21746012287165617 -0.811571857076704 0.5422750370077111
		outer loop
			vertex -0.06116116482764483 -0.12330931051820507 0.47767767034471037
			vertex -0.07 -0.12567767034471025 0.47767767034471037
			vertex -0.05845150601118804 -0.12800257931649675 0.4695670856535435
		endloop
	endfacet
	facet normal 0.2174599911622195 -0.8115719918613726 0.5422748881055544
		outer loop
			vertex -0.07 -0.12567767034471025 0.47767767034471037
			vertex -0.07 -0.13109698797762384 0.4695670856535435
			vertex -0.05845150601118804 -0.12800257931649675 0.4695670856535435
		endloop
	endfacet
	facet normal 0.5941118746276868 -0.5941118746276868 0.5422749863793752
		outer loop
			vertex -0.05469068948179484 -0.11683883517235508 0.47767767034471037
			vertex -0.06116116482764483 -0.12330931051820507 0.47767767034471037
			vertex -0.04999742068350316 -0.11954849398881187 0.4695670856535435
		endloop
	endfacet
	facet normal 0.5941118746276868 -0.5941118746276868 0.5422749863793752
		outer loop
			vertex -0.06116116482764483 -0.12330931051820507 0.47767767034471037
			vertex -0.05845150601118804 -0.12800257931649675 0.4695670856535435
			vertex -0.04999742068350316 -0.11954849398881187 0.4695670856535435
		endloop
	endfacet
	facet normal 0.8115719622428803 -0.21746015105086108 0.5422748683151171
		outer loop
			vertex -0.05232232965528966 -0.1079999999999999 0.47767767034471037
			vertex -0.05469068948179484 -0.11683883517235508 0.47767767034471037
			vertex -0.04690301202237607 -0.1079999999999999 0.4695670856535435
		endloop
	endfacet
	facet normal 0.8115719113706528 -0.21745996959480293 0.5422750172172905
		outer loop
			vertex -0.05469068948179484 -0.11683883517235508 0.47767767034471037
			vertex -0.04999742068350316 -0.11954849398881187 0.4695670856535435
			vertex -0.04690301202237607 -0.1079999999999999 0.4695670856535435
		endloop
	endfacet
	facet normal 0.811571857076704 0.21746012287165617 0.5422750370077111
		outer loop
			vertex -0.05469068948179484 -0.09916116482764473 0.47767767034471037
			vertex -0.05232232965528966 -0.1079999999999999 0.47767767034471037
			vertex -0.04999742068350316 -0.09645150601118793 0.4695670856535435
		endloop
	endfacet
	facet normal 0.8115719918613726 0.2174599911622195 0.5422748881055544
		outer loop
			vertex -0.05232232965528966 -0.1079999999999999 0.47767767034471037
			vertex -0.04690301202237607 -0.1079999999999999 0.4695670856535435
			vertex -0.04999742068350316 -0.09645150601118793 0.4695670856535435
		endloop
	endfacet
	facet normal 0.5941118746276868 0.5941118746276868 0.5422749863793752
		outer loop
			vertex -0.06116116482764483 -0.09269068948179474 0.47767767034471037
			vertex -0.05469068948179484 -0.09916116482764473 0.47767767034471037
			vertex -0.05845150601118804 -0.08799742068350305 0.4695670856535435
		endloop
	endfacet
	facet normal 0.5941118746276868 0.5941118746276868 0.5422749863793752
		outer loop
			vertex -0.05469068948179484 -0.09916116482764473 0.47767767034471037
			vertex -0.04999742068350316 -0.09645150601118793 0.4695670856535435
			vertex -0.05845150601118804 -0.08799742068350305 0.4695670856535435
		endloop
	endfacet
	facet normal 0.21746015105086108 0.8115719622428803 0.5422748683151171
		outer loop
			vertex -0.07 -0.09032232965528955 0.47767767034471037
			vertex -0.06116116482764483 -0.09269068948179474 0.47767767034471037
			vertex -0.07 -0.08490301202237596 0.4695670856535435
		endloop
	endfacet
	facet normal 0.21745996959480293 0.8115719113706528 0.5422750172172905
		outer loop
			vertex -0.06116116482764483 -0.09269068948179474 0.47767767034471037
			vertex -0.05845150601118804 -0.08799742068350305 0.4695670856535435
			vertex -0.07 -0.08490301202237596 0.4695670856535435
		endloop
	endfacet
	facet normal -0.21746012287165617 0.811571857076704 0.5422750370077111
		outer loop
			vertex -0.07883883517235518 -0.09269068948179474 0.47767767034471037
			vertex -0.07 -0.09032232965528955 0.47767767034471037
			vertex -0.08154849398881198 -0.08799742068350305 0.4695670856535435
		endloop
	endfacet
	facet normal -0.2174599911622195 0.8115719918613726 0.5422748881055544
		outer loop
			vertex -0.07 -0.09032232965528955 0.47767767034471037
			vertex -0.07 -0.08490301202237596 0.4695670856535435
			vertex -0.08154849398881198 -0.08799742068350305 0.4695670856535435
		endloop
	endfacet
	facet normal -0.5941118746276868 0.5941118746276868 0.5422749863793752
		outer loop
			vertex -0.08530931051820517 -0.09916116482764473 0.47767767034471037
			vertex -0.07883883517235518 -0.09269068948179474 0.47767767034471037
			vertex -0.09000257931649686 -0.09645150601118793 0.4695670856535435
		endloop
	endfacet
	facet normal -0.5941118746276868 0.5941118746276868 0.5422749863793752
		outer loop
			vertex -0.07883883517235518 -0.09269068948179474 0.47767767034471037
			vertex -0.08154849398881198 -0.08799742068350305 0.4695670856535435
			vertex -0.09000257931649686 -0.09645150601118793 0.4695670856535435
		endloop
	endfacet
	facet normal -0.8115719622428803 0.2174601510508614 0.5422748683151171
		outer loop
			vertex -0.08767767034471036 -0.10799999999999989 0.47767767034471037
			vertex -0.08530931051820517 -0.09916116482764473 0.47767767034471037
			vertex -0.09309698797762395 -0.10799999999999989 0.4695670856535435
		endloop
	endfacet
	facet normal -0.8115719113706527 0.21745996959480315 0.5422750172172905
		outer loop
			vertex -0.08530931051820517 -0.09916116482764473 0.47767767034471037
			vertex -0.09000257931649686 -0.09645150601118793 0.4695670856535435
			vertex -0.09309698797762395 -0.10799999999999989 0.4695670856535435
		endloop
	endfacet
	facet normal -0.9485758635430261 -0.2541700563491059 0.18868336852805753
		outer loop
			vertex -0.09000257931649686 -0.11954849398881187 0.4695670856535435
			vertex -0.09309698797762395 -0.1079999999999999 0.4695670856535435
			vertex -0.09165063470602036 -0.12050000018626442 0.46
		endloop
	endfacet
	facet normal -0.948575799796394 -0.2541701734860931 0.18868353121213588
		outer loop
			vertex -0.09309698797762395 -0.1079999999999999 0.4695670856535435
			vertex -0.09500000037252904 -0.1079999999999999 0.46
			vertex -0.09165063470602036 -0.12050000018626442 0.46
		endloop
	endfacet
	facet normal -0.6944057058615738 -0.6944057058615738 0.18868341562993574
		outer loop
			vertex -0.08154849398881198 -0.12800257931649675 0.4695670856535435
			vertex -0.09000257931649686 -0.11954849398881187 0.4695670856535435
			vertex -0.08250000018626452 -0.12965063470602026 0.46
		endloop
	endfacet
	facet normal -0.6944057058615738 -0.6944057058615738 0.18868341562993568
		outer loop
			vertex -0.09000257931649686 -0.11954849398881187 0.4695670856535435
			vertex -0.09165063470602036 -0.12050000018626442 0.46
			vertex -0.08250000018626452 -0.12965063470602026 0.46
		endloop
	endfacet
	facet normal -0.25417004793905124 -0.9485758321562648 0.1886835376489169
		outer loop
			vertex -0.07 -0.13109698797762384 0.4695670856535435
			vertex -0.08154849398881198 -0.12800257931649675 0.4695670856535435
			vertex -0.07 -0.13300000037252893 0.46
		endloop
	endfacet
	facet normal -0.2541701812559738 -0.9485758287939773 0.18868337496484547
		outer loop
			vertex -0.08154849398881198 -0.12800257931649675 0.4695670856535435
			vertex -0.08250000018626452 -0.12965063470602026 0.46
			vertex -0.07 -0.13300000037252893 0.46
		endloop
	endfacet
	facet normal 0.2541700563491059 -0.9485758635430261 0.18868336852805753
		outer loop
			vertex -0.05845150601118804 -0.12800257931649675 0.4695670856535435
			vertex -0.07 -0.13109698797762384 0.4695670856535435
			vertex -0.05749999981373549 -0.12965063470602026 0.46
		endloop
	endfacet
	facet normal 0.2541701734860931 -0.948575799796394 0.18868353121213588
		outer loop
			vertex -0.07 -0.13109698797762384 0.4695670856535435
			vertex -0.07 -0.13300000037252893 0.46
			vertex -0.05749999981373549 -0.12965063470602026 0.46
		endloop
	endfacet
	facet normal 0.6944057058615738 -0.6944057058615738 0.18868341562993574
		outer loop
			vertex -0.04999742068350316 -0.11954849398881187 0.4695670856535435
			vertex -0.05845150601118804 -0.12800257931649675 0.4695670856535435
			vertex -0.04834936529397965 -0.12050000018626442 0.46
		endloop
	endfacet
	facet normal 0.6944057058615738 -0.6944057058615738 0.18868341562993568
		outer loop
			vertex -0.05845150601118804 -0.12800257931649675 0.4695670856535435
			vertex -0.05749999981373549 -0.12965063470602026 0.46
			vertex -0.04834936529397965 -0.12050000018626442 0.46
		endloop
	endfacet
	facet normal 0.9485758321562648 -0.25417004793905124 0.1886835376489169
		outer loop
			vertex -0.04690301202237607 -0.1079999999999999 0.4695670856535435
			vertex -0.04999742068350316 -0.11954849398881187 0.4695670856535435
			vertex -0.04499999962747098 -0.1079999999999999 0.46
		endloop
	endfacet
	facet normal 0.9485758287939773 -0.2541701812559738 0.18868337496484547
		outer loop
			vertex -0.04999742068350316 -0.11954849398881187 0.4695670856535435
			vertex -0.04834936529397965 -0.12050000018626442 0.46
			vertex -0.04499999962747098 -0.1079999999999999 0.46
		endloop
	endfacet
	facet normal 0.9485758635430261 0.2541700563491059 0.18868336852805753
		outer loop
			vertex -0.04999742068350316 -0.09645150601118793 0.4695670856535435
			vertex -0.04690301202237607 -0.1079999999999999 0.4695670856535435
			vertex -0.04834936529397965 -0.09549999981373539 0.46
		endloop
	endfacet
	facet normal 0.948575799796394 0.2541701734860931 0.18868353121213588
		outer loop
			vertex -0.04690301202237607 -0.1079999999999999 0.4695670856535435
			vertex -0.04499999962747098 -0.1079999999999999 0.46
			vertex -0.04834936529397965 -0.09549999981373539 0.46
		endloop
	endfacet
	facet normal 0.6944057058615738 0.6944057058615738 0.18868341562993574
		outer loop
			vertex -0.05845150601118804 -0.08799742068350305 0.4695670856535435
			vertex -0.04999742068350316 -0.09645150601118793 0.4695670856535435
			vertex -0.05749999981373549 -0.08634936529397955 0.46
		endloop
	endfacet
	facet normal 0.6944057058615738 0.6944057058615738 0.18868341562993568
		outer loop
			vertex -0.04999742068350316 -0.09645150601118793 0.4695670856535435
			vertex -0.04834936529397965 -0.09549999981373539 0.46
			vertex -0.05749999981373549 -0.08634936529397955 0.46
		endloop
	endfacet
	facet normal 0.25417004793905124 0.9485758321562648 0.1886835376489169
		outer loop
			vertex -0.07 -0.08490301202237596 0.4695670856535435
			vertex -0.05845150601118804 -0.08799742068350305 0.4695670856535435
			vertex -0.07 -0.08299999962747087 0.46
		endloop
	endfacet
	facet normal 0.2541701812559738 0.9485758287939773 0.18868337496484547
		outer loop
			vertex -0.05845150601118804 -0.08799742068350305 0.4695670856535435
			vertex -0.05749999981373549 -0.08634936529397955 0.46
			vertex -0.07 -0.08299999962747087 0.46
		endloop
	endfacet
	facet normal -0.2541700563491059 0.9485758635430261 0.18868336852805753
		outer loop
			vertex -0.08154849398881198 -0.08799742068350305 0.4695670856535435
			vertex -0.07 -0.08490301202237596 0.4695670856535435
			vertex -0.08250000018626452 -0.08634936529397955 0.46
		endloop
	endfacet
	facet normal -0.2541701734860931 0.948575799796394 0.18868353121213588
		outer loop
			vertex -0.07 -0.08490301202237596 0.4695670856535435
			vertex -0.07 -0.08299999962747087 0.46
			vertex -0.08250000018626452 -0.08634936529397955 0.46
		endloop
	endfacet
	facet normal -0.6944057058615738 0.6944057058615738 0.18868341562993574
		outer loop
			vertex -0.09000257931649686 -0.09645150601118793 0.4695670856535435
			vertex -0.08154849398881198 -0.08799742068350305 0.4695670856535435
			vertex -0.09165063470602036 -0.09549999981373539 0.46
		endloop
	endfacet
	facet normal -0.6944057058615738 0.6944057058615738 0.18868341562993568
		outer loop
			vertex -0.08154849398881198 -0.08799742068350305 0.4695670856535435
			vertex -0.08250000018626452 -0.08634936529397955 0.46
			vertex -0.09165063470602036 -0.09549999981373539 0.46
		endloop
	endfacet
	facet normal -0.948575832156265 0.25417004793905157 0.18868353764891657
		outer loop
			vertex -0.09309698797762395 -0.10799999999999989 0.4695670856535435
			vertex -0.09000257931649686 -0.09645150601118793 0.4695670856535435
			vertex -0.09500000037252904 -0.1079999999999999 0.46
		endloop
	endfacet
	facet normal -0.9485758287939773 0.2541701812559738 0.18868337496484547
		outer loop
			vertex -0.09000257931649686 -0.09645150601118793 0.4695670856535435
			vertex -0.09165063470602036 -0.09549999981373539 0.46
			vertex -0.09500000037252904 -0.1079999999999999 0.46
		endloop
	endfacet
	facet normal -0.9485758287939773 -0.2541701812559738 -0.18868337496484547
		outer loop
			vertex -0.09165063470602036 -0.12050000018626442 0.46
			vertex -0.09500000037252904 -0.1079999999999999 0.46
			vertex -0.09000257931649686 -0.11954849398881187 0.45043291434645655
		endloop
	endfacet
	facet normal -0.9485758321562648 -0.25417004793905124 -0.1886835376489169
		outer loop
			vertex -0.09500000037252904 -0.1079999999999999 0.46
			vertex -0.09309698797762395 -0.1079999999999999 0.45043291434645655
			vertex -0.09000257931649686 -0.11954849398881187 0.45043291434645655
		endloop
	endfacet
	facet normal -0.6944057058615738 -0.6944057058615738 -0.18868341562993568
		outer loop
			vertex -0.08250000018626452 -0.12965063470602026 0.46
			vertex -0.09165063470602036 -0.12050000018626442 0.46
			vertex -0.08154849398881198 -0.12800257931649675 0.45043291434645655
		endloop
	endfacet
	facet normal -0.6944057058615738 -0.6944057058615738 -0.18868341562993574
		outer loop
			vertex -0.09165063470602036 -0.12050000018626442 0.46
			vertex -0.09000257931649686 -0.11954849398881187 0.45043291434645655
			vertex -0.08154849398881198 -0.12800257931649675 0.45043291434645655
		endloop
	endfacet
	facet normal -0.2541701734860931 -0.948575799796394 -0.18868353121213588
		outer loop
			vertex -0.07 -0.13300000037252893 0.46
			vertex -0.08250000018626452 -0.12965063470602026 0.46
			vertex -0.07 -0.13109698797762384 0.45043291434645655
		endloop
	endfacet
	facet normal -0.2541700563491059 -0.9485758635430261 -0.18868336852805753
		outer loop
			vertex -0.08250000018626452 -0.12965063470602026 0.46
			vertex -0.08154849398881198 -0.12800257931649675 0.45043291434645655
			vertex -0.07 -0.13109698797762384 0.45043291434645655
		endloop
	endfacet
	facet normal 0.2541701812559738 -0.9485758287939773 -0.18868337496484547
		outer loop
			vertex -0.05749999981373549 -0.12965063470602026 0.46
			vertex -0.07 -0.13300000037252893 0.46
			vertex -0.05845150601118804 -0.12800257931649675 0.45043291434645655
		endloop
	endfacet
	facet normal 0.25417004793905124 -0.9485758321562648 -0.1886835376489169
		outer loop
			vertex -0.07 -0.13300000037252893 0.46
			vertex -0.07 -0.13109698797762384 0.45043291434645655
			vertex -0.05845150601118804 -0.12800257931649675 0.45043291434645655
		endloop
	endfacet
	facet normal 0.6944057058615738 -0.6944057058615738 -0.18868341562993568
		outer loop
			vertex -0.04834936529397965 -0.12050000018626442 0.46
			vertex -0.05749999981373549 -0.12965063470602026 0.46
			vertex -0.04999742068350316 -0.11954849398881187 0.45043291434645655
		endloop
	endfacet
	facet normal 0.6944057058615738 -0.6944057058615738 -0.18868341562993574
		outer loop
			vertex -0.05749999981373549 -0.12965063470602026 0.46
			vertex -0.05845150601118804 -0.12800257931649675 0.45043291434645655
			vertex -0.04999742068350316 -0.11954849398881187 0.45043291434645655
		endloop
	endfacet
	facet normal 0.948575799796394 -0.2541701734860931 -0.18868353121213588
		outer loop
			vertex -0.04499999962747098 -0.1079999999999999 0.46
			vertex -0.04834936529397965 -0.12050000018626442 0.46
			vertex -0.04690301202237607 -0.1079999999999999 0.45043291434645655
		endloop
	endfacet
	facet normal 0.9485758635430261 -0.2541700563491059 -0.18868336852805753
		outer loop
			vertex -0.04834936529397965 -0.12050000018626442 0.46
			vertex -0.04999742068350316 -0.11954849398881187 0.45043291434645655
			vertex -0.04690301202237607 -0.1079999999999999 0.45043291434645655
		endloop
	endfacet
	facet normal 0.9485758287939773 0.2541701812559738 -0.18868337496484547
		outer loop
			vertex -0.04834936529397965 -0.09549999981373539 0.46
			vertex -0.04499999962747098 -0.1079999999999999 0.46
			vertex -0.04999742068350316 -0.09645150601118793 0.45043291434645655
		endloop
	endfacet
	facet normal 0.9485758321562648 0.25417004793905124 -0.1886835376489169
		outer loop
			vertex -0.04499999962747098 -0.1079999999999999 0.46
			vertex -0.04690301202237607 -0.1079999999999999 0.45043291434645655
			vertex -0.04999742068350316 -0.09645150601118793 0.45043291434645655
		endloop
	endfacet
	facet normal 0.6944057058615738 0.6944057058615738 -0.18868341562993568
		outer loop
			vertex -0.05749999981373549 -0.08634936529397955 0.46
			vertex -0.04834936529397965 -0.09549999981373539 0.46
			vertex -0.05845150601118804 -0.08799742068350305 0.45043291434645655
		endloop
	endfacet
	facet normal 0.6944057058615738 0.6944057058615738 -0.18868341562993574
		outer loop
			vertex -0.04834936529397965 -0.09549999981373539 0.46
			vertex -0.04999742068350316 -0.09645150601118793 0.45043291434645655
			vertex -0.05845150601118804 -0.08799742068350305 0.45043291434645655
		endloop
	endfacet
	facet normal 0.2541701734860931 0.948575799796394 -0.18868353121213588
		outer loop
			vertex -0.07 -0.08299999962747087 0.46
			vertex -0.05749999981373549 -0.08634936529397955 0.46
			vertex -0.07 -0.08490301202237596 0.45043291434645655
		endloop
	endfacet
	facet normal 0.2541700563491059 0.9485758635430261 -0.18868336852805753
		outer loop
			vertex -0.05749999981373549 -0.08634936529397955 0.46
			vertex -0.05845150601118804 -0.08799742068350305 0.45043291434645655
			vertex -0.07 -0.08490301202237596 0.45043291434645655
		endloop
	endfacet
	facet normal -0.2541701812559738 0.9485758287939773 -0.18868337496484547
		outer loop
			vertex -0.08250000018626452 -0.08634936529397955 0.46
			vertex -0.07 -0.08299999962747087 0.46
			vertex -0.08154849398881198 -0.08799742068350305 0.45043291434645655
		endloop
	endfacet
	facet normal -0.25417004793905124 0.9485758321562648 -0.1886835376489169
		outer loop
			vertex -0.07 -0.08299999962747087 0.46
			vertex -0.07 -0.08490301202237596 0.45043291434645655
			vertex -0.08154849398881198 -0.08799742068350305 0.45043291434645655
		endloop
	endfacet
	facet normal -0.6944057058615738 0.6944057058615738 -0.18868341562993568
		outer loop
			vertex -0.09165063470602036 -0.09549999981373539 0.46
			vertex -0.08250000018626452 -0.08634936529397955 0.46
			vertex -0.09000257931649686 -0.09645150601118793 0.45043291434645655
		endloop
	endfacet
	facet normal -0.6944057058615738 0.6944057058615738 -0.18868341562993574
		outer loop
			vertex -0.08250000018626452 -0.08634936529397955 0.46
			vertex -0.08154849398881198 -0.08799742068350305 0.45043291434645655
			vertex -0.09000257931649686 -0.09645150601118793 0.45043291434645655
		endloop
	endfacet
	facet normal -0.948575799796394 0.2541701734860931 -0.18868353121213588
		outer loop
			vertex -0.09500000037252904 -0.1079999999999999 0.46
			vertex -0.09165063470602036 -0.09549999981373539 0.46
			vertex -0.09309698797762395 -0.1079999999999999 0.45043291434645655
		endloop
	endfacet
	facet normal -0.9485758635430261 0.2541700563491059 -0.18868336852805753
		outer loop
			vertex -0.09165063470602036 -0.09549999981373539 0.46
			vertex -0.09000257931649686 -0.09645150601118793 0.45043291434645655
			vertex -0.09309698797762395 -0.1079999999999999 0.45043291434645655
		endloop
	endfacet
	facet normal -0.8115719113706528 -0.21745996959480293 -0.5422750172172905
		outer loop
			vertex -0.09000257931649686 -0.11954849398881187 0.45043291434645655
			vertex -0.09309698797762395 -0.1079999999999999 0.45043291434645655
			vertex -0.08530931051820517 -0.11683883517235508 0.44232232965528967
		endloop
	endfacet
	facet normal -0.8115719622428803 -0.21746015105086108 -0.5422748683151171
		outer loop
			vertex -0.09309698797762395 -0.1079999999999999 0.45043291434645655
			vertex -0.08767767034471036 -0.1079999999999999 0.44232232965528967
			vertex -0.08530931051820517 -0.11683883517235508 0.44232232965528967
		endloop
	endfacet
	facet normal -0.5941118746276868 -0.5941118746276868 -0.5422749863793752
		outer loop
			vertex -0.08154849398881198 -0.12800257931649675 0.45043291434645655
			vertex -0.09000257931649686 -0.11954849398881187 0.45043291434645655
			vertex -0.07883883517235518 -0.12330931051820507 0.44232232965528967
		endloop
	endfacet
	facet normal -0.5941118746276868 -0.5941118746276868 -0.5422749863793752
		outer loop
			vertex -0.09000257931649686 -0.11954849398881187 0.45043291434645655
			vertex -0.08530931051820517 -0.11683883517235508 0.44232232965528967
			vertex -0.07883883517235518 -0.12330931051820507 0.44232232965528967
		endloop
	endfacet
	facet normal -0.2174599911622195 -0.8115719918613726 -0.5422748881055544
		outer loop
			vertex -0.07 -0.13109698797762384 0.45043291434645655
			vertex -0.08154849398881198 -0.12800257931649675 0.45043291434645655
			vertex -0.07 -0.12567767034471025 0.44232232965528967
		endloop
	endfacet
	facet normal -0.21746012287165617 -0.811571857076704 -0.5422750370077111
		outer loop
			vertex -0.08154849398881198 -0.12800257931649675 0.45043291434645655
			vertex -0.07883883517235518 -0.12330931051820507 0.44232232965528967
			vertex -0.07 -0.12567767034471025 0.44232232965528967
		endloop
	endfacet
	facet normal 0.21745996959480293 -0.8115719113706528 -0.5422750172172905
		outer loop
			vertex -0.05845150601118804 -0.12800257931649675 0.45043291434645655
			vertex -0.07 -0.13109698797762384 0.45043291434645655
			vertex -0.06116116482764483 -0.12330931051820507 0.44232232965528967
		endloop
	endfacet
	facet normal 0.21746015105086108 -0.8115719622428803 -0.5422748683151171
		outer loop
			vertex -0.07 -0.13109698797762384 0.45043291434645655
			vertex -0.07 -0.12567767034471025 0.44232232965528967
			vertex -0.06116116482764483 -0.12330931051820507 0.44232232965528967
		endloop
	endfacet
	facet normal 0.5941118746276868 -0.5941118746276868 -0.5422749863793752
		outer loop
			vertex -0.04999742068350316 -0.11954849398881187 0.45043291434645655
			vertex -0.05845150601118804 -0.12800257931649675 0.45043291434645655
			vertex -0.05469068948179484 -0.11683883517235508 0.44232232965528967
		endloop
	endfacet
	facet normal 0.5941118746276868 -0.5941118746276868 -0.5422749863793752
		outer loop
			vertex -0.05845150601118804 -0.12800257931649675 0.45043291434645655
			vertex -0.06116116482764483 -0.12330931051820507 0.44232232965528967
			vertex -0.05469068948179484 -0.11683883517235508 0.44232232965528967
		endloop
	endfacet
	facet normal 0.8115719918613726 -0.2174599911622195 -0.5422748881055544
		outer loop
			vertex -0.04690301202237607 -0.1079999999999999 0.45043291434645655
			vertex -0.04999742068350316 -0.11954849398881187 0.45043291434645655
			vertex -0.05232232965528966 -0.1079999999999999 0.44232232965528967
		endloop
	endfacet
	facet normal 0.811571857076704 -0.21746012287165617 -0.5422750370077111
		outer loop
			vertex -0.04999742068350316 -0.11954849398881187 0.45043291434645655
			vertex -0.05469068948179484 -0.11683883517235508 0.44232232965528967
			vertex -0.05232232965528966 -0.1079999999999999 0.44232232965528967
		endloop
	endfacet
	facet normal 0.8115719113706528 0.21745996959480293 -0.5422750172172905
		outer loop
			vertex -0.04999742068350316 -0.09645150601118793 0.45043291434645655
			vertex -0.04690301202237607 -0.1079999999999999 0.45043291434645655
			vertex -0.05469068948179484 -0.09916116482764473 0.44232232965528967
		endloop
	endfacet
	facet normal 0.8115719622428803 0.21746015105086108 -0.5422748683151171
		outer loop
			vertex -0.04690301202237607 -0.1079999999999999 0.45043291434645655
			vertex -0.05232232965528966 -0.1079999999999999 0.44232232965528967
			vertex -0.05469068948179484 -0.09916116482764473 0.44232232965528967
		endloop
	endfacet
	facet normal 0.5941118746276868 0.5941118746276868 -0.5422749863793752
		outer loop
			vertex -0.05845150601118804 -0.08799742068350305 0.45043291434645655
			vertex -0.04999742068350316 -0.09645150601118793 0.45043291434645655
			vertex -0.06116116482764483 -0.09269068948179474 0.44232232965528967
		endloop
	endfacet
	facet normal 0.5941118746276868 0.5941118746276868 -0.5422749863793752
		outer loop
			vertex -0.04999742068350316 -0.09645150601118793 0.45043291434645655
			vertex -0.05469068948179484 -0.09916116482764473 0.44232232965528967
			vertex -0.06116116482764483 -0.09269068948179474 0.44232232965528967
		endloop
	endfacet
	facet normal 0.2174599911622195 0.8115719918613726 -0.5422748881055544
		outer loop
			vertex -0.07 -0.08490301202237596 0.45043291434645655
			vertex -0.05845150601118804 -0.08799742068350305 0.45043291434645655
			vertex -0.07 -0.09032232965528955 0.44232232965528967
		endloop
	endfacet
	facet normal 0.21746012287165617 0.811571857076704 -0.5422750370077111
		outer loop
			vertex -0.05845150601118804 -0.08799742068350305 0.45043291434645655
			vertex -0.06116116482764483 -0.09269068948179474 0.44232232965528967
			vertex -0.07 -0.09032232965528955 0.44232232965528967
		endloop
	endfacet
	facet normal -0.21745996959480293 0.8115719113706528 -0.5422750172172905
		outer loop
			vertex -0.08154849398881198 -0.08799742068350305 0.45043291434645655
			vertex -0.07 -0.08490301202237596 0.45043291434645655
			vertex -0.07883883517235518 -0.09269068948179474 0.44232232965528967
		endloop
	endfacet
	facet normal -0.21746015105086108 0.8115719622428803 -0.5422748683151171
		outer loop
			vertex -0.07 -0.08490301202237596 0.45043291434645655
			vertex -0.07 -0.09032232965528955 0.44232232965528967
			vertex -0.07883883517235518 -0.09269068948179474 0.44232232965528967
		endloop
	endfacet
	facet normal -0.5941118746276868 0.5941118746276868 -0.5422749863793752
		outer loop
			vertex -0.09000257931649686 -0.09645150601118793 0.45043291434645655
			vertex -0.08154849398881198 -0.08799742068350305 0.45043291434645655
			vertex -0.08530931051820517 -0.09916116482764473 0.44232232965528967
		endloop
	endfacet
	facet normal -0.5941118746276868 0.5941118746276868 -0.5422749863793752
		outer loop
			vertex -0.08154849398881198 -0.08799742068350305 0.45043291434645655
			vertex -0.07883883517235518 -0.09269068948179474 0.44232232965528967
			vertex -0.08530931051820517 -0.09916116482764473 0.44232232965528967
		endloop
	endfacet
	facet normal -0.8115719918613726 0.2174599911622195 -0.5422748881055544
		outer loop
			vertex -0.09309698797762395 -0.1079999999999999 0.45043291434645655
			vertex -0.09000257931649686 -0.09645150601118793 0.45043291434645655
			vertex -0.08767767034471036 -0.1079999999999999 0.44232232965528967
		endloop
	endfacet
	facet normal -0.811571857076704 0.21746012287165617 -0.5422750370077111
		outer loop
			vertex -0.09000257931649686 -0.09645150601118793 0.45043291434645655
			vertex -0.08530931051820517 -0.09916116482764473 0.44232232965528967
			vertex -0.08767767034471036 -0.1079999999999999 0.44232232965528967
		endloop
	endfacet
	facet normal -0.5495146776621969 -0.14724208125529642 -0.8224070698513118
		outer loop
			vertex -0.08530931051820517 -0.11683883517235508 0.44232232965528967
			vertex -0.08767767034471036 -0.1079999999999999 0.44232232965528967
			vertex -0.07828533899039031 -0.11278354282677164 0.4369030120223761
		endloop
	endfacet
	facet normal -0.5495146645569157 -0.14724203653150883 -0.8224070866152323
		outer loop
			vertex -0.08767767034471036 -0.1079999999999999 0.44232232965528967
			vertex -0.07956708565354348 -0.1079999999999999 0.4369030120223761
			vertex -0.07828533899039031 -0.11278354282677164 0.4369030120223761
		endloop
	endfacet
	facet normal -0.40227267647492315 -0.40227267647492315 -0.8224070692323867
		outer loop
			vertex -0.07883883517235518 -0.12330931051820507 0.44232232965528967
			vertex -0.08530931051820517 -0.11683883517235508 0.44232232965528967
			vertex -0.07478354282677174 -0.1162853389903902 0.4369030120223761
		endloop
	endfacet
	facet normal -0.40227267647492315 -0.40227267647492315 -0.8224070692323866
		outer loop
			vertex -0.08530931051820517 -0.11683883517235508 0.44232232965528967
			vertex -0.07828533899039031 -0.11278354282677164 0.4369030120223761
			vertex -0.07478354282677174 -0.1162853389903902 0.4369030120223761
		endloop
	endfacet
	facet normal -0.14724207685025473 -0.5495146612223648 -0.8224070816247228
		outer loop
			vertex -0.07 -0.12567767034471025 0.44232232965528967
			vertex -0.07883883517235518 -0.12330931051820507 0.44232232965528967
			vertex -0.07 -0.11756708565354337 0.4369030120223761
		endloop
	endfacet
	facet normal -0.14724204467096316 -0.5495146949337675 -0.8224070648608041
		outer loop
			vertex -0.07883883517235518 -0.12330931051820507 0.44232232965528967
			vertex -0.07478354282677174 -0.1162853389903902 0.4369030120223761
			vertex -0.07 -0.11756708565354337 0.4369030120223761
		endloop
	endfacet
	facet normal 0.14724208125529642 -0.5495146776621969 -0.8224070698513118
		outer loop
			vertex -0.06116116482764483 -0.12330931051820507 0.44232232965528967
			vertex -0.07 -0.12567767034471025 0.44232232965528967
			vertex -0.06521645717322827 -0.1162853389903902 0.4369030120223761
		endloop
	endfacet
	facet normal 0.14724203653150883 -0.5495146645569157 -0.8224070866152323
		outer loop
			vertex -0.07 -0.12567767034471025 0.44232232965528967
			vertex -0.07 -0.11756708565354337 0.4369030120223761
			vertex -0.06521645717322827 -0.1162853389903902 0.4369030120223761
		endloop
	endfacet
	facet normal 0.40227267647492315 -0.40227267647492315 -0.8224070692323867
		outer loop
			vertex -0.05469068948179484 -0.11683883517235508 0.44232232965528967
			vertex -0.06116116482764483 -0.12330931051820507 0.44232232965528967
			vertex -0.061714661009609706 -0.11278354282677164 0.4369030120223761
		endloop
	endfacet
	facet normal 0.40227267647492315 -0.40227267647492315 -0.8224070692323866
		outer loop
			vertex -0.06116116482764483 -0.12330931051820507 0.44232232965528967
			vertex -0.06521645717322827 -0.1162853389903902 0.4369030120223761
			vertex -0.061714661009609706 -0.11278354282677164 0.4369030120223761
		endloop
	endfacet
	facet normal 0.5495146612223648 -0.14724207685025473 -0.8224070816247228
		outer loop
			vertex -0.05232232965528966 -0.1079999999999999 0.44232232965528967
			vertex -0.05469068948179484 -0.11683883517235508 0.44232232965528967
			vertex -0.060432914346456534 -0.1079999999999999 0.4369030120223761
		endloop
	endfacet
	facet normal 0.5495146949337675 -0.14724204467096316 -0.8224070648608041
		outer loop
			vertex -0.05469068948179484 -0.11683883517235508 0.44232232965528967
			vertex -0.061714661009609706 -0.11278354282677164 0.4369030120223761
			vertex -0.060432914346456534 -0.1079999999999999 0.4369030120223761
		endloop
	endfacet
	facet normal 0.5495146776621969 0.14724208125529642 -0.8224070698513118
		outer loop
			vertex -0.05469068948179484 -0.09916116482764473 0.44232232965528967
			vertex -0.05232232965528966 -0.1079999999999999 0.44232232965528967
			vertex -0.061714661009609706 -0.10321645717322817 0.4369030120223761
		endloop
	endfacet
	facet normal 0.5495146645569157 0.14724203653150883 -0.8224070866152323
		outer loop
			vertex -0.05232232965528966 -0.1079999999999999 0.44232232965528967
			vertex -0.060432914346456534 -0.1079999999999999 0.4369030120223761
			vertex -0.061714661009609706 -0.10321645717322817 0.4369030120223761
		endloop
	endfacet
	facet normal 0.40227267647492315 0.40227267647492315 -0.8224070692323867
		outer loop
			vertex -0.06116116482764483 -0.09269068948179474 0.44232232965528967
			vertex -0.05469068948179484 -0.09916116482764473 0.44232232965528967
			vertex -0.06521645717322827 -0.0997146610096096 0.4369030120223761
		endloop
	endfacet
	facet normal 0.40227267647492315 0.40227267647492315 -0.8224070692323866
		outer loop
			vertex -0.05469068948179484 -0.09916116482764473 0.44232232965528967
			vertex -0.061714661009609706 -0.10321645717322817 0.4369030120223761
			vertex -0.06521645717322827 -0.0997146610096096 0.4369030120223761
		endloop
	endfacet
	facet normal 0.14724207685025473 0.5495146612223648 -0.8224070816247228
		outer loop
			vertex -0.07 -0.09032232965528955 0.44232232965528967
			vertex -0.06116116482764483 -0.09269068948179474 0.44232232965528967
			vertex -0.07 -0.09843291434645643 0.4369030120223761
		endloop
	endfacet
	facet normal 0.14724204467096316 0.5495146949337675 -0.8224070648608041
		outer loop
			vertex -0.06116116482764483 -0.09269068948179474 0.44232232965528967
			vertex -0.06521645717322827 -0.0997146610096096 0.4369030120223761
			vertex -0.07 -0.09843291434645643 0.4369030120223761
		endloop
	endfacet
	facet normal -0.14724208125529642 0.5495146776621969 -0.8224070698513118
		outer loop
			vertex -0.07883883517235518 -0.09269068948179474 0.44232232965528967
			vertex -0.07 -0.09032232965528955 0.44232232965528967
			vertex -0.07478354282677174 -0.0997146610096096 0.4369030120223761
		endloop
	endfacet
	facet normal -0.14724203653150883 0.5495146645569157 -0.8224070866152323
		outer loop
			vertex -0.07 -0.09032232965528955 0.44232232965528967
			vertex -0.07 -0.09843291434645643 0.4369030120223761
			vertex -0.07478354282677174 -0.0997146610096096 0.4369030120223761
		endloop
	endfacet
	facet normal -0.40227267647492315 0.40227267647492315 -0.8224070692323867
		outer loop
			vertex -0.08530931051820517 -0.09916116482764473 0.44232232965528967
			vertex -0.07883883517235518 -0.09269068948179474 0.44232232965528967
			vertex -0.07828533899039031 -0.10321645717322817 0.4369030120223761
		endloop
	endfacet
	facet normal -0.40227267647492315 0.40227267647492315 -0.8224070692323866
		outer loop
			vertex -0.07883883517235518 -0.09269068948179474 0.44232232965528967
			vertex -0.07478354282677174 -0.0997146610096096 0.4369030120223761
			vertex -0.07828533899039031 -0.10321645717322817 0.4369030120223761
		endloop
	endfacet
	facet normal -0.5495146612223648 0.14724207685025473 -0.8224070816247228
		outer loop
			vertex -0.08767767034471036 -0.1079999999999999 0.44232232965528967
			vertex -0.08530931051820517 -0.09916116482764473 0.44232232965528967
			vertex -0.07956708565354348 -0.1079999999999999 0.4369030120223761
		endloop
	endfacet
	facet normal -0.5495146949337675 0.14724204467096316 -0.8224070648608041
		outer loop
			vertex -0.08530931051820517 -0.09916116482764473 0.44232232965528967
			vertex -0.07828533899039031 -0.10321645717322817 0.4369030120223761
			vertex -0.07956708565354348 -0.1079999999999999 0.4369030120223761
		endloop
	endfacet
	facet normal -0.1948243874236795 -0.05220304647082821 -0.9794479567614365
		outer loop
			vertex -0.07828533899039031 -0.11278354282677164 0.4369030120223761
			vertex -0.07956708565354348 -0.1079999999999999 0.4369030120223761
			vertex -0.07 -0.10799999999999992 0.434999999627471
		endloop
	endfacet
	facet normal -0.1426213525795752 -0.1426213525795752 -0.9794479565432486
		outer loop
			vertex -0.07478354282677174 -0.1162853389903902 0.4369030120223761
			vertex -0.07828533899039031 -0.11278354282677164 0.4369030120223761
			vertex -0.07 -0.10799999999999992 0.434999999627471
		endloop
	endfacet
	facet normal -0.05220304647082827 -0.1948243874236797 -0.9794479567614364
		outer loop
			vertex -0.07 -0.11756708565354337 0.4369030120223761
			vertex -0.07478354282677174 -0.1162853389903902 0.4369030120223761
			vertex -0.07 -0.10799999999999992 0.434999999627471
		endloop
	endfacet
	facet normal 0.05220304647082827 -0.1948243874236797 -0.9794479567614364
		outer loop
			vertex -0.06521645717322827 -0.1162853389903902 0.4369030120223761
			vertex -0.07 -0.11756708565354337 0.4369030120223761
			vertex -0.07 -0.10799999999999992 0.434999999627471
		endloop
	endfacet
	facet normal 0.1426213525795752 -0.1426213525795752 -0.9794479565432486
		outer loop
			vertex -0.061714661009609706 -0.11278354282677164 0.4369030120223761
			vertex -0.06521645717322827 -0.1162853389903902 0.4369030120223761
			vertex -0.07 -0.10799999999999992 0.434999999627471
		endloop
	endfacet
	facet normal 0.19482438742367944 -0.052203046470828206 -0.9794479567614366
		outer loop
			vertex -0.060432914346456534 -0.1079999999999999 0.4369030120223761
			vertex -0.061714661009609706 -0.11278354282677164 0.4369030120223761
			vertex -0.07 -0.1079999999999999 0.434999999627471
		endloop
	endfacet
	facet normal 0.19482438742367944 0.052203046470828206 -0.9794479567614366
		outer loop
			vertex -0.061714661009609706 -0.10321645717322817 0.4369030120223761
			vertex -0.060432914346456534 -0.1079999999999999 0.4369030120223761
			vertex -0.07 -0.1079999999999999 0.434999999627471
		endloop
	endfacet
	facet normal 0.14262135257957503 0.14262135257957503 -0.9794479565432486
		outer loop
			vertex -0.06521645717322827 -0.0997146610096096 0.4369030120223761
			vertex -0.061714661009609706 -0.10321645717322817 0.4369030120223761
			vertex -0.07 -0.1079999999999999 0.434999999627471
		endloop
	endfacet
	facet normal 0.052203046470828206 0.19482438742367944 -0.9794479567614366
		outer loop
			vertex -0.07 -0.09843291434645643 0.4369030120223761
			vertex -0.06521645717322827 -0.0997146610096096 0.4369030120223761
			vertex -0.07 -0.1079999999999999 0.434999999627471
		endloop
	endfacet
	facet normal -0.052203046470828206 0.19482438742367944 -0.9794479567614366
		outer loop
			vertex -0.07478354282677174 -0.0997146610096096 0.4369030120223761
			vertex -0.07 -0.09843291434645643 0.4369030120223761
			vertex -0.07 -0.1079999999999999 0.434999999627471
		endloop
	endfacet
	facet normal -0.14262135257957503 0.14262135257957503 -0.9794479565432486
		outer loop
			vertex -0.07828533899039031 -0.10321645717322817 0.4369030120223761
			vertex -0.07478354282677174 -0.0997146610096096 0.4369030120223761
			vertex -0.07 -0.1079999999999999 0.434999999627471
		endloop
	endfacet
	facet normal -0.19482438742367944 0.052203046470828206 -0.9794479567614366
		outer loop
			vertex -0.07956708565354348 -0.1079999999999999 0.4369030120223761
			vertex -0.07828533899039031 -0.10321645717322817 0.4369030120223761
			vertex -0.07 -0.1079999999999999 0.434999999627471
		endloop
	endfacet
	facet normal 1 0 0
		outer loop
			vertex 0.10750000149011613 -0.05999999865889546 0.1349999997019768
			vertex 0.10750000149011613 -0.059999998658895486 0.02500000029802324
			vertex 0.10750000149011613 0.05999999865889553 0.13499999970197676
		endloop
	endfacet
	facet normal 1 0 0
		outer loop
			vertex 0.10750000149011613 -0.059999998658895486 0.02500000029802324
			vertex 0.10750000149011613 0.0599999986588955 0.02500000029802321
			vertex 0.10750000149011613 0.05999999865889553 0.13499999970197676
		endloop
	endfacet
	facet normal -1 0 0
		outer loop
			vertex 0.03249999850988389 0.05999999865889553 0.13499999970197676
			vertex 0.03249999850988389 0.0599999986588955 0.02500000029802321
			vertex 0.03249999850988389 -0.05999999865889546 0.1349999997019768
		endloop
	endfacet
	facet normal -1 0 0
		outer loop
			vertex 0.03249999850988389 0.0599999986588955 0.02500000029802321
			vertex 0.03249999850988389 -0.059999998658895486 0.02500000029802324
			vertex 0.03249999850988389 -0.05999999865889546 0.1349999997019768
		endloop
	endfacet
	facet normal 0 2.312964686334532e-16 1
		outer loop
			vertex 0.03249999850988389 0.05999999865889553 0.13499999970197676
			vertex 0.03249999850988389 -0.05999999865889546 0.1349999997019768
			vertex 0.10750000149011613 0.05999999865889553 0.13499999970197676
		endloop
	endfacet
	facet normal 0 2.312964686334532e-16 1
		outer loop
			vertex 0.03249999850988389 -0.05999999865889546 0.1349999997019768
			vertex 0.10750000149011613 -0.05999999865889546 0.1349999997019768
			vertex 0.10750000149011613 0.05999999865889553 0.13499999970197676
		endloop
	endfacet
	facet normal 0 -2.312964686334532e-16 -1
		outer loop
			vertex 0.03249999850988389 -0.059999998658895486 0.02500000029802324
			vertex 0.03249999850988389 0.0599999986588955 0.02500000029802321
			vertex 0.10750000149011613 -0.059999998658895486 0.02500000029802324
		endloop
	endfacet
	facet normal 0 -2.312964686334532e-16 -1
		outer loop
			vertex 0.03249999850988389 0.0599999986588955 0.02500000029802321
			vertex 0.10750000149011613 0.0599999986588955 0.02500000029802321
			vertex 0.10750000149011613 -0.059999998658895486 0.02500000029802324
		endloop
	endfacet
	facet normal 0 -1 2.5232341605477626e-16
		outer loop
			vertex 0.03249999850988389 -0.05999999865889546 0.1349999997019768
			vertex 0.03249999850988389 -0.059999998658895486 0.02500000029802324
			vertex 0.10750000149011613 -0.05999999865889546 0.1349999997019768
		endloop
	endfacet
	facet normal 0 -1 2.5232341605477626e-16
		outer loop
			vertex 0.03249999850988389 -0.059999998658895486 0.02500000029802324
			vertex 0.10750000149011613 -0.059999998658895486 0.02500000029802324
			vertex 0.10750000149011613 -0.05999999865889546 0.1349999997019768
		endloop
	endfacet
	facet normal 0 1 -2.5232341605477626e-16
		outer loop
			vertex 0.10750000149011613 0.05999999865889553 0.13499999970197676
			vertex 0.10750000149011613 0.0599999986588955 0.02500000029802321
			vertex 0.03249999850988389 0.05999999865889553 0.13499999970197676
		endloop
	endfacet
	facet normal 0 1 -2.5232341605477626e-16
		outer loop
			vertex 0.10750000149011613 0.0599999986588955 0.02500000029802321
			vertex 0.03249999850988389 0.0599999986588955 0.02500000029802321
			vertex 0.03249999850988389 0.05999999865889553 0.13499999970197676
		endloop
	endfacet
	facet normal -0.19482438742367944 -0.052203046470828206 0.9794479567614366
		outer loop
			vertex 0.07 -0.1079999999999999 0.48500000037252905
			vertex 0.060432914346456534 -0.1079999999999999 0.48309698797762396
			vertex 0.061714661009609706 -0.11278354282677164 0.48309698797762396
		endloop
	endfacet
	facet normal -0.14262135257957503 -0.14262135257957503 0.9794479565432486
		outer loop
			vertex 0.07 -0.1079999999999999 0.48500000037252905
			vertex 0.061714661009609706 -0.11278354282677164 0.48309698797762396
			vertex 0.06521645717322827 -0.1162853389903902 0.48309698797762396
		endloop
	endfacet
	facet normal -0.052203046470828206 -0.19482438742367944 0.9794479567614366
		outer loop
			vertex 0.07 -0.1079999999999999 0.48500000037252905
			vertex 0.06521645717322827 -0.1162853389903902 0.48309698797762396
			vertex 0.07 -0.11756708565354337 0.48309698797762396
		endloop
	endfacet
	facet normal 0.052203046470828206 -0.19482438742367944 0.9794479567614366
		outer loop
			vertex 0.07 -0.1079999999999999 0.48500000037252905
			vertex 0.07 -0.11756708565354337 0.48309698797762396
			vertex 0.07478354282677174 -0.1162853389903902 0.48309698797762396
		endloop
	endfacet
	facet normal 0.14262135257957503 -0.14262135257957503 0.9794479565432486
		outer loop
			vertex 0.07 -0.1079999999999999 0.48500000037252905
			vertex 0.07478354282677174 -0.1162853389903902 0.48309698797762396
			vertex 0.07828533899039031 -0.11278354282677164 0.48309698797762396
		endloop
	endfacet
	facet normal 0.19482438742367944 -0.052203046470828206 0.9794479567614366
		outer loop
			vertex 0.07 -0.1079999999999999 0.48500000037252905
			vertex 0.07828533899039031 -0.11278354282677164 0.48309698797762396
			vertex 0.07956708565354348 -0.1079999999999999 0.48309698797762396
		endloop
	endfacet
	facet normal 0.19482438742367944 0.052203046470828206 0.9794479567614366
		outer loop
			vertex 0.07 -0.1079999999999999 0.48500000037252905
			vertex 0.07956708565354348 -0.1079999999999999 0.48309698797762396
			vertex 0.07828533899039031 -0.10321645717322817 0.48309698797762396
		endloop
	endfacet
	facet normal 0.14262135257957503 0.14262135257957503 0.9794479565432486
		outer loop
			vertex 0.07 -0.1079999999999999 0.48500000037252905
			vertex 0.07828533899039031 -0.10321645717322817 0.48309698797762396
			vertex 0.07478354282677174 -0.0997146610096096 0.48309698797762396
		endloop
	endfacet
	facet normal 0.052203046470828206 0.19482438742367944 0.9794479567614366
		outer loop
			vertex 0.07 -0.1079999999999999 0.48500000037252905
			vertex 0.07478354282677174 -0.0997146610096096 0.48309698797762396
			vertex 0.07 -0.09843291434645643 0.48309698797762396
		endloop
	endfacet
	facet normal -0.052203046470828206 0.19482438742367944 0.9794479567614366
		outer loop
			vertex 0.07 -0.1079999999999999 0.48500000037252905
			vertex 0.07 -0.09843291434645643 0.48309698797762396
			vertex 0.06521645717322827 -0.0997146610096096 0.48309698797762396
		endloop
	endfacet
	facet normal -0.14262135257957503 0.14262135257957503 0.9794479565432486
		outer loop
			vertex 0.07 -0.1079999999999999 0.48500000037252905
			vertex 0.06521645717322827 -0.0997146610096096 0.48309698797762396
			vertex 0.061714661009609706 -0.10321645717322817 0.48309698797762396
		endloop
	endfacet
	facet normal -0.19482438742367933 0.05220304647082833 0.9794479567614366
		outer loop
			vertex 0.07 -0.1079999999999999 0.48500000037252905
			vertex 0.061714661009609706 -0.10321645717322817 0.48309698797762396
			vertex 0.060432914346456534 -0.10799999999999989 0.48309698797762396
		endloop
	endfacet
	facet normal -0.5495146949337675 -0.14724204467096316 0.8224070648608041
		outer loop
			vertex 0.061714661009609706 -0.11278354282677164 0.48309698797762396
			vertex 0.060432914346456534 -0.1079999999999999 0.48309698797762396
			vertex 0.05469068948179484 -0.11683883517235508 0.47767767034471037
		endloop
	endfacet
	facet normal -0.5495146612223648 -0.14724207685025473 0.8224070816247228
		outer loop
			vertex 0.060432914346456534 -0.1079999999999999 0.48309698797762396
			vertex 0.05232232965528966 -0.1079999999999999 0.47767767034471037
			vertex 0.05469068948179484 -0.11683883517235508 0.47767767034471037
		endloop
	endfacet
	facet normal -0.40227267647492315 -0.40227267647492315 0.8224070692323866
		outer loop
			vertex 0.06521645717322827 -0.1162853389903902 0.48309698797762396
			vertex 0.061714661009609706 -0.11278354282677164 0.48309698797762396
			vertex 0.06116116482764483 -0.12330931051820507 0.47767767034471037
		endloop
	endfacet
	facet normal -0.40227267647492315 -0.40227267647492315 0.8224070692323867
		outer loop
			vertex 0.061714661009609706 -0.11278354282677164 0.48309698797762396
			vertex 0.05469068948179484 -0.11683883517235508 0.47767767034471037
			vertex 0.06116116482764483 -0.12330931051820507 0.47767767034471037
		endloop
	endfacet
	facet normal -0.14724203653150883 -0.5495146645569157 0.8224070866152323
		outer loop
			vertex 0.07 -0.11756708565354337 0.48309698797762396
			vertex 0.06521645717322827 -0.1162853389903902 0.48309698797762396
			vertex 0.07 -0.12567767034471025 0.47767767034471037
		endloop
	endfacet
	facet normal -0.14724208125529642 -0.5495146776621969 0.8224070698513118
		outer loop
			vertex 0.06521645717322827 -0.1162853389903902 0.48309698797762396
			vertex 0.06116116482764483 -0.12330931051820507 0.47767767034471037
			vertex 0.07 -0.12567767034471025 0.47767767034471037
		endloop
	endfacet
	facet normal 0.14724204467096316 -0.5495146949337675 0.8224070648608041
		outer loop
			vertex 0.07478354282677174 -0.1162853389903902 0.48309698797762396
			vertex 0.07 -0.11756708565354337 0.48309698797762396
			vertex 0.07883883517235518 -0.12330931051820507 0.47767767034471037
		endloop
	endfacet
	facet normal 0.14724207685025473 -0.5495146612223648 0.8224070816247228
		outer loop
			vertex 0.07 -0.11756708565354337 0.48309698797762396
			vertex 0.07 -0.12567767034471025 0.47767767034471037
			vertex 0.07883883517235518 -0.12330931051820507 0.47767767034471037
		endloop
	endfacet
	facet normal 0.40227267647492315 -0.40227267647492315 0.8224070692323866
		outer loop
			vertex 0.07828533899039031 -0.11278354282677164 0.48309698797762396
			vertex 0.07478354282677174 -0.1162853389903902 0.48309698797762396
			vertex 0.08530931051820517 -0.11683883517235508 0.47767767034471037
		endloop
	endfacet
	facet normal 0.40227267647492315 -0.40227267647492315 0.8224070692323867
		outer loop
			vertex 0.07478354282677174 -0.1162853389903902 0.48309698797762396
			vertex 0.07883883517235518 -0.12330931051820507 0.47767767034471037
			vertex 0.08530931051820517 -0.11683883517235508 0.47767767034471037
		endloop
	endfacet
	facet normal 0.5495146645569157 -0.14724203653150883 0.8224070866152323
		outer loop
			vertex 0.07956708565354348 -0.1079999999999999 0.48309698797762396
			vertex 0.07828533899039031 -0.11278354282677164 0.48309698797762396
			vertex 0.08767767034471036 -0.1079999999999999 0.47767767034471037
		endloop
	endfacet
	facet normal 0.5495146776621969 -0.14724208125529642 0.8224070698513118
		outer loop
			vertex 0.07828533899039031 -0.11278354282677164 0.48309698797762396
			vertex 0.08530931051820517 -0.11683883517235508 0.47767767034471037
			vertex 0.08767767034471036 -0.1079999999999999 0.47767767034471037
		endloop
	endfacet
	facet normal 0.5495146949337675 0.14724204467096316 0.8224070648608041
		outer loop
			vertex 0.07828533899039031 -0.10321645717322817 0.48309698797762396
			vertex 0.07956708565354348 -0.1079999999999999 0.48309698797762396
			vertex 0.08530931051820517 -0.09916116482764473 0.47767767034471037
		endloop
	endfacet
	facet normal 0.5495146612223648 0.14724207685025473 0.8224070816247228
		outer loop
			vertex 0.07956708565354348 -0.1079999999999999 0.48309698797762396
			vertex 0.08767767034471036 -0.1079999999999999 0.47767767034471037
			vertex 0.08530931051820517 -0.09916116482764473 0.47767767034471037
		endloop
	endfacet
	facet normal 0.40227267647492315 0.40227267647492315 0.8224070692323866
		outer loop
			vertex 0.07478354282677174 -0.0997146610096096 0.48309698797762396
			vertex 0.07828533899039031 -0.10321645717322817 0.48309698797762396
			vertex 0.07883883517235518 -0.09269068948179474 0.47767767034471037
		endloop
	endfacet
	facet normal 0.40227267647492315 0.40227267647492315 0.8224070692323867
		outer loop
			vertex 0.07828533899039031 -0.10321645717322817 0.48309698797762396
			vertex 0.08530931051820517 -0.09916116482764473 0.47767767034471037
			vertex 0.07883883517235518 -0.09269068948179474 0.47767767034471037
		endloop
	endfacet
	facet normal 0.14724203653150883 0.5495146645569157 0.8224070866152323
		outer loop
			vertex 0.07 -0.09843291434645643 0.48309698797762396
			vertex 0.07478354282677174 -0.0997146610096096 0.48309698797762396
			vertex 0.07 -0.09032232965528955 0.47767767034471037
		endloop
	endfacet
	facet normal 0.14724208125529642 0.5495146776621969 0.8224070698513118
		outer loop
			vertex 0.07478354282677174 -0.0997146610096096 0.48309698797762396
			vertex 0.07883883517235518 -0.09269068948179474 0.47767767034471037
			vertex 0.07 -0.09032232965528955 0.47767767034471037
		endloop
	endfacet
	facet normal -0.14724204467096316 0.5495146949337675 0.8224070648608041
		outer loop
			vertex 0.06521645717322827 -0.0997146610096096 0.48309698797762396
			vertex 0.07 -0.09843291434645643 0.48309698797762396
			vertex 0.06116116482764483 -0.09269068948179474 0.47767767034471037
		endloop
	endfacet
	facet normal -0.14724207685025473 0.5495146612223648 0.8224070816247228
		outer loop
			vertex 0.07 -0.09843291434645643 0.48309698797762396
			vertex 0.07 -0.09032232965528955 0.47767767034471037
			vertex 0.06116116482764483 -0.09269068948179474 0.47767767034471037
		endloop
	endfacet
	facet normal -0.40227267647492315 0.40227267647492315 0.8224070692323866
		outer loop
			vertex 0.061714661009609706 -0.10321645717322817 0.48309698797762396
			vertex 0.06521645717322827 -0.0997146610096096 0.48309698797762396
			vertex 0.05469068948179484 -0.09916116482764473 0.47767767034471037
		endloop
	endfacet
	facet normal -0.40227267647492315 0.40227267647492315 0.8224070692323867
		outer loop
			vertex 0.06521645717322827 -0.0997146610096096 0.48309698797762396
			vertex 0.06116116482764483 -0.09269068948179474 0.47767767034471037
			vertex 0.05469068948179484 -0.09916116482764473 0.47767767034471037
		endloop
	endfacet
	facet normal -0.5495146645569157 0.14724203653150927 0.8224070866152324
		outer loop
			vertex 0.060432914346456534 -0.10799999999999989 0.48309698797762396
			vertex 0.061714661009609706 -0.10321645717322817 0.48309698797762396
			vertex 0.05232232965528966 -0.10799999999999989 0.47767767034471037
		endloop
	endfacet
	facet normal -0.5495146776621967 0.14724208125529664 0.8224070698513118
		outer loop
			vertex 0.061714661009609706 -0.10321645717322817 0.48309698797762396
			vertex 0.05469068948179484 -0.09916116482764473 0.47767767034471037
			vertex 0.05232232965528966 -0.10799999999999989 0.47767767034471037
		endloop
	endfacet
	facet normal -0.811571857076704 -0.21746012287165617 0.5422750370077111
		outer loop
			vertex 0.05469068948179484 -0.11683883517235508 0.47767767034471037
			vertex 0.05232232965528966 -0.1079999999999999 0.47767767034471037
			vertex 0.04999742068350316 -0.11954849398881187 0.4695670856535435
		endloop
	endfacet
	facet normal -0.8115719918613726 -0.2174599911622195 0.5422748881055544
		outer loop
			vertex 0.05232232965528966 -0.1079999999999999 0.47767767034471037
			vertex 0.04690301202237607 -0.1079999999999999 0.4695670856535435
			vertex 0.04999742068350316 -0.11954849398881187 0.4695670856535435
		endloop
	endfacet
	facet normal -0.5941118746276868 -0.5941118746276868 0.5422749863793752
		outer loop
			vertex 0.06116116482764483 -0.12330931051820507 0.47767767034471037
			vertex 0.05469068948179484 -0.11683883517235508 0.47767767034471037
			vertex 0.05845150601118804 -0.12800257931649675 0.4695670856535435
		endloop
	endfacet
	facet normal -0.5941118746276868 -0.5941118746276868 0.5422749863793752
		outer loop
			vertex 0.05469068948179484 -0.11683883517235508 0.47767767034471037
			vertex 0.04999742068350316 -0.11954849398881187 0.4695670856535435
			vertex 0.05845150601118804 -0.12800257931649675 0.4695670856535435
		endloop
	endfacet
	facet normal -0.21746015105086108 -0.8115719622428803 0.5422748683151171
		outer loop
			vertex 0.07 -0.12567767034471025 0.47767767034471037
			vertex 0.06116116482764483 -0.12330931051820507 0.47767767034471037
			vertex 0.07 -0.13109698797762384 0.4695670856535435
		endloop
	endfacet
	facet normal -0.21745996959480293 -0.8115719113706528 0.5422750172172905
		outer loop
			vertex 0.06116116482764483 -0.12330931051820507 0.47767767034471037
			vertex 0.05845150601118804 -0.12800257931649675 0.4695670856535435
			vertex 0.07 -0.13109698797762384 0.4695670856535435
		endloop
	endfacet
	facet normal 0.21746012287165617 -0.811571857076704 0.5422750370077111
		outer loop
			vertex 0.07883883517235518 -0.12330931051820507 0.47767767034471037
			vertex 0.07 -0.12567767034471025 0.47767767034471037
			vertex 0.08154849398881198 -0.12800257931649675 0.4695670856535435
		endloop
	endfacet
	facet normal 0.2174599911622195 -0.8115719918613726 0.5422748881055544
		outer loop
			vertex 0.07 -0.12567767034471025 0.47767767034471037
			vertex 0.07 -0.13109698797762384 0.4695670856535435
			vertex 0.08154849398881198 -0.12800257931649675 0.4695670856535435
		endloop
	endfacet
	facet normal 0.5941118746276868 -0.5941118746276868 0.5422749863793752
		outer loop
			vertex 0.08530931051820517 -0.11683883517235508 0.47767767034471037
			vertex 0.07883883517235518 -0.12330931051820507 0.47767767034471037
			vertex 0.09000257931649686 -0.11954849398881187 0.4695670856535435
		endloop
	endfacet
	facet normal 0.5941118746276868 -0.5941118746276868 0.5422749863793752
		outer loop
			vertex 0.07883883517235518 -0.12330931051820507 0.47767767034471037
			vertex 0.08154849398881198 -0.12800257931649675 0.4695670856535435
			vertex 0.09000257931649686 -0.11954849398881187 0.4695670856535435
		endloop
	endfacet
	facet normal 0.8115719622428803 -0.21746015105086108 0.5422748683151171
		outer loop
			vertex 0.08767767034471036 -0.1079999999999999 0.47767767034471037
			vertex 0.08530931051820517 -0.11683883517235508 0.47767767034471037
			vertex 0.09309698797762395 -0.1079999999999999 0.4695670856535435
		endloop
	endfacet
	facet normal 0.8115719113706528 -0.21745996959480293 0.5422750172172905
		outer loop
			vertex 0.08530931051820517 -0.11683883517235508 0.47767767034471037
			vertex 0.09000257931649686 -0.11954849398881187 0.4695670856535435
			vertex 0.09309698797762395 -0.1079999999999999 0.4695670856535435
		endloop
	endfacet
	facet normal 0.811571857076704 0.21746012287165617 0.5422750370077111
		outer loop
			vertex 0.08530931051820517 -0.09916116482764473 0.47767767034471037
			vertex 0.08767767034471036 -0.1079999999999999 0.47767767034471037
			vertex 0.09000257931649686 -0.09645150601118793 0.4695670856535435
		endloop
	endfacet
	facet normal 0.8115719918613726 0.2174599911622195 0.5422748881055544
		outer loop
			vertex 0.08767767034471036 -0.1079999999999999 0.47767767034471037
			vertex 0.09309698797762395 -0.1079999999999999 0.4695670856535435
			vertex 0.09000257931649686 -0.09645150601118793 0.4695670856535435
		endloop
	endfacet
	facet normal 0.5941118746276868 0.5941118746276868 0.5422749863793752
		outer loop
			vertex 0.07883883517235518 -0.09269068948179474 0.47767767034471037
			vertex 0.08530931051820517 -0.09916116482764473 0.47767767034471037
			vertex 0.08154849398881198 -0.08799742068350305 0.4695670856535435
		endloop
	endfacet
	facet normal 0.5941118746276868 0.5941118746276868 0.5422749863793752
		outer loop
			vertex 0.08530931051820517 -0.09916116482764473 0.47767767034471037
			vertex 0.09000257931649686 -0.09645150601118793 0.4695670856535435
			vertex 0.08154849398881198 -0.08799742068350305 0.4695670856535435
		endloop
	endfacet
	facet normal 0.21746015105086108 0.8115719622428803 0.5422748683151171
		outer loop
			vertex 0.07 -0.09032232965528955 0.47767767034471037
			vertex 0.07883883517235518 -0.09269068948179474 0.47767767034471037
			vertex 0.07 -0.08490301202237596 0.4695670856535435
		endloop
	endfacet
	facet normal 0.21745996959480293 0.8115719113706528 0.5422750172172905
		outer loop
			vertex 0.07883883517235518 -0.09269068948179474 0.47767767034471037
			vertex 0.08154849398881198 -0.08799742068350305 0.4695670856535435
			vertex 0.07 -0.08490301202237596 0.4695670856535435
		endloop
	endfacet
	facet normal -0.21746012287165617 0.811571857076704 0.5422750370077111
		outer loop
			vertex 0.06116116482764483 -0.09269068948179474 0.47767767034471037
			vertex 0.07 -0.09032232965528955 0.47767767034471037
			vertex 0.05845150601118804 -0.08799742068350305 0.4695670856535435
		endloop
	endfacet
	facet normal -0.2174599911622195 0.8115719918613726 0.5422748881055544
		outer loop
			vertex 0.07 -0.09032232965528955 0.47767767034471037
			vertex 0.07 -0.08490301202237596 0.4695670856535435
			vertex 0.05845150601118804 -0.08799742068350305 0.4695670856535435
		endloop
	endfacet
	facet normal -0.5941118746276868 0.5941118746276868 0.5422749863793752
		outer loop
			vertex 0.05469068948179484 -0.09916116482764473 0.47767767034471037
			vertex 0.06116116482764483 -0.09269068948179474 0.47767767034471037
			vertex 0.04999742068350316 -0.09645150601118793 0.4695670856535435
		endloop
	endfacet
	facet normal -0.5941118746276868 0.5941118746276868 0.5422749863793752
		outer loop
			vertex 0.06116116482764483 -0.09269068948179474 0.47767767034471037
			vertex 0.05845150601118804 -0.08799742068350305 0.4695670856535435
			vertex 0.04999742068350316 -0.09645150601118793 0.4695670856535435
		endloop
	endfacet
	facet normal -0.8115719622428803 0.2174601510508614 0.5422748683151171
		outer loop
			vertex 0.05232232965528966 -0.10799999999999989 0.47767767034471037
			vertex 0.05469068948179484 -0.09916116482764473 0.47767767034471037
			vertex 0.04690301202237607 -0.10799999999999989 0.4695670856535435
		endloop
	endfacet
	facet normal -0.8115719113706527 0.21745996959480315 0.5422750172172905
		outer loop
			vertex 0.05469068948179484 -0.09916116482764473 0.47767767034471037
			vertex 0.04999742068350316 -0.09645150601118793 0.4695670856535435
			vertex 0.04690301202237607 -0.10799999999999989 0.4695670856535435
		endloop
	endfacet
	facet normal -0.9485758635430261 -0.2541700563491059 0.18868336852805753
		outer loop
			vertex 0.04999742068350316 -0.11954849398881187 0.4695670856535435
			vertex 0.04690301202237607 -0.1079999999999999 0.4695670856535435
			vertex 0.04834936529397965 -0.12050000018626442 0.46
		endloop
	endfacet
	facet normal -0.948575799796394 -0.2541701734860931 0.18868353121213588
		outer loop
			vertex 0.04690301202237607 -0.1079999999999999 0.4695670856535435
			vertex 0.04499999962747098 -0.1079999999999999 0.46
			vertex 0.04834936529397965 -0.12050000018626442 0.46
		endloop
	endfacet
	facet normal -0.6944057058615738 -0.6944057058615738 0.18868341562993574
		outer loop
			vertex 0.05845150601118804 -0.12800257931649675 0.4695670856535435
			vertex 0.04999742068350316 -0.11954849398881187 0.4695670856535435
			vertex 0.05749999981373549 -0.12965063470602026 0.46
		endloop
	endfacet
	facet normal -0.6944057058615738 -0.6944057058615738 0.18868341562993568
		outer loop
			vertex 0.04999742068350316 -0.11954849398881187 0.4695670856535435
			vertex 0.04834936529397965 -0.12050000018626442 0.46
			vertex 0.05749999981373549 -0.12965063470602026 0.46
		endloop
	endfacet
	facet normal -0.25417004793905124 -0.9485758321562648 0.1886835376489169
		outer loop
			vertex 0.07 -0.13109698797762384 0.4695670856535435
			vertex 0.05845150601118804 -0.12800257931649675 0.4695670856535435
			vertex 0.07 -0.13300000037252893 0.46
		endloop
	endfacet
	facet normal -0.2541701812559738 -0.9485758287939773 0.18868337496484547
		outer loop
			vertex 0.05845150601118804 -0.12800257931649675 0.4695670856535435
			vertex 0.05749999981373549 -0.12965063470602026 0.46
			vertex 0.07 -0.13300000037252893 0.46
		endloop
	endfacet
	facet normal 0.2541700563491059 -0.9485758635430261 0.18868336852805753
		outer loop
			vertex 0.08154849398881198 -0.12800257931649675 0.4695670856535435
			vertex 0.07 -0.13109698797762384 0.4695670856535435
			vertex 0.08250000018626452 -0.12965063470602026 0.46
		endloop
	endfacet
	facet normal 0.2541701734860931 -0.948575799796394 0.18868353121213588
		outer loop
			vertex 0.07 -0.13109698797762384 0.4695670856535435
			vertex 0.07 -0.13300000037252893 0.46
			vertex 0.08250000018626452 -0.12965063470602026 0.46
		endloop
	endfacet
	facet normal 0.6944057058615738 -0.6944057058615738 0.18868341562993574
		outer loop
			vertex 0.09000257931649686 -0.11954849398881187 0.4695670856535435
			vertex 0.08154849398881198 -0.12800257931649675 0.4695670856535435
			vertex 0.09165063470602036 -0.12050000018626442 0.46
		endloop
	endfacet
	facet normal 0.6944057058615738 -0.6944057058615738 0.18868341562993568
		outer loop
			vertex 0.08154849398881198 -0.12800257931649675 0.4695670856535435
			vertex 0.08250000018626452 -0.12965063470602026 0.46
			vertex 0.09165063470602036 -0.12050000018626442 0.46
		endloop
	endfacet
	facet normal 0.9485758321562648 -0.25417004793905124 0.1886835376489169
		outer loop
			vertex 0.09309698797762395 -0.1079999999999999 0.4695670856535435
			vertex 0.09000257931649686 -0.11954849398881187 0.4695670856535435
			vertex 0.09500000037252904 -0.1079999999999999 0.46
		endloop
	endfacet
	facet normal 0.9485758287939773 -0.2541701812559738 0.18868337496484547
		outer loop
			vertex 0.09000257931649686 -0.11954849398881187 0.4695670856535435
			vertex 0.09165063470602036 -0.12050000018626442 0.46
			vertex 0.09500000037252904 -0.1079999999999999 0.46
		endloop
	endfacet
	facet normal 0.9485758635430261 0.2541700563491059 0.18868336852805753
		outer loop
			vertex 0.09000257931649686 -0.09645150601118793 0.4695670856535435
			vertex 0.09309698797762395 -0.1079999999999999 0.4695670856535435
			vertex 0.09165063470602036 -0.09549999981373539 0.46
		endloop
	endfacet
	facet normal 0.948575799796394 0.2541701734860931 0.18868353121213588
		outer loop
			vertex 0.09309698797762395 -0.1079999999999999 0.4695670856535435
			vertex 0.09500000037252904 -0.1079999999999999 0.46
			vertex 0.09165063470602036 -0.09549999981373539 0.46
		endloop
	endfacet
	facet normal 0.6944057058615738 0.6944057058615738 0.18868341562993574
		outer loop
			vertex 0.08154849398881198 -0.08799742068350305 0.4695670856535435
			vertex 0.09000257931649686 -0.09645150601118793 0.4695670856535435
			vertex 0.08250000018626452 -0.08634936529397955 0.46
		endloop
	endfacet
	facet normal 0.6944057058615738 0.6944057058615738 0.18868341562993568
		outer loop
			vertex 0.09000257931649686 -0.09645150601118793 0.4695670856535435
			vertex 0.09165063470602036 -0.09549999981373539 0.46
			vertex 0.08250000018626452 -0.08634936529397955 0.46
		endloop
	endfacet
	facet normal 0.25417004793905124 0.9485758321562648 0.1886835376489169
		outer loop
			vertex 0.07 -0.08490301202237596 0.4695670856535435
			vertex 0.08154849398881198 -0.08799742068350305 0.4695670856535435
			vertex 0.07 -0.08299999962747087 0.46
		endloop
	endfacet
	facet normal 0.2541701812559738 0.9485758287939773 0.18868337496484547
		outer loop
			vertex 0.08154849398881198 -0.08799742068350305 0.4695670856535435
			vertex 0.08250000018626452 -0.08634936529397955 0.46
			vertex 0.07 -0.08299999962747087 0.46
		endloop
	endfacet
	facet normal -0.2541700563491059 0.9485758635430261 0.18868336852805753
		outer loop
			vertex 0.05845150601118804 -0.08799742068350305 0.4695670856535435
			vertex 0.07 -0.08490301202237596 0.4695670856535435
			vertex 0.05749999981373549 -0.08634936529397955 0.46
		endloop
	endfacet
	facet normal -0.2541701734860931 0.948575799796394 0.18868353121213588
		outer loop
			vertex 0.07 -0.08490301202237596 0.4695670856535435
			vertex 0.07 -0.08299999962747087 0.46
			vertex 0.05749999981373549 -0.08634936529397955 0.46
		endloop
	endfacet
	facet normal -0.6944057058615738 0.6944057058615738 0.18868341562993574
		outer loop
			vertex 0.04999742068350316 -0.09645150601118793 0.4695670856535435
			vertex 0.05845150601118804 -0.08799742068350305 0.4695670856535435
			vertex 0.04834936529397965 -0.09549999981373539 0.46
		endloop
	endfacet
	facet normal -0.6944057058615738 0.6944057058615738 0.18868341562993568
		outer loop
			vertex 0.05845150601118804 -0.08799742068350305 0.4695670856535435
			vertex 0.05749999981373549 -0.08634936529397955 0.46
			vertex 0.04834936529397965 -0.09549999981373539 0.46
		endloop
	endfacet
	facet normal -0.948575832156265 0.25417004793905157 0.18868353764891657
		outer loop
			vertex 0.04690301202237607 -0.10799999999999989 0.4695670856535435
			vertex 0.04999742068350316 -0.09645150601118793 0.4695670856535435
			vertex 0.04499999962747098 -0.1079999999999999 0.46
		endloop
	endfacet
	facet normal -0.9485758287939773 0.2541701812559738 0.18868337496484547
		outer loop
			vertex 0.04999742068350316 -0.09645150601118793 0.4695670856535435
			vertex 0.04834936529397965 -0.09549999981373539 0.46
			vertex 0.04499999962747098 -0.1079999999999999 0.46
		endloop
	endfacet
	facet normal -0.9485758287939773 -0.2541701812559738 -0.18868337496484547
		outer loop
			vertex 0.04834936529397965 -0.12050000018626442 0.46
			vertex 0.04499999962747098 -0.1079999999999999 0.46
			vertex 0.04999742068350316 -0.11954849398881187 0.45043291434645655
		endloop
	endfacet
	facet normal -0.9485758321562648 -0.25417004793905124 -0.1886835376489169
		outer loop
			vertex 0.04499999962747098 -0.1079999999999999 0.46
			vertex 0.04690301202237607 -0.1079999999999999 0.45043291434645655
			vertex 0.04999742068350316 -0.11954849398881187 0.45043291434645655
		endloop
	endfacet
	facet normal -0.6944057058615738 -0.6944057058615738 -0.18868341562993568
		outer loop
			vertex 0.05749999981373549 -0.12965063470602026 0.46
			vertex 0.04834936529397965 -0.12050000018626442 0.46
			vertex 0.05845150601118804 -0.12800257931649675 0.45043291434645655
		endloop
	endfacet
	facet normal -0.6944057058615738 -0.6944057058615738 -0.18868341562993574
		outer loop
			vertex 0.04834936529397965 -0.12050000018626442 0.46
			vertex 0.04999742068350316 -0.11954849398881187 0.45043291434645655
			vertex 0.05845150601118804 -0.12800257931649675 0.45043291434645655
		endloop
	endfacet
	facet normal -0.2541701734860931 -0.948575799796394 -0.18868353121213588
		outer loop
			vertex 0.07 -0.13300000037252893 0.46
			vertex 0.05749999981373549 -0.12965063470602026 0.46
			vertex 0.07 -0.13109698797762384 0.45043291434645655
		endloop
	endfacet
	facet normal -0.2541700563491059 -0.9485758635430261 -0.18868336852805753
		outer loop
			vertex 0.05749999981373549 -0.12965063470602026 0.46
			vertex 0.05845150601118804 -0.12800257931649675 0.45043291434645655
			vertex 0.07 -0.13109698797762384 0.45043291434645655
		endloop
	endfacet
	facet normal 0.2541701812559738 -0.9485758287939773 -0.18868337496484547
		outer loop
			vertex 0.08250000018626452 -0.12965063470602026 0.46
			vertex 0.07 -0.13300000037252893 0.46
			vertex 0.08154849398881198 -0.12800257931649675 0.45043291434645655
		endloop
	endfacet
	facet normal 0.25417004793905124 -0.9485758321562648 -0.1886835376489169
		outer loop
			vertex 0.07 -0.13300000037252893 0.46
			vertex 0.07 -0.13109698797762384 0.45043291434645655
			vertex 0.08154849398881198 -0.12800257931649675 0.45043291434645655
		endloop
	endfacet
	facet normal 0.6944057058615738 -0.6944057058615738 -0.18868341562993568
		outer loop
			vertex 0.09165063470602036 -0.12050000018626442 0.46
			vertex 0.08250000018626452 -0.12965063470602026 0.46
			vertex 0.09000257931649686 -0.11954849398881187 0.45043291434645655
		endloop
	endfacet
	facet normal 0.6944057058615738 -0.6944057058615738 -0.18868341562993574
		outer loop
			vertex 0.08250000018626452 -0.12965063470602026 0.46
			vertex 0.08154849398881198 -0.12800257931649675 0.45043291434645655
			vertex 0.09000257931649686 -0.11954849398881187 0.45043291434645655
		endloop
	endfacet
	facet normal 0.948575799796394 -0.2541701734860931 -0.18868353121213588
		outer loop
			vertex 0.09500000037252904 -0.1079999999999999 0.46
			vertex 0.09165063470602036 -0.12050000018626442 0.46
			vertex 0.09309698797762395 -0.1079999999999999 0.45043291434645655
		endloop
	endfacet
	facet normal 0.9485758635430261 -0.2541700563491059 -0.18868336852805753
		outer loop
			vertex 0.09165063470602036 -0.12050000018626442 0.46
			vertex 0.09000257931649686 -0.11954849398881187 0.45043291434645655
			vertex 0.09309698797762395 -0.1079999999999999 0.45043291434645655
		endloop
	endfacet
	facet normal 0.9485758287939773 0.2541701812559738 -0.18868337496484547
		outer loop
			vertex 0.09165063470602036 -0.09549999981373539 0.46
			vertex 0.09500000037252904 -0.1079999999999999 0.46
			vertex 0.09000257931649686 -0.09645150601118793 0.45043291434645655
		endloop
	endfacet
	facet normal 0.9485758321562648 0.25417004793905124 -0.1886835376489169
		outer loop
			vertex 0.09500000037252904 -0.1079999999999999 0.46
			vertex 0.09309698797762395 -0.1079999999999999 0.45043291434645655
			vertex 0.09000257931649686 -0.09645150601118793 0.45043291434645655
		endloop
	endfacet
	facet normal 0.6944057058615738 0.6944057058615738 -0.18868341562993568
		outer loop
			vertex 0.08250000018626452 -0.08634936529397955 0.46
			vertex 0.09165063470602036 -0.09549999981373539 0.46
			vertex 0.08154849398881198 -0.08799742068350305 0.45043291434645655
		endloop
	endfacet
	facet normal 0.6944057058615738 0.6944057058615738 -0.18868341562993574
		outer loop
			vertex 0.09165063470602036 -0.09549999981373539 0.46
			vertex 0.09000257931649686 -0.09645150601118793 0.45043291434645655
			vertex 0.08154849398881198 -0.08799742068350305 0.45043291434645655
		endloop
	endfacet
	facet normal 0.2541701734860931 0.948575799796394 -0.18868353121213588
		outer loop
			vertex 0.07 -0.08299999962747087 0.46
			vertex 0.08250000018626452 -0.08634936529397955 0.46
			vertex 0.07 -0.08490301202237596 0.45043291434645655
		endloop
	endfacet
	facet normal 0.2541700563491059 0.9485758635430261 -0.18868336852805753
		outer loop
			vertex 0.08250000018626452 -0.08634936529397955 0.46
			vertex 0.08154849398881198 -0.08799742068350305 0.45043291434645655
			vertex 0.07 -0.08490301202237596 0.45043291434645655
		endloop
	endfacet
	facet normal -0.2541701812559738 0.9485758287939773 -0.18868337496484547
		outer loop
			vertex 0.05749999981373549 -0.08634936529397955 0.46
			vertex 0.07 -0.08299999962747087 0.46
			vertex 0.05845150601118804 -0.08799742068350305 0.45043291434645655
		endloop
	endfacet
	facet normal -0.25417004793905124 0.9485758321562648 -0.1886835376489169
		outer loop
			vertex 0.07 -0.08299999962747087 0.46
			vertex 0.07 -0.08490301202237596 0.45043291434645655
			vertex 0.05845150601118804 -0.08799742068350305 0.45043291434645655
		endloop
	endfacet
	facet normal -0.6944057058615738 0.6944057058615738 -0.18868341562993568
		outer loop
			vertex 0.04834936529397965 -0.09549999981373539 0.46
			vertex 0.05749999981373549 -0.08634936529397955 0.46
			vertex 0.04999742068350316 -0.09645150601118793 0.45043291434645655
		endloop
	endfacet
	facet normal -0.6944057058615738 0.6944057058615738 -0.18868341562993574
		outer loop
			vertex 0.05749999981373549 -0.08634936529397955 0.46
			vertex 0.05845150601118804 -0.08799742068350305 0.45043291434645655
			vertex 0.04999742068350316 -0.09645150601118793 0.45043291434645655
		endloop
	endfacet
	facet normal -0.948575799796394 0.2541701734860931 -0.18868353121213588
		outer loop
			vertex 0.04499999962747098 -0.1079999999999999 0.46
			vertex 0.04834936529397965 -0.09549999981373539 0.46
			vertex 0.04690301202237607 -0.1079999999999999 0.45043291434645655
		endloop
	endfacet
	facet normal -0.9485758635430261 0.2541700563491059 -0.18868336852805753
		outer loop
			vertex 0.04834936529397965 -0.09549999981373539 0.46
			vertex 0.04999742068350316 -0.09645150601118793 0.45043291434645655
			vertex 0.04690301202237607 -0.1079999999999999 0.45043291434645655
		endloop
	endfacet
	facet normal -0.8115719113706528 -0.21745996959480293 -0.5422750172172905
		outer loop
			vertex 0.04999742068350316 -0.11954849398881187 0.45043291434645655
			vertex 0.04690301202237607 -0.1079999999999999 0.45043291434645655
			vertex 0.05469068948179484 -0.11683883517235508 0.44232232965528967
		endloop
	endfacet
	facet normal -0.8115719622428803 -0.21746015105086108 -0.5422748683151171
		outer loop
			vertex 0.04690301202237607 -0.1079999999999999 0.45043291434645655
			vertex 0.05232232965528966 -0.1079999999999999 0.44232232965528967
			vertex 0.05469068948179484 -0.11683883517235508 0.44232232965528967
		endloop
	endfacet
	facet normal -0.5941118746276868 -0.5941118746276868 -0.5422749863793752
		outer loop
			vertex 0.05845150601118804 -0.12800257931649675 0.45043291434645655
			vertex 0.04999742068350316 -0.11954849398881187 0.45043291434645655
			vertex 0.06116116482764483 -0.12330931051820507 0.44232232965528967
		endloop
	endfacet
	facet normal -0.5941118746276868 -0.5941118746276868 -0.5422749863793752
		outer loop
			vertex 0.04999742068350316 -0.11954849398881187 0.45043291434645655
			vertex 0.05469068948179484 -0.11683883517235508 0.44232232965528967
			vertex 0.06116116482764483 -0.12330931051820507 0.44232232965528967
		endloop
	endfacet
	facet normal -0.2174599911622195 -0.8115719918613726 -0.5422748881055544
		outer loop
			vertex 0.07 -0.13109698797762384 0.45043291434645655
			vertex 0.05845150601118804 -0.12800257931649675 0.45043291434645655
			vertex 0.07 -0.12567767034471025 0.44232232965528967
		endloop
	endfacet
	facet normal -0.21746012287165617 -0.811571857076704 -0.5422750370077111
		outer loop
			vertex 0.05845150601118804 -0.12800257931649675 0.45043291434645655
			vertex 0.06116116482764483 -0.12330931051820507 0.44232232965528967
			vertex 0.07 -0.12567767034471025 0.44232232965528967
		endloop
	endfacet
	facet normal 0.21745996959480293 -0.8115719113706528 -0.5422750172172905
		outer loop
			vertex 0.08154849398881198 -0.12800257931649675 0.45043291434645655
			vertex 0.07 -0.13109698797762384 0.45043291434645655
			vertex 0.07883883517235518 -0.12330931051820507 0.44232232965528967
		endloop
	endfacet
	facet normal 0.21746015105086108 -0.8115719622428803 -0.5422748683151171
		outer loop
			vertex 0.07 -0.13109698797762384 0.45043291434645655
			vertex 0.07 -0.12567767034471025 0.44232232965528967
			vertex 0.07883883517235518 -0.12330931051820507 0.44232232965528967
		endloop
	endfacet
	facet normal 0.5941118746276868 -0.5941118746276868 -0.5422749863793752
		outer loop
			vertex 0.09000257931649686 -0.11954849398881187 0.45043291434645655
			vertex 0.08154849398881198 -0.12800257931649675 0.45043291434645655
			vertex 0.08530931051820517 -0.11683883517235508 0.44232232965528967
		endloop
	endfacet
	facet normal 0.5941118746276868 -0.5941118746276868 -0.5422749863793752
		outer loop
			vertex 0.08154849398881198 -0.12800257931649675 0.45043291434645655
			vertex 0.07883883517235518 -0.12330931051820507 0.44232232965528967
			vertex 0.08530931051820517 -0.11683883517235508 0.44232232965528967
		endloop
	endfacet
	facet normal 0.8115719918613726 -0.2174599911622195 -0.5422748881055544
		outer loop
			vertex 0.09309698797762395 -0.1079999999999999 0.45043291434645655
			vertex 0.09000257931649686 -0.11954849398881187 0.45043291434645655
			vertex 0.08767767034471036 -0.1079999999999999 0.44232232965528967
		endloop
	endfacet
	facet normal 0.811571857076704 -0.21746012287165617 -0.5422750370077111
		outer loop
			vertex 0.09000257931649686 -0.11954849398881187 0.45043291434645655
			vertex 0.08530931051820517 -0.11683883517235508 0.44232232965528967
			vertex 0.08767767034471036 -0.1079999999999999 0.44232232965528967
		endloop
	endfacet
	facet normal 0.8115719113706528 0.21745996959480293 -0.5422750172172905
		outer loop
			vertex 0.09000257931649686 -0.09645150601118793 0.45043291434645655
			vertex 0.09309698797762395 -0.1079999999999999 0.45043291434645655
			vertex 0.08530931051820517 -0.09916116482764473 0.44232232965528967
		endloop
	endfacet
	facet normal 0.8115719622428803 0.21746015105086108 -0.5422748683151171
		outer loop
			vertex 0.09309698797762395 -0.1079999999999999 0.45043291434645655
			vertex 0.08767767034471036 -0.1079999999999999 0.44232232965528967
			vertex 0.08530931051820517 -0.09916116482764473 0.44232232965528967
		endloop
	endfacet
	facet normal 0.5941118746276868 0.5941118746276868 -0.5422749863793752
		outer loop
			vertex 0.08154849398881198 -0.08799742068350305 0.45043291434645655
			vertex 0.09000257931649686 -0.09645150601118793 0.45043291434645655
			vertex 0.07883883517235518 -0.09269068948179474 0.44232232965528967
		endloop
	endfacet
	facet normal 0.5941118746276868 0.5941118746276868 -0.5422749863793752
		outer loop
			vertex 0.09000257931649686 -0.09645150601118793 0.45043291434645655
			vertex 0.08530931051820517 -0.09916116482764473 0.44232232965528967
			vertex 0.07883883517235518 -0.09269068948179474 0.44232232965528967
		endloop
	endfacet
	facet normal 0.2174599911622195 0.8115719918613726 -0.5422748881055544
		outer loop
			vertex 0.07 -0.08490301202237596 0.45043291434645655
			vertex 0.08154849398881198 -0.08799742068350305 0.45043291434645655
			vertex 0.07 -0.09032232965528955 0.44232232965528967
		endloop
	endfacet
	facet normal 0.21746012287165617 0.811571857076704 -0.5422750370077111
		outer loop
			vertex 0.08154849398881198 -0.08799742068350305 0.45043291434645655
			vertex 0.07883883517235518 -0.09269068948179474 0.44232232965528967
			vertex 0.07 -0.09032232965528955 0.44232232965528967
		endloop
	endfacet
	facet normal -0.21745996959480293 0.8115719113706528 -0.5422750172172905
		outer loop
			vertex 0.05845150601118804 -0.08799742068350305 0.45043291434645655
			vertex 0.07 -0.08490301202237596 0.45043291434645655
			vertex 0.06116116482764483 -0.09269068948179474 0.44232232965528967
		endloop
	endfacet
	facet normal -0.21746015105086108 0.8115719622428803 -0.5422748683151171
		outer loop
			vertex 0.07 -0.08490301202237596 0.45043291434645655
			vertex 0.07 -0.09032232965528955 0.44232232965528967
			vertex 0.06116116482764483 -0.09269068948179474 0.44232232965528967
		endloop
	endfacet
	facet normal -0.5941118746276868 0.5941118746276868 -0.5422749863793752
		outer loop
			vertex 0.04999742068350316 -0.09645150601118793 0.45043291434645655
			vertex 0.05845150601118804 -0.08799742068350305 0.45043291434645655
			vertex 0.05469068948179484 -0.09916116482764473 0.44232232965528967
		endloop
	endfacet
	facet normal -0.5941118746276868 0.5941118746276868 -0.5422749863793752
		outer loop
			vertex 0.05845150601118804 -0.08799742068350305 0.45043291434645655
			vertex 0.06116116482764483 -0.09269068948179474 0.44232232965528967
			vertex 0.05469068948179484 -0.09916116482764473 0.44232232965528967
		endloop
	endfacet
	facet normal -0.8115719918613726 0.2174599911622195 -0.5422748881055544
		outer loop
			vertex 0.04690301202237607 -0.1079999999999999 0.45043291434645655
			vertex 0.04999742068350316 -0.09645150601118793 0.45043291434645655
			vertex 0.05232232965528966 -0.1079999999999999 0.44232232965528967
		endloop
	endfacet
	facet normal -0.811571857076704 0.21746012287165617 -0.5422750370077111
		outer loop
			vertex 0.04999742068350316 -0.09645150601118793 0.45043291434645655
			vertex 0.05469068948179484 -0.09916116482764473 0.44232232965528967
			vertex 0.05232232965528966 -0.1079999999999999 0.44232232965528967
		endloop
	endfacet
	facet normal -0.5495146776621969 -0.14724208125529642 -0.8224070698513118
		outer loop
			vertex 0.05469068948179484 -0.11683883517235508 0.44232232965528967
			vertex 0.05232232965528966 -0.1079999999999999 0.44232232965528967
			vertex 0.061714661009609706 -0.11278354282677164 0.4369030120223761
		endloop
	endfacet
	facet normal -0.5495146645569157 -0.14724203653150883 -0.8224070866152323
		outer loop
			vertex 0.05232232965528966 -0.1079999999999999 0.44232232965528967
			vertex 0.060432914346456534 -0.1079999999999999 0.4369030120223761
			vertex 0.061714661009609706 -0.11278354282677164 0.4369030120223761
		endloop
	endfacet
	facet normal -0.40227267647492315 -0.40227267647492315 -0.8224070692323867
		outer loop
			vertex 0.06116116482764483 -0.12330931051820507 0.44232232965528967
			vertex 0.05469068948179484 -0.11683883517235508 0.44232232965528967
			vertex 0.06521645717322827 -0.1162853389903902 0.4369030120223761
		endloop
	endfacet
	facet normal -0.40227267647492315 -0.40227267647492315 -0.8224070692323866
		outer loop
			vertex 0.05469068948179484 -0.11683883517235508 0.44232232965528967
			vertex 0.061714661009609706 -0.11278354282677164 0.4369030120223761
			vertex 0.06521645717322827 -0.1162853389903902 0.4369030120223761
		endloop
	endfacet
	facet normal -0.14724207685025473 -0.5495146612223648 -0.8224070816247228
		outer loop
			vertex 0.07 -0.12567767034471025 0.44232232965528967
			vertex 0.06116116482764483 -0.12330931051820507 0.44232232965528967
			vertex 0.07 -0.11756708565354337 0.4369030120223761
		endloop
	endfacet
	facet normal -0.14724204467096316 -0.5495146949337675 -0.8224070648608041
		outer loop
			vertex 0.06116116482764483 -0.12330931051820507 0.44232232965528967
			vertex 0.06521645717322827 -0.1162853389903902 0.4369030120223761
			vertex 0.07 -0.11756708565354337 0.4369030120223761
		endloop
	endfacet
	facet normal 0.14724208125529642 -0.5495146776621969 -0.8224070698513118
		outer loop
			vertex 0.07883883517235518 -0.12330931051820507 0.44232232965528967
			vertex 0.07 -0.12567767034471025 0.44232232965528967
			vertex 0.07478354282677174 -0.1162853389903902 0.4369030120223761
		endloop
	endfacet
	facet normal 0.14724203653150883 -0.5495146645569157 -0.8224070866152323
		outer loop
			vertex 0.07 -0.12567767034471025 0.44232232965528967
			vertex 0.07 -0.11756708565354337 0.4369030120223761
			vertex 0.07478354282677174 -0.1162853389903902 0.4369030120223761
		endloop
	endfacet
	facet normal 0.40227267647492315 -0.40227267647492315 -0.8224070692323867
		outer loop
			vertex 0.08530931051820517 -0.11683883517235508 0.44232232965528967
			vertex 0.07883883517235518 -0.12330931051820507 0.44232232965528967
			vertex 0.07828533899039031 -0.11278354282677164 0.4369030120223761
		endloop
	endfacet
	facet normal 0.40227267647492315 -0.40227267647492315 -0.8224070692323866
		outer loop
			vertex 0.07883883517235518 -0.12330931051820507 0.44232232965528967
			vertex 0.07478354282677174 -0.1162853389903902 0.4369030120223761
			vertex 0.07828533899039031 -0.11278354282677164 0.4369030120223761
		endloop
	endfacet
	facet normal 0.5495146612223648 -0.14724207685025473 -0.8224070816247228
		outer loop
			vertex 0.08767767034471036 -0.1079999999999999 0.44232232965528967
			vertex 0.08530931051820517 -0.11683883517235508 0.44232232965528967
			vertex 0.07956708565354348 -0.1079999999999999 0.4369030120223761
		endloop
	endfacet
	facet normal 0.5495146949337675 -0.14724204467096316 -0.8224070648608041
		outer loop
			vertex 0.08530931051820517 -0.11683883517235508 0.44232232965528967
			vertex 0.07828533899039031 -0.11278354282677164 0.4369030120223761
			vertex 0.07956708565354348 -0.1079999999999999 0.4369030120223761
		endloop
	endfacet
	facet normal 0.5495146776621969 0.14724208125529642 -0.8224070698513118
		outer loop
			vertex 0.08530931051820517 -0.09916116482764473 0.44232232965528967
			vertex 0.08767767034471036 -0.1079999999999999 0.44232232965528967
			vertex 0.07828533899039031 -0.10321645717322817 0.4369030120223761
		endloop
	endfacet
	facet normal 0.5495146645569157 0.14724203653150883 -0.8224070866152323
		outer loop
			vertex 0.08767767034471036 -0.1079999999999999 0.44232232965528967
			vertex 0.07956708565354348 -0.1079999999999999 0.4369030120223761
			vertex 0.07828533899039031 -0.10321645717322817 0.4369030120223761
		endloop
	endfacet
	facet normal 0.40227267647492315 0.40227267647492315 -0.8224070692323867
		outer loop
			vertex 0.07883883517235518 -0.09269068948179474 0.44232232965528967
			vertex 0.08530931051820517 -0.09916116482764473 0.44232232965528967
			vertex 0.07478354282677174 -0.0997146610096096 0.4369030120223761
		endloop
	endfacet
	facet normal 0.40227267647492315 0.40227267647492315 -0.8224070692323866
		outer loop
			vertex 0.08530931051820517 -0.09916116482764473 0.44232232965528967
			vertex 0.07828533899039031 -0.10321645717322817 0.4369030120223761
			vertex 0.07478354282677174 -0.0997146610096096 0.4369030120223761
		endloop
	endfacet
	facet normal 0.14724207685025473 0.5495146612223648 -0.8224070816247228
		outer loop
			vertex 0.07 -0.09032232965528955 0.44232232965528967
			vertex 0.07883883517235518 -0.09269068948179474 0.44232232965528967
			vertex 0.07 -0.09843291434645643 0.4369030120223761
		endloop
	endfacet
	facet normal 0.14724204467096316 0.5495146949337675 -0.8224070648608041
		outer loop
			vertex 0.07883883517235518 -0.09269068948179474 0.44232232965528967
			vertex 0.07478354282677174 -0.0997146610096096 0.4369030120223761
			vertex 0.07 -0.09843291434645643 0.4369030120223761
		endloop
	endfacet
	facet normal -0.14724208125529642 0.5495146776621969 -0.8224070698513118
		outer loop
			vertex 0.06116116482764483 -0.09269068948179474 0.44232232965528967
			vertex 0.07 -0.09032232965528955 0.44232232965528967
			vertex 0.06521645717322827 -0.0997146610096096 0.4369030120223761
		endloop
	endfacet
	facet normal -0.14724203653150883 0.5495146645569157 -0.8224070866152323
		outer loop
			vertex 0.07 -0.09032232965528955 0.44232232965528967
			vertex 0.07 -0.09843291434645643 0.4369030120223761
			vertex 0.06521645717322827 -0.0997146610096096 0.4369030120223761
		endloop
	endfacet
	facet normal -0.40227267647492315 0.40227267647492315 -0.8224070692323867
		outer loop
			vertex 0.05469068948179484 -0.09916116482764473 0.44232232965528967
			vertex 0.06116116482764483 -0.09269068948179474 0.44232232965528967
			vertex 0.061714661009609706 -0.10321645717322817 0.4369030120223761
		endloop
	endfacet
	facet normal -0.40227267647492315 0.40227267647492315 -0.8224070692323866
		outer loop
			vertex 0.06116116482764483 -0.09269068948179474 0.44232232965528967
			vertex 0.06521645717322827 -0.0997146610096096 0.4369030120223761
			vertex 0.061714661009609706 -0.10321645717322817 0.4369030120223761
		endloop
	endfacet
	facet normal -0.5495146612223648 0.14724207685025473 -0.8224070816247228
		outer loop
			vertex 0.05232232965528966 -0.1079999999999999 0.44232232965528967
			vertex 0.05469068948179484 -0.09916116482764473 0.44232232965528967
			vertex 0.060432914346456534 -0.1079999999999999 0.4369030120223761
		endloop
	endfacet
	facet normal -0.5495146949337675 0.14724204467096316 -0.8224070648608041
		outer loop
			vertex 0.05469068948179484 -0.09916116482764473 0.44232232965528967
			vertex 0.061714661009609706 -0.10321645717322817 0.4369030120223761
			vertex 0.060432914346456534 -0.1079999999999999 0.4369030120223761
		endloop
	endfacet
	facet normal -0.1948243874236795 -0.05220304647082821 -0.9794479567614365
		outer loop
			vertex 0.061714661009609706 -0.11278354282677164 0.4369030120223761
			vertex 0.060432914346456534 -0.1079999999999999 0.4369030120223761
			vertex 0.07 -0.10799999999999992 0.434999999627471
		endloop
	endfacet
	facet normal -0.1426213525795752 -0.1426213525795752 -0.9794479565432486
		outer loop
			vertex 0.06521645717322827 -0.1162853389903902 0.4369030120223761
			vertex 0.061714661009609706 -0.11278354282677164 0.4369030120223761
			vertex 0.07 -0.10799999999999992 0.434999999627471
		endloop
	endfacet
	facet normal -0.05220304647082827 -0.1948243874236797 -0.9794479567614364
		outer loop
			vertex 0.07 -0.11756708565354337 0.4369030120223761
			vertex 0.06521645717322827 -0.1162853389903902 0.4369030120223761
			vertex 0.07 -0.10799999999999992 0.434999999627471
		endloop
	endfacet
	facet normal 0.05220304647082827 -0.1948243874236797 -0.9794479567614364
		outer loop
			vertex 0.07478354282677174 -0.1162853389903902 0.4369030120223761
			vertex 0.07 -0.11756708565354337 0.4369030120223761
			vertex 0.07 -0.10799999999999992 0.434999999627471
		endloop
	endfacet
	facet normal 0.1426213525795752 -0.1426213525795752 -0.9794479565432486
		outer loop
			vertex 0.07828533899039031 -0.11278354282677164 0.4369030120223761
			vertex 0.07478354282677174 -0.1162853389903902 0.4369030120223761
			vertex 0.07 -0.10799999999999992 0.434999999627471
		endloop
	endfacet
	facet normal 0.19482438742367944 -0.052203046470828206 -0.9794479567614366
		outer loop
			vertex 0.07956708565354348 -0.1079999999999999 0.4369030120223761
			vertex 0.07828533899039031 -0.11278354282677164 0.4369030120223761
			vertex 0.07 -0.1079999999999999 0.434999999627471
		endloop
	endfacet
	facet normal 0.19482438742367944 0.052203046470828206 -0.9794479567614366
		outer loop
			vertex 0.07828533899039031 -0.10321645717322817 0.4369030120223761
			vertex 0.07956708565354348 -0.1079999999999999 0.4369030120223761
			vertex 0.07 -0.1079999999999999 0.434999999627471
		endloop
	endfacet
	facet normal 0.14262135257957503 0.14262135257957503 -0.9794479565432486
		outer loop
			vertex 0.07478354282677174 -0.0997146610096096 0.4369030120223761
			vertex 0.07828533899039031 -0.10321645717322817 0.4369030120223761
			vertex 0.07 -0.1079999999999999 0.434999999627471
		endloop
	endfacet
	facet normal 0.052203046470828206 0.19482438742367944 -0.9794479567614366
		outer loop
			vertex 0.07 -0.09843291434645643 0.4369030120223761
			vertex 0.07478354282677174 -0.0997146610096096 0.4369030120223761
			vertex 0.07 -0.1079999999999999 0.434999999627471
		endloop
	endfacet
	facet normal -0.052203046470828206 0.19482438742367944 -0.9794479567614366
		outer loop
			vertex 0.06521645717322827 -0.0997146610096096 0.4369030120223761
			vertex 0.07 -0.09843291434645643 0.4369030120223761
			vertex 0.07 -0.1079999999999999 0.434999999627471
		endloop
	endfacet
	facet normal -0.14262135257957503 0.14262135257957503 -0.9794479565432486
		outer loop
			vertex 0.061714661009609706 -0.10321645717322817 0.4369030120223761
			vertex 0.06521645717322827 -0.0997146610096096 0.4369030120223761
			vertex 0.07 -0.1079999999999999 0.434999999627471
		endloop
	endfacet
	facet normal -0.19482438742367944 0.052203046470828206 -0.9794479567614366
		outer loop
			vertex 0.060432914346456534 -0.1079999999999999 0.4369030120223761
			vertex 0.061714661009609706 -0.10321645717322817 0.4369030120223761
			vertex 0.07 -0.1079999999999999 0.434999999627471
		endloop
	endfacet
	facet normal 0.2588190222108674 -0.9659258324228681 2.513421382513929e-16
		outer loop
			vertex -0.17 -0.035000000149011536 0.33999999821186067
			vertex -0.17 -0.03500000014901158 0.18000000178813935
			vertex -0.1524999999254942 -0.03031088970601551 0.33999999821186067
		endloop
	endfacet
	facet normal 0.2588190222108677 -0.965925832422868 2.0945178187616072e-16
		outer loop
			vertex -0.17 -0.03500000014901158 0.18000000178813935
			vertex -0.1524999999254942 -0.030310889706015545 0.18000000178813935
			vertex -0.1524999999254942 -0.03031088970601551 0.33999999821186067
		endloop
	endfacet
	facet normal 0.7071067811865476 -0.7071067811865476 1.5332934509551537e-16
		outer loop
			vertex -0.1524999999254942 -0.03031088970601551 0.33999999821186067
			vertex -0.1524999999254942 -0.030310889706015545 0.18000000178813935
			vertex -0.13968911029398443 -0.01750000007450573 0.33999999821186067
		endloop
	endfacet
	facet normal 0.7071067811865476 -0.7071067811865476 1.5332934509551537e-16
		outer loop
			vertex -0.1524999999254942 -0.030310889706015545 0.18000000178813935
			vertex -0.13968911029398443 -0.017500000074505764 0.18000000178813935
			vertex -0.13968911029398443 -0.01750000007450573 0.33999999821186067
		endloop
	endfacet
	facet normal 0.965925832422868 -0.2588190222108674 5.612243048675337e-17
		outer loop
			vertex -0.13968911029398443 -0.01750000007450573 0.33999999821186067
			vertex -0.13968911029398443 -0.017500000074505764 0.18000000178813935
			vertex -0.1349999998509884 7.335203336815797e-17 0.33999999821186067
		endloop
	endfacet
	facet normal 0.965925832422868 -0.2588190222108674 5.746936753389495e-17
		outer loop
			vertex -0.13968911029398443 -0.017500000074505764 0.18000000178813935
			vertex -0.1349999998509884 3.782489737424635e-17 0.18000000178813935
			vertex -0.1349999998509884 7.335203336815797e-17 0.33999999821186067
		endloop
	endfacet
	facet normal 0.9659258324228681 0.2588190222108674 -5.746936753389495e-17
		outer loop
			vertex -0.1349999998509884 7.335203336815797e-17 0.33999999821186067
			vertex -0.1349999998509884 3.782489737424635e-17 0.18000000178813935
			vertex -0.13968911029398443 0.017500000074505882 0.33999999821186067
		endloop
	endfacet
	facet normal 0.9659258324228681 0.2588190222108674 -5.612243048675337e-17
		outer loop
			vertex -0.1349999998509884 3.782489737424635e-17 0.18000000178813935
			vertex -0.13968911029398443 0.017500000074505848 0.18000000178813935
			vertex -0.13968911029398443 0.017500000074505882 0.33999999821186067
		endloop
	endfacet
	facet normal 0.7071067811865476 0.7071067811865476 -1.5332934509551537e-16
		outer loop
			vertex -0.13968911029398443 0.017500000074505882 0.33999999821186067
			vertex -0.13968911029398443 0.017500000074505848 0.18000000178813935
			vertex -0.1524999999254942 0.030310889706015663 0.33999999821186067
		endloop
	endfacet
	facet normal 0.7071067811865476 0.7071067811865476 -1.5332934509551537e-16
		outer loop
			vertex -0.13968911029398443 0.017500000074505848 0.18000000178813935
			vertex -0.1524999999254942 0.03031088970601563 0.18000000178813935
			vertex -0.1524999999254942 0.030310889706015663 0.33999999821186067
		endloop
	endfacet
	facet normal 0.2588190222108674 0.9659258324228681 -2.0945178187616074e-16
		outer loop
			vertex -0.1524999999254942 0.030310889706015663 0.33999999821186067
			vertex -0.1524999999254942 0.03031088970601563 0.18000000178813935
			vertex -0.17 0.03500000014901169 0.33999999821186067
		endloop
	endfacet
	facet normal 0.258819022210867 0.9659258324228681 -2.513421382513929e-16
		outer loop
			vertex -0.1524999999254942 0.03031088970601563 0.18000000178813935
			vertex -0.17 0.03500000014901165 0.18000000178813935
			vertex -0.17 0.03500000014901169 0.33999999821186067
		endloop
	endfacet
	facet normal -0.2588190222108674 0.9659258324228681 -2.513421382513929e-16
		outer loop
			vertex -0.17 0.03500000014901169 0.33999999821186067
			vertex -0.17 0.03500000014901165 0.18000000178813935
			vertex -0.18750000007450582 0.030310889706015663 0.33999999821186067
		endloop
	endfacet
	facet normal -0.258819022210867 0.9659258324228681 -2.0945178187616072e-16
		outer loop
			vertex -0.17 0.03500000014901165 0.18000000178813935
			vertex -0.18750000007450582 0.03031088970601563 0.18000000178813935
			vertex -0.18750000007450582 0.030310889706015663 0.33999999821186067
		endloop
	endfacet
	facet normal -0.7071067811865476 0.7071067811865476 -1.5332934509551537e-16
		outer loop
			vertex -0.18750000007450582 0.030310889706015663 0.33999999821186067
			vertex -0.18750000007450582 0.03031088970601563 0.18000000178813935
			vertex -0.2003108897060156 0.017500000074505882 0.33999999821186067
		endloop
	endfacet
	facet normal -0.7071067811865476 0.7071067811865476 -1.5332934509551537e-16
		outer loop
			vertex -0.18750000007450582 0.03031088970601563 0.18000000178813935
			vertex -0.2003108897060156 0.017500000074505848 0.18000000178813935
			vertex -0.2003108897060156 0.017500000074505882 0.33999999821186067
		endloop
	endfacet
	facet normal -0.965925832422868 0.25881902221086744 -5.612243048675338e-17
		outer loop
			vertex -0.2003108897060156 0.017500000074505882 0.33999999821186067
			vertex -0.2003108897060156 0.017500000074505848 0.18000000178813935
			vertex -0.20500000014901162 8.19245610053819e-17 0.33999999821186067
		endloop
	endfacet
	facet normal -0.965925832422868 0.2588190222108674 -5.746936753389495e-17
		outer loop
			vertex -0.2003108897060156 0.017500000074505848 0.18000000178813935
			vertex -0.20500000014901162 4.639742501147028e-17 0.18000000178813935
			vertex -0.20500000014901162 8.19245610053819e-17 0.33999999821186067
		endloop
	endfacet
	facet normal -0.9659258324228681 -0.2588190222108674 5.746936753389495e-17
		outer loop
			vertex -0.20500000014901162 8.19245610053819e-17 0.33999999821186067
			vertex -0.20500000014901162 4.639742501147028e-17 0.18000000178813935
			vertex -0.2003108897060156 -0.01750000007450573 0.33999999821186067
		endloop
	endfacet
	facet normal -0.9659258324228681 -0.2588190222108674 5.612243048675337e-17
		outer loop
			vertex -0.20500000014901162 4.639742501147028e-17 0.18000000178813935
			vertex -0.2003108897060156 -0.017500000074505764 0.18000000178813935
			vertex -0.2003108897060156 -0.01750000007450573 0.33999999821186067
		endloop
	endfacet
	facet normal -0.7071067811865476 -0.7071067811865476 1.5332934509551537e-16
		outer loop
			vertex -0.2003108897060156 -0.01750000007450573 0.33999999821186067
			vertex -0.2003108897060156 -0.017500000074505764 0.18000000178813935
			vertex -0.18750000007450582 -0.03031088970601551 0.33999999821186067
		endloop
	endfacet
	facet normal -0.7071067811865476 -0.7071067811865476 1.5332934509551537e-16
		outer loop
			vertex -0.2003108897060156 -0.017500000074505764 0.18000000178813935
			vertex -0.18750000007450582 -0.030310889706015545 0.18000000178813935
			vertex -0.18750000007450582 -0.03031088970601551 0.33999999821186067
		endloop
	endfacet
	facet normal -0.2588190222108674 -0.9659258324228681 2.0945178187616074e-16
		outer loop
			vertex -0.18750000007450582 -0.03031088970601551 0.33999999821186067
			vertex -0.18750000007450582 -0.030310889706015545 0.18000000178813935
			vertex -0.17 -0.035000000149011536 0.33999999821186067
		endloop
	endfacet
	facet normal -0.2588190222108677 -0.965925832422868 2.5134213825139284e-16
		outer loop
			vertex -0.18750000007450582 -0.030310889706015545 0.18000000178813935
			vertex -0.17 -0.03500000014901158 0.18000000178813935
			vertex -0.17 -0.035000000149011536 0.33999999821186067
		endloop
	endfacet
	facet normal 0 0 1
		outer loop
			vertex -0.17 -0.035000000149011536 0.33999999821186067
			vertex -0.1524999999254942 -0.03031088970601551 0.33999999821186067
			vertex -0.17 7.549516527746395e-17 0.33999999821186067
		endloop
	endfacet
	facet normal 0 0 1
		outer loop
			vertex -0.1524999999254942 -0.03031088970601551 0.33999999821186067
			vertex -0.13968911029398443 -0.01750000007450573 0.33999999821186067
			vertex -0.17 7.549516527746395e-17 0.33999999821186067
		endloop
	endfacet
	facet normal 0 0 1
		outer loop
			vertex -0.13968911029398443 -0.01750000007450573 0.33999999821186067
			vertex -0.1349999998509884 7.335203336815797e-17 0.33999999821186067
			vertex -0.17 7.549516527746395e-17 0.33999999821186067
		endloop
	endfacet
	facet normal 0 0 1
		outer loop
			vertex -0.1349999998509884 7.335203336815797e-17 0.33999999821186067
			vertex -0.13968911029398443 0.017500000074505882 0.33999999821186067
			vertex -0.17 7.549516527746395e-17 0.33999999821186067
		endloop
	endfacet
	facet normal 0 0 1
		outer loop
			vertex -0.13968911029398443 0.017500000074505882 0.33999999821186067
			vertex -0.1524999999254942 0.030310889706015663 0.33999999821186067
			vertex -0.17 7.549516527746395e-17 0.33999999821186067
		endloop
	endfacet
	facet normal 0 0 1
		outer loop
			vertex -0.1524999999254942 0.030310889706015663 0.33999999821186067
			vertex -0.17 0.03500000014901169 0.33999999821186067
			vertex -0.17 7.549516527746395e-17 0.33999999821186067
		endloop
	endfacet
	facet normal 0 0 1
		outer loop
			vertex -0.17 0.03500000014901169 0.33999999821186067
			vertex -0.18750000007450582 0.030310889706015663 0.33999999821186067
			vertex -0.17 7.549516527746395e-17 0.33999999821186067
		endloop
	endfacet
	facet normal 0 0 1
		outer loop
			vertex -0.18750000007450582 0.030310889706015663 0.33999999821186067
			vertex -0.2003108897060156 0.017500000074505882 0.33999999821186067
			vertex -0.17 7.549516527746395e-17 0.33999999821186067
		endloop
	endfacet
	facet normal 0 0 1
		outer loop
			vertex -0.2003108897060156 0.017500000074505882 0.33999999821186067
			vertex -0.20500000014901162 8.19245610053819e-17 0.33999999821186067
			vertex -0.17 7.549516527746395e-17 0.33999999821186067
		endloop
	endfacet
	facet normal 0 0 1
		outer loop
			vertex -0.20500000014901162 8.19245610053819e-17 0.33999999821186067
			vertex -0.2003108897060156 -0.01750000007450573 0.33999999821186067
			vertex -0.17 7.549516527746395e-17 0.33999999821186067
		endloop
	endfacet
	facet normal 0 0 1
		outer loop
			vertex -0.2003108897060156 -0.01750000007450573 0.33999999821186067
			vertex -0.18750000007450582 -0.03031088970601551 0.33999999821186067
			vertex -0.17 7.549516527746395e-17 0.33999999821186067
		endloop
	endfacet
	facet normal 0 0 1
		outer loop
			vertex -0.18750000007450582 -0.03031088970601551 0.33999999821186067
			vertex -0.17 -0.035000000149011536 0.33999999821186067
			vertex -0.17 7.549516527746395e-17 0.33999999821186067
		endloop
	endfacet
	facet normal 0 0 -1
		outer loop
			vertex -0.1524999999254942 -0.030310889706015545 0.18000000178813935
			vertex -0.17 -0.03500000014901158 0.18000000178813935
			vertex -0.17 3.996802928355233e-17 0.18000000178813935
		endloop
	endfacet
	facet normal 0 0 -1
		outer loop
			vertex -0.13968911029398443 -0.017500000074505764 0.18000000178813935
			vertex -0.1524999999254942 -0.030310889706015545 0.18000000178813935
			vertex -0.17 3.996802928355233e-17 0.18000000178813935
		endloop
	endfacet
	facet normal 0 0 -1
		outer loop
			vertex -0.1349999998509884 3.782489737424635e-17 0.18000000178813935
			vertex -0.13968911029398443 -0.017500000074505764 0.18000000178813935
			vertex -0.17 3.996802928355233e-17 0.18000000178813935
		endloop
	endfacet
	facet normal 0 0 -1
		outer loop
			vertex -0.13968911029398443 0.017500000074505848 0.18000000178813935
			vertex -0.1349999998509884 3.782489737424635e-17 0.18000000178813935
			vertex -0.17 3.996802928355233e-17 0.18000000178813935
		endloop
	endfacet
	facet normal 0 0 -1
		outer loop
			vertex -0.1524999999254942 0.03031088970601563 0.18000000178813935
			vertex -0.13968911029398443 0.017500000074505848 0.18000000178813935
			vertex -0.17 3.996802928355233e-17 0.18000000178813935
		endloop
	endfacet
	facet normal 0 0 -1
		outer loop
			vertex -0.17 0.03500000014901165 0.18000000178813935
			vertex -0.1524999999254942 0.03031088970601563 0.18000000178813935
			vertex -0.17 3.996802928355233e-17 0.18000000178813935
		endloop
	endfacet
	facet normal 0 0 -1
		outer loop
			vertex -0.18750000007450582 0.03031088970601563 0.18000000178813935
			vertex -0.17 0.03500000014901165 0.18000000178813935
			vertex -0.17 3.996802928355233e-17 0.18000000178813935
		endloop
	endfacet
	facet normal 0 0 -1
		outer loop
			vertex -0.2003108897060156 0.017500000074505848 0.18000000178813935
			vertex -0.18750000007450582 0.03031088970601563 0.18000000178813935
			vertex -0.17 3.996802928355233e-17 0.18000000178813935
		endloop
	endfacet
	facet normal 0 0 -1
		outer loop
			vertex -0.20500000014901162 4.639742501147028e-17 0.18000000178813935
			vertex -0.2003108897060156 0.017500000074505848 0.18000000178813935
			vertex -0.17 3.996802928355233e-17 0.18000000178813935
		endloop
	endfacet
	facet normal 0 0 -1
		outer loop
			vertex -0.2003108897060156 -0.017500000074505764 0.18000000178813935
			vertex -0.20500000014901162 4.639742501147028e-17 0.18000000178813935
			vertex -0.17 3.996802928355233e-17 0.18000000178813935
		endloop
	endfacet
	facet normal 0 0 -1
		outer loop
			vertex -0.18750000007450582 -0.030310889706015545 0.18000000178813935
			vertex -0.2003108897060156 -0.017500000074505764 0.18000000178813935
			vertex -0.17 3.996802928355233e-17 0.18000000178813935
		endloop
	endfacet
	facet normal 0 0 -1
		outer loop
			vertex -0.17 -0.03500000014901158 0.18000000178813935
			vertex -0.18750000007450582 -0.030310889706015545 0.18000000178813935
			vertex -0.17 3.996802928355233e-17 0.18000000178813935
		endloop
	endfacet
	facet normal 0.2588190222108674 -0.9659258324228681 2.513421382513929e-16
		outer loop
			vertex 0.17 -0.035000000149011536 0.33999999821186067
			vertex 0.17 -0.03500000014901158 0.18000000178813935
			vertex 0.18750000007450582 -0.03031088970601551 0.33999999821186067
		endloop
	endfacet
	facet normal 0.2588190222108677 -0.965925832422868 2.0945178187616072e-16
		outer loop
			vertex 0.17 -0.03500000014901158 0.18000000178813935
			vertex 0.18750000007450582 -0.030310889706015545 0.18000000178813935
			vertex 0.18750000007450582 -0.03031088970601551 0.33999999821186067
		endloop
	endfacet
	facet normal 0.7071067811865476 -0.7071067811865476 1.5332934509551537e-16
		outer loop
			vertex 0.18750000007450582 -0.03031088970601551 0.33999999821186067
			vertex 0.18750000007450582 -0.030310889706015545 0.18000000178813935
			vertex 0.2003108897060156 -0.01750000007450573 0.33999999821186067
		endloop
	endfacet
	facet normal 0.7071067811865476 -0.7071067811865476 1.5332934509551537e-16
		outer loop
			vertex 0.18750000007450582 -0.030310889706015545 0.18000000178813935
			vertex 0.2003108897060156 -0.017500000074505764 0.18000000178813935
			vertex 0.2003108897060156 -0.01750000007450573 0.33999999821186067
		endloop
	endfacet
	facet normal 0.965925832422868 -0.2588190222108674 5.612243048675337e-17
		outer loop
			vertex 0.2003108897060156 -0.01750000007450573 0.33999999821186067
			vertex 0.2003108897060156 -0.017500000074505764 0.18000000178813935
			vertex 0.20500000014901162 7.335203336815797e-17 0.33999999821186067
		endloop
	endfacet
	facet normal 0.965925832422868 -0.2588190222108674 5.746936753389495e-17
		outer loop
			vertex 0.2003108897060156 -0.017500000074505764 0.18000000178813935
			vertex 0.20500000014901162 3.782489737424635e-17 0.18000000178813935
			vertex 0.20500000014901162 7.335203336815797e-17 0.33999999821186067
		endloop
	endfacet
	facet normal 0.9659258324228681 0.2588190222108674 -5.746936753389495e-17
		outer loop
			vertex 0.20500000014901162 7.335203336815797e-17 0.33999999821186067
			vertex 0.20500000014901162 3.782489737424635e-17 0.18000000178813935
			vertex 0.2003108897060156 0.017500000074505882 0.33999999821186067
		endloop
	endfacet
	facet normal 0.9659258324228681 0.2588190222108674 -5.612243048675337e-17
		outer loop
			vertex 0.20500000014901162 3.782489737424635e-17 0.18000000178813935
			vertex 0.2003108897060156 0.017500000074505848 0.18000000178813935
			vertex 0.2003108897060156 0.017500000074505882 0.33999999821186067
		endloop
	endfacet
	facet normal 0.7071067811865476 0.7071067811865476 -1.5332934509551537e-16
		outer loop
			vertex 0.2003108897060156 0.017500000074505882 0.33999999821186067
			vertex 0.2003108897060156 0.017500000074505848 0.18000000178813935
			vertex 0.18750000007450582 0.030310889706015663 0.33999999821186067
		endloop
	endfacet
	facet normal 0.7071067811865476 0.7071067811865476 -1.5332934509551537e-16
		outer loop
			vertex 0.2003108897060156 0.017500000074505848 0.18000000178813935
			vertex 0.18750000007450582 0.03031088970601563 0.18000000178813935
			vertex 0.18750000007450582 0.030310889706015663 0.33999999821186067
		endloop
	endfacet
	facet normal 0.2588190222108674 0.9659258324228681 -2.0945178187616074e-16
		outer loop
			vertex 0.18750000007450582 0.030310889706015663 0.33999999821186067
			vertex 0.18750000007450582 0.03031088970601563 0.18000000178813935
			vertex 0.17 0.03500000014901169 0.33999999821186067
		endloop
	endfacet
	facet normal 0.258819022210867 0.9659258324228681 -2.513421382513929e-16
		outer loop
			vertex 0.18750000007450582 0.03031088970601563 0.18000000178813935
			vertex 0.17 0.03500000014901165 0.18000000178813935
			vertex 0.17 0.03500000014901169 0.33999999821186067
		endloop
	endfacet
	facet normal -0.2588190222108674 0.9659258324228681 -2.513421382513929e-16
		outer loop
			vertex 0.17 0.03500000014901169 0.33999999821186067
			vertex 0.17 0.03500000014901165 0.18000000178813935
			vertex 0.1524999999254942 0.030310889706015663 0.33999999821186067
		endloop
	endfacet
	facet normal -0.258819022210867 0.9659258324228681 -2.0945178187616072e-16
		outer loop
			vertex 0.17 0.03500000014901165 0.18000000178813935
			vertex 0.1524999999254942 0.03031088970601563 0.18000000178813935
			vertex 0.1524999999254942 0.030310889706015663 0.33999999821186067
		endloop
	endfacet
	facet normal -0.7071067811865476 0.7071067811865476 -1.5332934509551537e-16
		outer loop
			vertex 0.1524999999254942 0.030310889706015663 0.33999999821186067
			vertex 0.1524999999254942 0.03031088970601563 0.18000000178813935
			vertex 0.13968911029398443 0.017500000074505882 0.33999999821186067
		endloop
	endfacet
	facet normal -0.7071067811865476 0.7071067811865476 -1.5332934509551537e-16
		outer loop
			vertex 0.1524999999254942 0.03031088970601563 0.18000000178813935
			vertex 0.13968911029398443 0.017500000074505848 0.18000000178813935
			vertex 0.13968911029398443 0.017500000074505882 0.33999999821186067
		endloop
	endfacet
	facet normal -0.965925832422868 0.25881902221086744 -5.612243048675338e-17
		outer loop
			vertex 0.13968911029398443 0.017500000074505882 0.33999999821186067
			vertex 0.13968911029398443 0.017500000074505848 0.18000000178813935
			vertex 0.1349999998509884 8.19245610053819e-17 0.33999999821186067
		endloop
	endfacet
	facet normal -0.965925832422868 0.2588190222108674 -5.746936753389495e-17
		outer loop
			vertex 0.13968911029398443 0.017500000074505848 0.18000000178813935
			vertex 0.1349999998509884 4.639742501147028e-17 0.18000000178813935
			vertex 0.1349999998509884 8.19245610053819e-17 0.33999999821186067
		endloop
	endfacet
	facet normal -0.9659258324228681 -0.2588190222108674 5.746936753389495e-17
		outer loop
			vertex 0.1349999998509884 8.19245610053819e-17 0.33999999821186067
			vertex 0.1349999998509884 4.639742501147028e-17 0.18000000178813935
			vertex 0.13968911029398443 -0.01750000007450573 0.33999999821186067
		endloop
	endfacet
	facet normal -0.9659258324228681 -0.2588190222108674 5.612243048675337e-17
		outer loop
			vertex 0.1349999998509884 4.639742501147028e-17 0.18000000178813935
			vertex 0.13968911029398443 -0.017500000074505764 0.18000000178813935
			vertex 0.13968911029398443 -0.01750000007450573 0.33999999821186067
		endloop
	endfacet
	facet normal -0.7071067811865476 -0.7071067811865476 1.5332934509551537e-16
		outer loop
			vertex 0.13968911029398443 -0.01750000007450573 0.33999999821186067
			vertex 0.13968911029398443 -0.017500000074505764 0.18000000178813935
			vertex 0.1524999999254942 -0.03031088970601551 0.33999999821186067
		endloop
	endfacet
	facet normal -0.7071067811865476 -0.7071067811865476 1.5332934509551537e-16
		outer loop
			vertex 0.13968911029398443 -0.017500000074505764 0.18000000178813935
			vertex 0.1524999999254942 -0.030310889706015545 0.18000000178813935
			vertex 0.1524999999254942 -0.03031088970601551 0.33999999821186067
		endloop
	endfacet
	facet normal -0.2588190222108674 -0.9659258324228681 2.0945178187616074e-16
		outer loop
			vertex 0.1524999999254942 -0.03031088970601551 0.33999999821186067
			vertex 0.1524999999254942 -0.030310889706015545 0.18000000178813935
			vertex 0.17 -0.035000000149011536 0.33999999821186067
		endloop
	endfacet
	facet normal -0.2588190222108677 -0.965925832422868 2.5134213825139284e-16
		outer loop
			vertex 0.1524999999254942 -0.030310889706015545 0.18000000178813935
			vertex 0.17 -0.03500000014901158 0.18000000178813935
			vertex 0.17 -0.035000000149011536 0.33999999821186067
		endloop
	endfacet
	facet normal 0 0 1
		outer loop
			vertex 0.17 -0.035000000149011536 0.33999999821186067
			vertex 0.18750000007450582 -0.03031088970601551 0.33999999821186067
			vertex 0.17 7.549516527746395e-17 0.33999999821186067
		endloop
	endfacet
	facet normal 0 0 1
		outer loop
			vertex 0.18750000007450582 -0.03031088970601551 0.33999999821186067
			vertex 0.2003108897060156 -0.01750000007450573 0.33999999821186067
			vertex 0.17 7.549516527746395e-17 0.33999999821186067
		endloop
	endfacet
	facet normal 0 0 1
		outer loop
			vertex 0.2003108897060156 -0.01750000007450573 0.33999999821186067
			vertex 0.20500000014901162 7.335203336815797e-17 0.33999999821186067
			vertex 0.17 7.549516527746395e-17 0.33999999821186067
		endloop
	endfacet
	facet normal 0 0 1
		outer loop
			vertex 0.20500000014901162 7.335203336815797e-17 0.33999999821186067
			vertex 0.2003108897060156 0.017500000074505882 0.33999999821186067
			vertex 0.17 7.549516527746395e-17 0.33999999821186067
		endloop
	endfacet
	facet normal 0 0 1
		outer loop
			vertex 0.2003108897060156 0.017500000074505882 0.33999999821186067
			vertex 0.18750000007450582 0.030310889706015663 0.33999999821186067
			vertex 0.17 7.549516527746395e-17 0.33999999821186067
		endloop
	endfacet
	facet normal 0 0 1
		outer loop
			vertex 0.18750000007450582 0.030310889706015663 0.33999999821186067
			vertex 0.17 0.03500000014901169 0.33999999821186067
			vertex 0.17 7.549516527746395e-17 0.33999999821186067
		endloop
	endfacet
	facet normal 0 0 1
		outer loop
			vertex 0.17 0.03500000014901169 0.33999999821186067
			vertex 0.1524999999254942 0.030310889706015663 0.33999999821186067
			vertex 0.17 7.549516527746395e-17 0.33999999821186067
		endloop
	endfacet
	facet normal 0 0 1
		outer loop
			vertex 0.1524999999254942 0.030310889706015663 0.33999999821186067
			vertex 0.13968911029398443 0.017500000074505882 0.33999999821186067
			vertex 0.17 7.549516527746395e-17 0.33999999821186067
		endloop
	endfacet
	facet normal 0 0 1
		outer loop
			vertex 0.13968911029398443 0.017500000074505882 0.33999999821186067
			vertex 0.1349999998509884 8.19245610053819e-17 0.33999999821186067
			vertex 0.17 7.549516527746395e-17 0.33999999821186067
		endloop
	endfacet
	facet normal 0 0 1
		outer loop
			vertex 0.1349999998509884 8.19245610053819e-17 0.33999999821186067
			vertex 0.13968911029398443 -0.01750000007450573 0.33999999821186067
			vertex 0.17 7.549516527746395e-17 0.33999999821186067
		endloop
	endfacet
	facet normal 0 0 1
		outer loop
			vertex 0.13968911029398443 -0.01750000007450573 0.33999999821186067
			vertex 0.1524999999254942 -0.03031088970601551 0.33999999821186067
			vertex 0.17 7.549516527746395e-17 0.33999999821186067
		endloop
	endfacet
	facet normal 0 0 1
		outer loop
			vertex 0.1524999999254942 -0.03031088970601551 0.33999999821186067
			vertex 0.17 -0.035000000149011536 0.33999999821186067
			vertex 0.17 7.549516527746395e-17 0.33999999821186067
		endloop
	endfacet
	facet normal 0 0 -1
		outer loop
			vertex 0.18750000007450582 -0.030310889706015545 0.18000000178813935
			vertex 0.17 -0.03500000014901158 0.18000000178813935
			vertex 0.17 3.996802928355233e-17 0.18000000178813935
		endloop
	endfacet
	facet normal 0 0 -1
		outer loop
			vertex 0.2003108897060156 -0.017500000074505764 0.18000000178813935
			vertex 0.18750000007450582 -0.030310889706015545 0.18000000178813935
			vertex 0.17 3.996802928355233e-17 0.18000000178813935
		endloop
	endfacet
	facet normal 0 0 -1
		outer loop
			vertex 0.20500000014901162 3.782489737424635e-17 0.18000000178813935
			vertex 0.2003108897060156 -0.017500000074505764 0.18000000178813935
			vertex 0.17 3.996802928355233e-17 0.18000000178813935
		endloop
	endfacet
	facet normal 0 0 -1
		outer loop
			vertex 0.2003108897060156 0.017500000074505848 0.18000000178813935
			vertex 0.20500000014901162 3.782489737424635e-17 0.18000000178813935
			vertex 0.17 3.996802928355233e-17 0.18000000178813935
		endloop
	endfacet
	facet normal 0 0 -1
		outer loop
			vertex 0.18750000007450582 0.03031088970601563 0.18000000178813935
			vertex 0.2003108897060156 0.017500000074505848 0.18000000178813935
			vertex 0.17 3.996802928355233e-17 0.18000000178813935
		endloop
	endfacet
	facet normal 0 0 -1
		outer loop
			vertex 0.17 0.03500000014901165 0.18000000178813935
			vertex 0.18750000007450582 0.03031088970601563 0.18000000178813935
			vertex 0.17 3.996802928355233e-17 0.18000000178813935
		endloop
	endfacet
	facet normal 0 0 -1
		outer loop
			vertex 0.1524999999254942 0.03031088970601563 0.18000000178813935
			vertex 0.17 0.03500000014901165 0.18000000178813935
			vertex 0.17 3.996802928355233e-17 0.18000000178813935
		endloop
	endfacet
	facet normal 0 0 -1
		outer loop
			vertex 0.13968911029398443 0.017500000074505848 0.18000000178813935
			vertex 0.1524999999254942 0.03031088970601563 0.18000000178813935
			vertex 0.17 3.996802928355233e-17 0.18000000178813935
		endloop
	endfacet
	facet normal 0 0 -1
		outer loop
			vertex 0.1349999998509884 4.639742501147028e-17 0.18000000178813935
			vertex 0.13968911029398443 0.017500000074505848 0.18000000178813935
			vertex 0.17 3.996802928355233e-17 0.18000000178813935
		endloop
	endfacet
	facet normal 0 0 -1
		outer loop
			vertex 0.13968911029398443 -0.017500000074505764 0.18000000178813935
			vertex 0.1349999998509884 4.639742501147028e-17 0.18000000178813935
			vertex 0.17 3.996802928355233e-17 0.18000000178813935
		endloop
	endfacet
	facet normal 0 0 -1
		outer loop
			vertex 0.1524999999254942 -0.030310889706015545 0.18000000178813935
			vertex 0.13968911029398443 -0.017500000074505764 0.18000000178813935
			vertex 0.17 3.996802928355233e-17 0.18000000178813935
		endloop
	endfacet
	facet normal 0 0 -1
		outer loop
			vertex 0.17 -0.03500000014901158 0.18000000178813935
			vertex 0.1524999999254942 -0.030310889706015545 0.18000000178813935
			vertex 0.17 3.996802928355233e-17 0.18000000178813935
		endloop
	endfacet
	facet normal 0.30901694269544516 -0.9510565330868403 2.0622751647540108e-16
		outer loop
			vertex 0 -0.01499999966472374 0.5999999991059304
			vertex 0 -0.014999999664723757 0.5200000008940697
			vertex 0.008816778659820557 -0.012135255150496826 0.5999999991059304
		endloop
	endfacet
	facet normal 0.30901694269544516 -0.9510565330868403 2.0622751647540108e-16
		outer loop
			vertex 0 -0.014999999664723757 0.5200000008940697
			vertex 0.008816778659820557 -0.012135255150496843 0.5200000008940697
			vertex 0.008816778659820557 -0.012135255150496826 0.5999999991059304
		endloop
	endfacet
	facet normal 0.8090170171501676 -0.5877852209450708 1.274556055495584e-16
		outer loop
			vertex 0.008816778659820557 -0.012135255150496826 0.5999999991059304
			vertex 0.008816778659820557 -0.012135255150496843 0.5200000008940697
			vertex 0.014265847392380238 -0.004635254852473603 0.5999999991059304
		endloop
	endfacet
	facet normal 0.8090170171501676 -0.5877852209450708 1.274556055495584e-16
		outer loop
			vertex 0.008816778659820557 -0.012135255150496843 0.5200000008940697
			vertex 0.014265847392380238 -0.0046352548524736205 0.5200000008940697
			vertex 0.014265847392380238 -0.004635254852473603 0.5999999991059304
		endloop
	endfacet
	facet normal 1 0 0
		outer loop
			vertex 0.014265847392380238 -0.004635254852473603 0.5999999991059304
			vertex 0.014265847392380238 -0.0046352548524736205 0.5200000008940697
			vertex 0.014265847392380238 0.0046352548524738685 0.5999999991059304
		endloop
	endfacet
	facet normal 1 0 0
		outer loop
			vertex 0.014265847392380238 -0.0046352548524736205 0.5200000008940697
			vertex 0.014265847392380238 0.004635254852473851 0.5200000008940697
			vertex 0.014265847392380238 0.0046352548524738685 0.5999999991059304
		endloop
	endfacet
	facet normal 0.8090170171501675 0.5877852209450707 -1.2745560554955838e-16
		outer loop
			vertex 0.014265847392380238 0.0046352548524738685 0.5999999991059304
			vertex 0.014265847392380238 0.004635254852473851 0.5200000008940697
			vertex 0.008816778659820557 0.012135255150497093 0.5999999991059304
		endloop
	endfacet
	facet normal 0.8090170171501675 0.5877852209450707 -1.2745560554955835e-16
		outer loop
			vertex 0.014265847392380238 0.004635254852473851 0.5200000008940697
			vertex 0.008816778659820557 0.012135255150497076 0.5200000008940697
			vertex 0.008816778659820557 0.012135255150497093 0.5999999991059304
		endloop
	endfacet
	facet normal 0.30901694269544516 0.9510565330868402 -2.0622751647540103e-16
		outer loop
			vertex 0.008816778659820557 0.012135255150497093 0.5999999991059304
			vertex 0.008816778659820557 0.012135255150497076 0.5200000008940697
			vertex 1.836970237518721e-18 0.014999999664724007 0.5999999991059304
		endloop
	endfacet
	facet normal 0.30901694269544516 0.9510565330868402 -2.0622751647540103e-16
		outer loop
			vertex 0.008816778659820557 0.012135255150497076 0.5200000008940697
			vertex 1.836970237518721e-18 0.01499999966472399 0.5200000008940697
			vertex 1.836970237518721e-18 0.014999999664724007 0.5999999991059304
		endloop
	endfacet
	facet normal -0.3090169426954451 0.9510565330868403 -2.0622751647540106e-16
		outer loop
			vertex 1.836970237518721e-18 0.014999999664724007 0.5999999991059304
			vertex 1.836970237518721e-18 0.01499999966472399 0.5200000008940697
			vertex -0.008816778659820557 0.012135255150497093 0.5999999991059304
		endloop
	endfacet
	facet normal -0.3090169426954451 0.9510565330868403 -2.0622751647540106e-16
		outer loop
			vertex 1.836970237518721e-18 0.01499999966472399 0.5200000008940697
			vertex -0.008816778659820557 0.012135255150497076 0.5200000008940697
			vertex -0.008816778659820557 0.012135255150497093 0.5999999991059304
		endloop
	endfacet
	facet normal -0.8090170171501675 0.5877852209450707 -1.2745560554955835e-16
		outer loop
			vertex -0.008816778659820557 0.012135255150497093 0.5999999991059304
			vertex -0.008816778659820557 0.012135255150497076 0.5200000008940697
			vertex -0.014265847392380238 0.0046352548524738685 0.5999999991059304
		endloop
	endfacet
	facet normal -0.8090170171501675 0.5877852209450707 -1.2745560554955835e-16
		outer loop
			vertex -0.008816778659820557 0.012135255150497076 0.5200000008940697
			vertex -0.014265847392380238 0.004635254852473851 0.5200000008940697
			vertex -0.014265847392380238 0.0046352548524738685 0.5999999991059304
		endloop
	endfacet
	facet normal -1 0 0
		outer loop
			vertex -0.014265847392380238 0.0046352548524738685 0.5999999991059304
			vertex -0.014265847392380238 0.004635254852473851 0.5200000008940697
			vertex -0.014265847392380238 -0.004635254852473603 0.5999999991059304
		endloop
	endfacet
	facet normal -1 0 0
		outer loop
			vertex -0.014265847392380238 0.004635254852473851 0.5200000008940697
			vertex -0.014265847392380238 -0.0046352548524736205 0.5200000008940697
			vertex -0.014265847392380238 -0.004635254852473603 0.5999999991059304
		endloop
	endfacet
	facet normal -0.8090170171501675 -0.5877852209450707 1.2745560554955838e-16
		outer loop
			vertex -0.014265847392380238 -0.004635254852473603 0.5999999991059304
			vertex -0.014265847392380238 -0.0046352548524736205 0.5200000008940697
			vertex -0.008816778659820557 -0.012135255150496826 0.5999999991059304
		endloop
	endfacet
	facet normal -0.8090170171501676 -0.5877852209450708 1.274556055495584e-16
		outer loop
			vertex -0.014265847392380238 -0.0046352548524736205 0.5200000008940697
			vertex -0.008816778659820557 -0.012135255150496843 0.5200000008940697
			vertex -0.008816778659820557 -0.012135255150496826 0.5999999991059304
		endloop
	endfacet
	facet normal -0.3090169426954453 -0.9510565330868402 2.0622751647540106e-16
		outer loop
			vertex -0.008816778659820557 -0.012135255150496826 0.5999999991059304
			vertex -0.008816778659820557 -0.012135255150496843 0.5200000008940697
			vertex -3.673940475037442e-18 -0.01499999966472374 0.5999999991059304
		endloop
	endfacet
	facet normal -0.3090169426954453 -0.9510565330868402 2.0622751647540106e-16
		outer loop
			vertex -0.008816778659820557 -0.012135255150496843 0.5200000008940697
			vertex -3.673940475037442e-18 -0.014999999664723757 0.5200000008940697
			vertex -3.673940475037442e-18 -0.01499999966472374 0.5999999991059304
		endloop
	endfacet
	facet normal 0 0 1
		outer loop
			vertex 0 -0.01499999966472374 0.5999999991059304
			vertex 0.008816778659820557 -0.012135255150496826 0.5999999991059304
			vertex 0 1.3322676275649545e-16 0.5999999991059304
		endloop
	endfacet
	facet normal 0 0 1
		outer loop
			vertex 0.008816778659820557 -0.012135255150496826 0.5999999991059304
			vertex 0.014265847392380238 -0.004635254852473603 0.5999999991059304
			vertex 0 1.3322676275649545e-16 0.5999999991059304
		endloop
	endfacet
	facet normal 0 0 1
		outer loop
			vertex 0.014265847392380238 -0.004635254852473603 0.5999999991059304
			vertex 0.014265847392380238 0.0046352548524738685 0.5999999991059304
			vertex 0 1.3322676275649545e-16 0.5999999991059304
		endloop
	endfacet
	facet normal 0 0 1
		outer loop
			vertex 0.014265847392380238 0.0046352548524738685 0.5999999991059304
			vertex 0.008816778659820557 0.012135255150497093 0.5999999991059304
			vertex 0 1.3322676275649545e-16 0.5999999991059304
		endloop
	endfacet
	facet normal 0 0 1
		outer loop
			vertex 0.008816778659820557 0.012135255150497093 0.5999999991059304
			vertex 1.836970237518721e-18 0.014999999664724007 0.5999999991059304
			vertex 0 1.3322676275649545e-16 0.5999999991059304
		endloop
	endfacet
	facet normal 0 0 1
		outer loop
			vertex 1.836970237518721e-18 0.014999999664724007 0.5999999991059304
			vertex -0.008816778659820557 0.012135255150497093 0.5999999991059304
			vertex 0 1.3322676275649545e-16 0.5999999991059304
		endloop
	endfacet
	facet normal 0 0 1
		outer loop
			vertex -0.008816778659820557 0.012135255150497093 0.5999999991059304
			vertex -0.014265847392380238 0.0046352548524738685 0.5999999991059304
			vertex 0 1.3322676275649545e-16 0.5999999991059304
		endloop
	endfacet
	facet normal 0 0 1
		outer loop
			vertex -0.014265847392380238 0.0046352548524738685 0.5999999991059304
			vertex -0.014265847392380238 -0.004635254852473603 0.5999999991059304
			vertex 0 1.3322676275649545e-16 0.5999999991059304
		endloop
	endfacet
	facet normal 0 0 1
		outer loop
			vertex -0.014265847392380238 -0.004635254852473603 0.5999999991059304
			vertex -0.008816778659820557 -0.012135255150496826 0.5999999991059304
			vertex 0 1.3322676275649545e-16 0.5999999991059304
		endloop
	endfacet
	facet normal 0 0 1
		outer loop
			vertex -0.008816778659820557 -0.012135255150496826 0.5999999991059304
			vertex -3.673940475037442e-18 -0.01499999966472374 0.5999999991059304
			vertex 0 1.3322676275649545e-16 0.5999999991059304
		endloop
	endfacet
	facet normal 0 0 -1
		outer loop
			vertex 0.008816778659820557 -0.012135255150496843 0.5200000008940697
			vertex 0 -0.014999999664723757 0.5200000008940697
			vertex 0 1.1546319475953964e-16 0.5200000008940697
		endloop
	endfacet
	facet normal 0 0 -1
		outer loop
			vertex 0.014265847392380238 -0.0046352548524736205 0.5200000008940697
			vertex 0.008816778659820557 -0.012135255150496843 0.5200000008940697
			vertex 0 1.1546319475953964e-16 0.5200000008940697
		endloop
	endfacet
	facet normal 0 0 -1
		outer loop
			vertex 0.014265847392380238 0.004635254852473851 0.5200000008940697
			vertex 0.014265847392380238 -0.0046352548524736205 0.5200000008940697
			vertex 0 1.1546319475953964e-16 0.5200000008940697
		endloop
	endfacet
	facet normal 0 0 -1
		outer loop
			vertex 0.008816778659820557 0.012135255150497076 0.5200000008940697
			vertex 0.014265847392380238 0.004635254852473851 0.5200000008940697
			vertex 0 1.1546319475953964e-16 0.5200000008940697
		endloop
	endfacet
	facet normal 0 0 -1
		outer loop
			vertex 1.836970237518721e-18 0.01499999966472399 0.5200000008940697
			vertex 0.008816778659820557 0.012135255150497076 0.5200000008940697
			vertex 0 1.1546319475953964e-16 0.5200000008940697
		endloop
	endfacet
	facet normal 0 0 -1
		outer loop
			vertex -0.008816778659820557 0.012135255150497076 0.5200000008940697
			vertex 1.836970237518721e-18 0.01499999966472399 0.5200000008940697
			vertex 0 1.1546319475953964e-16 0.5200000008940697
		endloop
	endfacet
	facet normal 0 0 -1
		outer loop
			vertex -0.014265847392380238 0.004635254852473851 0.5200000008940697
			vertex -0.008816778659820557 0.012135255150497076 0.5200000008940697
			vertex 0 1.1546319475953964e-16 0.5200000008940697
		endloop
	endfacet
	facet normal 0 0 -1
		outer loop
			vertex -0.014265847392380238 -0.0046352548524736205 0.5200000008940697
			vertex -0.014265847392380238 0.004635254852473851 0.5200000008940697
			vertex 0 1.1546319475953964e-16 0.5200000008940697
		endloop
	endfacet
	facet normal 0 0 -1
		outer loop
			vertex -0.008816778659820557 -0.012135255150496843 0.5200000008940697
			vertex -0.014265847392380238 -0.0046352548524736205 0.5200000008940697
			vertex 0 1.1546319475953964e-16 0.5200000008940697
		endloop
	endfacet
	facet normal 0 0 -1
		outer loop
			vertex -3.673940475037442e-18 -0.014999999664723757 0.5200000008940697
			vertex -0.008816778659820557 -0.012135255150496843 0.5200000008940697
			vertex 0 1.1546319475953964e-16 0.5200000008940697
		endloop
	endfacet
	facet normal -0.1948244396756463 -0.05220306543016573 0.9794479453573652
		outer loop
			vertex 0 1.4166445813407587e-16 0.6380000008642673
			vertex -0.010715136304497719 1.4119119791354193e-16 0.6358686263114214
			vertex -0.009279579855501652 -0.005357568152248718 0.6358686263114214
		endloop
	endfacet
	facet normal -0.1426213921421531 -0.14262139214215308 0.9794479450215149
		outer loop
			vertex 0 1.4166445813407587e-16 0.6380000008642673
			vertex -0.009279579855501652 -0.005357568152248718 0.6358686263114214
			vertex -0.005357568152248859 -0.009279579855501511 0.6358686263114214
		endloop
	endfacet
	facet normal -0.05220306543016573 -0.19482443967564628 0.9794479453573652
		outer loop
			vertex 0 1.4166445813407587e-16 0.6380000008642673
			vertex -0.005357568152248859 -0.009279579855501511 0.6358686263114214
			vertex -6.56112837637008e-19 -0.010715136304497578 0.6358686263114214
		endloop
	endfacet
	facet normal 0.052203065430165715 -0.1948244396756463 0.9794479453573653
		outer loop
			vertex 0 1.4166445813407587e-16 0.6380000008642673
			vertex -6.56112837637008e-19 -0.010715136304497578 0.6358686263114214
			vertex 0.005357568152248859 -0.009279579855501511 0.6358686263114214
		endloop
	endfacet
	facet normal 0.1426213921421531 -0.14262139214215308 0.979447945021515
		outer loop
			vertex 0 1.4166445813407587e-16 0.6380000008642673
			vertex 0.005357568152248859 -0.009279579855501511 0.6358686263114214
			vertex 0.009279579855501652 -0.005357568152248718 0.6358686263114214
		endloop
	endfacet
	facet normal 0.1948244396756463 -0.052203065430165736 0.9794479453573652
		outer loop
			vertex 0 1.4166445813407587e-16 0.6380000008642673
			vertex 0.009279579855501652 -0.005357568152248718 0.6358686263114214
			vertex 0.010715136304497719 1.3987897223826791e-16 0.6358686263114214
		endloop
	endfacet
	facet normal 0.19482443967564633 0.052203065430165715 0.9794479453573653
		outer loop
			vertex 0 1.4166445813407587e-16 0.6380000008642673
			vertex 0.010715136304497719 1.3987897223826791e-16 0.6358686263114214
			vertex 0.009279579855501652 0.005357568152249001 0.6358686263114214
		endloop
	endfacet
	facet normal 0.14262139214215308 0.1426213921421531 0.9794479450215149
		outer loop
			vertex 0 1.4166445813407587e-16 0.6380000008642673
			vertex 0.009279579855501652 0.005357568152249001 0.6358686263114214
			vertex 0.005357568152248859 0.009279579855501792 0.6358686263114214
		endloop
	endfacet
	facet normal 0.05220306543016575 0.19482443967564633 0.9794479453573652
		outer loop
			vertex 0 1.4166445813407587e-16 0.6380000008642673
			vertex 0.005357568152248859 0.009279579855501792 0.6358686263114214
			vertex 1.968338512911024e-18 0.01071513630449786 0.6358686263114214
		endloop
	endfacet
	facet normal -0.05220306543016573 0.1948244396756464 0.9794479453573653
		outer loop
			vertex 0 1.4166445813407587e-16 0.6380000008642673
			vertex 1.968338512911024e-18 0.01071513630449786 0.6358686263114214
			vertex -0.005357568152248859 0.009279579855501792 0.6358686263114214
		endloop
	endfacet
	facet normal -0.1426213921421531 0.14262139214215314 0.979447945021515
		outer loop
			vertex 0 1.4166445813407587e-16 0.6380000008642673
			vertex -0.005357568152248859 0.009279579855501792 0.6358686263114214
			vertex -0.009279579855501652 0.005357568152249001 0.6358686263114214
		endloop
	endfacet
	facet normal -0.1948244396756463 0.05220306543016575 0.9794479453573652
		outer loop
			vertex 0 1.4166445813407587e-16 0.6380000008642673
			vertex -0.009279579855501652 0.005357568152249001 0.6358686263114214
			vertex -0.010715136304497719 1.4381564926408996e-16 0.6358686263114214
		endloop
	endfacet
	facet normal -0.549514663049937 -0.14724205011337302 0.8224070851904945
		outer loop
			vertex -0.009279579855501652 -0.005357568152248718 0.6358686263114214
			vertex -0.010715136304497719 1.4119119791354193e-16 0.6358686263114214
			vertex -0.017146429046988487 -0.009899495169520238 0.6297989903390407
		endloop
	endfacet
	facet normal -0.5495147158691767 -0.147241999694647 0.8224070589246785
		outer loop
			vertex -0.010715136304497719 1.4119119791354193e-16 0.6358686263114214
			vertex -0.019798990339040756 1.398434679920159e-16 0.6297989903390407
			vertex -0.017146429046988487 -0.009899495169520238 0.6297989903390407
		endloop
	endfacet
	facet normal -0.40227267179162457 -0.40227267179162446 0.8224070738139696
		outer loop
			vertex -0.005357568152248859 -0.009279579855501511 0.6358686263114214
			vertex -0.009279579855501652 -0.005357568152248718 0.6358686263114214
			vertex -0.009899495169520378 -0.01714642904698835 0.6297989903390407
		endloop
	endfacet
	facet normal -0.40227267179162457 -0.4022726717916244 0.8224070738139696
		outer loop
			vertex -0.009279579855501652 -0.005357568152248718 0.6358686263114214
			vertex -0.017146429046988487 -0.009899495169520238 0.6297989903390407
			vertex -0.009899495169520378 -0.01714642904698835 0.6297989903390407
		endloop
	endfacet
	facet normal -0.1472420628663229 -0.5495147106445809 0.8224070511055169
		outer loop
			vertex -6.56112837637008e-19 -0.010715136304497578 0.6358686263114214
			vertex -0.005357568152248859 -0.009279579855501511 0.6358686263114214
			vertex -1.2123384464294094e-18 -0.019798990339040617 0.6297989903390407
		endloop
	endfacet
	facet normal -0.14724199279280292 -0.5495146901111395 0.822407077371336
		outer loop
			vertex -0.005357568152248859 -0.009279579855501511 0.6358686263114214
			vertex -0.009899495169520378 -0.01714642904698835 0.6297989903390407
			vertex -1.2123384464294094e-18 -0.019798990339040617 0.6297989903390407
		endloop
	endfacet
	facet normal 0.147242050113373 -0.549514663049937 0.8224070851904947
		outer loop
			vertex 0.005357568152248859 -0.009279579855501511 0.6358686263114214
			vertex -6.56112837637008e-19 -0.010715136304497578 0.6358686263114214
			vertex 0.009899495169520378 -0.01714642904698835 0.6297989903390407
		endloop
	endfacet
	facet normal 0.14724199969464696 -0.5495147158691768 0.8224070589246786
		outer loop
			vertex -6.56112837637008e-19 -0.010715136304497578 0.6358686263114214
			vertex -1.2123384464294094e-18 -0.019798990339040617 0.6297989903390407
			vertex 0.009899495169520378 -0.01714642904698835 0.6297989903390407
		endloop
	endfacet
	facet normal 0.40227267179162457 -0.40227267179162446 0.8224070738139696
		outer loop
			vertex 0.009279579855501652 -0.005357568152248718 0.6358686263114214
			vertex 0.005357568152248859 -0.009279579855501511 0.6358686263114214
			vertex 0.017146429046988487 -0.009899495169520238 0.6297989903390407
		endloop
	endfacet
	facet normal 0.40227267179162457 -0.4022726717916244 0.8224070738139696
		outer loop
			vertex 0.005357568152248859 -0.009279579855501511 0.6358686263114214
			vertex 0.009899495169520378 -0.01714642904698835 0.6297989903390407
			vertex 0.017146429046988487 -0.009899495169520238 0.6297989903390407
		endloop
	endfacet
	facet normal 0.5495147106445809 -0.14724206286632296 0.8224070511055169
		outer loop
			vertex 0.010715136304497719 1.3987897223826791e-16 0.6358686263114214
			vertex 0.009279579855501652 -0.005357568152248718 0.6358686263114214
			vertex 0.019798990339040756 1.374187910991571e-16 0.6297989903390407
		endloop
	endfacet
	facet normal 0.5495146901111395 -0.14724199279280295 0.8224070773713358
		outer loop
			vertex 0.009279579855501652 -0.005357568152248718 0.6358686263114214
			vertex 0.017146429046988487 -0.009899495169520238 0.6297989903390407
			vertex 0.019798990339040756 1.374187910991571e-16 0.6297989903390407
		endloop
	endfacet
	facet normal 0.549514663049937 0.14724205011337296 0.8224070851904944
		outer loop
			vertex 0.009279579855501652 0.005357568152249001 0.6358686263114214
			vertex 0.010715136304497719 1.3987897223826791e-16 0.6358686263114214
			vertex 0.017146429046988487 0.009899495169520519 0.6297989903390407
		endloop
	endfacet
	facet normal 0.5495147158691768 0.14724199969464696 0.8224070589246786
		outer loop
			vertex 0.010715136304497719 1.3987897223826791e-16 0.6358686263114214
			vertex 0.019798990339040756 1.374187910991571e-16 0.6297989903390407
			vertex 0.017146429046988487 0.009899495169520519 0.6297989903390407
		endloop
	endfacet
	facet normal 0.4022726717916245 0.4022726717916246 0.8224070738139695
		outer loop
			vertex 0.005357568152248859 0.009279579855501792 0.6358686263114214
			vertex 0.009279579855501652 0.005357568152249001 0.6358686263114214
			vertex 0.009899495169520378 0.017146429046988626 0.6297989903390407
		endloop
	endfacet
	facet normal 0.40227267179162457 0.4022726717916247 0.8224070738139696
		outer loop
			vertex 0.009279579855501652 0.005357568152249001 0.6358686263114214
			vertex 0.017146429046988487 0.009899495169520519 0.6297989903390407
			vertex 0.009899495169520378 0.017146429046988626 0.6297989903390407
		endloop
	endfacet
	facet normal 0.147242062866323 0.549514710644581 0.822407051105517
		outer loop
			vertex 1.968338512911024e-18 0.01071513630449786 0.6358686263114214
			vertex 0.005357568152248859 0.009279579855501792 0.6358686263114214
			vertex 3.6370155460833814e-18 0.019798990339040895 0.6297989903390407
		endloop
	endfacet
	facet normal 0.14724199279280298 0.5495146901111396 0.8224070773713359
		outer loop
			vertex 0.005357568152248859 0.009279579855501792 0.6358686263114214
			vertex 0.009899495169520378 0.017146429046988626 0.6297989903390407
			vertex 3.6370155460833814e-18 0.019798990339040895 0.6297989903390407
		endloop
	endfacet
	facet normal -0.147242050113373 0.5495146630499371 0.8224070851904943
		outer loop
			vertex -0.005357568152248859 0.009279579855501792 0.6358686263114214
			vertex 1.968338512911024e-18 0.01071513630449786 0.6358686263114214
			vertex -0.009899495169520378 0.017146429046988626 0.6297989903390407
		endloop
	endfacet
	facet normal -0.14724199969464696 0.5495147158691768 0.8224070589246785
		outer loop
			vertex 1.968338512911024e-18 0.01071513630449786 0.6358686263114214
			vertex 3.6370155460833814e-18 0.019798990339040895 0.6297989903390407
			vertex -0.009899495169520378 0.017146429046988626 0.6297989903390407
		endloop
	endfacet
	facet normal -0.4022726717916245 0.4022726717916246 0.8224070738139695
		outer loop
			vertex -0.009279579855501652 0.005357568152249001 0.6358686263114214
			vertex -0.005357568152248859 0.009279579855501792 0.6358686263114214
			vertex -0.017146429046988487 0.009899495169520519 0.6297989903390407
		endloop
	endfacet
	facet normal -0.40227267179162457 0.4022726717916247 0.8224070738139696
		outer loop
			vertex -0.005357568152248859 0.009279579855501792 0.6358686263114214
			vertex -0.009899495169520378 0.017146429046988626 0.6297989903390407
			vertex -0.017146429046988487 0.009899495169520519 0.6297989903390407
		endloop
	endfacet
	facet normal -0.549514710644581 0.147242062866323 0.822407051105517
		outer loop
			vertex -0.010715136304497719 1.4381564926408996e-16 0.6358686263114214
			vertex -0.009279579855501652 0.005357568152249001 0.6358686263114214
			vertex -0.019798990339040756 1.4469282177773355e-16 0.6297989903390407
		endloop
	endfacet
	facet normal -0.5495146901111395 0.14724199279280295 0.8224070773713358
		outer loop
			vertex -0.009279579855501652 0.005357568152249001 0.6358686263114214
			vertex -0.017146429046988487 0.009899495169520519 0.6297989903390407
			vertex -0.019798990339040756 1.4469282177773355e-16 0.6297989903390407
		endloop
	endfacet
	facet normal -0.8115719543953852 -0.21746001337245024 0.5422749352707614
		outer loop
			vertex -0.017146429046988487 -0.009899495169520238 0.6297989903390407
			vertex -0.019798990339040756 1.398434679920159e-16 0.6297989903390407
			vertex -0.022402888163924217 -0.01293431315571056 0.6207151363044977
		endloop
	endfacet
	facet normal -0.8115719562592465 -0.21746001155111455 0.5422749332116771
		outer loop
			vertex -0.019798990339040756 1.398434679920159e-16 0.6297989903390407
			vertex -0.025868626311421394 1.3782644721171915e-16 0.6207151363044977
			vertex -0.022402888163924217 -0.01293431315571056 0.6207151363044977
		endloop
	endfacet
	facet normal -0.5941118973282764 -0.5941118973282763 0.5422749366382252
		outer loop
			vertex -0.009899495169520378 -0.01714642904698835 0.6297989903390407
			vertex -0.017146429046988487 -0.009899495169520238 0.6297989903390407
			vertex -0.012934313155710697 -0.02240288816392408 0.6207151363044977
		endloop
	endfacet
	facet normal -0.5941118973282763 -0.5941118973282764 0.5422749366382255
		outer loop
			vertex -0.017146429046988487 -0.009899495169520238 0.6297989903390407
			vertex -0.022402888163924217 -0.01293431315571056 0.6207151363044977
			vertex -0.012934313155710697 -0.02240288816392408 0.6207151363044977
		endloop
	endfacet
	facet normal -0.2174600137621245 -0.8115719558496695 0.5422749329380063
		outer loop
			vertex -1.2123384464294094e-18 -0.019798990339040617 0.6297989903390407
			vertex -0.009899495169520378 -0.01714642904698835 0.6297989903390407
			vertex -1.5839965893113492e-18 -0.025868626311421256 0.6207151363044977
		endloop
	endfacet
	facet normal -0.21746001125287087 -0.8115719551461856 0.5422749349970906
		outer loop
			vertex -0.009899495169520378 -0.01714642904698835 0.6297989903390407
			vertex -0.012934313155710697 -0.02240288816392408 0.6207151363044977
			vertex -1.5839965893113492e-18 -0.025868626311421256 0.6207151363044977
		endloop
	endfacet
	facet normal 0.21746001337245024 -0.8115719543953853 0.5422749352707615
		outer loop
			vertex 0.009899495169520378 -0.01714642904698835 0.6297989903390407
			vertex -1.2123384464294094e-18 -0.019798990339040617 0.6297989903390407
			vertex 0.012934313155710697 -0.02240288816392408 0.6207151363044977
		endloop
	endfacet
	facet normal 0.21746001155111455 -0.8115719562592466 0.5422749332116771
		outer loop
			vertex -1.2123384464294094e-18 -0.019798990339040617 0.6297989903390407
			vertex -1.5839965893113492e-18 -0.025868626311421256 0.6207151363044977
			vertex 0.012934313155710697 -0.02240288816392408 0.6207151363044977
		endloop
	endfacet
	facet normal 0.5941118973282764 -0.5941118973282763 0.5422749366382255
		outer loop
			vertex 0.017146429046988487 -0.009899495169520238 0.6297989903390407
			vertex 0.009899495169520378 -0.01714642904698835 0.6297989903390407
			vertex 0.022402888163924217 -0.01293431315571056 0.6207151363044977
		endloop
	endfacet
	facet normal 0.5941118973282764 -0.5941118973282764 0.5422749366382252
		outer loop
			vertex 0.009899495169520378 -0.01714642904698835 0.6297989903390407
			vertex 0.012934313155710697 -0.02240288816392408 0.6207151363044977
			vertex 0.022402888163924217 -0.01293431315571056 0.6207151363044977
		endloop
	endfacet
	facet normal 0.8115719558496692 -0.21746001376212448 0.5422749329380063
		outer loop
			vertex 0.019798990339040756 1.374187910991571e-16 0.6297989903390407
			vertex 0.017146429046988487 -0.009899495169520238 0.6297989903390407
			vertex 0.025868626311421394 1.3465845403309645e-16 0.6207151363044977
		endloop
	endfacet
	facet normal 0.8115719551461856 -0.21746001125287087 0.5422749349970907
		outer loop
			vertex 0.017146429046988487 -0.009899495169520238 0.6297989903390407
			vertex 0.022402888163924217 -0.01293431315571056 0.6207151363044977
			vertex 0.025868626311421394 1.3465845403309645e-16 0.6207151363044977
		endloop
	endfacet
	facet normal 0.8115719543953852 0.2174600133724502 0.5422749352707614
		outer loop
			vertex 0.017146429046988487 0.009899495169520519 0.6297989903390407
			vertex 0.019798990339040756 1.374187910991571e-16 0.6297989903390407
			vertex 0.022402888163924217 0.012934313155710834 0.6207151363044977
		endloop
	endfacet
	facet normal 0.8115719562592466 0.21746001155111455 0.542274933211677
		outer loop
			vertex 0.019798990339040756 1.374187910991571e-16 0.6297989903390407
			vertex 0.025868626311421394 1.3465845403309645e-16 0.6207151363044977
			vertex 0.022402888163924217 0.012934313155710834 0.6207151363044977
		endloop
	endfacet
	facet normal 0.5941118973282764 0.5941118973282765 0.5422749366382252
		outer loop
			vertex 0.009899495169520378 0.017146429046988626 0.6297989903390407
			vertex 0.017146429046988487 0.009899495169520519 0.6297989903390407
			vertex 0.012934313155710697 0.022402888163924356 0.6207151363044977
		endloop
	endfacet
	facet normal 0.5941118973282765 0.5941118973282764 0.5422749366382251
		outer loop
			vertex 0.017146429046988487 0.009899495169520519 0.6297989903390407
			vertex 0.022402888163924217 0.012934313155710834 0.6207151363044977
			vertex 0.012934313155710697 0.022402888163924356 0.6207151363044977
		endloop
	endfacet
	facet normal 0.21746001376212448 0.8115719558496692 0.5422749329380063
		outer loop
			vertex 3.6370155460833814e-18 0.019798990339040895 0.6297989903390407
			vertex 0.009899495169520378 0.017146429046988626 0.6297989903390407
			vertex 4.751989664536471e-18 0.025868626311421533 0.6207151363044977
		endloop
	endfacet
	facet normal 0.21746001125287093 0.8115719551461856 0.5422749349970906
		outer loop
			vertex 0.009899495169520378 0.017146429046988626 0.6297989903390407
			vertex 0.012934313155710697 0.022402888163924356 0.6207151363044977
			vertex 4.751989664536471e-18 0.025868626311421533 0.6207151363044977
		endloop
	endfacet
	facet normal -0.2174600133724502 0.8115719543953852 0.5422749352707614
		outer loop
			vertex -0.009899495169520378 0.017146429046988626 0.6297989903390407
			vertex 3.6370155460833814e-18 0.019798990339040895 0.6297989903390407
			vertex -0.012934313155710697 0.022402888163924356 0.6207151363044977
		endloop
	endfacet
	facet normal -0.2174600115511145 0.8115719562592466 0.5422749332116771
		outer loop
			vertex 3.6370155460833814e-18 0.019798990339040895 0.6297989903390407
			vertex 4.751989664536471e-18 0.025868626311421533 0.6207151363044977
			vertex -0.012934313155710697 0.022402888163924356 0.6207151363044977
		endloop
	endfacet
	facet normal -0.5941118973282764 0.5941118973282765 0.542274936638225
		outer loop
			vertex -0.017146429046988487 0.009899495169520519 0.6297989903390407
			vertex -0.009899495169520378 0.017146429046988626 0.6297989903390407
			vertex -0.022402888163924217 0.012934313155710834 0.6207151363044977
		endloop
	endfacet
	facet normal -0.5941118973282765 0.5941118973282764 0.5422749366382252
		outer loop
			vertex -0.009899495169520378 0.017146429046988626 0.6297989903390407
			vertex -0.012934313155710697 0.022402888163924356 0.6207151363044977
			vertex -0.022402888163924217 0.012934313155710834 0.6207151363044977
		endloop
	endfacet
	facet normal -0.8115719558496692 0.21746001376212448 0.5422749329380063
		outer loop
			vertex -0.019798990339040756 1.4469282177773355e-16 0.6297989903390407
			vertex -0.017146429046988487 0.009899495169520519 0.6297989903390407
			vertex -0.025868626311421394 1.4416243356896455e-16 0.6207151363044977
		endloop
	endfacet
	facet normal -0.8115719551461857 0.21746001125287098 0.5422749349970906
		outer loop
			vertex -0.017146429046988487 0.009899495169520519 0.6297989903390407
			vertex -0.022402888163924217 0.012934313155710834 0.6207151363044977
			vertex -0.025868626311421394 1.4416243356896455e-16 0.6207151363044977
		endloop
	endfacet
	facet normal -0.9485758294464122 -0.2541700821937126 0.1886835051288068
		outer loop
			vertex -0.022402888163924217 -0.01293431315571056 0.6207151363044977
			vertex -0.025868626311421394 1.3782644721171915e-16 0.6207151363044977
			vertex -0.02424871176481247 -0.01400000043213354 0.61
		endloop
	endfacet
	facet normal -0.9485757986269231 -0.2541701388257434 0.1886835837814128
		outer loop
			vertex -0.025868626311421394 1.3782644721171915e-16 0.6207151363044977
			vertex -0.02800000086426735 1.354472090042691e-16 0.61
			vertex -0.02424871176481247 -0.01400000043213354 0.61
		endloop
	endfacet
	facet normal -0.6944056905888905 -0.6944056905888906 0.1886835280450635
		outer loop
			vertex -0.012934313155710697 -0.02240288816392408 0.6207151363044977
			vertex -0.022402888163924217 -0.01293431315571056 0.6207151363044977
			vertex -0.014000000432133675 -0.024248711764812334 0.61
		endloop
	endfacet
	facet normal -0.6944056905888906 -0.6944056905888906 0.1886835280450634
		outer loop
			vertex -0.022402888163924217 -0.01293431315571056 0.6207151363044977
			vertex -0.02424871176481247 -0.01400000043213354 0.61
			vertex -0.014000000432133675 -0.024248711764812334 0.61
		endloop
	endfacet
	facet normal -0.25417007812771464 -0.9485758142718982 0.18868358689339423
		outer loop
			vertex -1.5839965893113492e-18 -0.025868626311421256 0.6207151363044977
			vertex -0.012934313155710697 -0.02240288816392408 0.6207151363044977
			vertex -1.714505527444786e-18 -0.028000000864267214 0.61
		endloop
	endfacet
	facet normal -0.25417014258223647 -0.9485758126463448 0.18868350824078997
		outer loop
			vertex -0.012934313155710697 -0.02240288816392408 0.6207151363044977
			vertex -0.014000000432133675 -0.024248711764812334 0.61
			vertex -1.714505527444786e-18 -0.028000000864267214 0.61
		endloop
	endfacet
	facet normal 0.2541700821937126 -0.9485758294464122 0.18868350512880708
		outer loop
			vertex 0.012934313155710697 -0.02240288816392408 0.6207151363044977
			vertex -1.5839965893113492e-18 -0.025868626311421256 0.6207151363044977
			vertex 0.014000000432133675 -0.024248711764812334 0.61
		endloop
	endfacet
	facet normal 0.25417013882574335 -0.9485757986269231 0.18868358378141303
		outer loop
			vertex -1.5839965893113492e-18 -0.025868626311421256 0.6207151363044977
			vertex -1.714505527444786e-18 -0.028000000864267214 0.61
			vertex 0.014000000432133675 -0.024248711764812334 0.61
		endloop
	endfacet
	facet normal 0.6944056905888905 -0.6944056905888906 0.1886835280450634
		outer loop
			vertex 0.022402888163924217 -0.01293431315571056 0.6207151363044977
			vertex 0.012934313155710697 -0.02240288816392408 0.6207151363044977
			vertex 0.02424871176481247 -0.01400000043213354 0.61
		endloop
	endfacet
	facet normal 0.6944056905888905 -0.6944056905888905 0.18868352804506344
		outer loop
			vertex 0.012934313155710697 -0.02240288816392408 0.6207151363044977
			vertex 0.014000000432133675 -0.024248711764812334 0.61
			vertex 0.02424871176481247 -0.01400000043213354 0.61
		endloop
	endfacet
	facet normal 0.9485758142718982 -0.25417007812771464 0.18868358689339393
		outer loop
			vertex 0.025868626311421394 1.3465845403309645e-16 0.6207151363044977
			vertex 0.022402888163924217 -0.01293431315571056 0.6207151363044977
			vertex 0.02800000086426735 1.3201819794937952e-16 0.61
		endloop
	endfacet
	facet normal 0.9485758126463448 -0.25417014258223647 0.1886835082407897
		outer loop
			vertex 0.022402888163924217 -0.01293431315571056 0.6207151363044977
			vertex 0.02424871176481247 -0.01400000043213354 0.61
			vertex 0.02800000086426735 1.3201819794937952e-16 0.61
		endloop
	endfacet
	facet normal 0.9485758294464124 0.2541700821937127 0.18868350512880677
		outer loop
			vertex 0.022402888163924217 0.012934313155710834 0.6207151363044977
			vertex 0.025868626311421394 1.3465845403309645e-16 0.6207151363044977
			vertex 0.02424871176481247 0.01400000043213381 0.61
		endloop
	endfacet
	facet normal 0.9485757986269231 0.25417013882574335 0.1886835837814127
		outer loop
			vertex 0.025868626311421394 1.3465845403309645e-16 0.6207151363044977
			vertex 0.02800000086426735 1.3201819794937952e-16 0.61
			vertex 0.02424871176481247 0.01400000043213381 0.61
		endloop
	endfacet
	facet normal 0.6944056905888906 0.6944056905888905 0.18868352804506305
		outer loop
			vertex 0.012934313155710697 0.022402888163924356 0.6207151363044977
			vertex 0.022402888163924217 0.012934313155710834 0.6207151363044977
			vertex 0.014000000432133675 0.024248711764812605 0.61
		endloop
	endfacet
	facet normal 0.6944056905888906 0.6944056905888906 0.18868352804506316
		outer loop
			vertex 0.022402888163924217 0.012934313155710834 0.6207151363044977
			vertex 0.02424871176481247 0.01400000043213381 0.61
			vertex 0.014000000432133675 0.024248711764812605 0.61
		endloop
	endfacet
	facet normal 0.25417007812771475 0.9485758142718983 0.18868358689339365
		outer loop
			vertex 4.751989664536471e-18 0.025868626311421533 0.6207151363044977
			vertex 0.012934313155710697 0.022402888163924356 0.6207151363044977
			vertex 5.143516582334358e-18 0.028000000864267485 0.61
		endloop
	endfacet
	facet normal 0.2541701425822365 0.9485758126463448 0.18868350824078936
		outer loop
			vertex 0.012934313155710697 0.022402888163924356 0.6207151363044977
			vertex 0.014000000432133675 0.024248711764812605 0.61
			vertex 5.143516582334358e-18 0.028000000864267485 0.61
		endloop
	endfacet
	facet normal -0.2541700821937126 0.9485758294464124 0.18868350512880652
		outer loop
			vertex -0.012934313155710697 0.022402888163924356 0.6207151363044977
			vertex 4.751989664536471e-18 0.025868626311421533 0.6207151363044977
			vertex -0.014000000432133675 0.024248711764812605 0.61
		endloop
	endfacet
	facet normal -0.25417013882574335 0.9485757986269233 0.18868358378141248
		outer loop
			vertex 4.751989664536471e-18 0.025868626311421533 0.6207151363044977
			vertex 5.143516582334358e-18 0.028000000864267485 0.61
			vertex -0.014000000432133675 0.024248711764812605 0.61
		endloop
	endfacet
	facet normal -0.6944056905888906 0.6944056905888905 0.18868352804506316
		outer loop
			vertex -0.022402888163924217 0.012934313155710834 0.6207151363044977
			vertex -0.012934313155710697 0.022402888163924356 0.6207151363044977
			vertex -0.02424871176481247 0.01400000043213381 0.61
		endloop
	endfacet
	facet normal -0.6944056905888906 0.6944056905888906 0.18868352804506305
		outer loop
			vertex -0.012934313155710697 0.022402888163924356 0.6207151363044977
			vertex -0.014000000432133675 0.024248711764812605 0.61
			vertex -0.02424871176481247 0.01400000043213381 0.61
		endloop
	endfacet
	facet normal -0.9485758142718982 0.25417007812771475 0.18868358689339385
		outer loop
			vertex -0.025868626311421394 1.4416243356896455e-16 0.6207151363044977
			vertex -0.022402888163924217 0.012934313155710834 0.6207151363044977
			vertex -0.02800000086426735 1.4230523111404824e-16 0.61
		endloop
	endfacet
	facet normal -0.9485758126463448 0.2541701425822365 0.1886835082407896
		outer loop
			vertex -0.022402888163924217 0.012934313155710834 0.6207151363044977
			vertex -0.02424871176481247 0.01400000043213381 0.61
			vertex -0.02800000086426735 1.4230523111404824e-16 0.61
		endloop
	endfacet
	facet normal -0.9485758126463449 -0.25417014258223647 -0.1886835082407896
		outer loop
			vertex -0.02424871176481247 -0.01400000043213354 0.61
			vertex -0.02800000086426735 1.354472090042691e-16 0.61
			vertex -0.022402888163924217 -0.012934313155710564 0.5992848636955023
		endloop
	endfacet
	facet normal -0.9485758142718983 -0.25417007812771464 -0.18868358689339385
		outer loop
			vertex -0.02800000086426735 1.354472090042691e-16 0.61
			vertex -0.025868626311421394 1.3306797079681904e-16 0.5992848636955023
			vertex -0.022402888163924217 -0.012934313155710564 0.5992848636955023
		endloop
	endfacet
	facet normal -0.6944056905888906 -0.6944056905888906 -0.18868352804506303
		outer loop
			vertex -0.014000000432133675 -0.024248711764812334 0.61
			vertex -0.02424871176481247 -0.01400000043213354 0.61
			vertex -0.012934313155710697 -0.022402888163924085 0.5992848636955023
		endloop
	endfacet
	facet normal -0.6944056905888906 -0.6944056905888905 -0.18868352804506316
		outer loop
			vertex -0.02424871176481247 -0.01400000043213354 0.61
			vertex -0.022402888163924217 -0.012934313155710564 0.5992848636955023
			vertex -0.012934313155710697 -0.022402888163924085 0.5992848636955023
		endloop
	endfacet
	facet normal -0.25417013882574346 -0.9485757986269232 -0.18868358378141245
		outer loop
			vertex -1.714505527444786e-18 -0.028000000864267214 0.61
			vertex -0.014000000432133675 -0.024248711764812334 0.61
			vertex -1.5839965893113492e-18 -0.025868626311421263 0.5992848636955023
		endloop
	endfacet
	facet normal -0.25417008219371273 -0.9485758294464123 -0.18868350512880652
		outer loop
			vertex -0.014000000432133675 -0.024248711764812334 0.61
			vertex -0.012934313155710697 -0.022402888163924085 0.5992848636955023
			vertex -1.5839965893113492e-18 -0.025868626311421263 0.5992848636955023
		endloop
	endfacet
	facet normal 0.2541701425822364 -0.9485758126463449 -0.18868350824078933
		outer loop
			vertex 0.014000000432133675 -0.024248711764812334 0.61
			vertex -1.714505527444786e-18 -0.028000000864267214 0.61
			vertex 0.012934313155710697 -0.022402888163924085 0.5992848636955023
		endloop
	endfacet
	facet normal 0.2541700781277145 -0.9485758142718982 -0.18868358689339354
		outer loop
			vertex -1.714505527444786e-18 -0.028000000864267214 0.61
			vertex -1.5839965893113492e-18 -0.025868626311421263 0.5992848636955023
			vertex 0.012934313155710697 -0.022402888163924085 0.5992848636955023
		endloop
	endfacet
	facet normal 0.6944056905888906 -0.6944056905888906 -0.1886835280450632
		outer loop
			vertex 0.02424871176481247 -0.01400000043213354 0.61
			vertex 0.014000000432133675 -0.024248711764812334 0.61
			vertex 0.022402888163924217 -0.012934313155710564 0.5992848636955023
		endloop
	endfacet
	facet normal 0.6944056905888906 -0.6944056905888905 -0.18868352804506303
		outer loop
			vertex 0.014000000432133675 -0.024248711764812334 0.61
			vertex 0.012934313155710697 -0.022402888163924085 0.5992848636955023
			vertex 0.022402888163924217 -0.012934313155710564 0.5992848636955023
		endloop
	endfacet
	facet normal 0.9485757986269232 -0.25417013882574346 -0.18868358378141276
		outer loop
			vertex 0.02800000086426735 1.3201819794937952e-16 0.61
			vertex 0.02424871176481247 -0.01400000043213354 0.61
			vertex 0.025868626311421394 1.2989997761819634e-16 0.5992848636955023
		endloop
	endfacet
	facet normal 0.9485758294464124 -0.25417008219371273 -0.18868350512880677
		outer loop
			vertex 0.02424871176481247 -0.01400000043213354 0.61
			vertex 0.022402888163924217 -0.012934313155710564 0.5992848636955023
			vertex 0.025868626311421394 1.2989997761819634e-16 0.5992848636955023
		endloop
	endfacet
	facet normal 0.9485758126463449 0.2541701425822364 -0.1886835082407897
		outer loop
			vertex 0.02424871176481247 0.01400000043213381 0.61
			vertex 0.02800000086426735 1.3201819794937952e-16 0.61
			vertex 0.022402888163924217 0.01293431315571083 0.5992848636955023
		endloop
	endfacet
	facet normal 0.9485758142718982 0.2541700781277145 -0.1886835868933939
		outer loop
			vertex 0.02800000086426735 1.3201819794937952e-16 0.61
			vertex 0.025868626311421394 1.2989997761819634e-16 0.5992848636955023
			vertex 0.022402888163924217 0.01293431315571083 0.5992848636955023
		endloop
	endfacet
	facet normal 0.6944056905888905 0.6944056905888905 -0.18868352804506347
		outer loop
			vertex 0.014000000432133675 0.024248711764812605 0.61
			vertex 0.02424871176481247 0.01400000043213381 0.61
			vertex 0.012934313155710697 0.02240288816392435 0.5992848636955023
		endloop
	endfacet
	facet normal 0.6944056905888905 0.6944056905888906 -0.1886835280450634
		outer loop
			vertex 0.02424871176481247 0.01400000043213381 0.61
			vertex 0.022402888163924217 0.01293431315571083 0.5992848636955023
			vertex 0.012934313155710697 0.02240288816392435 0.5992848636955023
		endloop
	endfacet
	facet normal 0.2541701388257435 0.9485757986269232 -0.1886835837814131
		outer loop
			vertex 5.143516582334358e-18 0.028000000864267485 0.61
			vertex 0.014000000432133675 0.024248711764812605 0.61
			vertex 4.751989664536471e-18 0.025868626311421526 0.5992848636955023
		endloop
	endfacet
	facet normal 0.2541700821937128 0.9485758294464123 -0.18868350512880713
		outer loop
			vertex 0.014000000432133675 0.024248711764812605 0.61
			vertex 0.012934313155710697 0.02240288816392435 0.5992848636955023
			vertex 4.751989664536471e-18 0.025868626311421526 0.5992848636955023
		endloop
	endfacet
	facet normal -0.25417014258223636 0.9485758126463449 -0.18868350824079
		outer loop
			vertex -0.014000000432133675 0.024248711764812605 0.61
			vertex 5.143516582334358e-18 0.028000000864267485 0.61
			vertex -0.012934313155710697 0.02240288816392435 0.5992848636955023
		endloop
	endfacet
	facet normal -0.2541700781277145 0.9485758142718982 -0.1886835868933942
		outer loop
			vertex 5.143516582334358e-18 0.028000000864267485 0.61
			vertex 4.751989664536471e-18 0.025868626311421526 0.5992848636955023
			vertex -0.012934313155710697 0.02240288816392435 0.5992848636955023
		endloop
	endfacet
	facet normal -0.6944056905888906 0.6944056905888906 -0.18868352804506336
		outer loop
			vertex -0.02424871176481247 0.01400000043213381 0.61
			vertex -0.014000000432133675 0.024248711764812605 0.61
			vertex -0.022402888163924217 0.01293431315571083 0.5992848636955023
		endloop
	endfacet
	facet normal -0.6944056905888905 0.6944056905888906 -0.18868352804506353
		outer loop
			vertex -0.014000000432133675 0.024248711764812605 0.61
			vertex -0.012934313155710697 0.02240288816392435 0.5992848636955023
			vertex -0.022402888163924217 0.01293431315571083 0.5992848636955023
		endloop
	endfacet
	facet normal -0.9485757986269231 0.2541701388257435 -0.18868358378141284
		outer loop
			vertex -0.02800000086426735 1.4230523111404824e-16 0.61
			vertex -0.02424871176481247 0.01400000043213381 0.61
			vertex -0.025868626311421394 1.3940395715406444e-16 0.5992848636955023
		endloop
	endfacet
	facet normal -0.9485758294464123 0.2541700821937128 -0.18868350512880688
		outer loop
			vertex -0.02424871176481247 0.01400000043213381 0.61
			vertex -0.022402888163924217 0.01293431315571083 0.5992848636955023
			vertex -0.025868626311421394 1.3940395715406444e-16 0.5992848636955023
		endloop
	endfacet
	facet normal -0.8115719551461857 -0.21746001125287087 -0.5422749349970906
		outer loop
			vertex -0.022402888163924217 -0.012934313155710564 0.5992848636955023
			vertex -0.025868626311421394 1.3306797079681904e-16 0.5992848636955023
			vertex -0.017146429046988487 -0.009899495169520248 0.5902010096609592
		endloop
	endfacet
	facet normal -0.8115719558496692 -0.2174600137621244 -0.5422749329380063
		outer loop
			vertex -0.025868626311421394 1.3306797079681904e-16 0.5992848636955023
			vertex -0.019798990339040756 1.3105095001652228e-16 0.5902010096609592
			vertex -0.017146429046988487 -0.009899495169520248 0.5902010096609592
		endloop
	endfacet
	facet normal -0.5941118973282764 -0.5941118973282763 -0.5422749366382252
		outer loop
			vertex -0.012934313155710697 -0.022402888163924085 0.5992848636955023
			vertex -0.022402888163924217 -0.012934313155710564 0.5992848636955023
			vertex -0.009899495169520378 -0.017146429046988355 0.5902010096609592
		endloop
	endfacet
	facet normal -0.5941118973282764 -0.5941118973282765 -0.5422749366382251
		outer loop
			vertex -0.022402888163924217 -0.012934313155710564 0.5992848636955023
			vertex -0.017146429046988487 -0.009899495169520248 0.5902010096609592
			vertex -0.009899495169520378 -0.017146429046988355 0.5902010096609592
		endloop
	endfacet
	facet normal -0.21746001155111463 -0.8115719562592467 -0.5422749332116771
		outer loop
			vertex -1.5839965893113492e-18 -0.025868626311421263 0.5992848636955023
			vertex -0.012934313155710697 -0.022402888163924085 0.5992848636955023
			vertex -1.2123384464294094e-18 -0.019798990339040624 0.5902010096609592
		endloop
	endfacet
	facet normal -0.2174600133724503 -0.8115719543953852 -0.5422749352707614
		outer loop
			vertex -0.012934313155710697 -0.022402888163924085 0.5992848636955023
			vertex -0.009899495169520378 -0.017146429046988355 0.5902010096609592
			vertex -1.2123384464294094e-18 -0.019798990339040624 0.5902010096609592
		endloop
	endfacet
	facet normal 0.21746001125287084 -0.8115719551461857 -0.5422749349970906
		outer loop
			vertex 0.012934313155710697 -0.022402888163924085 0.5992848636955023
			vertex -1.5839965893113492e-18 -0.025868626311421263 0.5992848636955023
			vertex 0.009899495169520378 -0.017146429046988355 0.5902010096609592
		endloop
	endfacet
	facet normal 0.2174600137621244 -0.8115719558496693 -0.5422749329380063
		outer loop
			vertex -1.5839965893113492e-18 -0.025868626311421263 0.5992848636955023
			vertex -1.2123384464294094e-18 -0.019798990339040624 0.5902010096609592
			vertex 0.009899495169520378 -0.017146429046988355 0.5902010096609592
		endloop
	endfacet
	facet normal 0.5941118973282765 -0.5941118973282764 -0.5422749366382251
		outer loop
			vertex 0.022402888163924217 -0.012934313155710564 0.5992848636955023
			vertex 0.012934313155710697 -0.022402888163924085 0.5992848636955023
			vertex 0.017146429046988487 -0.009899495169520248 0.5902010096609592
		endloop
	endfacet
	facet normal 0.5941118973282764 -0.5941118973282765 -0.5422749366382252
		outer loop
			vertex 0.012934313155710697 -0.022402888163924085 0.5992848636955023
			vertex 0.009899495169520378 -0.017146429046988355 0.5902010096609592
			vertex 0.017146429046988487 -0.009899495169520248 0.5902010096609592
		endloop
	endfacet
	facet normal 0.8115719562592467 -0.21746001155111466 -0.5422749332116771
		outer loop
			vertex 0.025868626311421394 1.2989997761819634e-16 0.5992848636955023
			vertex 0.022402888163924217 -0.012934313155710564 0.5992848636955023
			vertex 0.019798990339040756 1.2862627312366346e-16 0.5902010096609592
		endloop
	endfacet
	facet normal 0.8115719543953854 -0.21746001337245036 -0.5422749352707614
		outer loop
			vertex 0.022402888163924217 -0.012934313155710564 0.5992848636955023
			vertex 0.017146429046988487 -0.009899495169520248 0.5902010096609592
			vertex 0.019798990339040756 1.2862627312366346e-16 0.5902010096609592
		endloop
	endfacet
	facet normal 0.8115719551461859 0.21746001125287084 -0.5422749349970907
		outer loop
			vertex 0.022402888163924217 0.01293431315571083 0.5992848636955023
			vertex 0.025868626311421394 1.2989997761819634e-16 0.5992848636955023
			vertex 0.017146429046988487 0.009899495169520508 0.5902010096609592
		endloop
	endfacet
	facet normal 0.8115719558496693 0.2174600137621244 -0.5422749329380063
		outer loop
			vertex 0.025868626311421394 1.2989997761819634e-16 0.5992848636955023
			vertex 0.019798990339040756 1.2862627312366346e-16 0.5902010096609592
			vertex 0.017146429046988487 0.009899495169520508 0.5902010096609592
		endloop
	endfacet
	facet normal 0.5941118973282764 0.5941118973282764 -0.5422749366382252
		outer loop
			vertex 0.012934313155710697 0.02240288816392435 0.5992848636955023
			vertex 0.022402888163924217 0.01293431315571083 0.5992848636955023
			vertex 0.009899495169520378 0.01714642904698862 0.5902010096609592
		endloop
	endfacet
	facet normal 0.5941118973282764 0.5941118973282763 -0.5422749366382253
		outer loop
			vertex 0.022402888163924217 0.01293431315571083 0.5992848636955023
			vertex 0.017146429046988487 0.009899495169520508 0.5902010096609592
			vertex 0.009899495169520378 0.01714642904698862 0.5902010096609592
		endloop
	endfacet
	facet normal 0.21746001155111466 0.8115719562592467 -0.5422749332116771
		outer loop
			vertex 4.751989664536471e-18 0.025868626311421526 0.5992848636955023
			vertex 0.012934313155710697 0.02240288816392435 0.5992848636955023
			vertex 3.6370155460833814e-18 0.019798990339040888 0.5902010096609592
		endloop
	endfacet
	facet normal 0.21746001337245033 0.8115719543953852 -0.5422749352707614
		outer loop
			vertex 0.012934313155710697 0.02240288816392435 0.5992848636955023
			vertex 0.009899495169520378 0.01714642904698862 0.5902010096609592
			vertex 3.6370155460833814e-18 0.019798990339040888 0.5902010096609592
		endloop
	endfacet
	facet normal -0.2174600112528708 0.8115719551461857 -0.5422749349970906
		outer loop
			vertex -0.012934313155710697 0.02240288816392435 0.5992848636955023
			vertex 4.751989664536471e-18 0.025868626311421526 0.5992848636955023
			vertex -0.009899495169520378 0.01714642904698862 0.5902010096609592
		endloop
	endfacet
	facet normal -0.21746001376212434 0.8115719558496692 -0.5422749329380063
		outer loop
			vertex 4.751989664536471e-18 0.025868626311421526 0.5992848636955023
			vertex 3.6370155460833814e-18 0.019798990339040888 0.5902010096609592
			vertex -0.009899495169520378 0.01714642904698862 0.5902010096609592
		endloop
	endfacet
	facet normal -0.5941118973282763 0.5941118973282764 -0.5422749366382255
		outer loop
			vertex -0.022402888163924217 0.01293431315571083 0.5992848636955023
			vertex -0.012934313155710697 0.02240288816392435 0.5992848636955023
			vertex -0.017146429046988487 0.009899495169520508 0.5902010096609592
		endloop
	endfacet
	facet normal -0.5941118973282764 0.5941118973282763 -0.5422749366382252
		outer loop
			vertex -0.012934313155710697 0.02240288816392435 0.5992848636955023
			vertex -0.009899495169520378 0.01714642904698862 0.5902010096609592
			vertex -0.017146429046988487 0.009899495169520508 0.5902010096609592
		endloop
	endfacet
	facet normal -0.8115719562592467 0.21746001155111466 -0.5422749332116771
		outer loop
			vertex -0.025868626311421394 1.3940395715406444e-16 0.5992848636955023
			vertex -0.022402888163924217 0.01293431315571083 0.5992848636955023
			vertex -0.019798990339040756 1.3590030380223992e-16 0.5902010096609592
		endloop
	endfacet
	facet normal -0.8115719543953853 0.21746001337245038 -0.5422749352707615
		outer loop
			vertex -0.022402888163924217 0.01293431315571083 0.5992848636955023
			vertex -0.017146429046988487 0.009899495169520508 0.5902010096609592
			vertex -0.019798990339040756 1.3590030380223992e-16 0.5902010096609592
		endloop
	endfacet
	facet normal -0.5495146901111396 -0.14724199279280287 -0.822407077371336
		outer loop
			vertex -0.017146429046988487 -0.009899495169520248 0.5902010096609592
			vertex -0.019798990339040756 1.3105095001652228e-16 0.5902010096609592
			vertex -0.009279579855501652 -0.00535756815224873 0.5841313736885786
		endloop
	endfacet
	facet normal -0.549514710644581 -0.14724206286632288 -0.8224070511055169
		outer loop
			vertex -0.019798990339040756 1.3105095001652228e-16 0.5902010096609592
			vertex -0.010715136304497719 1.2970322009499626e-16 0.5841313736885786
			vertex -0.009279579855501652 -0.00535756815224873 0.5841313736885786
		endloop
	endfacet
	facet normal -0.40227267179162457 -0.4022726717916247 -0.8224070738139696
		outer loop
			vertex -0.009899495169520378 -0.017146429046988355 0.5902010096609592
			vertex -0.017146429046988487 -0.009899495169520248 0.5902010096609592
			vertex -0.005357568152248859 -0.009279579855501522 0.5841313736885786
		endloop
	endfacet
	facet normal -0.4022726717916245 -0.4022726717916246 -0.8224070738139695
		outer loop
			vertex -0.017146429046988487 -0.009899495169520248 0.5902010096609592
			vertex -0.009279579855501652 -0.00535756815224873 0.5841313736885786
			vertex -0.005357568152248859 -0.009279579855501522 0.5841313736885786
		endloop
	endfacet
	facet normal -0.14724199969464705 -0.5495147158691768 -0.8224070589246786
		outer loop
			vertex -1.2123384464294094e-18 -0.019798990339040624 0.5902010096609592
			vertex -0.009899495169520378 -0.017146429046988355 0.5902010096609592
			vertex -6.56112837637008e-19 -0.010715136304497589 0.5841313736885786
		endloop
	endfacet
	facet normal -0.14724205011337305 -0.549514663049937 -0.8224070851904945
		outer loop
			vertex -0.009899495169520378 -0.017146429046988355 0.5902010096609592
			vertex -0.005357568152248859 -0.009279579855501522 0.5841313736885786
			vertex -6.56112837637008e-19 -0.010715136304497589 0.5841313736885786
		endloop
	endfacet
	facet normal 0.1472419927928029 -0.5495146901111397 -0.822407077371336
		outer loop
			vertex 0.009899495169520378 -0.017146429046988355 0.5902010096609592
			vertex -1.2123384464294094e-18 -0.019798990339040624 0.5902010096609592
			vertex 0.005357568152248859 -0.009279579855501522 0.5841313736885786
		endloop
	endfacet
	facet normal 0.14724206286632288 -0.549514710644581 -0.8224070511055168
		outer loop
			vertex -1.2123384464294094e-18 -0.019798990339040624 0.5902010096609592
			vertex -6.56112837637008e-19 -0.010715136304497589 0.5841313736885786
			vertex 0.005357568152248859 -0.009279579855501522 0.5841313736885786
		endloop
	endfacet
	facet normal 0.40227267179162457 -0.4022726717916247 -0.8224070738139696
		outer loop
			vertex 0.017146429046988487 -0.009899495169520248 0.5902010096609592
			vertex 0.009899495169520378 -0.017146429046988355 0.5902010096609592
			vertex 0.009279579855501652 -0.00535756815224873 0.5841313736885786
		endloop
	endfacet
	facet normal 0.4022726717916245 -0.4022726717916246 -0.8224070738139695
		outer loop
			vertex 0.009899495169520378 -0.017146429046988355 0.5902010096609592
			vertex 0.005357568152248859 -0.009279579855501522 0.5841313736885786
			vertex 0.009279579855501652 -0.00535756815224873 0.5841313736885786
		endloop
	endfacet
	facet normal 0.5495147158691767 -0.14724199969464702 -0.8224070589246786
		outer loop
			vertex 0.019798990339040756 1.2862627312366346e-16 0.5902010096609592
			vertex 0.017146429046988487 -0.009899495169520248 0.5902010096609592
			vertex 0.010715136304497719 1.2839099441972225e-16 0.5841313736885786
		endloop
	endfacet
	facet normal 0.549514663049937 -0.14724205011337305 -0.8224070851904947
		outer loop
			vertex 0.017146429046988487 -0.009899495169520248 0.5902010096609592
			vertex 0.009279579855501652 -0.00535756815224873 0.5841313736885786
			vertex 0.010715136304497719 1.2839099441972225e-16 0.5841313736885786
		endloop
	endfacet
	facet normal 0.5495146901111396 0.14724199279280287 -0.822407077371336
		outer loop
			vertex 0.017146429046988487 0.009899495169520508 0.5902010096609592
			vertex 0.019798990339040756 1.2862627312366346e-16 0.5902010096609592
			vertex 0.009279579855501652 0.005357568152248989 0.5841313736885786
		endloop
	endfacet
	facet normal 0.549514710644581 0.14724206286632288 -0.8224070511055169
		outer loop
			vertex 0.019798990339040756 1.2862627312366346e-16 0.5902010096609592
			vertex 0.010715136304497719 1.2839099441972225e-16 0.5841313736885786
			vertex 0.009279579855501652 0.005357568152248989 0.5841313736885786
		endloop
	endfacet
	facet normal 0.40227267179162457 0.4022726717916244 -0.8224070738139696
		outer loop
			vertex 0.009899495169520378 0.01714642904698862 0.5902010096609592
			vertex 0.017146429046988487 0.009899495169520508 0.5902010096609592
			vertex 0.005357568152248859 0.009279579855501782 0.5841313736885786
		endloop
	endfacet
	facet normal 0.40227267179162457 0.40227267179162446 -0.8224070738139696
		outer loop
			vertex 0.017146429046988487 0.009899495169520508 0.5902010096609592
			vertex 0.009279579855501652 0.005357568152248989 0.5841313736885786
			vertex 0.005357568152248859 0.009279579855501782 0.5841313736885786
		endloop
	endfacet
	facet normal 0.14724199969464702 0.5495147158691767 -0.8224070589246787
		outer loop
			vertex 3.6370155460833814e-18 0.019798990339040888 0.5902010096609592
			vertex 0.009899495169520378 0.01714642904698862 0.5902010096609592
			vertex 1.968338512911024e-18 0.010715136304497849 0.5841313736885786
		endloop
	endfacet
	facet normal 0.14724205011337302 0.5495146630499368 -0.8224070851904944
		outer loop
			vertex 0.009899495169520378 0.01714642904698862 0.5902010096609592
			vertex 0.005357568152248859 0.009279579855501782 0.5841313736885786
			vertex 1.968338512911024e-18 0.010715136304497849 0.5841313736885786
		endloop
	endfacet
	facet normal -0.1472419927928028 0.5495146901111395 -0.8224070773713359
		outer loop
			vertex -0.009899495169520378 0.01714642904698862 0.5902010096609592
			vertex 3.6370155460833814e-18 0.019798990339040888 0.5902010096609592
			vertex -0.005357568152248859 0.009279579855501782 0.5841313736885786
		endloop
	endfacet
	facet normal -0.14724206286632283 0.5495147106445809 -0.8224070511055169
		outer loop
			vertex 3.6370155460833814e-18 0.019798990339040888 0.5902010096609592
			vertex 1.968338512911024e-18 0.010715136304497849 0.5841313736885786
			vertex -0.005357568152248859 0.009279579855501782 0.5841313736885786
		endloop
	endfacet
	facet normal -0.40227267179162457 0.4022726717916244 -0.8224070738139696
		outer loop
			vertex -0.017146429046988487 0.009899495169520508 0.5902010096609592
			vertex -0.009899495169520378 0.01714642904698862 0.5902010096609592
			vertex -0.009279579855501652 0.005357568152248989 0.5841313736885786
		endloop
	endfacet
	facet normal -0.40227267179162457 0.40227267179162446 -0.8224070738139696
		outer loop
			vertex -0.009899495169520378 0.01714642904698862 0.5902010096609592
			vertex -0.005357568152248859 0.009279579855501782 0.5841313736885786
			vertex -0.009279579855501652 0.005357568152248989 0.5841313736885786
		endloop
	endfacet
	facet normal -0.5495147158691767 0.14724199969464705 -0.8224070589246786
		outer loop
			vertex -0.019798990339040756 1.3590030380223992e-16 0.5902010096609592
			vertex -0.017146429046988487 0.009899495169520508 0.5902010096609592
			vertex -0.010715136304497719 1.323276714455443e-16 0.5841313736885786
		endloop
	endfacet
	facet normal -0.549514663049937 0.14724205011337313 -0.8224070851904947
		outer loop
			vertex -0.017146429046988487 0.009899495169520508 0.5902010096609592
			vertex -0.009279579855501652 0.005357568152248989 0.5841313736885786
			vertex -0.010715136304497719 1.323276714455443e-16 0.5841313736885786
		endloop
	endfacet
	facet normal -0.1948244396756464 -0.05220306543016574 -0.9794479453573653
		outer loop
			vertex -0.009279579855501652 -0.00535756815224873 0.5841313736885786
			vertex -0.010715136304497719 1.2970322009499626e-16 0.5841313736885786
			vertex -2.969610659109259e-18 1.2751545434701753e-16 0.5819999991357326
		endloop
	endfacet
	facet normal -0.14262139214215314 -0.14262139214215316 -0.9794479450215149
		outer loop
			vertex -0.005357568152248859 -0.009279579855501522 0.5841313736885786
			vertex -0.009279579855501652 -0.00535756815224873 0.5841313736885786
			vertex -1.714505527444786e-18 1.2626034921535306e-16 0.5819999991357326
		endloop
	endfacet
	facet normal -0.05220306543016575 -0.19482443967564636 -0.9794479453573652
		outer loop
			vertex -6.56112837637008e-19 -0.010715136304497589 0.5841313736885786
			vertex -0.005357568152248859 -0.009279579855501522 0.5841313736885786
			vertex -2.0996636472527024e-34 1.2580094881957274e-16 0.5819999991357326
		endloop
	endfacet
	facet normal 0.052203065430165736 -0.1948244396756464 -0.9794479453573652
		outer loop
			vertex 0.005357568152248859 -0.009279579855501522 0.5841313736885786
			vertex -6.56112837637008e-19 -0.010715136304497589 0.5841313736885786
			vertex 1.714505527444786e-18 1.2626034921535306e-16 0.5819999991357326
		endloop
	endfacet
	facet normal 0.14262139214215314 -0.14262139214215316 -0.979447945021515
		outer loop
			vertex 0.009279579855501652 -0.00535756815224873 0.5841313736885786
			vertex 0.005357568152248859 -0.009279579855501522 0.5841313736885786
			vertex 2.969610659109259e-18 1.2751545434701753e-16 0.5819999991357326
		endloop
	endfacet
	facet normal 0.19482443967564636 -0.05220306543016575 -0.9794479453573652
		outer loop
			vertex 0.010715136304497719 1.2839099441972225e-16 0.5841313736885786
			vertex 0.009279579855501652 -0.00535756815224873 0.5841313736885786
			vertex 3.429011054889572e-18 1.2922995987446232e-16 0.5819999991357326
		endloop
	endfacet
	facet normal 0.1948244396756464 0.052203065430165736 -0.9794479453573652
		outer loop
			vertex 0.009279579855501652 0.005357568152248989 0.5841313736885786
			vertex 0.010715136304497719 1.2839099441972225e-16 0.5841313736885786
			vertex 2.969610659109259e-18 1.309444654019071e-16 0.5819999991357326
		endloop
	endfacet
	facet normal 0.14262139214215316 0.14262139214215314 -0.979447945021515
		outer loop
			vertex 0.005357568152248859 0.009279579855501782 0.5841313736885786
			vertex 0.009279579855501652 0.005357568152248989 0.5841313736885786
			vertex 1.714505527444786e-18 1.3219957053357158e-16 0.5819999991357326
		endloop
	endfacet
	facet normal 0.05220306543016575 0.19482443967564633 -0.9794479453573652
		outer loop
			vertex 1.968338512911024e-18 0.010715136304497849 0.5841313736885786
			vertex 0.005357568152248859 0.009279579855501782 0.5841313736885786
			vertex 6.298991171346848e-34 1.326589709293519e-16 0.5819999991357326
		endloop
	endfacet
	facet normal -0.05220306543016573 0.19482443967564636 -0.9794479453573652
		outer loop
			vertex -0.005357568152248859 0.009279579855501782 0.5841313736885786
			vertex 1.968338512911024e-18 0.010715136304497849 0.5841313736885786
			vertex -1.714505527444786e-18 1.3219957053357158e-16 0.5819999991357326
		endloop
	endfacet
	facet normal -0.14262139214215314 0.1426213921421531 -0.9794479450215149
		outer loop
			vertex -0.009279579855501652 0.005357568152248989 0.5841313736885786
			vertex -0.005357568152248859 0.009279579855501782 0.5841313736885786
			vertex -2.969610659109259e-18 1.309444654019071e-16 0.5819999991357326
		endloop
	endfacet
	facet normal -0.1948244396756464 0.05220306543016577 -0.9794479453573652
		outer loop
			vertex -0.010715136304497719 1.323276714455443e-16 0.5841313736885786
			vertex -0.009279579855501652 0.005357568152248989 0.5841313736885786
			vertex -3.429011054889572e-18 1.2922995987446232e-16 0.5819999991357326
		endloop
	endfacet
endsolid exported
